2026-05-12 11:11:25,952 - Dynamic_War_Manager.Source.Context.Target_Status_History - DEBUG - add_block_snapshot - Snapshot added: mission=M001 region=North block=B001
2026-05-12 11:11:25,953 - Dynamic_War_Manager.Source.Context.Target_Status_History - DEBUG - add_block_snapshot - Snapshot added: mission=M001 region=North block=B001
2026-05-12 11:11:25,954 - Dynamic_War_Manager.Source.Context.Target_Status_History - DEBUG - add_block_snapshot - Snapshot added: mission=M001 region=North block=B001
2026-05-12 11:11:25,955 - Dynamic_War_Manager.Source.Context.Target_Status_History - DEBUG - add_block_snapshot - Snapshot added: mission=M001 region=North block=B001
2026-05-12 11:11:25,955 - Dynamic_War_Manager.Source.Context.Target_Status_History - DEBUG - add_block_snapshot - Snapshot added: mission=M001 region=North block=B001
2026-05-12 11:11:25,955 - Dynamic_War_Manager.Source.Context.Target_Status_History - DEBUG - add_block_snapshot - Snapshot added: mission=M001 region=North block=B001
2026-05-12 11:11:25,955 - Dynamic_War_Manager.Source.Context.Target_Status_History - DEBUG - add_block_snapshot - Snapshot added: mission=M001 region=South block=B002
2026-05-12 11:11:25,955 - Dynamic_War_Manager.Source.Context.Target_Status_History - DEBUG - add_block_snapshot - Snapshot added: mission=M001 region=North block=B001
2026-05-12 11:11:25,956 - Dynamic_War_Manager.Source.Context.Target_Status_History - DEBUG - add_block_snapshot - Snapshot added: mission=M001 region=North block=B001
2026-05-12 11:11:25,956 - Dynamic_War_Manager.Source.Context.Target_Status_History - DEBUG - add_block_snapshot - Snapshot added: mission=M001 region=North block=B002
2026-05-12 11:11:25,956 - Dynamic_War_Manager.Source.Context.Target_Status_History - DEBUG - add_block_snapshot - Snapshot added: mission=M001 region=North block=B001
2026-05-12 11:11:25,957 - Dynamic_War_Manager.Source.Context.Target_Status_History - DEBUG - add_block_snapshot - Snapshot added: mission=M001 region=North block=B001
2026-05-12 11:11:25,957 - Dynamic_War_Manager.Source.Context.Target_Status_History - DEBUG - add_block_snapshot - Snapshot added: mission=M001 region=North block=B001
2026-05-12 11:11:25,957 - Dynamic_War_Manager.Source.Context.Target_Status_History - DEBUG - add_block_snapshot - Snapshot added: mission=M002 region=North block=B002
2026-05-12 11:11:25,957 - Dynamic_War_Manager.Source.Context.Target_Status_History - DEBUG - add_block_snapshot - Snapshot added: mission=M002 region=North block=B001
2026-05-12 11:11:25,957 - Dynamic_War_Manager.Source.Context.Target_Status_History - DEBUG - add_block_snapshot - Snapshot added: mission=M001 region=North block=B001
2026-05-12 11:11:25,958 - Dynamic_War_Manager.Source.Context.Target_Status_History - DEBUG - add_block_snapshot - Snapshot added: mission=M001 region=North block=B001
2026-05-12 11:11:25,958 - Dynamic_War_Manager.Source.Context.Target_Status_History - DEBUG - add_block_snapshot - Snapshot added: mission=M001 region=North block=B001
2026-05-12 11:11:25,958 - Dynamic_War_Manager.Source.Context.Target_Status_History - DEBUG - add_block_snapshot - Snapshot added: mission=M001 region=North block=B001
2026-05-12 11:11:25,958 - Dynamic_War_Manager.Source.Context.Target_Status_History - DEBUG - add_block_snapshot - Snapshot added: mission=M001 region=North block=B001
2026-05-12 11:11:25,958 - Dynamic_War_Manager.Source.Context.Target_Status_History - DEBUG - add_block_snapshot - Snapshot added: mission=M002 region=North block=B001
2026-05-12 11:11:25,959 - Dynamic_War_Manager.Source.Context.Target_Status_History - DEBUG - add_block_snapshot - Snapshot added: mission=M001 region=North block=B001
2026-05-12 11:11:25,959 - Dynamic_War_Manager.Source.Context.Target_Status_History - DEBUG - add_block_snapshot - Snapshot added: mission=M002 region=North block=B001
2026-05-12 11:11:25,959 - Dynamic_War_Manager.Source.Context.Target_Status_History - DEBUG - add_block_snapshot - Snapshot added: mission=M001 region=North block=B001
2026-05-12 11:11:25,959 - Dynamic_War_Manager.Source.Context.Target_Status_History - DEBUG - add_block_snapshot - Snapshot added: mission=M001 region=North block=B001
2026-05-12 11:11:25,960 - Dynamic_War_Manager.Source.Context.Target_Status_History - DEBUG - add_block_snapshot - Snapshot added: mission=M001 region=North block=B001
2026-05-12 11:11:25,960 - Dynamic_War_Manager.Source.Context.Target_Status_History - DEBUG - add_block_snapshot - Snapshot added: mission=M001 region=North block=B001
2026-05-12 11:11:25,960 - Dynamic_War_Manager.Source.Context.Target_Status_History - DEBUG - add_block_snapshot - Snapshot added: mission=M001 region=North block=B001
2026-05-12 11:11:25,960 - Dynamic_War_Manager.Source.Context.Target_Status_History - DEBUG - add_block_snapshot - Snapshot added: mission=M002 region=North block=B001
2026-05-12 11:11:25,961 - Dynamic_War_Manager.Source.Context.Target_Status_History - DEBUG - add_block_snapshot - Snapshot added: mission=M001 region=North block=B001
2026-05-12 11:11:25,961 - Dynamic_War_Manager.Source.Context.Target_Status_History - DEBUG - add_block_snapshot - Snapshot added: mission=M002 region=South block=B002
2026-05-12 11:11:25,962 - Dynamic_War_Manager.Source.Context.Target_Status_History - INFO - save - TargetStatusHistory saved to /tmp/tmpdhcl_n2d.json (2 missions).
2026-05-12 11:11:25,963 - Dynamic_War_Manager.Source.Context.Target_Status_History - INFO - load - TargetStatusHistory loaded from /tmp/tmpdhcl_n2d.json (2 missions).
2026-05-12 11:11:25,964 - Dynamic_War_Manager.Source.Context.Target_Status_History - DEBUG - add_block_snapshot - Snapshot added: mission=M001 region=North block=B001
2026-05-12 11:11:25,964 - Dynamic_War_Manager.Source.Context.Target_Status_History - DEBUG - add_block_snapshot - Snapshot added: mission=M002 region=North block=B001
2026-05-12 11:11:25,964 - Dynamic_War_Manager.Source.Context.Target_Status_History - DEBUG - add_block_snapshot - Snapshot added: mission=M001 region=North block=B001
2026-05-12 11:11:25,964 - Dynamic_War_Manager.Source.Context.Target_Status_History - DEBUG - add_block_snapshot - Snapshot added: mission=M001 region=North block=B001
2026-05-12 11:11:25,965 - Dynamic_War_Manager.Source.Context.Target_Status_History - INFO - save - TargetStatusHistory saved to /tmp/tmpuai61ik7.json (1 missions).
2026-08-16 17:50:18,552 - Code.Dynamic_War_Manager.Source.Context.Target_Status_History - DEBUG - add_block_snapshot - Snapshot added: mission=M001 region=North block=B001
2026-08-16 17:50:18,556 - Code.Dynamic_War_Manager.Source.Context.Target_Status_History - DEBUG - add_block_snapshot - Snapshot added: mission=M001 region=North block=B001
2026-08-16 17:50:18,556 - Code.Dynamic_War_Manager.Source.Context.Target_Status_History - DEBUG - add_block_snapshot - Snapshot added: mission=M001 region=North block=B001
2026-08-16 17:50:18,557 - Code.Dynamic_War_Manager.Source.Context.Target_Status_History - DEBUG - add_block_snapshot - Snapshot added: mission=M001 region=North block=B001
2026-08-16 17:50:18,557 - Code.Dynamic_War_Manager.Source.Context.Target_Status_History - DEBUG - add_block_snapshot - Snapshot added: mission=M001 region=North block=B001
2026-08-16 17:50:18,557 - Code.Dynamic_War_Manager.Source.Context.Target_Status_History - DEBUG - add_block_snapshot - Snapshot added: mission=M001 region=North block=B001
2026-08-16 17:50:18,557 - Code.Dynamic_War_Manager.Source.Context.Target_Status_History - DEBUG - add_block_snapshot - Snapshot added: mission=M001 region=South block=B002
2026-08-16 17:50:18,557 - Code.Dynamic_War_Manager.Source.Context.Target_Status_History - DEBUG - add_block_snapshot - Snapshot added: mission=M001 region=North block=B001
2026-08-16 17:50:18,557 - Code.Dynamic_War_Manager.Source.Context.Target_Status_History - DEBUG - add_block_snapshot - Snapshot added: mission=M001 region=North block=B001
2026-08-16 17:50:18,557 - Code.Dynamic_War_Manager.Source.Context.Target_Status_History - DEBUG - add_block_snapshot - Snapshot added: mission=M001 region=North block=B002
2026-08-16 17:50:18,558 - Code.Dynamic_War_Manager.Source.Context.Target_Status_History - DEBUG - add_block_snapshot - Snapshot added: mission=M001 region=North block=B001
2026-08-16 17:50:18,558 - Code.Dynamic_War_Manager.Source.Context.Target_Status_History - DEBUG - add_block_snapshot - Snapshot added: mission=M001 region=North block=B001
2026-08-16 17:50:18,558 - Code.Dynamic_War_Manager.Source.Context.Target_Status_History - DEBUG - add_block_snapshot - Snapshot added: mission=M001 region=North block=B001
2026-08-16 17:50:18,558 - Code.Dynamic_War_Manager.Source.Context.Target_Status_History - DEBUG - add_block_snapshot - Snapshot added: mission=M002 region=North block=B002
2026-08-16 17:50:18,558 - Code.Dynamic_War_Manager.Source.Context.Target_Status_History - DEBUG - add_block_snapshot - Snapshot added: mission=M002 region=North block=B001
2026-08-16 17:50:18,558 - Code.Dynamic_War_Manager.Source.Context.Target_Status_History - DEBUG - add_block_snapshot - Snapshot added: mission=M001 region=North block=B001
2026-08-16 17:50:18,558 - Code.Dynamic_War_Manager.Source.Context.Target_Status_History - DEBUG - add_block_snapshot - Snapshot added: mission=M001 region=North block=B001
2026-08-16 17:50:18,558 - Code.Dynamic_War_Manager.Source.Context.Target_Status_History - DEBUG - add_block_snapshot - Snapshot added: mission=M001 region=North block=B001
2026-08-16 17:50:18,558 - Code.Dynamic_War_Manager.Source.Context.Target_Status_History - DEBUG - add_block_snapshot - Snapshot added: mission=M001 region=North block=B001
2026-08-16 17:50:18,558 - Code.Dynamic_War_Manager.Source.Context.Target_Status_History - DEBUG - add_block_snapshot - Snapshot added: mission=M001 region=North block=B001
2026-08-16 17:50:18,558 - Code.Dynamic_War_Manager.Source.Context.Target_Status_History - DEBUG - add_block_snapshot - Snapshot added: mission=M002 region=North block=B001
2026-08-16 17:50:18,559 - Code.Dynamic_War_Manager.Source.Context.Target_Status_History - DEBUG - add_block_snapshot - Snapshot added: mission=M001 region=North block=B001
2026-08-16 17:50:18,559 - Code.Dynamic_War_Manager.Source.Context.Target_Status_History - DEBUG - add_block_snapshot - Snapshot added: mission=M002 region=North block=B001
2026-08-16 17:50:18,559 - Code.Dynamic_War_Manager.Source.Context.Target_Status_History - DEBUG - add_block_snapshot - Snapshot added: mission=M001 region=North block=B001
2026-08-16 17:50:18,559 - Code.Dynamic_War_Manager.Source.Context.Target_Status_History - DEBUG - add_block_snapshot - Snapshot added: mission=M001 region=North block=B001
2026-08-16 17:50:18,559 - Code.Dynamic_War_Manager.Source.Context.Target_Status_History - DEBUG - add_block_snapshot - Snapshot added: mission=M001 region=North block=B001
2026-08-16 17:50:18,559 - Code.Dynamic_War_Manager.Source.Context.Target_Status_History - DEBUG - add_block_snapshot - Snapshot added: mission=M001 region=North block=B001
2026-08-16 17:50:18,559 - Code.Dynamic_War_Manager.Source.Context.Target_Status_History - DEBUG - add_block_snapshot - Snapshot added: mission=M001 region=North block=B001
2026-08-16 17:50:18,559 - Code.Dynamic_War_Manager.Source.Context.Target_Status_History - DEBUG - add_block_snapshot - Snapshot added: mission=M002 region=North block=B001
2026-08-16 17:50:18,559 - Code.Dynamic_War_Manager.Source.Context.Target_Status_History - DEBUG - add_block_snapshot - Snapshot added: mission=M001 region=North block=B001
2026-08-16 17:50:18,559 - Code.Dynamic_War_Manager.Source.Context.Target_Status_History - DEBUG - add_block_snapshot - Snapshot added: mission=M002 region=South block=B002
2026-08-16 17:50:18,560 - Code.Dynamic_War_Manager.Source.Context.Target_Status_History - INFO - save - TargetStatusHistory saved to /tmp/tmpfru2ip71.json (2 missions).
2026-08-16 17:50:18,560 - Code.Dynamic_War_Manager.Source.Context.Target_Status_History - INFO - load - TargetStatusHistory loaded from /tmp/tmpfru2ip71.json (2 missions).
2026-08-16 17:50:18,560 - Code.Dynamic_War_Manager.Source.Context.Target_Status_History - DEBUG - add_block_snapshot - Snapshot added: mission=M001 region=North block=B001
2026-08-16 17:50:18,560 - Code.Dynamic_War_Manager.Source.Context.Target_Status_History - DEBUG - add_block_snapshot - Snapshot added: mission=M002 region=North block=B001
2026-08-16 17:50:18,560 - Code.Dynamic_War_Manager.Source.Context.Target_Status_History - DEBUG - add_block_snapshot - Snapshot added: mission=M001 region=North block=B001
2026-08-16 17:50:18,560 - Code.Dynamic_War_Manager.Source.Context.Target_Status_History - DEBUG - add_block_snapshot - Snapshot added: mission=M001 region=North block=B001
2026-08-16 17:50:18,560 - Code.Dynamic_War_Manager.Source.Context.Target_Status_History - INFO - save - TargetStatusHistory saved to /tmp/tmp8khq749t.json (1 missions).
2026-08-16 17:52:10,481 - Code.Dynamic_War_Manager.Source.Context.Target_Status_History - DEBUG - add_block_snapshot - Snapshot added: mission=M001 region=North block=B001
2026-08-16 17:52:10,482 - Code.Dynamic_War_Manager.Source.Context.Target_Status_History - DEBUG - add_block_snapshot - Snapshot added: mission=M001 region=North block=B001
2026-08-16 17:52:10,482 - Code.Dynamic_War_Manager.Source.Context.Target_Status_History - DEBUG - add_block_snapshot - Snapshot added: mission=M001 region=North block=B001
2026-08-16 17:52:10,482 - Code.Dynamic_War_Manager.Source.Context.Target_Status_History - DEBUG - add_block_snapshot - Snapshot added: mission=M001 region=North block=B001
2026-08-16 17:52:10,482 - Code.Dynamic_War_Manager.Source.Context.Target_Status_History - DEBUG - add_block_snapshot - Snapshot added: mission=M001 region=North block=B001
2026-08-16 17:52:10,482 - Code.Dynamic_War_Manager.Source.Context.Target_Status_History - DEBUG - add_block_snapshot - Snapshot added: mission=M001 region=North block=B001
2026-08-16 17:52:10,482 - Code.Dynamic_War_Manager.Source.Context.Target_Status_History - DEBUG - add_block_snapshot - Snapshot added: mission=M001 region=South block=B002
2026-08-16 17:52:10,482 - Code.Dynamic_War_Manager.Source.Context.Target_Status_History - DEBUG - add_block_snapshot - Snapshot added: mission=M001 region=North block=B001
2026-08-16 17:52:10,483 - Code.Dynamic_War_Manager.Source.Context.Target_Status_History - DEBUG - add_block_snapshot - Snapshot added: mission=M001 region=North block=B001
2026-08-16 17:52:10,483 - Code.Dynamic_War_Manager.Source.Context.Target_Status_History - DEBUG - add_block_snapshot - Snapshot added: mission=M001 region=North block=B002
2026-08-16 17:52:10,483 - Code.Dynamic_War_Manager.Source.Context.Target_Status_History - DEBUG - add_block_snapshot - Snapshot added: mission=M001 region=North block=B001
2026-08-16 17:52:10,483 - Code.Dynamic_War_Manager.Source.Context.Target_Status_History - DEBUG - add_block_snapshot - Snapshot added: mission=M001 region=North block=B001
2026-08-16 17:52:10,483 - Code.Dynamic_War_Manager.Source.Context.Target_Status_History - DEBUG - add_block_snapshot - Snapshot added: mission=M001 region=North block=B001
2026-08-16 17:52:10,483 - Code.Dynamic_War_Manager.Source.Context.Target_Status_History - DEBUG - add_block_snapshot - Snapshot added: mission=M002 region=North block=B002
2026-08-16 17:52:10,483 - Code.Dynamic_War_Manager.Source.Context.Target_Status_History - DEBUG - add_block_snapshot - Snapshot added: mission=M002 region=North block=B001
2026-08-16 17:52:10,483 - Code.Dynamic_War_Manager.Source.Context.Target_Status_History - DEBUG - add_block_snapshot - Snapshot added: mission=M001 region=North block=B001
2026-08-16 17:52:10,483 - Code.Dynamic_War_Manager.Source.Context.Target_Status_History - DEBUG - add_block_snapshot - Snapshot added: mission=M001 region=North block=B001
2026-08-16 17:52:10,483 - Code.Dynamic_War_Manager.Source.Context.Target_Status_History - DEBUG - add_block_snapshot - Snapshot added: mission=M001 region=North block=B001
2026-08-16 17:52:10,484 - Code.Dynamic_War_Manager.Source.Context.Target_Status_History - DEBUG - add_block_snapshot - Snapshot added: mission=M001 region=North block=B001
2026-08-16 17:52:10,484 - Code.Dynamic_War_Manager.Source.Context.Target_Status_History - DEBUG - add_block_snapshot - Snapshot added: mission=M001 region=North block=B001
2026-08-16 17:52:10,484 - Code.Dynamic_War_Manager.Source.Context.Target_Status_History - DEBUG - add_block_snapshot - Snapshot added: mission=M002 region=North block=B001
2026-08-16 17:52:10,484 - Code.Dynamic_War_Manager.Source.Context.Target_Status_History - DEBUG - add_block_snapshot - Snapshot added: mission=M001 region=North block=B001
2026-08-16 17:52:10,484 - Code.Dynamic_War_Manager.Source.Context.Target_Status_History - DEBUG - add_block_snapshot - Snapshot added: mission=M002 region=North block=B001
2026-08-16 17:52:10,484 - Code.Dynamic_War_Manager.Source.Context.Target_Status_History - DEBUG - add_block_snapshot - Snapshot added: mission=M001 region=North block=B001
2026-08-16 17:52:10,484 - Code.Dynamic_War_Manager.Source.Context.Target_Status_History - DEBUG - add_block_snapshot - Snapshot added: mission=M001 region=North block=B001
2026-08-16 17:52:10,484 - Code.Dynamic_War_Manager.Source.Context.Target_Status_History - DEBUG - add_block_snapshot - Snapshot added: mission=M001 region=North block=B001
2026-08-16 17:52:10,484 - Code.Dynamic_War_Manager.Source.Context.Target_Status_History - DEBUG - add_block_snapshot - Snapshot added: mission=M001 region=North block=B001
2026-08-16 17:52:10,485 - Code.Dynamic_War_Manager.Source.Context.Target_Status_History - DEBUG - add_block_snapshot - Snapshot added: mission=M001 region=North block=B001
2026-08-16 17:52:10,485 - Code.Dynamic_War_Manager.Source.Context.Target_Status_History - DEBUG - add_block_snapshot - Snapshot added: mission=M002 region=North block=B001
2026-08-16 17:52:10,485 - Code.Dynamic_War_Manager.Source.Context.Target_Status_History - DEBUG - add_block_snapshot - Snapshot added: mission=M001 region=North block=B001
2026-08-16 17:52:10,485 - Code.Dynamic_War_Manager.Source.Context.Target_Status_History - DEBUG - add_block_snapshot - Snapshot added: mission=M002 region=South block=B002
2026-08-16 17:52:10,485 - Code.Dynamic_War_Manager.Source.Context.Target_Status_History - INFO - save - TargetStatusHistory saved to /tmp/tmpb8ud9_i7.json (2 missions).
2026-08-16 17:52:10,485 - Code.Dynamic_War_Manager.Source.Context.Target_Status_History - INFO - load - TargetStatusHistory loaded from /tmp/tmpb8ud9_i7.json (2 missions).
2026-08-16 17:52:10,485 - Code.Dynamic_War_Manager.Source.Context.Target_Status_History - DEBUG - add_block_snapshot - Snapshot added: mission=M001 region=North block=B001
2026-08-16 17:52:10,485 - Code.Dynamic_War_Manager.Source.Context.Target_Status_History - DEBUG - add_block_snapshot - Snapshot added: mission=M002 region=North block=B001
2026-08-16 17:52:10,486 - Code.Dynamic_War_Manager.Source.Context.Target_Status_History - DEBUG - add_block_snapshot - Snapshot added: mission=M001 region=North block=B001
2026-08-16 17:52:10,486 - Code.Dynamic_War_Manager.Source.Context.Target_Status_History - DEBUG - add_block_snapshot - Snapshot added: mission=M001 region=North block=B001
2026-08-16 17:52:10,486 - Code.Dynamic_War_Manager.Source.Context.Target_Status_History - INFO - save - TargetStatusHistory saved to /tmp/tmpz90w0k64.json (1 missions).
2026-08-16 17:53:47,735 - Code.Dynamic_War_Manager.Source.Context.Target_Status_History - DEBUG - add_block_snapshot - Snapshot added: mission=M001 region=North block=B001
2026-08-16 17:53:47,735 - Code.Dynamic_War_Manager.Source.Context.Target_Status_History - DEBUG - add_block_snapshot - Snapshot added: mission=M001 region=North block=B001
2026-08-16 17:53:47,735 - Code.Dynamic_War_Manager.Source.Context.Target_Status_History - DEBUG - add_block_snapshot - Snapshot added: mission=M001 region=North block=B001
2026-08-16 17:53:47,735 - Code.Dynamic_War_Manager.Source.Context.Target_Status_History - DEBUG - add_block_snapshot - Snapshot added: mission=M001 region=North block=B001
2026-08-16 17:53:47,736 - Code.Dynamic_War_Manager.Source.Context.Target_Status_History - DEBUG - add_block_snapshot - Snapshot added: mission=M001 region=North block=B001
2026-08-16 17:53:47,736 - Code.Dynamic_War_Manager.Source.Context.Target_Status_History - DEBUG - add_block_snapshot - Snapshot added: mission=M001 region=North block=B001
2026-08-16 17:53:47,736 - Code.Dynamic_War_Manager.Source.Context.Target_Status_History - DEBUG - add_block_snapshot - Snapshot added: mission=M001 region=South block=B002
2026-08-16 17:53:47,736 - Code.Dynamic_War_Manager.Source.Context.Target_Status_History - DEBUG - add_block_snapshot - Snapshot added: mission=M001 region=North block=B001
2026-08-16 17:53:47,736 - Code.Dynamic_War_Manager.Source.Context.Target_Status_History - DEBUG - add_block_snapshot - Snapshot added: mission=M001 region=North block=B001
2026-08-16 17:53:47,736 - Code.Dynamic_War_Manager.Source.Context.Target_Status_History - DEBUG - add_block_snapshot - Snapshot added: mission=M001 region=North block=B002
2026-08-16 17:53:47,736 - Code.Dynamic_War_Manager.Source.Context.Target_Status_History - DEBUG - add_block_snapshot - Snapshot added: mission=M001 region=North block=B001
2026-08-16 17:53:47,736 - Code.Dynamic_War_Manager.Source.Context.Target_Status_History - DEBUG - add_block_snapshot - Snapshot added: mission=M001 region=North block=B001
2026-08-16 17:53:47,736 - Code.Dynamic_War_Manager.Source.Context.Target_Status_History - DEBUG - add_block_snapshot - Snapshot added: mission=M001 region=North block=B001
2026-08-16 17:53:47,736 - Code.Dynamic_War_Manager.Source.Context.Target_Status_History - DEBUG - add_block_snapshot - Snapshot added: mission=M002 region=North block=B002
2026-08-16 17:53:47,737 - Code.Dynamic_War_Manager.Source.Context.Target_Status_History - DEBUG - add_block_snapshot - Snapshot added: mission=M002 region=North block=B001
2026-08-16 17:53:47,737 - Code.Dynamic_War_Manager.Source.Context.Target_Status_History - DEBUG - add_block_snapshot - Snapshot added: mission=M001 region=North block=B001
2026-08-16 17:53:47,737 - Code.Dynamic_War_Manager.Source.Context.Target_Status_History - DEBUG - add_block_snapshot - Snapshot added: mission=M001 region=North block=B001
2026-08-16 17:53:47,737 - Code.Dynamic_War_Manager.Source.Context.Target_Status_History - DEBUG - add_block_snapshot - Snapshot added: mission=M001 region=North block=B001
2026-08-16 17:53:47,737 - Code.Dynamic_War_Manager.Source.Context.Target_Status_History - DEBUG - add_block_snapshot - Snapshot added: mission=M001 region=North block=B001
2026-08-16 17:53:47,737 - Code.Dynamic_War_Manager.Source.Context.Target_Status_History - DEBUG - add_block_snapshot - Snapshot added: mission=M001 region=North block=B001
2026-08-16 17:53:47,737 - Code.Dynamic_War_Manager.Source.Context.Target_Status_History - DEBUG - add_block_snapshot - Snapshot added: mission=M002 region=North block=B001
2026-08-16 17:53:47,737 - Code.Dynamic_War_Manager.Source.Context.Target_Status_History - DEBUG - add_block_snapshot - Snapshot added: mission=M001 region=North block=B001
2026-08-16 17:53:47,737 - Code.Dynamic_War_Manager.Source.Context.Target_Status_History - DEBUG - add_block_snapshot - Snapshot added: mission=M002 region=North block=B001
2026-08-16 17:53:47,737 - Code.Dynamic_War_Manager.Source.Context.Target_Status_History - DEBUG - add_block_snapshot - Snapshot added: mission=M001 region=North block=B001
2026-08-16 17:53:47,738 - Code.Dynamic_War_Manager.Source.Context.Target_Status_History - DEBUG - add_block_snapshot - Snapshot added: mission=M001 region=North block=B001
2026-08-16 17:53:47,738 - Code.Dynamic_War_Manager.Source.Context.Target_Status_History - DEBUG - add_block_snapshot - Snapshot added: mission=M001 region=North block=B001
2026-08-16 17:53:47,738 - Code.Dynamic_War_Manager.Source.Context.Target_Status_History - DEBUG - add_block_snapshot - Snapshot added: mission=M001 region=North block=B001
2026-08-16 17:53:47,738 - Code.Dynamic_War_Manager.Source.Context.Target_Status_History - DEBUG - add_block_snapshot - Snapshot added: mission=M001 region=North block=B001
2026-08-16 17:53:47,738 - Code.Dynamic_War_Manager.Source.Context.Target_Status_History - DEBUG - add_block_snapshot - Snapshot added: mission=M002 region=North block=B001
2026-08-16 17:53:47,738 - Code.Dynamic_War_Manager.Source.Context.Target_Status_History - DEBUG - add_block_snapshot - Snapshot added: mission=M001 region=North block=B001
2026-08-16 17:53:47,738 - Code.Dynamic_War_Manager.Source.Context.Target_Status_History - DEBUG - add_block_snapshot - Snapshot added: mission=M002 region=South block=B002
2026-08-16 17:53:47,738 - Code.Dynamic_War_Manager.Source.Context.Target_Status_History - INFO - save - TargetStatusHistory saved to /tmp/tmppjll4c_1.json (2 missions).
2026-08-16 17:53:47,739 - Code.Dynamic_War_Manager.Source.Context.Target_Status_History - INFO - load - TargetStatusHistory loaded from /tmp/tmppjll4c_1.json (2 missions).
2026-08-16 17:53:47,739 - Code.Dynamic_War_Manager.Source.Context.Target_Status_History - DEBUG - add_block_snapshot - Snapshot added: mission=M001 region=North block=B001
2026-08-16 17:53:47,739 - Code.Dynamic_War_Manager.Source.Context.Target_Status_History - DEBUG - add_block_snapshot - Snapshot added: mission=M002 region=North block=B001
2026-08-16 17:53:47,739 - Code.Dynamic_War_Manager.Source.Context.Target_Status_History - DEBUG - add_block_snapshot - Snapshot added: mission=M001 region=North block=B001
2026-08-16 17:53:47,739 - Code.Dynamic_War_Manager.Source.Context.Target_Status_History - DEBUG - add_block_snapshot - Snapshot added: mission=M001 region=North block=B001
2026-08-16 17:53:47,739 - Code.Dynamic_War_Manager.Source.Context.Target_Status_History - INFO - save - TargetStatusHistory saved to /tmp/tmpt75i7w8g.json (1 missions).
2026-08-16 18:13:05,638 - Code.Dynamic_War_Manager.Source.Context.Target_Status_History - DEBUG - add_block_snapshot - Snapshot added: mission=M001 region=North block=B001
2026-08-16 18:13:05,638 - Code.Dynamic_War_Manager.Source.Context.Target_Status_History - DEBUG - add_block_snapshot - Snapshot added: mission=M001 region=North block=B001
2026-08-16 18:13:05,639 - Code.Dynamic_War_Manager.Source.Context.Target_Status_History - DEBUG - add_block_snapshot - Snapshot added: mission=M001 region=North block=B001
2026-08-16 18:13:05,639 - Code.Dynamic_War_Manager.Source.Context.Target_Status_History - DEBUG - add_block_snapshot - Snapshot added: mission=M001 region=North block=B001
2026-08-16 18:13:05,639 - Code.Dynamic_War_Manager.Source.Context.Target_Status_History - DEBUG - add_block_snapshot - Snapshot added: mission=M001 region=North block=B001
2026-08-16 18:13:05,639 - Code.Dynamic_War_Manager.Source.Context.Target_Status_History - DEBUG - add_block_snapshot - Snapshot added: mission=M001 region=North block=B001
2026-08-16 18:13:05,639 - Code.Dynamic_War_Manager.Source.Context.Target_Status_History - DEBUG - add_block_snapshot - Snapshot added: mission=M001 region=South block=B002
2026-08-16 18:13:05,639 - Code.Dynamic_War_Manager.Source.Context.Target_Status_History - DEBUG - add_block_snapshot - Snapshot added: mission=M001 region=North block=B001
2026-08-16 18:13:05,639 - Code.Dynamic_War_Manager.Source.Context.Target_Status_History - DEBUG - add_block_snapshot - Snapshot added: mission=M001 region=North block=B001
2026-08-16 18:13:05,639 - Code.Dynamic_War_Manager.Source.Context.Target_Status_History - DEBUG - add_block_snapshot - Snapshot added: mission=M001 region=North block=B002
2026-08-16 18:13:05,639 - Code.Dynamic_War_Manager.Source.Context.Target_Status_History - DEBUG - add_block_snapshot - Snapshot added: mission=M001 region=North block=B001
2026-08-16 18:13:05,639 - Code.Dynamic_War_Manager.Source.Context.Target_Status_History - DEBUG - add_block_snapshot - Snapshot added: mission=M001 region=North block=B001
2026-08-16 18:13:05,639 - Code.Dynamic_War_Manager.Source.Context.Target_Status_History - DEBUG - add_block_snapshot - Snapshot added: mission=M001 region=North block=B001
2026-08-16 18:13:05,639 - Code.Dynamic_War_Manager.Source.Context.Target_Status_History - DEBUG - add_block_snapshot - Snapshot added: mission=M002 region=North block=B002
2026-08-16 18:13:05,639 - Code.Dynamic_War_Manager.Source.Context.Target_Status_History - DEBUG - add_block_snapshot - Snapshot added: mission=M002 region=North block=B001
2026-08-16 18:13:05,639 - Code.Dynamic_War_Manager.Source.Context.Target_Status_History - DEBUG - add_block_snapshot - Snapshot added: mission=M001 region=North block=B001
2026-08-16 18:13:05,639 - Code.Dynamic_War_Manager.Source.Context.Target_Status_History - DEBUG - add_block_snapshot - Snapshot added: mission=M001 region=North block=B001
2026-08-16 18:13:05,640 - Code.Dynamic_War_Manager.Source.Context.Target_Status_History - DEBUG - add_block_snapshot - Snapshot added: mission=M001 region=North block=B001
2026-08-16 18:13:05,640 - Code.Dynamic_War_Manager.Source.Context.Target_Status_History - DEBUG - add_block_snapshot - Snapshot added: mission=M001 region=North block=B001
2026-08-16 18:13:05,640 - Code.Dynamic_War_Manager.Source.Context.Target_Status_History - DEBUG - add_block_snapshot - Snapshot added: mission=M001 region=North block=B001
2026-08-16 18:13:05,640 - Code.Dynamic_War_Manager.Source.Context.Target_Status_History - DEBUG - add_block_snapshot - Snapshot added: mission=M002 region=North block=B001
2026-08-16 18:13:05,640 - Code.Dynamic_War_Manager.Source.Context.Target_Status_History - DEBUG - add_block_snapshot - Snapshot added: mission=M001 region=North block=B001
2026-08-16 18:13:05,640 - Code.Dynamic_War_Manager.Source.Context.Target_Status_History - DEBUG - add_block_snapshot - Snapshot added: mission=M002 region=North block=B001
2026-08-16 18:13:05,640 - Code.Dynamic_War_Manager.Source.Context.Target_Status_History - DEBUG - add_block_snapshot - Snapshot added: mission=M001 region=North block=B001
2026-08-16 18:13:05,640 - Code.Dynamic_War_Manager.Source.Context.Target_Status_History - DEBUG - add_block_snapshot - Snapshot added: mission=M001 region=North block=B001
2026-08-16 18:13:05,640 - Code.Dynamic_War_Manager.Source.Context.Target_Status_History - DEBUG - add_block_snapshot - Snapshot added: mission=M001 region=North block=B001
2026-08-16 18:13:05,640 - Code.Dynamic_War_Manager.Source.Context.Target_Status_History - DEBUG - add_block_snapshot - Snapshot added: mission=M001 region=North block=B001
2026-08-16 18:13:05,641 - Code.Dynamic_War_Manager.Source.Context.Target_Status_History - DEBUG - add_block_snapshot - Snapshot added: mission=M001 region=North block=B001
2026-08-16 18:13:05,641 - Code.Dynamic_War_Manager.Source.Context.Target_Status_History - DEBUG - add_block_snapshot - Snapshot added: mission=M002 region=North block=B001
2026-08-16 18:13:05,641 - Code.Dynamic_War_Manager.Source.Context.Target_Status_History - DEBUG - add_block_snapshot - Snapshot added: mission=M001 region=North block=B001
2026-08-16 18:13:05,641 - Code.Dynamic_War_Manager.Source.Context.Target_Status_History - DEBUG - add_block_snapshot - Snapshot added: mission=M002 region=South block=B002
2026-08-16 18:13:05,641 - Code.Dynamic_War_Manager.Source.Context.Target_Status_History - INFO - save - TargetStatusHistory saved to /tmp/tmpnwx3zk6d.json (2 missions).
2026-08-16 18:13:05,641 - Code.Dynamic_War_Manager.Source.Context.Target_Status_History - INFO - load - TargetStatusHistory loaded from /tmp/tmpnwx3zk6d.json (2 missions).
2026-08-16 18:13:05,641 - Code.Dynamic_War_Manager.Source.Context.Target_Status_History - DEBUG - add_block_snapshot - Snapshot added: mission=M001 region=North block=B001
2026-08-16 18:13:05,641 - Code.Dynamic_War_Manager.Source.Context.Target_Status_History - DEBUG - add_block_snapshot - Snapshot added: mission=M002 region=North block=B001
2026-08-16 18:13:05,642 - Code.Dynamic_War_Manager.Source.Context.Target_Status_History - DEBUG - add_block_snapshot - Snapshot added: mission=M001 region=North block=B001
2026-08-16 18:13:05,642 - Code.Dynamic_War_Manager.Source.Context.Target_Status_History - DEBUG - add_block_snapshot - Snapshot added: mission=M001 region=North block=B001
2026-08-16 18:13:05,642 - Code.Dynamic_War_Manager.Source.Context.Target_Status_History - INFO - save - TargetStatusHistory saved to /tmp/tmpmsyle864.json (1 missions).
2026-08-17 09:48:59,662 - Code.Dynamic_War_Manager.Source.Context.Target_Status_History - DEBUG - add_block_snapshot - Snapshot added: mission=M001 region=North block=B001
2026-08-17 09:48:59,662 - Code.Dynamic_War_Manager.Source.Context.Target_Status_History - DEBUG - add_block_snapshot - Snapshot added: mission=M001 region=North block=B001
2026-08-17 09:48:59,662 - Code.Dynamic_War_Manager.Source.Context.Target_Status_History - DEBUG - add_block_snapshot - Snapshot added: mission=M001 region=North block=B001
2026-08-17 09:48:59,663 - Code.Dynamic_War_Manager.Source.Context.Target_Status_History - DEBUG - add_block_snapshot - Snapshot added: mission=M001 region=North block=B001
2026-08-17 09:48:59,663 - Code.Dynamic_War_Manager.Source.Context.Target_Status_History - DEBUG - add_block_snapshot - Snapshot added: mission=M001 region=North block=B001
2026-08-17 09:48:59,663 - Code.Dynamic_War_Manager.Source.Context.Target_Status_History - DEBUG - add_block_snapshot - Snapshot added: mission=M001 region=North block=B001
2026-08-17 09:48:59,663 - Code.Dynamic_War_Manager.Source.Context.Target_Status_History - DEBUG - add_block_snapshot - Snapshot added: mission=M001 region=South block=B002
2026-08-17 09:48:59,663 - Code.Dynamic_War_Manager.Source.Context.Target_Status_History - DEBUG - add_block_snapshot - Snapshot added: mission=M001 region=North block=B001
2026-08-17 09:48:59,663 - Code.Dynamic_War_Manager.Source.Context.Target_Status_History - DEBUG - add_block_snapshot - Snapshot added: mission=M001 region=North block=B001
2026-08-17 09:48:59,663 - Code.Dynamic_War_Manager.Source.Context.Target_Status_History - DEBUG - add_block_snapshot - Snapshot added: mission=M001 region=North block=B002
2026-08-17 09:48:59,663 - Code.Dynamic_War_Manager.Source.Context.Target_Status_History - DEBUG - add_block_snapshot - Snapshot added: mission=M001 region=North block=B001
2026-08-17 09:48:59,664 - Code.Dynamic_War_Manager.Source.Context.Target_Status_History - DEBUG - add_block_snapshot - Snapshot added: mission=M001 region=North block=B001
2026-08-17 09:48:59,664 - Code.Dynamic_War_Manager.Source.Context.Target_Status_History - DEBUG - add_block_snapshot - Snapshot added: mission=M001 region=North block=B001
2026-08-17 09:48:59,664 - Code.Dynamic_War_Manager.Source.Context.Target_Status_History - DEBUG - add_block_snapshot - Snapshot added: mission=M002 region=North block=B002
2026-08-17 09:48:59,664 - Code.Dynamic_War_Manager.Source.Context.Target_Status_History - DEBUG - add_block_snapshot - Snapshot added: mission=M002 region=North block=B001
2026-08-17 09:48:59,664 - Code.Dynamic_War_Manager.Source.Context.Target_Status_History - DEBUG - add_block_snapshot - Snapshot added: mission=M001 region=North block=B001
2026-08-17 09:48:59,664 - Code.Dynamic_War_Manager.Source.Context.Target_Status_History - DEBUG - add_block_snapshot - Snapshot added: mission=M001 region=North block=B001
2026-08-17 09:48:59,664 - Code.Dynamic_War_Manager.Source.Context.Target_Status_History - DEBUG - add_block_snapshot - Snapshot added: mission=M001 region=North block=B001
2026-08-17 09:48:59,664 - Code.Dynamic_War_Manager.Source.Context.Target_Status_History - DEBUG - add_block_snapshot - Snapshot added: mission=M001 region=North block=B001
2026-08-17 09:48:59,664 - Code.Dynamic_War_Manager.Source.Context.Target_Status_History - DEBUG - add_block_snapshot - Snapshot added: mission=M001 region=North block=B001
2026-08-17 09:48:59,664 - Code.Dynamic_War_Manager.Source.Context.Target_Status_History - DEBUG - add_block_snapshot - Snapshot added: mission=M002 region=North block=B001
2026-08-17 09:48:59,664 - Code.Dynamic_War_Manager.Source.Context.Target_Status_History - DEBUG - add_block_snapshot - Snapshot added: mission=M001 region=North block=B001
2026-08-17 09:48:59,664 - Code.Dynamic_War_Manager.Source.Context.Target_Status_History - DEBUG - add_block_snapshot - Snapshot added: mission=M002 region=North block=B001
2026-08-17 09:48:59,664 - Code.Dynamic_War_Manager.Source.Context.Target_Status_History - DEBUG - add_block_snapshot - Snapshot added: mission=M001 region=North block=B001
2026-08-17 09:48:59,665 - Code.Dynamic_War_Manager.Source.Context.Target_Status_History - DEBUG - add_block_snapshot - Snapshot added: mission=M001 region=North block=B001
2026-08-17 09:48:59,665 - Code.Dynamic_War_Manager.Source.Context.Target_Status_History - DEBUG - add_block_snapshot - Snapshot added: mission=M001 region=North block=B001
2026-08-17 09:48:59,665 - Code.Dynamic_War_Manager.Source.Context.Target_Status_History - DEBUG - add_block_snapshot - Snapshot added: mission=M001 region=North block=B001
2026-08-17 09:48:59,665 - Code.Dynamic_War_Manager.Source.Context.Target_Status_History - DEBUG - add_block_snapshot - Snapshot added: mission=M001 region=North block=B001
2026-08-17 09:48:59,665 - Code.Dynamic_War_Manager.Source.Context.Target_Status_History - DEBUG - add_block_snapshot - Snapshot added: mission=M002 region=North block=B001
2026-08-17 09:48:59,665 - Code.Dynamic_War_Manager.Source.Context.Target_Status_History - DEBUG - add_block_snapshot - Snapshot added: mission=M001 region=North block=B001
2026-08-17 09:48:59,665 - Code.Dynamic_War_Manager.Source.Context.Target_Status_History - DEBUG - add_block_snapshot - Snapshot added: mission=M002 region=South block=B002
2026-08-17 09:48:59,665 - Code.Dynamic_War_Manager.Source.Context.Target_Status_History - INFO - save - TargetStatusHistory saved to /tmp/tmptnkgykz3.json (2 missions).
2026-08-17 09:48:59,665 - Code.Dynamic_War_Manager.Source.Context.Target_Status_History - INFO - load - TargetStatusHistory loaded from /tmp/tmptnkgykz3.json (2 missions).
2026-08-17 09:48:59,666 - Code.Dynamic_War_Manager.Source.Context.Target_Status_History - DEBUG - add_block_snapshot - Snapshot added: mission=M001 region=North block=B001
2026-08-17 09:48:59,666 - Code.Dynamic_War_Manager.Source.Context.Target_Status_History - DEBUG - add_block_snapshot - Snapshot added: mission=M002 region=North block=B001
2026-08-17 09:48:59,666 - Code.Dynamic_War_Manager.Source.Context.Target_Status_History - DEBUG - add_block_snapshot - Snapshot added: mission=M001 region=North block=B001
2026-08-17 09:48:59,666 - Code.Dynamic_War_Manager.Source.Context.Target_Status_History - DEBUG - add_block_snapshot - Snapshot added: mission=M001 region=North block=B001
2026-08-17 09:48:59,666 - Code.Dynamic_War_Manager.Source.Context.Target_Status_History - INFO - save - TargetStatusHistory saved to /tmp/tmpfz5156ei.json (1 missions).
2026-08-17 09:50:41,901 - Code.Dynamic_War_Manager.Source.Context.Target_Status_History - DEBUG - add_block_snapshot - Snapshot added: mission=M001 region=North block=B001
2026-08-17 09:50:41,902 - Code.Dynamic_War_Manager.Source.Context.Target_Status_History - DEBUG - add_block_snapshot - Snapshot added: mission=M001 region=North block=B001
2026-08-17 09:50:41,902 - Code.Dynamic_War_Manager.Source.Context.Target_Status_History - DEBUG - add_block_snapshot - Snapshot added: mission=M001 region=North block=B001
2026-08-17 09:50:41,902 - Code.Dynamic_War_Manager.Source.Context.Target_Status_History - DEBUG - add_block_snapshot - Snapshot added: mission=M001 region=North block=B001
2026-08-17 09:50:41,902 - Code.Dynamic_War_Manager.Source.Context.Target_Status_History - DEBUG - add_block_snapshot - Snapshot added: mission=M001 region=North block=B001
2026-08-17 09:50:41,902 - Code.Dynamic_War_Manager.Source.Context.Target_Status_History - DEBUG - add_block_snapshot - Snapshot added: mission=M001 region=North block=B001
2026-08-17 09:50:41,903 - Code.Dynamic_War_Manager.Source.Context.Target_Status_History - DEBUG - add_block_snapshot - Snapshot added: mission=M001 region=South block=B002
2026-08-17 09:50:41,903 - Code.Dynamic_War_Manager.Source.Context.Target_Status_History - DEBUG - add_block_snapshot - Snapshot added: mission=M001 region=North block=B001
2026-08-17 09:50:41,903 - Code.Dynamic_War_Manager.Source.Context.Target_Status_History - DEBUG - add_block_snapshot - Snapshot added: mission=M001 region=North block=B001
2026-08-17 09:50:41,903 - Code.Dynamic_War_Manager.Source.Context.Target_Status_History - DEBUG - add_block_snapshot - Snapshot added: mission=M001 region=North block=B002
2026-08-17 09:50:41,903 - Code.Dynamic_War_Manager.Source.Context.Target_Status_History - DEBUG - add_block_snapshot - Snapshot added: mission=M001 region=North block=B001
2026-08-17 09:50:41,903 - Code.Dynamic_War_Manager.Source.Context.Target_Status_History - DEBUG - add_block_snapshot - Snapshot added: mission=M001 region=North block=B001
2026-08-17 09:50:41,903 - Code.Dynamic_War_Manager.Source.Context.Target_Status_History - DEBUG - add_block_snapshot - Snapshot added: mission=M001 region=North block=B001
2026-08-17 09:50:41,903 - Code.Dynamic_War_Manager.Source.Context.Target_Status_History - DEBUG - add_block_snapshot - Snapshot added: mission=M002 region=North block=B002
2026-08-17 09:50:41,904 - Code.Dynamic_War_Manager.Source.Context.Target_Status_History - DEBUG - add_block_snapshot - Snapshot added: mission=M002 region=North block=B001
2026-08-17 09:50:41,904 - Code.Dynamic_War_Manager.Source.Context.Target_Status_History - DEBUG - add_block_snapshot - Snapshot added: mission=M001 region=North block=B001
2026-08-17 09:50:41,904 - Code.Dynamic_War_Manager.Source.Context.Target_Status_History - DEBUG - add_block_snapshot - Snapshot added: mission=M001 region=North block=B001
2026-08-17 09:50:41,904 - Code.Dynamic_War_Manager.Source.Context.Target_Status_History - DEBUG - add_block_snapshot - Snapshot added: mission=M001 region=North block=B001
2026-08-17 09:50:41,904 - Code.Dynamic_War_Manager.Source.Context.Target_Status_History - DEBUG - add_block_snapshot - Snapshot added: mission=M001 region=North block=B001
2026-08-17 09:50:41,904 - Code.Dynamic_War_Manager.Source.Context.Target_Status_History - DEBUG - add_block_snapshot - Snapshot added: mission=M001 region=North block=B001
2026-08-17 09:50:41,904 - Code.Dynamic_War_Manager.Source.Context.Target_Status_History - DEBUG - add_block_snapshot - Snapshot added: mission=M002 region=North block=B001
2026-08-17 09:50:41,904 - Code.Dynamic_War_Manager.Source.Context.Target_Status_History - DEBUG - add_block_snapshot - Snapshot added: mission=M001 region=North block=B001
2026-08-17 09:50:41,904 - Code.Dynamic_War_Manager.Source.Context.Target_Status_History - DEBUG - add_block_snapshot - Snapshot added: mission=M002 region=North block=B001
2026-08-17 09:50:41,904 - Code.Dynamic_War_Manager.Source.Context.Target_Status_History - DEBUG - add_block_snapshot - Snapshot added: mission=M001 region=North block=B001
2026-08-17 09:50:41,905 - Code.Dynamic_War_Manager.Source.Context.Target_Status_History - DEBUG - add_block_snapshot - Snapshot added: mission=M001 region=North block=B001
2026-08-17 09:50:41,905 - Code.Dynamic_War_Manager.Source.Context.Target_Status_History - DEBUG - add_block_snapshot - Snapshot added: mission=M001 region=North block=B001
2026-08-17 09:50:41,905 - Code.Dynamic_War_Manager.Source.Context.Target_Status_History - DEBUG - add_block_snapshot - Snapshot added: mission=M001 region=North block=B001
2026-08-17 09:50:41,905 - Code.Dynamic_War_Manager.Source.Context.Target_Status_History - DEBUG - add_block_snapshot - Snapshot added: mission=M001 region=North block=B001
2026-08-17 09:50:41,905 - Code.Dynamic_War_Manager.Source.Context.Target_Status_History - DEBUG - add_block_snapshot - Snapshot added: mission=M002 region=North block=B001
2026-08-17 09:50:41,905 - Code.Dynamic_War_Manager.Source.Context.Target_Status_History - DEBUG - add_block_snapshot - Snapshot added: mission=M001 region=North block=B001
2026-08-17 09:50:41,905 - Code.Dynamic_War_Manager.Source.Context.Target_Status_History - DEBUG - add_block_snapshot - Snapshot added: mission=M002 region=South block=B002
2026-08-17 09:50:41,905 - Code.Dynamic_War_Manager.Source.Context.Target_Status_History - INFO - save - TargetStatusHistory saved to /tmp/tmpy6tojz8z.json (2 missions).
2026-08-17 09:50:41,905 - Code.Dynamic_War_Manager.Source.Context.Target_Status_History - INFO - load - TargetStatusHistory loaded from /tmp/tmpy6tojz8z.json (2 missions).
2026-08-17 09:50:41,906 - Code.Dynamic_War_Manager.Source.Context.Target_Status_History - DEBUG - add_block_snapshot - Snapshot added: mission=M001 region=North block=B001
2026-08-17 09:50:41,906 - Code.Dynamic_War_Manager.Source.Context.Target_Status_History - DEBUG - add_block_snapshot - Snapshot added: mission=M002 region=North block=B001
2026-08-17 09:50:41,906 - Code.Dynamic_War_Manager.Source.Context.Target_Status_History - DEBUG - add_block_snapshot - Snapshot added: mission=M001 region=North block=B001
2026-08-17 09:50:41,906 - Code.Dynamic_War_Manager.Source.Context.Target_Status_History - DEBUG - add_block_snapshot - Snapshot added: mission=M001 region=North block=B001
2026-08-17 09:50:41,906 - Code.Dynamic_War_Manager.Source.Context.Target_Status_History - INFO - save - TargetStatusHistory saved to /tmp/tmpo5yzq4ce.json (1 missions).
2026-08-17 10:52:47,974 - Code.Dynamic_War_Manager.Source.Context.Target_Status_History - DEBUG - add_block_snapshot - Snapshot added: mission=M001 region=North block=B001
2026-08-17 10:52:48,000 - Code.Dynamic_War_Manager.Source.Context.Target_Status_History - DEBUG - add_block_snapshot - Snapshot added: mission=M001 region=North block=B001
2026-08-17 10:52:48,000 - Code.Dynamic_War_Manager.Source.Context.Target_Status_History - DEBUG - add_block_snapshot - Snapshot added: mission=M001 region=North block=B001
2026-08-17 10:52:48,000 - Code.Dynamic_War_Manager.Source.Context.Target_Status_History - DEBUG - add_block_snapshot - Snapshot added: mission=M001 region=North block=B001
2026-08-17 10:52:48,000 - Code.Dynamic_War_Manager.Source.Context.Target_Status_History - DEBUG - add_block_snapshot - Snapshot added: mission=M001 region=North block=B001
2026-08-17 10:52:48,000 - Code.Dynamic_War_Manager.Source.Context.Target_Status_History - DEBUG - add_block_snapshot - Snapshot added: mission=M001 region=North block=B001
2026-08-17 10:52:48,000 - Code.Dynamic_War_Manager.Source.Context.Target_Status_History - DEBUG - add_block_snapshot - Snapshot added: mission=M001 region=South block=B002
2026-08-17 10:52:48,000 - Code.Dynamic_War_Manager.Source.Context.Target_Status_History - DEBUG - add_block_snapshot - Snapshot added: mission=M001 region=North block=B001
2026-08-17 10:52:48,000 - Code.Dynamic_War_Manager.Source.Context.Target_Status_History - DEBUG - add_block_snapshot - Snapshot added: mission=M001 region=North block=B001
2026-08-17 10:52:48,000 - Code.Dynamic_War_Manager.Source.Context.Target_Status_History - DEBUG - add_block_snapshot - Snapshot added: mission=M001 region=North block=B002
2026-08-17 10:52:48,000 - Code.Dynamic_War_Manager.Source.Context.Target_Status_History - DEBUG - add_block_snapshot - Snapshot added: mission=M001 region=North block=B001
2026-08-17 10:52:48,000 - Code.Dynamic_War_Manager.Source.Context.Target_Status_History - DEBUG - add_block_snapshot - Snapshot added: mission=M001 region=North block=B001
2026-08-17 10:52:48,000 - Code.Dynamic_War_Manager.Source.Context.Target_Status_History - DEBUG - add_block_snapshot - Snapshot added: mission=M001 region=North block=B001
2026-08-17 10:52:48,000 - Code.Dynamic_War_Manager.Source.Context.Target_Status_History - DEBUG - add_block_snapshot - Snapshot added: mission=M002 region=North block=B002
2026-08-17 10:52:48,000 - Code.Dynamic_War_Manager.Source.Context.Target_Status_History - DEBUG - add_block_snapshot - Snapshot added: mission=M002 region=North block=B001
2026-08-17 10:52:48,000 - Code.Dynamic_War_Manager.Source.Context.Target_Status_History - DEBUG - add_block_snapshot - Snapshot added: mission=M001 region=North block=B001
2026-08-17 10:52:48,000 - Code.Dynamic_War_Manager.Source.Context.Target_Status_History - DEBUG - add_block_snapshot - Snapshot added: mission=M001 region=North block=B001
2026-08-17 10:52:48,000 - Code.Dynamic_War_Manager.Source.Context.Target_Status_History - DEBUG - add_block_snapshot - Snapshot added: mission=M001 region=North block=B001
2026-08-17 10:52:48,000 - Code.Dynamic_War_Manager.Source.Context.Target_Status_History - DEBUG - add_block_snapshot - Snapshot added: mission=M001 region=North block=B001
2026-08-17 10:52:48,000 - Code.Dynamic_War_Manager.Source.Context.Target_Status_History - DEBUG - add_block_snapshot - Snapshot added: mission=M001 region=North block=B001
2026-08-17 10:52:48,000 - Code.Dynamic_War_Manager.Source.Context.Target_Status_History - DEBUG - add_block_snapshot - Snapshot added: mission=M002 region=North block=B001
2026-08-17 10:52:48,000 - Code.Dynamic_War_Manager.Source.Context.Target_Status_History - DEBUG - add_block_snapshot - Snapshot added: mission=M001 region=North block=B001
2026-08-17 10:52:48,000 - Code.Dynamic_War_Manager.Source.Context.Target_Status_History - DEBUG - add_block_snapshot - Snapshot added: mission=M002 region=North block=B001
2026-08-17 10:52:48,000 - Code.Dynamic_War_Manager.Source.Context.Target_Status_History - DEBUG - add_block_snapshot - Snapshot added: mission=M001 region=North block=B001
2026-08-17 10:52:48,000 - Code.Dynamic_War_Manager.Source.Context.Target_Status_History - DEBUG - add_block_snapshot - Snapshot added: mission=M001 region=North block=B001
2026-08-17 10:52:48,000 - Code.Dynamic_War_Manager.Source.Context.Target_Status_History - DEBUG - add_block_snapshot - Snapshot added: mission=M001 region=North block=B001
2026-08-17 10:52:48,000 - Code.Dynamic_War_Manager.Source.Context.Target_Status_History - DEBUG - add_block_snapshot - Snapshot added: mission=M001 region=North block=B001
2026-08-17 10:52:48,001 - Code.Dynamic_War_Manager.Source.Context.Target_Status_History - DEBUG - add_block_snapshot - Snapshot added: mission=M001 region=North block=B001
2026-08-17 10:52:48,001 - Code.Dynamic_War_Manager.Source.Context.Target_Status_History - DEBUG - add_block_snapshot - Snapshot added: mission=M002 region=North block=B001
2026-08-17 10:52:48,001 - Code.Dynamic_War_Manager.Source.Context.Target_Status_History - DEBUG - add_block_snapshot - Snapshot added: mission=M001 region=North block=B001
2026-08-17 10:52:48,001 - Code.Dynamic_War_Manager.Source.Context.Target_Status_History - DEBUG - add_block_snapshot - Snapshot added: mission=M002 region=South block=B002
2026-08-17 10:52:48,001 - Code.Dynamic_War_Manager.Source.Context.Target_Status_History - INFO - save - TargetStatusHistory saved to /tmp/tmp2npihcuq.json (2 missions).
2026-08-17 10:52:48,001 - Code.Dynamic_War_Manager.Source.Context.Target_Status_History - INFO - load - TargetStatusHistory loaded from /tmp/tmp2npihcuq.json (2 missions).
2026-08-17 10:52:48,001 - Code.Dynamic_War_Manager.Source.Context.Target_Status_History - DEBUG - add_block_snapshot - Snapshot added: mission=M001 region=North block=B001
2026-08-17 10:52:48,001 - Code.Dynamic_War_Manager.Source.Context.Target_Status_History - DEBUG - add_block_snapshot - Snapshot added: mission=M002 region=North block=B001
2026-08-17 10:52:48,001 - Code.Dynamic_War_Manager.Source.Context.Target_Status_History - DEBUG - add_block_snapshot - Snapshot added: mission=M001 region=North block=B001
2026-08-17 10:52:48,001 - Code.Dynamic_War_Manager.Source.Context.Target_Status_History - DEBUG - add_block_snapshot - Snapshot added: mission=M001 region=North block=B001
2026-08-17 10:52:48,001 - Code.Dynamic_War_Manager.Source.Context.Target_Status_History - INFO - save - TargetStatusHistory saved to /tmp/tmpzrky3hyw.json (1 missions).
2026-08-17 10:58:17,564 - Code.Dynamic_War_Manager.Source.Context.Target_Status_History - DEBUG - add_block_snapshot - Snapshot added: mission=M001 region=North block=B001
2026-08-17 10:58:17,564 - Code.Dynamic_War_Manager.Source.Context.Target_Status_History - DEBUG - add_block_snapshot - Snapshot added: mission=M001 region=North block=B001
2026-08-17 10:58:17,564 - Code.Dynamic_War_Manager.Source.Context.Target_Status_History - DEBUG - add_block_snapshot - Snapshot added: mission=M001 region=North block=B001
2026-08-17 10:58:17,564 - Code.Dynamic_War_Manager.Source.Context.Target_Status_History - DEBUG - add_block_snapshot - Snapshot added: mission=M001 region=North block=B001
2026-08-17 10:58:17,564 - Code.Dynamic_War_Manager.Source.Context.Target_Status_History - DEBUG - add_block_snapshot - Snapshot added: mission=M001 region=North block=B001
2026-08-17 10:58:17,564 - Code.Dynamic_War_Manager.Source.Context.Target_Status_History - DEBUG - add_block_snapshot - Snapshot added: mission=M001 region=North block=B001
2026-08-17 10:58:17,564 - Code.Dynamic_War_Manager.Source.Context.Target_Status_History - DEBUG - add_block_snapshot - Snapshot added: mission=M001 region=South block=B002
2026-08-17 10:58:17,564 - Code.Dynamic_War_Manager.Source.Context.Target_Status_History - DEBUG - add_block_snapshot - Snapshot added: mission=M001 region=North block=B001
2026-08-17 10:58:17,564 - Code.Dynamic_War_Manager.Source.Context.Target_Status_History - DEBUG - add_block_snapshot - Snapshot added: mission=M001 region=North block=B001
2026-08-17 10:58:17,564 - Code.Dynamic_War_Manager.Source.Context.Target_Status_History - DEBUG - add_block_snapshot - Snapshot added: mission=M001 region=North block=B002
2026-08-17 10:58:17,564 - Code.Dynamic_War_Manager.Source.Context.Target_Status_History - DEBUG - add_block_snapshot - Snapshot added: mission=M001 region=North block=B001
2026-08-17 10:58:17,564 - Code.Dynamic_War_Manager.Source.Context.Target_Status_History - DEBUG - add_block_snapshot - Snapshot added: mission=M001 region=North block=B001
2026-08-17 10:58:17,564 - Code.Dynamic_War_Manager.Source.Context.Target_Status_History - DEBUG - add_block_snapshot - Snapshot added: mission=M001 region=North block=B001
2026-08-17 10:58:17,564 - Code.Dynamic_War_Manager.Source.Context.Target_Status_History - DEBUG - add_block_snapshot - Snapshot added: mission=M002 region=North block=B002
2026-08-17 10:58:17,564 - Code.Dynamic_War_Manager.Source.Context.Target_Status_History - DEBUG - add_block_snapshot - Snapshot added: mission=M002 region=North block=B001
2026-08-17 10:58:17,564 - Code.Dynamic_War_Manager.Source.Context.Target_Status_History - DEBUG - add_block_snapshot - Snapshot added: mission=M001 region=North block=B001
2026-08-17 10:58:17,564 - Code.Dynamic_War_Manager.Source.Context.Target_Status_History - DEBUG - add_block_snapshot - Snapshot added: mission=M001 region=North block=B001
2026-08-17 10:58:17,564 - Code.Dynamic_War_Manager.Source.Context.Target_Status_History - DEBUG - add_block_snapshot - Snapshot added: mission=M001 region=North block=B001
2026-08-17 10:58:17,564 - Code.Dynamic_War_Manager.Source.Context.Target_Status_History - DEBUG - add_block_snapshot - Snapshot added: mission=M001 region=North block=B001
2026-08-17 10:58:17,564 - Code.Dynamic_War_Manager.Source.Context.Target_Status_History - DEBUG - add_block_snapshot - Snapshot added: mission=M001 region=North block=B001
2026-08-17 10:58:17,564 - Code.Dynamic_War_Manager.Source.Context.Target_Status_History - DEBUG - add_block_snapshot - Snapshot added: mission=M002 region=North block=B001
2026-08-17 10:58:17,564 - Code.Dynamic_War_Manager.Source.Context.Target_Status_History - DEBUG - add_block_snapshot - Snapshot added: mission=M001 region=North block=B001
2026-08-17 10:58:17,564 - Code.Dynamic_War_Manager.Source.Context.Target_Status_History - DEBUG - add_block_snapshot - Snapshot added: mission=M002 region=North block=B001
2026-08-17 10:58:17,564 - Code.Dynamic_War_Manager.Source.Context.Target_Status_History - DEBUG - add_block_snapshot - Snapshot added: mission=M001 region=North block=B001
2026-08-17 10:58:17,564 - Code.Dynamic_War_Manager.Source.Context.Target_Status_History - DEBUG - add_block_snapshot - Snapshot added: mission=M001 region=North block=B001
2026-08-17 10:58:17,564 - Code.Dynamic_War_Manager.Source.Context.Target_Status_History - DEBUG - add_block_snapshot - Snapshot added: mission=M001 region=North block=B001
2026-08-17 10:58:17,564 - Code.Dynamic_War_Manager.Source.Context.Target_Status_History - DEBUG - add_block_snapshot - Snapshot added: mission=M001 region=North block=B001
2026-08-17 10:58:17,564 - Code.Dynamic_War_Manager.Source.Context.Target_Status_History - DEBUG - add_block_snapshot - Snapshot added: mission=M001 region=North block=B001
2026-08-17 10:58:17,564 - Code.Dynamic_War_Manager.Source.Context.Target_Status_History - DEBUG - add_block_snapshot - Snapshot added: mission=M002 region=North block=B001
2026-08-17 10:58:17,564 - Code.Dynamic_War_Manager.Source.Context.Target_Status_History - DEBUG - add_block_snapshot - Snapshot added: mission=M001 region=North block=B001
2026-08-17 10:58:17,564 - Code.Dynamic_War_Manager.Source.Context.Target_Status_History - DEBUG - add_block_snapshot - Snapshot added: mission=M002 region=South block=B002
2026-08-17 10:58:17,565 - Code.Dynamic_War_Manager.Source.Context.Target_Status_History - INFO - save - TargetStatusHistory saved to /tmp/tmpvy57c7bo.json (2 missions).
2026-08-17 10:58:17,565 - Code.Dynamic_War_Manager.Source.Context.Target_Status_History - INFO - load - TargetStatusHistory loaded from /tmp/tmpvy57c7bo.json (2 missions).
2026-08-17 10:58:17,565 - Code.Dynamic_War_Manager.Source.Context.Target_Status_History - DEBUG - add_block_snapshot - Snapshot added: mission=M001 region=North block=B001
2026-08-17 10:58:17,565 - Code.Dynamic_War_Manager.Source.Context.Target_Status_History - DEBUG - add_block_snapshot - Snapshot added: mission=M002 region=North block=B001
2026-08-17 10:58:17,565 - Code.Dynamic_War_Manager.Source.Context.Target_Status_History - DEBUG - add_block_snapshot - Snapshot added: mission=M001 region=North block=B001
2026-08-17 10:58:17,565 - Code.Dynamic_War_Manager.Source.Context.Target_Status_History - DEBUG - add_block_snapshot - Snapshot added: mission=M001 region=North block=B001
2026-08-17 10:58:17,565 - Code.Dynamic_War_Manager.Source.Context.Target_Status_History - INFO - save - TargetStatusHistory saved to /tmp/tmpof29wrtl.json (1 missions).
2026-08-17 11:05:22,122 - Code.Dynamic_War_Manager.Source.Context.Target_Status_History - DEBUG - add_block_snapshot - Snapshot added: mission=M001 region=North block=B001
2026-08-17 11:05:22,122 - Code.Dynamic_War_Manager.Source.Context.Target_Status_History - DEBUG - add_block_snapshot - Snapshot added: mission=M001 region=North block=B001
2026-08-17 11:05:22,122 - Code.Dynamic_War_Manager.Source.Context.Target_Status_History - DEBUG - add_block_snapshot - Snapshot added: mission=M001 region=North block=B001
2026-08-17 11:05:22,122 - Code.Dynamic_War_Manager.Source.Context.Target_Status_History - DEBUG - add_block_snapshot - Snapshot added: mission=M001 region=North block=B001
2026-08-17 11:05:22,122 - Code.Dynamic_War_Manager.Source.Context.Target_Status_History - DEBUG - add_block_snapshot - Snapshot added: mission=M001 region=North block=B001
2026-08-17 11:05:22,122 - Code.Dynamic_War_Manager.Source.Context.Target_Status_History - DEBUG - add_block_snapshot - Snapshot added: mission=M001 region=North block=B001
2026-08-17 11:05:22,122 - Code.Dynamic_War_Manager.Source.Context.Target_Status_History - DEBUG - add_block_snapshot - Snapshot added: mission=M001 region=South block=B002
2026-08-17 11:05:22,122 - Code.Dynamic_War_Manager.Source.Context.Target_Status_History - DEBUG - add_block_snapshot - Snapshot added: mission=M001 region=North block=B001
2026-08-17 11:05:22,122 - Code.Dynamic_War_Manager.Source.Context.Target_Status_History - DEBUG - add_block_snapshot - Snapshot added: mission=M001 region=North block=B001
2026-08-17 11:05:22,122 - Code.Dynamic_War_Manager.Source.Context.Target_Status_History - DEBUG - add_block_snapshot - Snapshot added: mission=M001 region=North block=B002
2026-08-17 11:05:22,122 - Code.Dynamic_War_Manager.Source.Context.Target_Status_History - DEBUG - add_block_snapshot - Snapshot added: mission=M001 region=North block=B001
2026-08-17 11:05:22,122 - Code.Dynamic_War_Manager.Source.Context.Target_Status_History - DEBUG - add_block_snapshot - Snapshot added: mission=M001 region=North block=B001
2026-08-17 11:05:22,122 - Code.Dynamic_War_Manager.Source.Context.Target_Status_History - DEBUG - add_block_snapshot - Snapshot added: mission=M001 region=North block=B001
2026-08-17 11:05:22,122 - Code.Dynamic_War_Manager.Source.Context.Target_Status_History - DEBUG - add_block_snapshot - Snapshot added: mission=M002 region=North block=B002
2026-08-17 11:05:22,122 - Code.Dynamic_War_Manager.Source.Context.Target_Status_History - DEBUG - add_block_snapshot - Snapshot added: mission=M002 region=North block=B001
2026-08-17 11:05:22,122 - Code.Dynamic_War_Manager.Source.Context.Target_Status_History - DEBUG - add_block_snapshot - Snapshot added: mission=M001 region=North block=B001
2026-08-17 11:05:22,122 - Code.Dynamic_War_Manager.Source.Context.Target_Status_History - DEBUG - add_block_snapshot - Snapshot added: mission=M001 region=North block=B001
2026-08-17 11:05:22,122 - Code.Dynamic_War_Manager.Source.Context.Target_Status_History - DEBUG - add_block_snapshot - Snapshot added: mission=M001 region=North block=B001
2026-08-17 11:05:22,122 - Code.Dynamic_War_Manager.Source.Context.Target_Status_History - DEBUG - add_block_snapshot - Snapshot added: mission=M001 region=North block=B001
2026-08-17 11:05:22,122 - Code.Dynamic_War_Manager.Source.Context.Target_Status_History - DEBUG - add_block_snapshot - Snapshot added: mission=M001 region=North block=B001
2026-08-17 11:05:22,122 - Code.Dynamic_War_Manager.Source.Context.Target_Status_History - DEBUG - add_block_snapshot - Snapshot added: mission=M002 region=North block=B001
2026-08-17 11:05:22,122 - Code.Dynamic_War_Manager.Source.Context.Target_Status_History - DEBUG - add_block_snapshot - Snapshot added: mission=M001 region=North block=B001
2026-08-17 11:05:22,122 - Code.Dynamic_War_Manager.Source.Context.Target_Status_History - DEBUG - add_block_snapshot - Snapshot added: mission=M002 region=North block=B001
2026-08-17 11:05:22,122 - Code.Dynamic_War_Manager.Source.Context.Target_Status_History - DEBUG - add_block_snapshot - Snapshot added: mission=M001 region=North block=B001
2026-08-17 11:05:22,122 - Code.Dynamic_War_Manager.Source.Context.Target_Status_History - DEBUG - add_block_snapshot - Snapshot added: mission=M001 region=North block=B001
2026-08-17 11:05:22,123 - Code.Dynamic_War_Manager.Source.Context.Target_Status_History - DEBUG - add_block_snapshot - Snapshot added: mission=M001 region=North block=B001
2026-08-17 11:05:22,123 - Code.Dynamic_War_Manager.Source.Context.Target_Status_History - DEBUG - add_block_snapshot - Snapshot added: mission=M001 region=North block=B001
2026-08-17 11:05:22,123 - Code.Dynamic_War_Manager.Source.Context.Target_Status_History - DEBUG - add_block_snapshot - Snapshot added: mission=M001 region=North block=B001
2026-08-17 11:05:22,123 - Code.Dynamic_War_Manager.Source.Context.Target_Status_History - DEBUG - add_block_snapshot - Snapshot added: mission=M002 region=North block=B001
2026-08-17 11:05:22,123 - Code.Dynamic_War_Manager.Source.Context.Target_Status_History - DEBUG - add_block_snapshot - Snapshot added: mission=M001 region=North block=B001
2026-08-17 11:05:22,123 - Code.Dynamic_War_Manager.Source.Context.Target_Status_History - DEBUG - add_block_snapshot - Snapshot added: mission=M002 region=South block=B002
2026-08-17 11:05:22,123 - Code.Dynamic_War_Manager.Source.Context.Target_Status_History - INFO - save - TargetStatusHistory saved to /tmp/tmp54u4hwle.json (2 missions).
2026-08-17 11:05:22,123 - Code.Dynamic_War_Manager.Source.Context.Target_Status_History - INFO - load - TargetStatusHistory loaded from /tmp/tmp54u4hwle.json (2 missions).
2026-08-17 11:05:22,123 - Code.Dynamic_War_Manager.Source.Context.Target_Status_History - DEBUG - add_block_snapshot - Snapshot added: mission=M001 region=North block=B001
2026-08-17 11:05:22,123 - Code.Dynamic_War_Manager.Source.Context.Target_Status_History - DEBUG - add_block_snapshot - Snapshot added: mission=M002 region=North block=B001
2026-08-17 11:05:22,123 - Code.Dynamic_War_Manager.Source.Context.Target_Status_History - DEBUG - add_block_snapshot - Snapshot added: mission=M001 region=North block=B001
2026-08-17 11:05:22,123 - Code.Dynamic_War_Manager.Source.Context.Target_Status_History - DEBUG - add_block_snapshot - Snapshot added: mission=M001 region=North block=B001
2026-08-17 11:05:22,123 - Code.Dynamic_War_Manager.Source.Context.Target_Status_History - INFO - save - TargetStatusHistory saved to /tmp/tmp8ske85qa.json (1 missions).
2026-08-17 11:10:52,629 - Code.Dynamic_War_Manager.Source.Context.Target_Status_History - DEBUG - add_block_snapshot - Snapshot added: mission=M001 region=North block=B001
2026-08-17 11:10:52,629 - Code.Dynamic_War_Manager.Source.Context.Target_Status_History - DEBUG - add_block_snapshot - Snapshot added: mission=M001 region=North block=B001
2026-08-17 11:10:52,629 - Code.Dynamic_War_Manager.Source.Context.Target_Status_History - DEBUG - add_block_snapshot - Snapshot added: mission=M001 region=North block=B001
2026-08-17 11:10:52,629 - Code.Dynamic_War_Manager.Source.Context.Target_Status_History - DEBUG - add_block_snapshot - Snapshot added: mission=M001 region=North block=B001
2026-08-17 11:10:52,629 - Code.Dynamic_War_Manager.Source.Context.Target_Status_History - DEBUG - add_block_snapshot - Snapshot added: mission=M001 region=North block=B001
2026-08-17 11:10:52,629 - Code.Dynamic_War_Manager.Source.Context.Target_Status_History - DEBUG - add_block_snapshot - Snapshot added: mission=M001 region=North block=B001
2026-08-17 11:10:52,629 - Code.Dynamic_War_Manager.Source.Context.Target_Status_History - DEBUG - add_block_snapshot - Snapshot added: mission=M001 region=South block=B002
2026-08-17 11:10:52,629 - Code.Dynamic_War_Manager.Source.Context.Target_Status_History - DEBUG - add_block_snapshot - Snapshot added: mission=M001 region=North block=B001
2026-08-17 11:10:52,629 - Code.Dynamic_War_Manager.Source.Context.Target_Status_History - DEBUG - add_block_snapshot - Snapshot added: mission=M001 region=North block=B001
2026-08-17 11:10:52,629 - Code.Dynamic_War_Manager.Source.Context.Target_Status_History - DEBUG - add_block_snapshot - Snapshot added: mission=M001 region=North block=B002
2026-08-17 11:10:52,629 - Code.Dynamic_War_Manager.Source.Context.Target_Status_History - DEBUG - add_block_snapshot - Snapshot added: mission=M001 region=North block=B001
2026-08-17 11:10:52,629 - Code.Dynamic_War_Manager.Source.Context.Target_Status_History - DEBUG - add_block_snapshot - Snapshot added: mission=M001 region=North block=B001
2026-08-17 11:10:52,629 - Code.Dynamic_War_Manager.Source.Context.Target_Status_History - DEBUG - add_block_snapshot - Snapshot added: mission=M001 region=North block=B001
2026-08-17 11:10:52,629 - Code.Dynamic_War_Manager.Source.Context.Target_Status_History - DEBUG - add_block_snapshot - Snapshot added: mission=M002 region=North block=B002
2026-08-17 11:10:52,629 - Code.Dynamic_War_Manager.Source.Context.Target_Status_History - DEBUG - add_block_snapshot - Snapshot added: mission=M002 region=North block=B001
2026-08-17 11:10:52,630 - Code.Dynamic_War_Manager.Source.Context.Target_Status_History - DEBUG - add_block_snapshot - Snapshot added: mission=M001 region=North block=B001
2026-08-17 11:10:52,630 - Code.Dynamic_War_Manager.Source.Context.Target_Status_History - DEBUG - add_block_snapshot - Snapshot added: mission=M001 region=North block=B001
2026-08-17 11:10:52,630 - Code.Dynamic_War_Manager.Source.Context.Target_Status_History - DEBUG - add_block_snapshot - Snapshot added: mission=M001 region=North block=B001
2026-08-17 11:10:52,630 - Code.Dynamic_War_Manager.Source.Context.Target_Status_History - DEBUG - add_block_snapshot - Snapshot added: mission=M001 region=North block=B001
2026-08-17 11:10:52,630 - Code.Dynamic_War_Manager.Source.Context.Target_Status_History - DEBUG - add_block_snapshot - Snapshot added: mission=M001 region=North block=B001
2026-08-17 11:10:52,630 - Code.Dynamic_War_Manager.Source.Context.Target_Status_History - DEBUG - add_block_snapshot - Snapshot added: mission=M002 region=North block=B001
2026-08-17 11:10:52,630 - Code.Dynamic_War_Manager.Source.Context.Target_Status_History - DEBUG - add_block_snapshot - Snapshot added: mission=M001 region=North block=B001
2026-08-17 11:10:52,630 - Code.Dynamic_War_Manager.Source.Context.Target_Status_History - DEBUG - add_block_snapshot - Snapshot added: mission=M002 region=North block=B001
2026-08-17 11:10:52,630 - Code.Dynamic_War_Manager.Source.Context.Target_Status_History - DEBUG - add_block_snapshot - Snapshot added: mission=M001 region=North block=B001
2026-08-17 11:10:52,630 - Code.Dynamic_War_Manager.Source.Context.Target_Status_History - DEBUG - add_block_snapshot - Snapshot added: mission=M001 region=North block=B001
2026-08-17 11:10:52,630 - Code.Dynamic_War_Manager.Source.Context.Target_Status_History - DEBUG - add_block_snapshot - Snapshot added: mission=M001 region=North block=B001
2026-08-17 11:10:52,630 - Code.Dynamic_War_Manager.Source.Context.Target_Status_History - DEBUG - add_block_snapshot - Snapshot added: mission=M001 region=North block=B001
2026-08-17 11:10:52,630 - Code.Dynamic_War_Manager.Source.Context.Target_Status_History - DEBUG - add_block_snapshot - Snapshot added: mission=M001 region=North block=B001
2026-08-17 11:10:52,630 - Code.Dynamic_War_Manager.Source.Context.Target_Status_History - DEBUG - add_block_snapshot - Snapshot added: mission=M002 region=North block=B001
2026-08-17 11:10:52,630 - Code.Dynamic_War_Manager.Source.Context.Target_Status_History - DEBUG - add_block_snapshot - Snapshot added: mission=M001 region=North block=B001
2026-08-17 11:10:52,630 - Code.Dynamic_War_Manager.Source.Context.Target_Status_History - DEBUG - add_block_snapshot - Snapshot added: mission=M002 region=South block=B002
2026-08-17 11:10:52,630 - Code.Dynamic_War_Manager.Source.Context.Target_Status_History - INFO - save - TargetStatusHistory saved to /tmp/tmpgzh33h7n.json (2 missions).
2026-08-17 11:10:52,630 - Code.Dynamic_War_Manager.Source.Context.Target_Status_History - INFO - load - TargetStatusHistory loaded from /tmp/tmpgzh33h7n.json (2 missions).
2026-08-17 11:10:52,630 - Code.Dynamic_War_Manager.Source.Context.Target_Status_History - DEBUG - add_block_snapshot - Snapshot added: mission=M001 region=North block=B001
2026-08-17 11:10:52,630 - Code.Dynamic_War_Manager.Source.Context.Target_Status_History - DEBUG - add_block_snapshot - Snapshot added: mission=M002 region=North block=B001
2026-08-17 11:10:52,631 - Code.Dynamic_War_Manager.Source.Context.Target_Status_History - DEBUG - add_block_snapshot - Snapshot added: mission=M001 region=North block=B001
2026-08-17 11:10:52,631 - Code.Dynamic_War_Manager.Source.Context.Target_Status_History - DEBUG - add_block_snapshot - Snapshot added: mission=M001 region=North block=B001
2026-08-17 11:10:52,631 - Code.Dynamic_War_Manager.Source.Context.Target_Status_History - INFO - save - TargetStatusHistory saved to /tmp/tmpyr6wodl4.json (1 missions).
2026-08-21 10:42:14,514 - Code.Dynamic_War_Manager.Source.Context.Target_Status_History - DEBUG - add_block_snapshot - Snapshot added: mission=M001 region=North block=B001
2026-08-21 10:42:14,514 - Code.Dynamic_War_Manager.Source.Context.Target_Status_History - DEBUG - add_block_snapshot - Snapshot added: mission=M001 region=North block=B001
2026-08-21 10:42:14,514 - Code.Dynamic_War_Manager.Source.Context.Target_Status_History - DEBUG - add_block_snapshot - Snapshot added: mission=M001 region=North block=B001
2026-08-21 10:42:14,515 - Code.Dynamic_War_Manager.Source.Context.Target_Status_History - DEBUG - add_block_snapshot - Snapshot added: mission=M001 region=North block=B001
2026-08-21 10:42:14,515 - Code.Dynamic_War_Manager.Source.Context.Target_Status_History - DEBUG - add_block_snapshot - Snapshot added: mission=M001 region=North block=B001
2026-08-21 10:42:14,516 - Code.Dynamic_War_Manager.Source.Context.Target_Status_History - DEBUG - add_block_snapshot - Snapshot added: mission=M001 region=North block=B001
2026-08-21 10:42:14,516 - Code.Dynamic_War_Manager.Source.Context.Target_Status_History - DEBUG - add_block_snapshot - Snapshot added: mission=M001 region=South block=B002
2026-08-21 10:42:14,516 - Code.Dynamic_War_Manager.Source.Context.Target_Status_History - DEBUG - add_block_snapshot - Snapshot added: mission=M001 region=North block=B001
2026-08-21 10:42:14,516 - Code.Dynamic_War_Manager.Source.Context.Target_Status_History - DEBUG - add_block_snapshot - Snapshot added: mission=M001 region=North block=B001
2026-08-21 10:42:14,516 - Code.Dynamic_War_Manager.Source.Context.Target_Status_History - DEBUG - add_block_snapshot - Snapshot added: mission=M001 region=North block=B002
2026-08-21 10:42:14,516 - Code.Dynamic_War_Manager.Source.Context.Target_Status_History - DEBUG - add_block_snapshot - Snapshot added: mission=M001 region=North block=B001
2026-08-21 10:42:14,516 - Code.Dynamic_War_Manager.Source.Context.Target_Status_History - DEBUG - add_block_snapshot - Snapshot added: mission=M001 region=North block=B001
2026-08-21 10:42:14,516 - Code.Dynamic_War_Manager.Source.Context.Target_Status_History - DEBUG - add_block_snapshot - Snapshot added: mission=M001 region=North block=B001
2026-08-21 10:42:14,517 - Code.Dynamic_War_Manager.Source.Context.Target_Status_History - DEBUG - add_block_snapshot - Snapshot added: mission=M002 region=North block=B002
2026-08-21 10:42:14,517 - Code.Dynamic_War_Manager.Source.Context.Target_Status_History - DEBUG - add_block_snapshot - Snapshot added: mission=M002 region=North block=B001
2026-08-21 10:42:14,517 - Code.Dynamic_War_Manager.Source.Context.Target_Status_History - DEBUG - add_block_snapshot - Snapshot added: mission=M001 region=North block=B001
2026-08-21 10:42:14,517 - Code.Dynamic_War_Manager.Source.Context.Target_Status_History - DEBUG - add_block_snapshot - Snapshot added: mission=M001 region=North block=B001
2026-08-21 10:42:14,517 - Code.Dynamic_War_Manager.Source.Context.Target_Status_History - DEBUG - add_block_snapshot - Snapshot added: mission=M001 region=North block=B001
2026-08-21 10:42:14,517 - Code.Dynamic_War_Manager.Source.Context.Target_Status_History - DEBUG - add_block_snapshot - Snapshot added: mission=M001 region=North block=B001
2026-08-21 10:42:14,517 - Code.Dynamic_War_Manager.Source.Context.Target_Status_History - DEBUG - add_block_snapshot - Snapshot added: mission=M001 region=North block=B001
2026-08-21 10:42:14,517 - Code.Dynamic_War_Manager.Source.Context.Target_Status_History - DEBUG - add_block_snapshot - Snapshot added: mission=M002 region=North block=B001
2026-08-21 10:42:14,518 - Code.Dynamic_War_Manager.Source.Context.Target_Status_History - DEBUG - add_block_snapshot - Snapshot added: mission=M001 region=North block=B001
2026-08-21 10:42:14,518 - Code.Dynamic_War_Manager.Source.Context.Target_Status_History - DEBUG - add_block_snapshot - Snapshot added: mission=M002 region=North block=B001
2026-08-21 10:42:14,518 - Code.Dynamic_War_Manager.Source.Context.Target_Status_History - DEBUG - add_block_snapshot - Snapshot added: mission=M001 region=North block=B001
2026-08-21 10:42:14,518 - Code.Dynamic_War_Manager.Source.Context.Target_Status_History - DEBUG - add_block_snapshot - Snapshot added: mission=M001 region=North block=B001
2026-08-21 10:42:14,518 - Code.Dynamic_War_Manager.Source.Context.Target_Status_History - DEBUG - add_block_snapshot - Snapshot added: mission=M001 region=North block=B001
2026-08-21 10:42:14,518 - Code.Dynamic_War_Manager.Source.Context.Target_Status_History - DEBUG - add_block_snapshot - Snapshot added: mission=M001 region=North block=B001
2026-08-21 10:42:14,518 - Code.Dynamic_War_Manager.Source.Context.Target_Status_History - DEBUG - add_block_snapshot - Snapshot added: mission=M001 region=North block=B001
2026-08-21 10:42:14,518 - Code.Dynamic_War_Manager.Source.Context.Target_Status_History - DEBUG - add_block_snapshot - Snapshot added: mission=M002 region=North block=B001
2026-08-21 10:42:14,519 - Code.Dynamic_War_Manager.Source.Context.Target_Status_History - DEBUG - add_block_snapshot - Snapshot added: mission=M001 region=North block=B001
2026-08-21 10:42:14,519 - Code.Dynamic_War_Manager.Source.Context.Target_Status_History - DEBUG - add_block_snapshot - Snapshot added: mission=M002 region=South block=B002
2026-08-21 10:42:14,519 - Code.Dynamic_War_Manager.Source.Context.Target_Status_History - INFO - save - TargetStatusHistory saved to /tmp/tmp5pnya6f_.json (2 missions).
2026-08-21 10:42:14,519 - Code.Dynamic_War_Manager.Source.Context.Target_Status_History - INFO - load - TargetStatusHistory loaded from /tmp/tmp5pnya6f_.json (2 missions).
2026-08-21 10:42:14,519 - Code.Dynamic_War_Manager.Source.Context.Target_Status_History - DEBUG - add_block_snapshot - Snapshot added: mission=M001 region=North block=B001
2026-08-21 10:42:14,519 - Code.Dynamic_War_Manager.Source.Context.Target_Status_History - DEBUG - add_block_snapshot - Snapshot added: mission=M002 region=North block=B001
2026-08-21 10:42:14,520 - Code.Dynamic_War_Manager.Source.Context.Target_Status_History - DEBUG - add_block_snapshot - Snapshot added: mission=M001 region=North block=B001
2026-08-21 10:42:14,520 - Code.Dynamic_War_Manager.Source.Context.Target_Status_History - DEBUG - add_block_snapshot - Snapshot added: mission=M001 region=North block=B001
2026-08-21 10:42:14,520 - Code.Dynamic_War_Manager.Source.Context.Target_Status_History - INFO - save - TargetStatusHistory saved to /tmp/tmpo5g8qz8n.json (1 missions).
2026-08-21 11:53:12,639 - Code.Dynamic_War_Manager.Source.Context.Target_Status_History - DEBUG - add_block_snapshot - Snapshot added: mission=M001 region=North block=B001
2026-08-21 11:53:12,639 - Code.Dynamic_War_Manager.Source.Context.Target_Status_History - DEBUG - add_block_snapshot - Snapshot added: mission=M001 region=North block=B001
2026-08-21 11:53:12,639 - Code.Dynamic_War_Manager.Source.Context.Target_Status_History - DEBUG - add_block_snapshot - Snapshot added: mission=M001 region=North block=B001
2026-08-21 11:53:12,640 - Code.Dynamic_War_Manager.Source.Context.Target_Status_History - DEBUG - add_block_snapshot - Snapshot added: mission=M001 region=North block=B001
2026-08-21 11:53:12,640 - Code.Dynamic_War_Manager.Source.Context.Target_Status_History - DEBUG - add_block_snapshot - Snapshot added: mission=M001 region=North block=B001
2026-08-21 11:53:12,640 - Code.Dynamic_War_Manager.Source.Context.Target_Status_History - DEBUG - add_block_snapshot - Snapshot added: mission=M001 region=North block=B001
2026-08-21 11:53:12,640 - Code.Dynamic_War_Manager.Source.Context.Target_Status_History - DEBUG - add_block_snapshot - Snapshot added: mission=M001 region=South block=B002
2026-08-21 11:53:12,640 - Code.Dynamic_War_Manager.Source.Context.Target_Status_History - DEBUG - add_block_snapshot - Snapshot added: mission=M001 region=North block=B001
2026-08-21 11:53:12,640 - Code.Dynamic_War_Manager.Source.Context.Target_Status_History - DEBUG - add_block_snapshot - Snapshot added: mission=M001 region=North block=B001
2026-08-21 11:53:12,640 - Code.Dynamic_War_Manager.Source.Context.Target_Status_History - DEBUG - add_block_snapshot - Snapshot added: mission=M001 region=North block=B002
2026-08-21 11:53:12,641 - Code.Dynamic_War_Manager.Source.Context.Target_Status_History - DEBUG - add_block_snapshot - Snapshot added: mission=M001 region=North block=B001
2026-08-21 11:53:12,641 - Code.Dynamic_War_Manager.Source.Context.Target_Status_History - DEBUG - add_block_snapshot - Snapshot added: mission=M001 region=North block=B001
2026-08-21 11:53:12,641 - Code.Dynamic_War_Manager.Source.Context.Target_Status_History - DEBUG - add_block_snapshot - Snapshot added: mission=M001 region=North block=B001
2026-08-21 11:53:12,641 - Code.Dynamic_War_Manager.Source.Context.Target_Status_History - DEBUG - add_block_snapshot - Snapshot added: mission=M002 region=North block=B002
2026-08-21 11:53:12,641 - Code.Dynamic_War_Manager.Source.Context.Target_Status_History - DEBUG - add_block_snapshot - Snapshot added: mission=M002 region=North block=B001
2026-08-21 11:53:12,641 - Code.Dynamic_War_Manager.Source.Context.Target_Status_History - DEBUG - add_block_snapshot - Snapshot added: mission=M001 region=North block=B001
2026-08-21 11:53:12,641 - Code.Dynamic_War_Manager.Source.Context.Target_Status_History - DEBUG - add_block_snapshot - Snapshot added: mission=M001 region=North block=B001
2026-08-21 11:53:12,641 - Code.Dynamic_War_Manager.Source.Context.Target_Status_History - DEBUG - add_block_snapshot - Snapshot added: mission=M001 region=North block=B001
2026-08-21 11:53:12,642 - Code.Dynamic_War_Manager.Source.Context.Target_Status_History - DEBUG - add_block_snapshot - Snapshot added: mission=M001 region=North block=B001
2026-08-21 11:53:12,642 - Code.Dynamic_War_Manager.Source.Context.Target_Status_History - DEBUG - add_block_snapshot - Snapshot added: mission=M001 region=North block=B001
2026-08-21 11:53:12,642 - Code.Dynamic_War_Manager.Source.Context.Target_Status_History - DEBUG - add_block_snapshot - Snapshot added: mission=M002 region=North block=B001
2026-08-21 11:53:12,642 - Code.Dynamic_War_Manager.Source.Context.Target_Status_History - DEBUG - add_block_snapshot - Snapshot added: mission=M001 region=North block=B001
2026-08-21 11:53:12,642 - Code.Dynamic_War_Manager.Source.Context.Target_Status_History - DEBUG - add_block_snapshot - Snapshot added: mission=M002 region=North block=B001
2026-08-21 11:53:12,642 - Code.Dynamic_War_Manager.Source.Context.Target_Status_History - DEBUG - add_block_snapshot - Snapshot added: mission=M001 region=North block=B001
2026-08-21 11:53:12,642 - Code.Dynamic_War_Manager.Source.Context.Target_Status_History - DEBUG - add_block_snapshot - Snapshot added: mission=M001 region=North block=B001
2026-08-21 11:53:12,643 - Code.Dynamic_War_Manager.Source.Context.Target_Status_History - DEBUG - add_block_snapshot - Snapshot added: mission=M001 region=North block=B001
2026-08-21 11:53:12,643 - Code.Dynamic_War_Manager.Source.Context.Target_Status_History - DEBUG - add_block_snapshot - Snapshot added: mission=M001 region=North block=B001
2026-08-21 11:53:12,643 - Code.Dynamic_War_Manager.Source.Context.Target_Status_History - DEBUG - add_block_snapshot - Snapshot added: mission=M001 region=North block=B001
2026-08-21 11:53:12,643 - Code.Dynamic_War_Manager.Source.Context.Target_Status_History - DEBUG - add_block_snapshot - Snapshot added: mission=M002 region=North block=B001
2026-08-21 11:53:12,643 - Code.Dynamic_War_Manager.Source.Context.Target_Status_History - DEBUG - add_block_snapshot - Snapshot added: mission=M001 region=North block=B001
2026-08-21 11:53:12,643 - Code.Dynamic_War_Manager.Source.Context.Target_Status_History - DEBUG - add_block_snapshot - Snapshot added: mission=M002 region=South block=B002
2026-08-21 11:53:12,644 - Code.Dynamic_War_Manager.Source.Context.Target_Status_History - INFO - save - TargetStatusHistory saved to /tmp/tmpev8t72qw.json (2 missions).
2026-08-21 11:53:12,644 - Code.Dynamic_War_Manager.Source.Context.Target_Status_History - INFO - load - TargetStatusHistory loaded from /tmp/tmpev8t72qw.json (2 missions).
2026-08-21 11:53:12,644 - Code.Dynamic_War_Manager.Source.Context.Target_Status_History - DEBUG - add_block_snapshot - Snapshot added: mission=M001 region=North block=B001
2026-08-21 11:53:12,644 - Code.Dynamic_War_Manager.Source.Context.Target_Status_History - DEBUG - add_block_snapshot - Snapshot added: mission=M002 region=North block=B001
2026-08-21 11:53:12,644 - Code.Dynamic_War_Manager.Source.Context.Target_Status_History - DEBUG - add_block_snapshot - Snapshot added: mission=M001 region=North block=B001
2026-08-21 11:53:12,644 - Code.Dynamic_War_Manager.Source.Context.Target_Status_History - DEBUG - add_block_snapshot - Snapshot added: mission=M001 region=North block=B001
2026-08-21 11:53:12,644 - Code.Dynamic_War_Manager.Source.Context.Target_Status_History - INFO - save - TargetStatusHistory saved to /tmp/tmpf3qk12rf.json (1 missions).
2026-08-21 14:29:57,388 - Code.Dynamic_War_Manager.Source.Context.Target_Status_History - DEBUG - add_block_snapshot - Snapshot added: mission=M001 region=North block=B001
2026-08-21 14:29:57,388 - Code.Dynamic_War_Manager.Source.Context.Target_Status_History - DEBUG - add_block_snapshot - Snapshot added: mission=M001 region=North block=B001
2026-08-21 14:29:57,389 - Code.Dynamic_War_Manager.Source.Context.Target_Status_History - DEBUG - add_block_snapshot - Snapshot added: mission=M001 region=North block=B001
2026-08-21 14:29:57,389 - Code.Dynamic_War_Manager.Source.Context.Target_Status_History - DEBUG - add_block_snapshot - Snapshot added: mission=M001 region=North block=B001
2026-08-21 14:29:57,389 - Code.Dynamic_War_Manager.Source.Context.Target_Status_History - DEBUG - add_block_snapshot - Snapshot added: mission=M001 region=North block=B001
2026-08-21 14:29:57,389 - Code.Dynamic_War_Manager.Source.Context.Target_Status_History - DEBUG - add_block_snapshot - Snapshot added: mission=M001 region=North block=B001
2026-08-21 14:29:57,389 - Code.Dynamic_War_Manager.Source.Context.Target_Status_History - DEBUG - add_block_snapshot - Snapshot added: mission=M001 region=South block=B002
2026-08-21 14:29:57,389 - Code.Dynamic_War_Manager.Source.Context.Target_Status_History - DEBUG - add_block_snapshot - Snapshot added: mission=M001 region=North block=B001
2026-08-21 14:29:57,390 - Code.Dynamic_War_Manager.Source.Context.Target_Status_History - DEBUG - add_block_snapshot - Snapshot added: mission=M001 region=North block=B001
2026-08-21 14:29:57,390 - Code.Dynamic_War_Manager.Source.Context.Target_Status_History - DEBUG - add_block_snapshot - Snapshot added: mission=M001 region=North block=B002
2026-08-21 14:29:57,390 - Code.Dynamic_War_Manager.Source.Context.Target_Status_History - DEBUG - add_block_snapshot - Snapshot added: mission=M001 region=North block=B001
2026-08-21 14:29:57,390 - Code.Dynamic_War_Manager.Source.Context.Target_Status_History - DEBUG - add_block_snapshot - Snapshot added: mission=M001 region=North block=B001
2026-08-21 14:29:57,390 - Code.Dynamic_War_Manager.Source.Context.Target_Status_History - DEBUG - add_block_snapshot - Snapshot added: mission=M001 region=North block=B001
2026-08-21 14:29:57,390 - Code.Dynamic_War_Manager.Source.Context.Target_Status_History - DEBUG - add_block_snapshot - Snapshot added: mission=M002 region=North block=B002
2026-08-21 14:29:57,390 - Code.Dynamic_War_Manager.Source.Context.Target_Status_History - DEBUG - add_block_snapshot - Snapshot added: mission=M002 region=North block=B001
2026-08-21 14:29:57,390 - Code.Dynamic_War_Manager.Source.Context.Target_Status_History - DEBUG - add_block_snapshot - Snapshot added: mission=M001 region=North block=B001
2026-08-21 14:29:57,391 - Code.Dynamic_War_Manager.Source.Context.Target_Status_History - DEBUG - add_block_snapshot - Snapshot added: mission=M001 region=North block=B001
2026-08-21 14:29:57,391 - Code.Dynamic_War_Manager.Source.Context.Target_Status_History - DEBUG - add_block_snapshot - Snapshot added: mission=M001 region=North block=B001
2026-08-21 14:29:57,391 - Code.Dynamic_War_Manager.Source.Context.Target_Status_History - DEBUG - add_block_snapshot - Snapshot added: mission=M001 region=North block=B001
2026-08-21 14:29:57,391 - Code.Dynamic_War_Manager.Source.Context.Target_Status_History - DEBUG - add_block_snapshot - Snapshot added: mission=M001 region=North block=B001
2026-08-21 14:29:57,391 - Code.Dynamic_War_Manager.Source.Context.Target_Status_History - DEBUG - add_block_snapshot - Snapshot added: mission=M002 region=North block=B001
2026-08-21 14:29:57,391 - Code.Dynamic_War_Manager.Source.Context.Target_Status_History - DEBUG - add_block_snapshot - Snapshot added: mission=M001 region=North block=B001
2026-08-21 14:29:57,391 - Code.Dynamic_War_Manager.Source.Context.Target_Status_History - DEBUG - add_block_snapshot - Snapshot added: mission=M002 region=North block=B001
2026-08-21 14:29:57,391 - Code.Dynamic_War_Manager.Source.Context.Target_Status_History - DEBUG - add_block_snapshot - Snapshot added: mission=M001 region=North block=B001
2026-08-21 14:29:57,392 - Code.Dynamic_War_Manager.Source.Context.Target_Status_History - DEBUG - add_block_snapshot - Snapshot added: mission=M001 region=North block=B001
2026-08-21 14:29:57,392 - Code.Dynamic_War_Manager.Source.Context.Target_Status_History - DEBUG - add_block_snapshot - Snapshot added: mission=M001 region=North block=B001
2026-08-21 14:29:57,392 - Code.Dynamic_War_Manager.Source.Context.Target_Status_History - DEBUG - add_block_snapshot - Snapshot added: mission=M001 region=North block=B001
2026-08-21 14:29:57,392 - Code.Dynamic_War_Manager.Source.Context.Target_Status_History - DEBUG - add_block_snapshot - Snapshot added: mission=M001 region=North block=B001
2026-08-21 14:29:57,392 - Code.Dynamic_War_Manager.Source.Context.Target_Status_History - DEBUG - add_block_snapshot - Snapshot added: mission=M002 region=North block=B001
2026-08-21 14:29:57,392 - Code.Dynamic_War_Manager.Source.Context.Target_Status_History - DEBUG - add_block_snapshot - Snapshot added: mission=M001 region=North block=B001
2026-08-21 14:29:57,392 - Code.Dynamic_War_Manager.Source.Context.Target_Status_History - DEBUG - add_block_snapshot - Snapshot added: mission=M002 region=South block=B002
2026-08-21 14:29:57,393 - Code.Dynamic_War_Manager.Source.Context.Target_Status_History - INFO - save - TargetStatusHistory saved to /tmp/tmptoot8we7.json (2 missions).
2026-08-21 14:29:57,393 - Code.Dynamic_War_Manager.Source.Context.Target_Status_History - INFO - load - TargetStatusHistory loaded from /tmp/tmptoot8we7.json (2 missions).
2026-08-21 14:29:57,393 - Code.Dynamic_War_Manager.Source.Context.Target_Status_History - DEBUG - add_block_snapshot - Snapshot added: mission=M001 region=North block=B001
2026-08-21 14:29:57,393 - Code.Dynamic_War_Manager.Source.Context.Target_Status_History - DEBUG - add_block_snapshot - Snapshot added: mission=M002 region=North block=B001
2026-08-21 14:29:57,393 - Code.Dynamic_War_Manager.Source.Context.Target_Status_History - DEBUG - add_block_snapshot - Snapshot added: mission=M001 region=North block=B001
2026-08-21 14:29:57,393 - Code.Dynamic_War_Manager.Source.Context.Target_Status_History - DEBUG - add_block_snapshot - Snapshot added: mission=M001 region=North block=B001
2026-08-21 14:29:57,394 - Code.Dynamic_War_Manager.Source.Context.Target_Status_History - INFO - save - TargetStatusHistory saved to /tmp/tmpf6cn7jz5.json (1 missions).
2026-08-21 14:31:44,638 - Code.Dynamic_War_Manager.Source.Context.Target_Status_History - DEBUG - add_block_snapshot - Snapshot added: mission=M001 region=North block=B001
2026-08-21 14:31:44,638 - Code.Dynamic_War_Manager.Source.Context.Target_Status_History - DEBUG - add_block_snapshot - Snapshot added: mission=M001 region=North block=B001
2026-08-21 14:31:44,638 - Code.Dynamic_War_Manager.Source.Context.Target_Status_History - DEBUG - add_block_snapshot - Snapshot added: mission=M001 region=North block=B001
2026-08-21 14:31:44,639 - Code.Dynamic_War_Manager.Source.Context.Target_Status_History - DEBUG - add_block_snapshot - Snapshot added: mission=M001 region=North block=B001
2026-08-21 14:31:44,639 - Code.Dynamic_War_Manager.Source.Context.Target_Status_History - DEBUG - add_block_snapshot - Snapshot added: mission=M001 region=North block=B001
2026-08-21 14:31:44,639 - Code.Dynamic_War_Manager.Source.Context.Target_Status_History - DEBUG - add_block_snapshot - Snapshot added: mission=M001 region=North block=B001
2026-08-21 14:31:44,639 - Code.Dynamic_War_Manager.Source.Context.Target_Status_History - DEBUG - add_block_snapshot - Snapshot added: mission=M001 region=South block=B002
2026-08-21 14:31:44,639 - Code.Dynamic_War_Manager.Source.Context.Target_Status_History - DEBUG - add_block_snapshot - Snapshot added: mission=M001 region=North block=B001
2026-08-21 14:31:44,639 - Code.Dynamic_War_Manager.Source.Context.Target_Status_History - DEBUG - add_block_snapshot - Snapshot added: mission=M001 region=North block=B001
2026-08-21 14:31:44,639 - Code.Dynamic_War_Manager.Source.Context.Target_Status_History - DEBUG - add_block_snapshot - Snapshot added: mission=M001 region=North block=B002
2026-08-21 14:31:44,639 - Code.Dynamic_War_Manager.Source.Context.Target_Status_History - DEBUG - add_block_snapshot - Snapshot added: mission=M001 region=North block=B001
2026-08-21 14:31:44,640 - Code.Dynamic_War_Manager.Source.Context.Target_Status_History - DEBUG - add_block_snapshot - Snapshot added: mission=M001 region=North block=B001
2026-08-21 14:31:44,640 - Code.Dynamic_War_Manager.Source.Context.Target_Status_History - DEBUG - add_block_snapshot - Snapshot added: mission=M001 region=North block=B001
2026-08-21 14:31:44,640 - Code.Dynamic_War_Manager.Source.Context.Target_Status_History - DEBUG - add_block_snapshot - Snapshot added: mission=M002 region=North block=B002
2026-08-21 14:31:44,640 - Code.Dynamic_War_Manager.Source.Context.Target_Status_History - DEBUG - add_block_snapshot - Snapshot added: mission=M002 region=North block=B001
2026-08-21 14:31:44,640 - Code.Dynamic_War_Manager.Source.Context.Target_Status_History - DEBUG - add_block_snapshot - Snapshot added: mission=M001 region=North block=B001
2026-08-21 14:31:44,640 - Code.Dynamic_War_Manager.Source.Context.Target_Status_History - DEBUG - add_block_snapshot - Snapshot added: mission=M001 region=North block=B001
2026-08-21 14:31:44,640 - Code.Dynamic_War_Manager.Source.Context.Target_Status_History - DEBUG - add_block_snapshot - Snapshot added: mission=M001 region=North block=B001
2026-08-21 14:31:44,640 - Code.Dynamic_War_Manager.Source.Context.Target_Status_History - DEBUG - add_block_snapshot - Snapshot added: mission=M001 region=North block=B001
2026-08-21 14:31:44,641 - Code.Dynamic_War_Manager.Source.Context.Target_Status_History - DEBUG - add_block_snapshot - Snapshot added: mission=M001 region=North block=B001
2026-08-21 14:31:44,641 - Code.Dynamic_War_Manager.Source.Context.Target_Status_History - DEBUG - add_block_snapshot - Snapshot added: mission=M002 region=North block=B001
2026-08-21 14:31:44,641 - Code.Dynamic_War_Manager.Source.Context.Target_Status_History - DEBUG - add_block_snapshot - Snapshot added: mission=M001 region=North block=B001
2026-08-21 14:31:44,641 - Code.Dynamic_War_Manager.Source.Context.Target_Status_History - DEBUG - add_block_snapshot - Snapshot added: mission=M002 region=North block=B001
2026-08-21 14:31:44,641 - Code.Dynamic_War_Manager.Source.Context.Target_Status_History - DEBUG - add_block_snapshot - Snapshot added: mission=M001 region=North block=B001
2026-08-21 14:31:44,641 - Code.Dynamic_War_Manager.Source.Context.Target_Status_History - DEBUG - add_block_snapshot - Snapshot added: mission=M001 region=North block=B001
2026-08-21 14:31:44,641 - Code.Dynamic_War_Manager.Source.Context.Target_Status_History - DEBUG - add_block_snapshot - Snapshot added: mission=M001 region=North block=B001
2026-08-21 14:31:44,641 - Code.Dynamic_War_Manager.Source.Context.Target_Status_History - DEBUG - add_block_snapshot - Snapshot added: mission=M001 region=North block=B001
2026-08-21 14:31:44,642 - Code.Dynamic_War_Manager.Source.Context.Target_Status_History - DEBUG - add_block_snapshot - Snapshot added: mission=M001 region=North block=B001
2026-08-21 14:31:44,642 - Code.Dynamic_War_Manager.Source.Context.Target_Status_History - DEBUG - add_block_snapshot - Snapshot added: mission=M002 region=North block=B001
2026-08-21 14:31:44,642 - Code.Dynamic_War_Manager.Source.Context.Target_Status_History - DEBUG - add_block_snapshot - Snapshot added: mission=M001 region=North block=B001
2026-08-21 14:31:44,642 - Code.Dynamic_War_Manager.Source.Context.Target_Status_History - DEBUG - add_block_snapshot - Snapshot added: mission=M002 region=South block=B002
2026-08-21 14:31:44,642 - Code.Dynamic_War_Manager.Source.Context.Target_Status_History - INFO - save - TargetStatusHistory saved to /tmp/tmpj4pre6_u.json (2 missions).
2026-08-21 14:31:44,642 - Code.Dynamic_War_Manager.Source.Context.Target_Status_History - INFO - load - TargetStatusHistory loaded from /tmp/tmpj4pre6_u.json (2 missions).
2026-08-21 14:31:44,643 - Code.Dynamic_War_Manager.Source.Context.Target_Status_History - DEBUG - add_block_snapshot - Snapshot added: mission=M001 region=North block=B001
2026-08-21 14:31:44,643 - Code.Dynamic_War_Manager.Source.Context.Target_Status_History - DEBUG - add_block_snapshot - Snapshot added: mission=M002 region=North block=B001
2026-08-21 14:31:44,643 - Code.Dynamic_War_Manager.Source.Context.Target_Status_History - DEBUG - add_block_snapshot - Snapshot added: mission=M001 region=North block=B001
2026-08-21 14:31:44,643 - Code.Dynamic_War_Manager.Source.Context.Target_Status_History - DEBUG - add_block_snapshot - Snapshot added: mission=M001 region=North block=B001
2026-08-21 14:31:44,643 - Code.Dynamic_War_Manager.Source.Context.Target_Status_History - INFO - save - TargetStatusHistory saved to /tmp/tmp6goqram4.json (1 missions).
2026-08-21 15:35:14,935 - Code.Dynamic_War_Manager.Source.Context.Target_Status_History - DEBUG - add_block_snapshot - Snapshot added: mission=M001 region=North block=B001
2026-08-21 15:35:14,935 - Code.Dynamic_War_Manager.Source.Context.Target_Status_History - DEBUG - add_block_snapshot - Snapshot added: mission=M001 region=North block=B001
2026-08-21 15:35:14,935 - Code.Dynamic_War_Manager.Source.Context.Target_Status_History - DEBUG - add_block_snapshot - Snapshot added: mission=M001 region=North block=B001
2026-08-21 15:35:14,936 - Code.Dynamic_War_Manager.Source.Context.Target_Status_History - DEBUG - add_block_snapshot - Snapshot added: mission=M001 region=North block=B001
2026-08-21 15:35:14,936 - Code.Dynamic_War_Manager.Source.Context.Target_Status_History - DEBUG - add_block_snapshot - Snapshot added: mission=M001 region=North block=B001
2026-08-21 15:35:14,936 - Code.Dynamic_War_Manager.Source.Context.Target_Status_History - DEBUG - add_block_snapshot - Snapshot added: mission=M001 region=North block=B001
2026-08-21 15:35:14,936 - Code.Dynamic_War_Manager.Source.Context.Target_Status_History - DEBUG - add_block_snapshot - Snapshot added: mission=M001 region=South block=B002
2026-08-21 15:35:14,936 - Code.Dynamic_War_Manager.Source.Context.Target_Status_History - DEBUG - add_block_snapshot - Snapshot added: mission=M001 region=North block=B001
2026-08-21 15:35:14,936 - Code.Dynamic_War_Manager.Source.Context.Target_Status_History - DEBUG - add_block_snapshot - Snapshot added: mission=M001 region=North block=B001
2026-08-21 15:35:14,936 - Code.Dynamic_War_Manager.Source.Context.Target_Status_History - DEBUG - add_block_snapshot - Snapshot added: mission=M001 region=North block=B002
2026-08-21 15:35:14,936 - Code.Dynamic_War_Manager.Source.Context.Target_Status_History - DEBUG - add_block_snapshot - Snapshot added: mission=M001 region=North block=B001
2026-08-21 15:35:14,937 - Code.Dynamic_War_Manager.Source.Context.Target_Status_History - DEBUG - add_block_snapshot - Snapshot added: mission=M001 region=North block=B001
2026-08-21 15:35:14,937 - Code.Dynamic_War_Manager.Source.Context.Target_Status_History - DEBUG - add_block_snapshot - Snapshot added: mission=M001 region=North block=B001
2026-08-21 15:35:14,937 - Code.Dynamic_War_Manager.Source.Context.Target_Status_History - DEBUG - add_block_snapshot - Snapshot added: mission=M002 region=North block=B002
2026-08-21 15:35:14,937 - Code.Dynamic_War_Manager.Source.Context.Target_Status_History - DEBUG - add_block_snapshot - Snapshot added: mission=M002 region=North block=B001
2026-08-21 15:35:14,937 - Code.Dynamic_War_Manager.Source.Context.Target_Status_History - DEBUG - add_block_snapshot - Snapshot added: mission=M001 region=North block=B001
2026-08-21 15:35:14,937 - Code.Dynamic_War_Manager.Source.Context.Target_Status_History - DEBUG - add_block_snapshot - Snapshot added: mission=M001 region=North block=B001
2026-08-21 15:35:14,937 - Code.Dynamic_War_Manager.Source.Context.Target_Status_History - DEBUG - add_block_snapshot - Snapshot added: mission=M001 region=North block=B001
2026-08-21 15:35:14,938 - Code.Dynamic_War_Manager.Source.Context.Target_Status_History - DEBUG - add_block_snapshot - Snapshot added: mission=M001 region=North block=B001
2026-08-21 15:35:14,938 - Code.Dynamic_War_Manager.Source.Context.Target_Status_History - DEBUG - add_block_snapshot - Snapshot added: mission=M001 region=North block=B001
2026-08-21 15:35:14,938 - Code.Dynamic_War_Manager.Source.Context.Target_Status_History - DEBUG - add_block_snapshot - Snapshot added: mission=M002 region=North block=B001
2026-08-21 15:35:14,938 - Code.Dynamic_War_Manager.Source.Context.Target_Status_History - DEBUG - add_block_snapshot - Snapshot added: mission=M001 region=North block=B001
2026-08-21 15:35:14,938 - Code.Dynamic_War_Manager.Source.Context.Target_Status_History - DEBUG - add_block_snapshot - Snapshot added: mission=M002 region=North block=B001
2026-08-21 15:35:14,938 - Code.Dynamic_War_Manager.Source.Context.Target_Status_History - DEBUG - add_block_snapshot - Snapshot added: mission=M001 region=North block=B001
2026-08-21 15:35:14,938 - Code.Dynamic_War_Manager.Source.Context.Target_Status_History - DEBUG - add_block_snapshot - Snapshot added: mission=M001 region=North block=B001
2026-08-21 15:35:14,939 - Code.Dynamic_War_Manager.Source.Context.Target_Status_History - DEBUG - add_block_snapshot - Snapshot added: mission=M001 region=North block=B001
2026-08-21 15:35:14,939 - Code.Dynamic_War_Manager.Source.Context.Target_Status_History - DEBUG - add_block_snapshot - Snapshot added: mission=M001 region=North block=B001
2026-08-21 15:35:14,939 - Code.Dynamic_War_Manager.Source.Context.Target_Status_History - DEBUG - add_block_snapshot - Snapshot added: mission=M001 region=North block=B001
2026-08-21 15:35:14,939 - Code.Dynamic_War_Manager.Source.Context.Target_Status_History - DEBUG - add_block_snapshot - Snapshot added: mission=M002 region=North block=B001
2026-08-21 15:35:14,939 - Code.Dynamic_War_Manager.Source.Context.Target_Status_History - DEBUG - add_block_snapshot - Snapshot added: mission=M001 region=North block=B001
2026-08-21 15:35:14,939 - Code.Dynamic_War_Manager.Source.Context.Target_Status_History - DEBUG - add_block_snapshot - Snapshot added: mission=M002 region=South block=B002
2026-08-21 15:35:14,939 - Code.Dynamic_War_Manager.Source.Context.Target_Status_History - INFO - save - TargetStatusHistory saved to /tmp/tmprtmjji6s.json (2 missions).
2026-08-21 15:35:14,940 - Code.Dynamic_War_Manager.Source.Context.Target_Status_History - INFO - load - TargetStatusHistory loaded from /tmp/tmprtmjji6s.json (2 missions).
2026-08-21 15:35:14,940 - Code.Dynamic_War_Manager.Source.Context.Target_Status_History - DEBUG - add_block_snapshot - Snapshot added: mission=M001 region=North block=B001
2026-08-21 15:35:14,940 - Code.Dynamic_War_Manager.Source.Context.Target_Status_History - DEBUG - add_block_snapshot - Snapshot added: mission=M002 region=North block=B001
2026-08-21 15:35:14,940 - Code.Dynamic_War_Manager.Source.Context.Target_Status_History - DEBUG - add_block_snapshot - Snapshot added: mission=M001 region=North block=B001
2026-08-21 15:35:14,940 - Code.Dynamic_War_Manager.Source.Context.Target_Status_History - DEBUG - add_block_snapshot - Snapshot added: mission=M001 region=North block=B001
2026-08-21 15:35:14,940 - Code.Dynamic_War_Manager.Source.Context.Target_Status_History - INFO - save - TargetStatusHistory saved to /tmp/tmpg6qdlhcw.json (1 missions).
2026-08-21 15:46:00,988 - Code.Dynamic_War_Manager.Source.Context.Target_Status_History - DEBUG - add_block_snapshot - Snapshot added: mission=M001 region=North block=B001
2026-08-21 15:46:00,988 - Code.Dynamic_War_Manager.Source.Context.Target_Status_History - DEBUG - add_block_snapshot - Snapshot added: mission=M001 region=North block=B001
2026-08-21 15:46:00,988 - Code.Dynamic_War_Manager.Source.Context.Target_Status_History - DEBUG - add_block_snapshot - Snapshot added: mission=M001 region=North block=B001
2026-08-21 15:46:00,988 - Code.Dynamic_War_Manager.Source.Context.Target_Status_History - DEBUG - add_block_snapshot - Snapshot added: mission=M001 region=North block=B001
2026-08-21 15:46:00,988 - Code.Dynamic_War_Manager.Source.Context.Target_Status_History - DEBUG - add_block_snapshot - Snapshot added: mission=M001 region=North block=B001
2026-08-21 15:46:00,989 - Code.Dynamic_War_Manager.Source.Context.Target_Status_History - DEBUG - add_block_snapshot - Snapshot added: mission=M001 region=North block=B001
2026-08-21 15:46:00,989 - Code.Dynamic_War_Manager.Source.Context.Target_Status_History - DEBUG - add_block_snapshot - Snapshot added: mission=M001 region=South block=B002
2026-08-21 15:46:00,989 - Code.Dynamic_War_Manager.Source.Context.Target_Status_History - DEBUG - add_block_snapshot - Snapshot added: mission=M001 region=North block=B001
2026-08-21 15:46:00,989 - Code.Dynamic_War_Manager.Source.Context.Target_Status_History - DEBUG - add_block_snapshot - Snapshot added: mission=M001 region=North block=B001
2026-08-21 15:46:00,989 - Code.Dynamic_War_Manager.Source.Context.Target_Status_History - DEBUG - add_block_snapshot - Snapshot added: mission=M001 region=North block=B002
2026-08-21 15:46:00,989 - Code.Dynamic_War_Manager.Source.Context.Target_Status_History - DEBUG - add_block_snapshot - Snapshot added: mission=M001 region=North block=B001
2026-08-21 15:46:00,989 - Code.Dynamic_War_Manager.Source.Context.Target_Status_History - DEBUG - add_block_snapshot - Snapshot added: mission=M001 region=North block=B001
2026-08-21 15:46:00,989 - Code.Dynamic_War_Manager.Source.Context.Target_Status_History - DEBUG - add_block_snapshot - Snapshot added: mission=M001 region=North block=B001
2026-08-21 15:46:00,990 - Code.Dynamic_War_Manager.Source.Context.Target_Status_History - DEBUG - add_block_snapshot - Snapshot added: mission=M002 region=North block=B002
2026-08-21 15:46:00,990 - Code.Dynamic_War_Manager.Source.Context.Target_Status_History - DEBUG - add_block_snapshot - Snapshot added: mission=M002 region=North block=B001
2026-08-21 15:46:00,990 - Code.Dynamic_War_Manager.Source.Context.Target_Status_History - DEBUG - add_block_snapshot - Snapshot added: mission=M001 region=North block=B001
2026-08-21 15:46:00,990 - Code.Dynamic_War_Manager.Source.Context.Target_Status_History - DEBUG - add_block_snapshot - Snapshot added: mission=M001 region=North block=B001
2026-08-21 15:46:00,990 - Code.Dynamic_War_Manager.Source.Context.Target_Status_History - DEBUG - add_block_snapshot - Snapshot added: mission=M001 region=North block=B001
2026-08-21 15:46:00,990 - Code.Dynamic_War_Manager.Source.Context.Target_Status_History - DEBUG - add_block_snapshot - Snapshot added: mission=M001 region=North block=B001
2026-08-21 15:46:00,990 - Code.Dynamic_War_Manager.Source.Context.Target_Status_History - DEBUG - add_block_snapshot - Snapshot added: mission=M001 region=North block=B001
2026-08-21 15:46:00,990 - Code.Dynamic_War_Manager.Source.Context.Target_Status_History - DEBUG - add_block_snapshot - Snapshot added: mission=M002 region=North block=B001
2026-08-21 15:46:00,990 - Code.Dynamic_War_Manager.Source.Context.Target_Status_History - DEBUG - add_block_snapshot - Snapshot added: mission=M001 region=North block=B001
2026-08-21 15:46:00,991 - Code.Dynamic_War_Manager.Source.Context.Target_Status_History - DEBUG - add_block_snapshot - Snapshot added: mission=M002 region=North block=B001
2026-08-21 15:46:00,991 - Code.Dynamic_War_Manager.Source.Context.Target_Status_History - DEBUG - add_block_snapshot - Snapshot added: mission=M001 region=North block=B001
2026-08-21 15:46:00,991 - Code.Dynamic_War_Manager.Source.Context.Target_Status_History - DEBUG - add_block_snapshot - Snapshot added: mission=M001 region=North block=B001
2026-08-21 15:46:00,991 - Code.Dynamic_War_Manager.Source.Context.Target_Status_History - DEBUG - add_block_snapshot - Snapshot added: mission=M001 region=North block=B001
2026-08-21 15:46:00,991 - Code.Dynamic_War_Manager.Source.Context.Target_Status_History - DEBUG - add_block_snapshot - Snapshot added: mission=M001 region=North block=B001
2026-08-21 15:46:00,991 - Code.Dynamic_War_Manager.Source.Context.Target_Status_History - DEBUG - add_block_snapshot - Snapshot added: mission=M001 region=North block=B001
2026-08-21 15:46:00,991 - Code.Dynamic_War_Manager.Source.Context.Target_Status_History - DEBUG - add_block_snapshot - Snapshot added: mission=M002 region=North block=B001
2026-08-21 15:46:00,991 - Code.Dynamic_War_Manager.Source.Context.Target_Status_History - DEBUG - add_block_snapshot - Snapshot added: mission=M001 region=North block=B001
2026-08-21 15:46:00,992 - Code.Dynamic_War_Manager.Source.Context.Target_Status_History - DEBUG - add_block_snapshot - Snapshot added: mission=M002 region=South block=B002
2026-08-21 15:46:00,992 - Code.Dynamic_War_Manager.Source.Context.Target_Status_History - INFO - save - TargetStatusHistory saved to /tmp/tmp5g081ig9.json (2 missions).
2026-08-21 15:46:00,992 - Code.Dynamic_War_Manager.Source.Context.Target_Status_History - INFO - load - TargetStatusHistory loaded from /tmp/tmp5g081ig9.json (2 missions).
2026-08-21 15:46:00,992 - Code.Dynamic_War_Manager.Source.Context.Target_Status_History - DEBUG - add_block_snapshot - Snapshot added: mission=M001 region=North block=B001
2026-08-21 15:46:00,992 - Code.Dynamic_War_Manager.Source.Context.Target_Status_History - DEBUG - add_block_snapshot - Snapshot added: mission=M002 region=North block=B001
2026-08-21 15:46:00,992 - Code.Dynamic_War_Manager.Source.Context.Target_Status_History - DEBUG - add_block_snapshot - Snapshot added: mission=M001 region=North block=B001
2026-08-21 15:46:00,993 - Code.Dynamic_War_Manager.Source.Context.Target_Status_History - DEBUG - add_block_snapshot - Snapshot added: mission=M001 region=North block=B001
2026-08-21 15:46:00,993 - Code.Dynamic_War_Manager.Source.Context.Target_Status_History - INFO - save - TargetStatusHistory saved to /tmp/tmpqtisduf_.json (1 missions).
2026-08-26 19:10:11,844 - Code.Dynamic_War_Manager.Source.Context.Target_Status_History - DEBUG - add_block_snapshot - Snapshot added: mission=M001 region=North block=B001
2026-08-26 19:10:11,846 - Code.Dynamic_War_Manager.Source.Context.Target_Status_History - DEBUG - add_block_snapshot - Snapshot added: mission=M001 region=North block=B001
2026-08-26 19:10:11,846 - Code.Dynamic_War_Manager.Source.Context.Target_Status_History - DEBUG - add_block_snapshot - Snapshot added: mission=M001 region=North block=B001
2026-08-26 19:10:11,846 - Code.Dynamic_War_Manager.Source.Context.Target_Status_History - DEBUG - add_block_snapshot - Snapshot added: mission=M001 region=North block=B001
2026-08-26 19:10:11,846 - Code.Dynamic_War_Manager.Source.Context.Target_Status_History - DEBUG - add_block_snapshot - Snapshot added: mission=M001 region=North block=B001
2026-08-26 19:10:11,847 - Code.Dynamic_War_Manager.Source.Context.Target_Status_History - DEBUG - add_block_snapshot - Snapshot added: mission=M001 region=North block=B001
2026-08-26 19:10:11,847 - Code.Dynamic_War_Manager.Source.Context.Target_Status_History - DEBUG - add_block_snapshot - Snapshot added: mission=M001 region=South block=B002
2026-08-26 19:10:11,847 - Code.Dynamic_War_Manager.Source.Context.Target_Status_History - DEBUG - add_block_snapshot - Snapshot added: mission=M001 region=North block=B001
2026-08-26 19:10:11,847 - Code.Dynamic_War_Manager.Source.Context.Target_Status_History - DEBUG - add_block_snapshot - Snapshot added: mission=M001 region=North block=B001
2026-08-26 19:10:11,847 - Code.Dynamic_War_Manager.Source.Context.Target_Status_History - DEBUG - add_block_snapshot - Snapshot added: mission=M001 region=North block=B002
2026-08-26 19:10:11,847 - Code.Dynamic_War_Manager.Source.Context.Target_Status_History - DEBUG - add_block_snapshot - Snapshot added: mission=M001 region=North block=B001
2026-08-26 19:10:11,848 - Code.Dynamic_War_Manager.Source.Context.Target_Status_History - DEBUG - add_block_snapshot - Snapshot added: mission=M001 region=North block=B001
2026-08-26 19:10:11,848 - Code.Dynamic_War_Manager.Source.Context.Target_Status_History - DEBUG - add_block_snapshot - Snapshot added: mission=M001 region=North block=B001
2026-08-26 19:10:11,848 - Code.Dynamic_War_Manager.Source.Context.Target_Status_History - DEBUG - add_block_snapshot - Snapshot added: mission=M002 region=North block=B002
2026-08-26 19:10:11,848 - Code.Dynamic_War_Manager.Source.Context.Target_Status_History - DEBUG - add_block_snapshot - Snapshot added: mission=M002 region=North block=B001
2026-08-26 19:10:11,848 - Code.Dynamic_War_Manager.Source.Context.Target_Status_History - DEBUG - add_block_snapshot - Snapshot added: mission=M001 region=North block=B001
2026-08-26 19:10:11,848 - Code.Dynamic_War_Manager.Source.Context.Target_Status_History - DEBUG - add_block_snapshot - Snapshot added: mission=M001 region=North block=B001
2026-08-26 19:10:11,848 - Code.Dynamic_War_Manager.Source.Context.Target_Status_History - DEBUG - add_block_snapshot - Snapshot added: mission=M001 region=North block=B001
2026-08-26 19:10:11,848 - Code.Dynamic_War_Manager.Source.Context.Target_Status_History - DEBUG - add_block_snapshot - Snapshot added: mission=M001 region=North block=B001
2026-08-26 19:10:11,848 - Code.Dynamic_War_Manager.Source.Context.Target_Status_History - DEBUG - add_block_snapshot - Snapshot added: mission=M001 region=North block=B001
2026-08-26 19:10:11,849 - Code.Dynamic_War_Manager.Source.Context.Target_Status_History - DEBUG - add_block_snapshot - Snapshot added: mission=M002 region=North block=B001
2026-08-26 19:10:11,849 - Code.Dynamic_War_Manager.Source.Context.Target_Status_History - DEBUG - add_block_snapshot - Snapshot added: mission=M001 region=North block=B001
2026-08-26 19:10:11,849 - Code.Dynamic_War_Manager.Source.Context.Target_Status_History - DEBUG - add_block_snapshot - Snapshot added: mission=M002 region=North block=B001
2026-08-26 19:10:11,849 - Code.Dynamic_War_Manager.Source.Context.Target_Status_History - DEBUG - add_block_snapshot - Snapshot added: mission=M001 region=North block=B001
2026-08-26 19:10:11,849 - Code.Dynamic_War_Manager.Source.Context.Target_Status_History - DEBUG - add_block_snapshot - Snapshot added: mission=M001 region=North block=B001
2026-08-26 19:10:11,849 - Code.Dynamic_War_Manager.Source.Context.Target_Status_History - DEBUG - add_block_snapshot - Snapshot added: mission=M001 region=North block=B001
2026-08-26 19:10:11,849 - Code.Dynamic_War_Manager.Source.Context.Target_Status_History - DEBUG - add_block_snapshot - Snapshot added: mission=M001 region=North block=B001
2026-08-26 19:10:11,849 - Code.Dynamic_War_Manager.Source.Context.Target_Status_History - DEBUG - add_block_snapshot - Snapshot added: mission=M001 region=North block=B001
2026-08-26 19:10:11,849 - Code.Dynamic_War_Manager.Source.Context.Target_Status_History - DEBUG - add_block_snapshot - Snapshot added: mission=M002 region=North block=B001
2026-08-26 19:10:11,850 - Code.Dynamic_War_Manager.Source.Context.Target_Status_History - DEBUG - add_block_snapshot - Snapshot added: mission=M001 region=North block=B001
2026-08-26 19:10:11,850 - Code.Dynamic_War_Manager.Source.Context.Target_Status_History - DEBUG - add_block_snapshot - Snapshot added: mission=M002 region=South block=B002
2026-08-26 19:10:11,850 - Code.Dynamic_War_Manager.Source.Context.Target_Status_History - INFO - save - TargetStatusHistory saved to /tmp/tmpo8mb122p.json (2 missions).
2026-08-26 19:10:11,850 - Code.Dynamic_War_Manager.Source.Context.Target_Status_History - INFO - load - TargetStatusHistory loaded from /tmp/tmpo8mb122p.json (2 missions).
2026-08-26 19:10:11,850 - Code.Dynamic_War_Manager.Source.Context.Target_Status_History - DEBUG - add_block_snapshot - Snapshot added: mission=M001 region=North block=B001
2026-08-26 19:10:11,851 - Code.Dynamic_War_Manager.Source.Context.Target_Status_History - DEBUG - add_block_snapshot - Snapshot added: mission=M002 region=North block=B001
2026-08-26 19:10:11,851 - Code.Dynamic_War_Manager.Source.Context.Target_Status_History - DEBUG - add_block_snapshot - Snapshot added: mission=M001 region=North block=B001
2026-08-26 19:10:11,851 - Code.Dynamic_War_Manager.Source.Context.Target_Status_History - DEBUG - add_block_snapshot - Snapshot added: mission=M001 region=North block=B001
2026-08-26 19:10:11,851 - Code.Dynamic_War_Manager.Source.Context.Target_Status_History - INFO - save - TargetStatusHistory saved to /tmp/tmpkyr92in5.json (1 missions).
2026-09-11 16:18:49,944 - Code.Dynamic_War_Manager.Source.Context.Target_Status_History - DEBUG - add_block_snapshot - Snapshot added: mission=M001 region=North block=B001
2026-09-11 16:18:49,945 - Code.Dynamic_War_Manager.Source.Context.Target_Status_History - DEBUG - add_block_snapshot - Snapshot added: mission=M001 region=North block=B001
2026-09-11 16:18:49,945 - Code.Dynamic_War_Manager.Source.Context.Target_Status_History - DEBUG - add_block_snapshot - Snapshot added: mission=M001 region=North block=B001
2026-09-11 16:18:49,945 - Code.Dynamic_War_Manager.Source.Context.Target_Status_History - DEBUG - add_block_snapshot - Snapshot added: mission=M001 region=North block=B001
2026-09-11 16:18:49,945 - Code.Dynamic_War_Manager.Source.Context.Target_Status_History - DEBUG - add_block_snapshot - Snapshot added: mission=M001 region=North block=B001
2026-09-11 16:18:49,945 - Code.Dynamic_War_Manager.Source.Context.Target_Status_History - DEBUG - add_block_snapshot - Snapshot added: mission=M001 region=North block=B001
2026-09-11 16:18:49,945 - Code.Dynamic_War_Manager.Source.Context.Target_Status_History - DEBUG - add_block_snapshot - Snapshot added: mission=M001 region=South block=B002
2026-09-11 16:18:49,945 - Code.Dynamic_War_Manager.Source.Context.Target_Status_History - DEBUG - add_block_snapshot - Snapshot added: mission=M001 region=North block=B001
2026-09-11 16:18:49,945 - Code.Dynamic_War_Manager.Source.Context.Target_Status_History - DEBUG - add_block_snapshot - Snapshot added: mission=M001 region=North block=B001
2026-09-11 16:18:49,946 - Code.Dynamic_War_Manager.Source.Context.Target_Status_History - DEBUG - add_block_snapshot - Snapshot added: mission=M001 region=North block=B002
2026-09-11 16:18:49,946 - Code.Dynamic_War_Manager.Source.Context.Target_Status_History - DEBUG - add_block_snapshot - Snapshot added: mission=M001 region=North block=B001
2026-09-11 16:18:49,946 - Code.Dynamic_War_Manager.Source.Context.Target_Status_History - DEBUG - add_block_snapshot - Snapshot added: mission=M001 region=North block=B001
2026-09-11 16:18:49,946 - Code.Dynamic_War_Manager.Source.Context.Target_Status_History - DEBUG - add_block_snapshot - Snapshot added: mission=M001 region=North block=B001
2026-09-11 16:18:49,946 - Code.Dynamic_War_Manager.Source.Context.Target_Status_History - DEBUG - add_block_snapshot - Snapshot added: mission=M002 region=North block=B002
2026-09-11 16:18:49,946 - Code.Dynamic_War_Manager.Source.Context.Target_Status_History - DEBUG - add_block_snapshot - Snapshot added: mission=M002 region=North block=B001
2026-09-11 16:18:49,946 - Code.Dynamic_War_Manager.Source.Context.Target_Status_History - DEBUG - add_block_snapshot - Snapshot added: mission=M001 region=North block=B001
2026-09-11 16:18:49,947 - Code.Dynamic_War_Manager.Source.Context.Target_Status_History - DEBUG - add_block_snapshot - Snapshot added: mission=M001 region=North block=B001
2026-09-11 16:18:49,947 - Code.Dynamic_War_Manager.Source.Context.Target_Status_History - DEBUG - add_block_snapshot - Snapshot added: mission=M001 region=North block=B001
2026-09-11 16:18:49,947 - Code.Dynamic_War_Manager.Source.Context.Target_Status_History - DEBUG - add_block_snapshot - Snapshot added: mission=M001 region=North block=B001
2026-09-11 16:18:49,947 - Code.Dynamic_War_Manager.Source.Context.Target_Status_History - DEBUG - add_block_snapshot - Snapshot added: mission=M001 region=North block=B001
2026-09-11 16:18:49,947 - Code.Dynamic_War_Manager.Source.Context.Target_Status_History - DEBUG - add_block_snapshot - Snapshot added: mission=M002 region=North block=B001
2026-09-11 16:18:49,947 - Code.Dynamic_War_Manager.Source.Context.Target_Status_History - DEBUG - add_block_snapshot - Snapshot added: mission=M001 region=North block=B001
2026-09-11 16:18:49,947 - Code.Dynamic_War_Manager.Source.Context.Target_Status_History - DEBUG - add_block_snapshot - Snapshot added: mission=M002 region=North block=B001
2026-09-11 16:18:49,947 - Code.Dynamic_War_Manager.Source.Context.Target_Status_History - DEBUG - add_block_snapshot - Snapshot added: mission=M001 region=North block=B001
2026-09-11 16:18:49,948 - Code.Dynamic_War_Manager.Source.Context.Target_Status_History - DEBUG - add_block_snapshot - Snapshot added: mission=M001 region=North block=B001
2026-09-11 16:18:49,948 - Code.Dynamic_War_Manager.Source.Context.Target_Status_History - DEBUG - add_block_snapshot - Snapshot added: mission=M001 region=North block=B001
2026-09-11 16:18:49,948 - Code.Dynamic_War_Manager.Source.Context.Target_Status_History - DEBUG - add_block_snapshot - Snapshot added: mission=M001 region=North block=B001
2026-09-11 16:18:49,948 - Code.Dynamic_War_Manager.Source.Context.Target_Status_History - DEBUG - add_block_snapshot - Snapshot added: mission=M001 region=North block=B001
2026-09-11 16:18:49,948 - Code.Dynamic_War_Manager.Source.Context.Target_Status_History - DEBUG - add_block_snapshot - Snapshot added: mission=M002 region=North block=B001
2026-09-11 16:18:49,948 - Code.Dynamic_War_Manager.Source.Context.Target_Status_History - DEBUG - add_block_snapshot - Snapshot added: mission=M001 region=North block=B001
2026-09-11 16:18:49,949 - Code.Dynamic_War_Manager.Source.Context.Target_Status_History - DEBUG - add_block_snapshot - Snapshot added: mission=M002 region=South block=B002
2026-09-11 16:18:49,949 - Code.Dynamic_War_Manager.Source.Context.Target_Status_History - INFO - save - TargetStatusHistory saved to /tmp/tmpdbqae7p8.json (2 missions).
2026-09-11 16:18:49,949 - Code.Dynamic_War_Manager.Source.Context.Target_Status_History - INFO - load - TargetStatusHistory loaded from /tmp/tmpdbqae7p8.json (2 missions).
2026-09-11 16:18:49,949 - Code.Dynamic_War_Manager.Source.Context.Target_Status_History - DEBUG - add_block_snapshot - Snapshot added: mission=M001 region=North block=B001
2026-09-11 16:18:49,949 - Code.Dynamic_War_Manager.Source.Context.Target_Status_History - DEBUG - add_block_snapshot - Snapshot added: mission=M002 region=North block=B001
2026-09-11 16:18:49,949 - Code.Dynamic_War_Manager.Source.Context.Target_Status_History - DEBUG - add_block_snapshot - Snapshot added: mission=M001 region=North block=B001
2026-09-11 16:18:49,950 - Code.Dynamic_War_Manager.Source.Context.Target_Status_History - DEBUG - add_block_snapshot - Snapshot added: mission=M001 region=North block=B001
2026-09-11 16:18:49,950 - Code.Dynamic_War_Manager.Source.Context.Target_Status_History - INFO - save - TargetStatusHistory saved to /tmp/tmphiz4f3wu.json (1 missions).
2026-09-11 17:36:56,796 - Code.Dynamic_War_Manager.Source.Context.Target_Status_History - DEBUG - add_block_snapshot - Snapshot added: mission=M001 region=North block=B001
2026-09-11 17:36:56,796 - Code.Dynamic_War_Manager.Source.Context.Target_Status_History - DEBUG - add_block_snapshot - Snapshot added: mission=M001 region=North block=B001
2026-09-11 17:36:56,797 - Code.Dynamic_War_Manager.Source.Context.Target_Status_History - DEBUG - add_block_snapshot - Snapshot added: mission=M001 region=North block=B001
2026-09-11 17:36:56,797 - Code.Dynamic_War_Manager.Source.Context.Target_Status_History - DEBUG - add_block_snapshot - Snapshot added: mission=M001 region=North block=B001
2026-09-11 17:36:56,797 - Code.Dynamic_War_Manager.Source.Context.Target_Status_History - DEBUG - add_block_snapshot - Snapshot added: mission=M001 region=North block=B001
2026-09-11 17:36:56,797 - Code.Dynamic_War_Manager.Source.Context.Target_Status_History - DEBUG - add_block_snapshot - Snapshot added: mission=M001 region=North block=B001
2026-09-11 17:36:56,797 - Code.Dynamic_War_Manager.Source.Context.Target_Status_History - DEBUG - add_block_snapshot - Snapshot added: mission=M001 region=South block=B002
2026-09-11 17:36:56,798 - Code.Dynamic_War_Manager.Source.Context.Target_Status_History - DEBUG - add_block_snapshot - Snapshot added: mission=M001 region=North block=B001
2026-09-11 17:36:56,798 - Code.Dynamic_War_Manager.Source.Context.Target_Status_History - DEBUG - add_block_snapshot - Snapshot added: mission=M001 region=North block=B001
2026-09-11 17:36:56,798 - Code.Dynamic_War_Manager.Source.Context.Target_Status_History - DEBUG - add_block_snapshot - Snapshot added: mission=M001 region=North block=B002
2026-09-11 17:36:56,798 - Code.Dynamic_War_Manager.Source.Context.Target_Status_History - DEBUG - add_block_snapshot - Snapshot added: mission=M001 region=North block=B001
2026-09-11 17:36:56,798 - Code.Dynamic_War_Manager.Source.Context.Target_Status_History - DEBUG - add_block_snapshot - Snapshot added: mission=M001 region=North block=B001
2026-09-11 17:36:56,798 - Code.Dynamic_War_Manager.Source.Context.Target_Status_History - DEBUG - add_block_snapshot - Snapshot added: mission=M001 region=North block=B001
2026-09-11 17:36:56,798 - Code.Dynamic_War_Manager.Source.Context.Target_Status_History - DEBUG - add_block_snapshot - Snapshot added: mission=M002 region=North block=B002
2026-09-11 17:36:56,799 - Code.Dynamic_War_Manager.Source.Context.Target_Status_History - DEBUG - add_block_snapshot - Snapshot added: mission=M002 region=North block=B001
2026-09-11 17:36:56,799 - Code.Dynamic_War_Manager.Source.Context.Target_Status_History - DEBUG - add_block_snapshot - Snapshot added: mission=M001 region=North block=B001
2026-09-11 17:36:56,799 - Code.Dynamic_War_Manager.Source.Context.Target_Status_History - DEBUG - add_block_snapshot - Snapshot added: mission=M001 region=North block=B001
2026-09-11 17:36:56,799 - Code.Dynamic_War_Manager.Source.Context.Target_Status_History - DEBUG - add_block_snapshot - Snapshot added: mission=M001 region=North block=B001
2026-09-11 17:36:56,799 - Code.Dynamic_War_Manager.Source.Context.Target_Status_History - DEBUG - add_block_snapshot - Snapshot added: mission=M001 region=North block=B001
2026-09-11 17:36:56,799 - Code.Dynamic_War_Manager.Source.Context.Target_Status_History - DEBUG - add_block_snapshot - Snapshot added: mission=M001 region=North block=B001
2026-09-11 17:36:56,799 - Code.Dynamic_War_Manager.Source.Context.Target_Status_History - DEBUG - add_block_snapshot - Snapshot added: mission=M002 region=North block=B001
2026-09-11 17:36:56,800 - Code.Dynamic_War_Manager.Source.Context.Target_Status_History - DEBUG - add_block_snapshot - Snapshot added: mission=M001 region=North block=B001
2026-09-11 17:36:56,800 - Code.Dynamic_War_Manager.Source.Context.Target_Status_History - DEBUG - add_block_snapshot - Snapshot added: mission=M002 region=North block=B001
2026-09-11 17:36:56,800 - Code.Dynamic_War_Manager.Source.Context.Target_Status_History - DEBUG - add_block_snapshot - Snapshot added: mission=M001 region=North block=B001
2026-09-11 17:36:56,800 - Code.Dynamic_War_Manager.Source.Context.Target_Status_History - DEBUG - add_block_snapshot - Snapshot added: mission=M001 region=North block=B001
2026-09-11 17:36:56,800 - Code.Dynamic_War_Manager.Source.Context.Target_Status_History - DEBUG - add_block_snapshot - Snapshot added: mission=M001 region=North block=B001
2026-09-11 17:36:56,800 - Code.Dynamic_War_Manager.Source.Context.Target_Status_History - DEBUG - add_block_snapshot - Snapshot added: mission=M001 region=North block=B001
2026-09-11 17:36:56,800 - Code.Dynamic_War_Manager.Source.Context.Target_Status_History - DEBUG - add_block_snapshot - Snapshot added: mission=M001 region=North block=B001
2026-09-11 17:36:56,801 - Code.Dynamic_War_Manager.Source.Context.Target_Status_History - DEBUG - add_block_snapshot - Snapshot added: mission=M002 region=North block=B001
2026-09-11 17:36:56,801 - Code.Dynamic_War_Manager.Source.Context.Target_Status_History - DEBUG - add_block_snapshot - Snapshot added: mission=M001 region=North block=B001
2026-09-11 17:36:56,801 - Code.Dynamic_War_Manager.Source.Context.Target_Status_History - DEBUG - add_block_snapshot - Snapshot added: mission=M002 region=South block=B002
2026-09-11 17:36:56,801 - Code.Dynamic_War_Manager.Source.Context.Target_Status_History - INFO - save - TargetStatusHistory saved to /tmp/tmp_7ugsi63.json (2 missions).
2026-09-11 17:36:56,801 - Code.Dynamic_War_Manager.Source.Context.Target_Status_History - INFO - load - TargetStatusHistory loaded from /tmp/tmp_7ugsi63.json (2 missions).
2026-09-11 17:36:56,802 - Code.Dynamic_War_Manager.Source.Context.Target_Status_History - DEBUG - add_block_snapshot - Snapshot added: mission=M001 region=North block=B001
2026-09-11 17:36:56,802 - Code.Dynamic_War_Manager.Source.Context.Target_Status_History - DEBUG - add_block_snapshot - Snapshot added: mission=M002 region=North block=B001
2026-09-11 17:36:56,802 - Code.Dynamic_War_Manager.Source.Context.Target_Status_History - DEBUG - add_block_snapshot - Snapshot added: mission=M001 region=North block=B001
2026-09-11 17:36:56,802 - Code.Dynamic_War_Manager.Source.Context.Target_Status_History - DEBUG - add_block_snapshot - Snapshot added: mission=M001 region=North block=B001
2026-09-11 17:36:56,802 - Code.Dynamic_War_Manager.Source.Context.Target_Status_History - INFO - save - TargetStatusHistory saved to /tmp/tmpg_6l0544.json (1 missions).
2026-09-11 17:38:58,975 - Code.Dynamic_War_Manager.Source.Context.Target_Status_History - DEBUG - add_block_snapshot - Snapshot added: mission=M001 region=North block=B001
2026-09-11 17:38:58,975 - Code.Dynamic_War_Manager.Source.Context.Target_Status_History - DEBUG - add_block_snapshot - Snapshot added: mission=M001 region=North block=B001
2026-09-11 17:38:58,975 - Code.Dynamic_War_Manager.Source.Context.Target_Status_History - DEBUG - add_block_snapshot - Snapshot added: mission=M001 region=North block=B001
2026-09-11 17:38:58,976 - Code.Dynamic_War_Manager.Source.Context.Target_Status_History - DEBUG - add_block_snapshot - Snapshot added: mission=M001 region=North block=B001
2026-09-11 17:38:58,976 - Code.Dynamic_War_Manager.Source.Context.Target_Status_History - DEBUG - add_block_snapshot - Snapshot added: mission=M001 region=North block=B001
2026-09-11 17:38:58,976 - Code.Dynamic_War_Manager.Source.Context.Target_Status_History - DEBUG - add_block_snapshot - Snapshot added: mission=M001 region=North block=B001
2026-09-11 17:38:58,976 - Code.Dynamic_War_Manager.Source.Context.Target_Status_History - DEBUG - add_block_snapshot - Snapshot added: mission=M001 region=South block=B002
2026-09-11 17:38:58,976 - Code.Dynamic_War_Manager.Source.Context.Target_Status_History - DEBUG - add_block_snapshot - Snapshot added: mission=M001 region=North block=B001
2026-09-11 17:38:58,976 - Code.Dynamic_War_Manager.Source.Context.Target_Status_History - DEBUG - add_block_snapshot - Snapshot added: mission=M001 region=North block=B001
2026-09-11 17:38:58,976 - Code.Dynamic_War_Manager.Source.Context.Target_Status_History - DEBUG - add_block_snapshot - Snapshot added: mission=M001 region=North block=B002
2026-09-11 17:38:58,976 - Code.Dynamic_War_Manager.Source.Context.Target_Status_History - DEBUG - add_block_snapshot - Snapshot added: mission=M001 region=North block=B001
2026-09-11 17:38:58,977 - Code.Dynamic_War_Manager.Source.Context.Target_Status_History - DEBUG - add_block_snapshot - Snapshot added: mission=M001 region=North block=B001
2026-09-11 17:38:58,977 - Code.Dynamic_War_Manager.Source.Context.Target_Status_History - DEBUG - add_block_snapshot - Snapshot added: mission=M001 region=North block=B001
2026-09-11 17:38:58,977 - Code.Dynamic_War_Manager.Source.Context.Target_Status_History - DEBUG - add_block_snapshot - Snapshot added: mission=M002 region=North block=B002
2026-09-11 17:38:58,977 - Code.Dynamic_War_Manager.Source.Context.Target_Status_History - DEBUG - add_block_snapshot - Snapshot added: mission=M002 region=North block=B001
2026-09-11 17:38:58,977 - Code.Dynamic_War_Manager.Source.Context.Target_Status_History - DEBUG - add_block_snapshot - Snapshot added: mission=M001 region=North block=B001
2026-09-11 17:38:58,977 - Code.Dynamic_War_Manager.Source.Context.Target_Status_History - DEBUG - add_block_snapshot - Snapshot added: mission=M001 region=North block=B001
2026-09-11 17:38:58,977 - Code.Dynamic_War_Manager.Source.Context.Target_Status_History - DEBUG - add_block_snapshot - Snapshot added: mission=M001 region=North block=B001
2026-09-11 17:38:58,977 - Code.Dynamic_War_Manager.Source.Context.Target_Status_History - DEBUG - add_block_snapshot - Snapshot added: mission=M001 region=North block=B001
2026-09-11 17:38:58,977 - Code.Dynamic_War_Manager.Source.Context.Target_Status_History - DEBUG - add_block_snapshot - Snapshot added: mission=M001 region=North block=B001
2026-09-11 17:38:58,978 - Code.Dynamic_War_Manager.Source.Context.Target_Status_History - DEBUG - add_block_snapshot - Snapshot added: mission=M002 region=North block=B001
2026-09-11 17:38:58,978 - Code.Dynamic_War_Manager.Source.Context.Target_Status_History - DEBUG - add_block_snapshot - Snapshot added: mission=M001 region=North block=B001
2026-09-11 17:38:58,978 - Code.Dynamic_War_Manager.Source.Context.Target_Status_History - DEBUG - add_block_snapshot - Snapshot added: mission=M002 region=North block=B001
2026-09-11 17:38:58,978 - Code.Dynamic_War_Manager.Source.Context.Target_Status_History - DEBUG - add_block_snapshot - Snapshot added: mission=M001 region=North block=B001
2026-09-11 17:38:58,978 - Code.Dynamic_War_Manager.Source.Context.Target_Status_History - DEBUG - add_block_snapshot - Snapshot added: mission=M001 region=North block=B001
2026-09-11 17:38:58,978 - Code.Dynamic_War_Manager.Source.Context.Target_Status_History - DEBUG - add_block_snapshot - Snapshot added: mission=M001 region=North block=B001
2026-09-11 17:38:58,978 - Code.Dynamic_War_Manager.Source.Context.Target_Status_History - DEBUG - add_block_snapshot - Snapshot added: mission=M001 region=North block=B001
2026-09-11 17:38:58,979 - Code.Dynamic_War_Manager.Source.Context.Target_Status_History - DEBUG - add_block_snapshot - Snapshot added: mission=M001 region=North block=B001
2026-09-11 17:38:58,979 - Code.Dynamic_War_Manager.Source.Context.Target_Status_History - DEBUG - add_block_snapshot - Snapshot added: mission=M002 region=North block=B001
2026-09-11 17:38:58,979 - Code.Dynamic_War_Manager.Source.Context.Target_Status_History - DEBUG - add_block_snapshot - Snapshot added: mission=M001 region=North block=B001
2026-09-11 17:38:58,979 - Code.Dynamic_War_Manager.Source.Context.Target_Status_History - DEBUG - add_block_snapshot - Snapshot added: mission=M002 region=South block=B002
2026-09-11 17:38:58,979 - Code.Dynamic_War_Manager.Source.Context.Target_Status_History - INFO - save - TargetStatusHistory saved to /tmp/tmpdy1w_hu8.json (2 missions).
2026-09-11 17:38:58,979 - Code.Dynamic_War_Manager.Source.Context.Target_Status_History - INFO - load - TargetStatusHistory loaded from /tmp/tmpdy1w_hu8.json (2 missions).
2026-09-11 17:38:58,980 - Code.Dynamic_War_Manager.Source.Context.Target_Status_History - DEBUG - add_block_snapshot - Snapshot added: mission=M001 region=North block=B001
2026-09-11 17:38:58,980 - Code.Dynamic_War_Manager.Source.Context.Target_Status_History - DEBUG - add_block_snapshot - Snapshot added: mission=M002 region=North block=B001
2026-09-11 17:38:58,980 - Code.Dynamic_War_Manager.Source.Context.Target_Status_History - DEBUG - add_block_snapshot - Snapshot added: mission=M001 region=North block=B001
2026-09-11 17:38:58,980 - Code.Dynamic_War_Manager.Source.Context.Target_Status_History - DEBUG - add_block_snapshot - Snapshot added: mission=M001 region=North block=B001
2026-09-11 17:38:58,980 - Code.Dynamic_War_Manager.Source.Context.Target_Status_History - INFO - save - TargetStatusHistory saved to /tmp/tmpgxfodosz.json (1 missions).
2026-09-11 18:32:43,681 - Code.Dynamic_War_Manager.Source.Context.Target_Status_History - DEBUG - add_block_snapshot - Snapshot added: mission=M001 region=North block=B001
2026-09-11 18:32:43,681 - Code.Dynamic_War_Manager.Source.Context.Target_Status_History - DEBUG - add_block_snapshot - Snapshot added: mission=M001 region=North block=B001
2026-09-11 18:32:43,682 - Code.Dynamic_War_Manager.Source.Context.Target_Status_History - DEBUG - add_block_snapshot - Snapshot added: mission=M001 region=North block=B001
2026-09-11 18:32:43,682 - Code.Dynamic_War_Manager.Source.Context.Target_Status_History - DEBUG - add_block_snapshot - Snapshot added: mission=M001 region=North block=B001
2026-09-11 18:32:43,682 - Code.Dynamic_War_Manager.Source.Context.Target_Status_History - DEBUG - add_block_snapshot - Snapshot added: mission=M001 region=North block=B001
2026-09-11 18:32:43,682 - Code.Dynamic_War_Manager.Source.Context.Target_Status_History - DEBUG - add_block_snapshot - Snapshot added: mission=M001 region=North block=B001
2026-09-11 18:32:43,682 - Code.Dynamic_War_Manager.Source.Context.Target_Status_History - DEBUG - add_block_snapshot - Snapshot added: mission=M001 region=South block=B002
2026-09-11 18:32:43,682 - Code.Dynamic_War_Manager.Source.Context.Target_Status_History - DEBUG - add_block_snapshot - Snapshot added: mission=M001 region=North block=B001
2026-09-11 18:32:43,683 - Code.Dynamic_War_Manager.Source.Context.Target_Status_History - DEBUG - add_block_snapshot - Snapshot added: mission=M001 region=North block=B001
2026-09-11 18:32:43,683 - Code.Dynamic_War_Manager.Source.Context.Target_Status_History - DEBUG - add_block_snapshot - Snapshot added: mission=M001 region=North block=B002
2026-09-11 18:32:43,683 - Code.Dynamic_War_Manager.Source.Context.Target_Status_History - DEBUG - add_block_snapshot - Snapshot added: mission=M001 region=North block=B001
2026-09-11 18:32:43,683 - Code.Dynamic_War_Manager.Source.Context.Target_Status_History - DEBUG - add_block_snapshot - Snapshot added: mission=M001 region=North block=B001
2026-09-11 18:32:43,683 - Code.Dynamic_War_Manager.Source.Context.Target_Status_History - DEBUG - add_block_snapshot - Snapshot added: mission=M001 region=North block=B001
2026-09-11 18:32:43,683 - Code.Dynamic_War_Manager.Source.Context.Target_Status_History - DEBUG - add_block_snapshot - Snapshot added: mission=M002 region=North block=B002
2026-09-11 18:32:43,684 - Code.Dynamic_War_Manager.Source.Context.Target_Status_History - DEBUG - add_block_snapshot - Snapshot added: mission=M002 region=North block=B001
2026-09-11 18:32:43,684 - Code.Dynamic_War_Manager.Source.Context.Target_Status_History - DEBUG - add_block_snapshot - Snapshot added: mission=M001 region=North block=B001
2026-09-11 18:32:43,684 - Code.Dynamic_War_Manager.Source.Context.Target_Status_History - DEBUG - add_block_snapshot - Snapshot added: mission=M001 region=North block=B001
2026-09-11 18:32:43,684 - Code.Dynamic_War_Manager.Source.Context.Target_Status_History - DEBUG - add_block_snapshot - Snapshot added: mission=M001 region=North block=B001
2026-09-11 18:32:43,684 - Code.Dynamic_War_Manager.Source.Context.Target_Status_History - DEBUG - add_block_snapshot - Snapshot added: mission=M001 region=North block=B001
2026-09-11 18:32:43,684 - Code.Dynamic_War_Manager.Source.Context.Target_Status_History - DEBUG - add_block_snapshot - Snapshot added: mission=M001 region=North block=B001
2026-09-11 18:32:43,684 - Code.Dynamic_War_Manager.Source.Context.Target_Status_History - DEBUG - add_block_snapshot - Snapshot added: mission=M002 region=North block=B001
2026-09-11 18:32:43,684 - Code.Dynamic_War_Manager.Source.Context.Target_Status_History - DEBUG - add_block_snapshot - Snapshot added: mission=M001 region=North block=B001
2026-09-11 18:32:43,685 - Code.Dynamic_War_Manager.Source.Context.Target_Status_History - DEBUG - add_block_snapshot - Snapshot added: mission=M002 region=North block=B001
2026-09-11 18:32:43,685 - Code.Dynamic_War_Manager.Source.Context.Target_Status_History - DEBUG - add_block_snapshot - Snapshot added: mission=M001 region=North block=B001
2026-09-11 18:32:43,685 - Code.Dynamic_War_Manager.Source.Context.Target_Status_History - DEBUG - add_block_snapshot - Snapshot added: mission=M001 region=North block=B001
2026-09-11 18:32:43,685 - Code.Dynamic_War_Manager.Source.Context.Target_Status_History - DEBUG - add_block_snapshot - Snapshot added: mission=M001 region=North block=B001
2026-09-11 18:32:43,685 - Code.Dynamic_War_Manager.Source.Context.Target_Status_History - DEBUG - add_block_snapshot - Snapshot added: mission=M001 region=North block=B001
2026-09-11 18:32:43,685 - Code.Dynamic_War_Manager.Source.Context.Target_Status_History - DEBUG - add_block_snapshot - Snapshot added: mission=M001 region=North block=B001
2026-09-11 18:32:43,685 - Code.Dynamic_War_Manager.Source.Context.Target_Status_History - DEBUG - add_block_snapshot - Snapshot added: mission=M002 region=North block=B001
2026-09-11 18:32:43,685 - Code.Dynamic_War_Manager.Source.Context.Target_Status_History - DEBUG - add_block_snapshot - Snapshot added: mission=M001 region=North block=B001
2026-09-11 18:32:43,686 - Code.Dynamic_War_Manager.Source.Context.Target_Status_History - DEBUG - add_block_snapshot - Snapshot added: mission=M002 region=South block=B002
2026-09-11 18:32:43,686 - Code.Dynamic_War_Manager.Source.Context.Target_Status_History - INFO - save - TargetStatusHistory saved to /tmp/tmpqb9jwwpr.json (2 missions).
2026-09-11 18:32:43,686 - Code.Dynamic_War_Manager.Source.Context.Target_Status_History - INFO - load - TargetStatusHistory loaded from /tmp/tmpqb9jwwpr.json (2 missions).
2026-09-11 18:32:43,686 - Code.Dynamic_War_Manager.Source.Context.Target_Status_History - DEBUG - add_block_snapshot - Snapshot added: mission=M001 region=North block=B001
2026-09-11 18:32:43,686 - Code.Dynamic_War_Manager.Source.Context.Target_Status_History - DEBUG - add_block_snapshot - Snapshot added: mission=M002 region=North block=B001
2026-09-11 18:32:43,686 - Code.Dynamic_War_Manager.Source.Context.Target_Status_History - DEBUG - add_block_snapshot - Snapshot added: mission=M001 region=North block=B001
2026-09-11 18:32:43,687 - Code.Dynamic_War_Manager.Source.Context.Target_Status_History - DEBUG - add_block_snapshot - Snapshot added: mission=M001 region=North block=B001
2026-09-11 18:32:43,687 - Code.Dynamic_War_Manager.Source.Context.Target_Status_History - INFO - save - TargetStatusHistory saved to /tmp/tmp_ik6zn1l.json (1 missions).
2026-09-11 18:40:57,520 - Code.Dynamic_War_Manager.Source.Context.Target_Status_History - DEBUG - add_block_snapshot - Snapshot added: mission=M001 region=North block=B001
2026-09-11 18:40:57,520 - Code.Dynamic_War_Manager.Source.Context.Target_Status_History - DEBUG - add_block_snapshot - Snapshot added: mission=M001 region=North block=B001
2026-09-11 18:40:57,520 - Code.Dynamic_War_Manager.Source.Context.Target_Status_History - DEBUG - add_block_snapshot - Snapshot added: mission=M001 region=North block=B001
2026-09-11 18:40:57,521 - Code.Dynamic_War_Manager.Source.Context.Target_Status_History - DEBUG - add_block_snapshot - Snapshot added: mission=M001 region=North block=B001
2026-09-11 18:40:57,521 - Code.Dynamic_War_Manager.Source.Context.Target_Status_History - DEBUG - add_block_snapshot - Snapshot added: mission=M001 region=North block=B001
2026-09-11 18:40:57,521 - Code.Dynamic_War_Manager.Source.Context.Target_Status_History - DEBUG - add_block_snapshot - Snapshot added: mission=M001 region=North block=B001
2026-09-11 18:40:57,521 - Code.Dynamic_War_Manager.Source.Context.Target_Status_History - DEBUG - add_block_snapshot - Snapshot added: mission=M001 region=South block=B002
2026-09-11 18:40:57,521 - Code.Dynamic_War_Manager.Source.Context.Target_Status_History - DEBUG - add_block_snapshot - Snapshot added: mission=M001 region=North block=B001
2026-09-11 18:40:57,521 - Code.Dynamic_War_Manager.Source.Context.Target_Status_History - DEBUG - add_block_snapshot - Snapshot added: mission=M001 region=North block=B001
2026-09-11 18:40:57,521 - Code.Dynamic_War_Manager.Source.Context.Target_Status_History - DEBUG - add_block_snapshot - Snapshot added: mission=M001 region=North block=B002
2026-09-11 18:40:57,521 - Code.Dynamic_War_Manager.Source.Context.Target_Status_History - DEBUG - add_block_snapshot - Snapshot added: mission=M001 region=North block=B001
2026-09-11 18:40:57,522 - Code.Dynamic_War_Manager.Source.Context.Target_Status_History - DEBUG - add_block_snapshot - Snapshot added: mission=M001 region=North block=B001
2026-09-11 18:40:57,522 - Code.Dynamic_War_Manager.Source.Context.Target_Status_History - DEBUG - add_block_snapshot - Snapshot added: mission=M001 region=North block=B001
2026-09-11 18:40:57,522 - Code.Dynamic_War_Manager.Source.Context.Target_Status_History - DEBUG - add_block_snapshot - Snapshot added: mission=M002 region=North block=B002
2026-09-11 18:40:57,522 - Code.Dynamic_War_Manager.Source.Context.Target_Status_History - DEBUG - add_block_snapshot - Snapshot added: mission=M002 region=North block=B001
2026-09-11 18:40:57,522 - Code.Dynamic_War_Manager.Source.Context.Target_Status_History - DEBUG - add_block_snapshot - Snapshot added: mission=M001 region=North block=B001
2026-09-11 18:40:57,522 - Code.Dynamic_War_Manager.Source.Context.Target_Status_History - DEBUG - add_block_snapshot - Snapshot added: mission=M001 region=North block=B001
2026-09-11 18:40:57,522 - Code.Dynamic_War_Manager.Source.Context.Target_Status_History - DEBUG - add_block_snapshot - Snapshot added: mission=M001 region=North block=B001
2026-09-11 18:40:57,522 - Code.Dynamic_War_Manager.Source.Context.Target_Status_History - DEBUG - add_block_snapshot - Snapshot added: mission=M001 region=North block=B001
2026-09-11 18:40:57,523 - Code.Dynamic_War_Manager.Source.Context.Target_Status_History - DEBUG - add_block_snapshot - Snapshot added: mission=M001 region=North block=B001
2026-09-11 18:40:57,523 - Code.Dynamic_War_Manager.Source.Context.Target_Status_History - DEBUG - add_block_snapshot - Snapshot added: mission=M002 region=North block=B001
2026-09-11 18:40:57,523 - Code.Dynamic_War_Manager.Source.Context.Target_Status_History - DEBUG - add_block_snapshot - Snapshot added: mission=M001 region=North block=B001
2026-09-11 18:40:57,523 - Code.Dynamic_War_Manager.Source.Context.Target_Status_History - DEBUG - add_block_snapshot - Snapshot added: mission=M002 region=North block=B001
2026-09-11 18:40:57,523 - Code.Dynamic_War_Manager.Source.Context.Target_Status_History - DEBUG - add_block_snapshot - Snapshot added: mission=M001 region=North block=B001
2026-09-11 18:40:57,523 - Code.Dynamic_War_Manager.Source.Context.Target_Status_History - DEBUG - add_block_snapshot - Snapshot added: mission=M001 region=North block=B001
2026-09-11 18:40:57,523 - Code.Dynamic_War_Manager.Source.Context.Target_Status_History - DEBUG - add_block_snapshot - Snapshot added: mission=M001 region=North block=B001
2026-09-11 18:40:57,524 - Code.Dynamic_War_Manager.Source.Context.Target_Status_History - DEBUG - add_block_snapshot - Snapshot added: mission=M001 region=North block=B001
2026-09-11 18:40:57,524 - Code.Dynamic_War_Manager.Source.Context.Target_Status_History - DEBUG - add_block_snapshot - Snapshot added: mission=M001 region=North block=B001
2026-09-11 18:40:57,524 - Code.Dynamic_War_Manager.Source.Context.Target_Status_History - DEBUG - add_block_snapshot - Snapshot added: mission=M002 region=North block=B001
2026-09-11 18:40:57,524 - Code.Dynamic_War_Manager.Source.Context.Target_Status_History - DEBUG - add_block_snapshot - Snapshot added: mission=M001 region=North block=B001
2026-09-11 18:40:57,524 - Code.Dynamic_War_Manager.Source.Context.Target_Status_History - DEBUG - add_block_snapshot - Snapshot added: mission=M002 region=South block=B002
2026-09-11 18:40:57,524 - Code.Dynamic_War_Manager.Source.Context.Target_Status_History - INFO - save - TargetStatusHistory saved to /tmp/tmpfi68uvc1.json (2 missions).
2026-09-11 18:40:57,524 - Code.Dynamic_War_Manager.Source.Context.Target_Status_History - INFO - load - TargetStatusHistory loaded from /tmp/tmpfi68uvc1.json (2 missions).
2026-09-11 18:40:57,525 - Code.Dynamic_War_Manager.Source.Context.Target_Status_History - DEBUG - add_block_snapshot - Snapshot added: mission=M001 region=North block=B001
2026-09-11 18:40:57,525 - Code.Dynamic_War_Manager.Source.Context.Target_Status_History - DEBUG - add_block_snapshot - Snapshot added: mission=M002 region=North block=B001
2026-09-11 18:40:57,525 - Code.Dynamic_War_Manager.Source.Context.Target_Status_History - DEBUG - add_block_snapshot - Snapshot added: mission=M001 region=North block=B001
2026-09-11 18:40:57,525 - Code.Dynamic_War_Manager.Source.Context.Target_Status_History - DEBUG - add_block_snapshot - Snapshot added: mission=M001 region=North block=B001
2026-09-11 18:40:57,525 - Code.Dynamic_War_Manager.Source.Context.Target_Status_History - INFO - save - TargetStatusHistory saved to /tmp/tmpknqjt49i.json (1 missions).
2026-09-11 19:29:39,997 - Code.Dynamic_War_Manager.Source.Context.Target_Status_History - DEBUG - add_block_snapshot - Snapshot added: mission=M001 region=North block=B001
2026-09-11 19:29:39,997 - Code.Dynamic_War_Manager.Source.Context.Target_Status_History - DEBUG - add_block_snapshot - Snapshot added: mission=M001 region=North block=B001
2026-09-11 19:29:39,997 - Code.Dynamic_War_Manager.Source.Context.Target_Status_History - DEBUG - add_block_snapshot - Snapshot added: mission=M001 region=North block=B001
2026-09-11 19:29:39,997 - Code.Dynamic_War_Manager.Source.Context.Target_Status_History - DEBUG - add_block_snapshot - Snapshot added: mission=M001 region=North block=B001
2026-09-11 19:29:39,997 - Code.Dynamic_War_Manager.Source.Context.Target_Status_History - DEBUG - add_block_snapshot - Snapshot added: mission=M001 region=North block=B001
2026-09-11 19:29:39,997 - Code.Dynamic_War_Manager.Source.Context.Target_Status_History - DEBUG - add_block_snapshot - Snapshot added: mission=M001 region=North block=B001
2026-09-11 19:29:39,998 - Code.Dynamic_War_Manager.Source.Context.Target_Status_History - DEBUG - add_block_snapshot - Snapshot added: mission=M001 region=South block=B002
2026-09-11 19:29:39,998 - Code.Dynamic_War_Manager.Source.Context.Target_Status_History - DEBUG - add_block_snapshot - Snapshot added: mission=M001 region=North block=B001
2026-09-11 19:29:39,998 - Code.Dynamic_War_Manager.Source.Context.Target_Status_History - DEBUG - add_block_snapshot - Snapshot added: mission=M001 region=North block=B001
2026-09-11 19:29:39,998 - Code.Dynamic_War_Manager.Source.Context.Target_Status_History - DEBUG - add_block_snapshot - Snapshot added: mission=M001 region=North block=B002
2026-09-11 19:29:39,998 - Code.Dynamic_War_Manager.Source.Context.Target_Status_History - DEBUG - add_block_snapshot - Snapshot added: mission=M001 region=North block=B001
2026-09-11 19:29:39,998 - Code.Dynamic_War_Manager.Source.Context.Target_Status_History - DEBUG - add_block_snapshot - Snapshot added: mission=M001 region=North block=B001
2026-09-11 19:29:39,999 - Code.Dynamic_War_Manager.Source.Context.Target_Status_History - DEBUG - add_block_snapshot - Snapshot added: mission=M001 region=North block=B001
2026-09-11 19:29:39,999 - Code.Dynamic_War_Manager.Source.Context.Target_Status_History - DEBUG - add_block_snapshot - Snapshot added: mission=M002 region=North block=B002
2026-09-11 19:29:39,999 - Code.Dynamic_War_Manager.Source.Context.Target_Status_History - DEBUG - add_block_snapshot - Snapshot added: mission=M002 region=North block=B001
2026-09-11 19:29:39,999 - Code.Dynamic_War_Manager.Source.Context.Target_Status_History - DEBUG - add_block_snapshot - Snapshot added: mission=M001 region=North block=B001
2026-09-11 19:29:39,999 - Code.Dynamic_War_Manager.Source.Context.Target_Status_History - DEBUG - add_block_snapshot - Snapshot added: mission=M001 region=North block=B001
2026-09-11 19:29:39,999 - Code.Dynamic_War_Manager.Source.Context.Target_Status_History - DEBUG - add_block_snapshot - Snapshot added: mission=M001 region=North block=B001
2026-09-11 19:29:39,999 - Code.Dynamic_War_Manager.Source.Context.Target_Status_History - DEBUG - add_block_snapshot - Snapshot added: mission=M001 region=North block=B001
2026-09-11 19:29:39,999 - Code.Dynamic_War_Manager.Source.Context.Target_Status_History - DEBUG - add_block_snapshot - Snapshot added: mission=M001 region=North block=B001
2026-09-11 19:29:39,999 - Code.Dynamic_War_Manager.Source.Context.Target_Status_History - DEBUG - add_block_snapshot - Snapshot added: mission=M002 region=North block=B001
2026-09-11 19:29:40,000 - Code.Dynamic_War_Manager.Source.Context.Target_Status_History - DEBUG - add_block_snapshot - Snapshot added: mission=M001 region=North block=B001
2026-09-11 19:29:40,000 - Code.Dynamic_War_Manager.Source.Context.Target_Status_History - DEBUG - add_block_snapshot - Snapshot added: mission=M002 region=North block=B001
2026-09-11 19:29:40,000 - Code.Dynamic_War_Manager.Source.Context.Target_Status_History - DEBUG - add_block_snapshot - Snapshot added: mission=M001 region=North block=B001
2026-09-11 19:29:40,000 - Code.Dynamic_War_Manager.Source.Context.Target_Status_History - DEBUG - add_block_snapshot - Snapshot added: mission=M001 region=North block=B001
2026-09-11 19:29:40,000 - Code.Dynamic_War_Manager.Source.Context.Target_Status_History - DEBUG - add_block_snapshot - Snapshot added: mission=M001 region=North block=B001
2026-09-11 19:29:40,000 - Code.Dynamic_War_Manager.Source.Context.Target_Status_History - DEBUG - add_block_snapshot - Snapshot added: mission=M001 region=North block=B001
2026-09-11 19:29:40,001 - Code.Dynamic_War_Manager.Source.Context.Target_Status_History - DEBUG - add_block_snapshot - Snapshot added: mission=M001 region=North block=B001
2026-09-11 19:29:40,001 - Code.Dynamic_War_Manager.Source.Context.Target_Status_History - DEBUG - add_block_snapshot - Snapshot added: mission=M002 region=North block=B001
2026-09-11 19:29:40,001 - Code.Dynamic_War_Manager.Source.Context.Target_Status_History - DEBUG - add_block_snapshot - Snapshot added: mission=M001 region=North block=B001
2026-09-11 19:29:40,001 - Code.Dynamic_War_Manager.Source.Context.Target_Status_History - DEBUG - add_block_snapshot - Snapshot added: mission=M002 region=South block=B002
2026-09-11 19:29:40,001 - Code.Dynamic_War_Manager.Source.Context.Target_Status_History - INFO - save - TargetStatusHistory saved to /tmp/tmptztul4i4.json (2 missions).
2026-09-11 19:29:40,001 - Code.Dynamic_War_Manager.Source.Context.Target_Status_History - INFO - load - TargetStatusHistory loaded from /tmp/tmptztul4i4.json (2 missions).
2026-09-11 19:29:40,002 - Code.Dynamic_War_Manager.Source.Context.Target_Status_History - DEBUG - add_block_snapshot - Snapshot added: mission=M001 region=North block=B001
2026-09-11 19:29:40,002 - Code.Dynamic_War_Manager.Source.Context.Target_Status_History - DEBUG - add_block_snapshot - Snapshot added: mission=M002 region=North block=B001
2026-09-11 19:29:40,002 - Code.Dynamic_War_Manager.Source.Context.Target_Status_History - DEBUG - add_block_snapshot - Snapshot added: mission=M001 region=North block=B001
2026-09-11 19:29:40,002 - Code.Dynamic_War_Manager.Source.Context.Target_Status_History - DEBUG - add_block_snapshot - Snapshot added: mission=M001 region=North block=B001
2026-09-11 19:29:40,002 - Code.Dynamic_War_Manager.Source.Context.Target_Status_History - INFO - save - TargetStatusHistory saved to /tmp/tmpeh8pweht.json (1 missions).
2026-09-11 20:03:46,791 - Code.Dynamic_War_Manager.Source.Context.Target_Status_History - DEBUG - add_block_snapshot - Snapshot added: mission=M001 region=North block=B001
2026-09-11 20:03:46,791 - Code.Dynamic_War_Manager.Source.Context.Target_Status_History - DEBUG - add_block_snapshot - Snapshot added: mission=M001 region=North block=B001
2026-09-11 20:03:46,791 - Code.Dynamic_War_Manager.Source.Context.Target_Status_History - DEBUG - add_block_snapshot - Snapshot added: mission=M001 region=North block=B001
2026-09-11 20:03:46,792 - Code.Dynamic_War_Manager.Source.Context.Target_Status_History - DEBUG - add_block_snapshot - Snapshot added: mission=M001 region=North block=B001
2026-09-11 20:03:46,792 - Code.Dynamic_War_Manager.Source.Context.Target_Status_History - DEBUG - add_block_snapshot - Snapshot added: mission=M001 region=North block=B001
2026-09-11 20:03:46,792 - Code.Dynamic_War_Manager.Source.Context.Target_Status_History - DEBUG - add_block_snapshot - Snapshot added: mission=M001 region=North block=B001
2026-09-11 20:03:46,792 - Code.Dynamic_War_Manager.Source.Context.Target_Status_History - DEBUG - add_block_snapshot - Snapshot added: mission=M001 region=South block=B002
2026-09-11 20:03:46,792 - Code.Dynamic_War_Manager.Source.Context.Target_Status_History - DEBUG - add_block_snapshot - Snapshot added: mission=M001 region=North block=B001
2026-09-11 20:03:46,793 - Code.Dynamic_War_Manager.Source.Context.Target_Status_History - DEBUG - add_block_snapshot - Snapshot added: mission=M001 region=North block=B001
2026-09-11 20:03:46,793 - Code.Dynamic_War_Manager.Source.Context.Target_Status_History - DEBUG - add_block_snapshot - Snapshot added: mission=M001 region=North block=B002
2026-09-11 20:03:46,793 - Code.Dynamic_War_Manager.Source.Context.Target_Status_History - DEBUG - add_block_snapshot - Snapshot added: mission=M001 region=North block=B001
2026-09-11 20:03:46,793 - Code.Dynamic_War_Manager.Source.Context.Target_Status_History - DEBUG - add_block_snapshot - Snapshot added: mission=M001 region=North block=B001
2026-09-11 20:03:46,793 - Code.Dynamic_War_Manager.Source.Context.Target_Status_History - DEBUG - add_block_snapshot - Snapshot added: mission=M001 region=North block=B001
2026-09-11 20:03:46,793 - Code.Dynamic_War_Manager.Source.Context.Target_Status_History - DEBUG - add_block_snapshot - Snapshot added: mission=M002 region=North block=B002
2026-09-11 20:03:46,793 - Code.Dynamic_War_Manager.Source.Context.Target_Status_History - DEBUG - add_block_snapshot - Snapshot added: mission=M002 region=North block=B001
2026-09-11 20:03:46,794 - Code.Dynamic_War_Manager.Source.Context.Target_Status_History - DEBUG - add_block_snapshot - Snapshot added: mission=M001 region=North block=B001
2026-09-11 20:03:46,794 - Code.Dynamic_War_Manager.Source.Context.Target_Status_History - DEBUG - add_block_snapshot - Snapshot added: mission=M001 region=North block=B001
2026-09-11 20:03:46,794 - Code.Dynamic_War_Manager.Source.Context.Target_Status_History - DEBUG - add_block_snapshot - Snapshot added: mission=M001 region=North block=B001
2026-09-11 20:03:46,794 - Code.Dynamic_War_Manager.Source.Context.Target_Status_History - DEBUG - add_block_snapshot - Snapshot added: mission=M001 region=North block=B001
2026-09-11 20:03:46,794 - Code.Dynamic_War_Manager.Source.Context.Target_Status_History - DEBUG - add_block_snapshot - Snapshot added: mission=M001 region=North block=B001
2026-09-11 20:03:46,794 - Code.Dynamic_War_Manager.Source.Context.Target_Status_History - DEBUG - add_block_snapshot - Snapshot added: mission=M002 region=North block=B001
2026-09-11 20:03:46,794 - Code.Dynamic_War_Manager.Source.Context.Target_Status_History - DEBUG - add_block_snapshot - Snapshot added: mission=M001 region=North block=B001
2026-09-11 20:03:46,795 - Code.Dynamic_War_Manager.Source.Context.Target_Status_History - DEBUG - add_block_snapshot - Snapshot added: mission=M002 region=North block=B001
2026-09-11 20:03:46,795 - Code.Dynamic_War_Manager.Source.Context.Target_Status_History - DEBUG - add_block_snapshot - Snapshot added: mission=M001 region=North block=B001
2026-09-11 20:03:46,795 - Code.Dynamic_War_Manager.Source.Context.Target_Status_History - DEBUG - add_block_snapshot - Snapshot added: mission=M001 region=North block=B001
2026-09-11 20:03:46,795 - Code.Dynamic_War_Manager.Source.Context.Target_Status_History - DEBUG - add_block_snapshot - Snapshot added: mission=M001 region=North block=B001
2026-09-11 20:03:46,795 - Code.Dynamic_War_Manager.Source.Context.Target_Status_History - DEBUG - add_block_snapshot - Snapshot added: mission=M001 region=North block=B001
2026-09-11 20:03:46,795 - Code.Dynamic_War_Manager.Source.Context.Target_Status_History - DEBUG - add_block_snapshot - Snapshot added: mission=M001 region=North block=B001
2026-09-11 20:03:46,795 - Code.Dynamic_War_Manager.Source.Context.Target_Status_History - DEBUG - add_block_snapshot - Snapshot added: mission=M002 region=North block=B001
2026-09-11 20:03:46,796 - Code.Dynamic_War_Manager.Source.Context.Target_Status_History - DEBUG - add_block_snapshot - Snapshot added: mission=M001 region=North block=B001
2026-09-11 20:03:46,796 - Code.Dynamic_War_Manager.Source.Context.Target_Status_History - DEBUG - add_block_snapshot - Snapshot added: mission=M002 region=South block=B002
2026-09-11 20:03:46,796 - Code.Dynamic_War_Manager.Source.Context.Target_Status_History - INFO - save - TargetStatusHistory saved to /tmp/tmpya7hq_iy.json (2 missions).
2026-09-11 20:03:46,796 - Code.Dynamic_War_Manager.Source.Context.Target_Status_History - INFO - load - TargetStatusHistory loaded from /tmp/tmpya7hq_iy.json (2 missions).
2026-09-11 20:03:46,796 - Code.Dynamic_War_Manager.Source.Context.Target_Status_History - DEBUG - add_block_snapshot - Snapshot added: mission=M001 region=North block=B001
2026-09-11 20:03:46,796 - Code.Dynamic_War_Manager.Source.Context.Target_Status_History - DEBUG - add_block_snapshot - Snapshot added: mission=M002 region=North block=B001
2026-09-11 20:03:46,797 - Code.Dynamic_War_Manager.Source.Context.Target_Status_History - DEBUG - add_block_snapshot - Snapshot added: mission=M001 region=North block=B001
2026-09-11 20:03:46,797 - Code.Dynamic_War_Manager.Source.Context.Target_Status_History - DEBUG - add_block_snapshot - Snapshot added: mission=M001 region=North block=B001
2026-09-11 20:03:46,797 - Code.Dynamic_War_Manager.Source.Context.Target_Status_History - INFO - save - TargetStatusHistory saved to /tmp/tmpuje1iiz8.json (1 missions).
2026-09-12 09:28:41,164 - Code.Dynamic_War_Manager.Source.Context.Target_Status_History - DEBUG - add_block_snapshot - Snapshot added: mission=M001 region=North block=B001
2026-09-12 09:28:41,166 - Code.Dynamic_War_Manager.Source.Context.Target_Status_History - DEBUG - add_block_snapshot - Snapshot added: mission=M001 region=North block=B001
2026-09-12 09:28:41,167 - Code.Dynamic_War_Manager.Source.Context.Target_Status_History - DEBUG - add_block_snapshot - Snapshot added: mission=M001 region=North block=B001
2026-09-12 09:28:41,168 - Code.Dynamic_War_Manager.Source.Context.Target_Status_History - DEBUG - add_block_snapshot - Snapshot added: mission=M001 region=North block=B001
2026-09-12 09:28:41,168 - Code.Dynamic_War_Manager.Source.Context.Target_Status_History - DEBUG - add_block_snapshot - Snapshot added: mission=M001 region=North block=B001
2026-09-12 09:28:41,170 - Code.Dynamic_War_Manager.Source.Context.Target_Status_History - DEBUG - add_block_snapshot - Snapshot added: mission=M001 region=North block=B001
2026-09-12 09:28:41,170 - Code.Dynamic_War_Manager.Source.Context.Target_Status_History - DEBUG - add_block_snapshot - Snapshot added: mission=M001 region=South block=B002
2026-09-12 09:28:41,170 - Code.Dynamic_War_Manager.Source.Context.Target_Status_History - DEBUG - add_block_snapshot - Snapshot added: mission=M001 region=North block=B001
2026-09-12 09:28:41,171 - Code.Dynamic_War_Manager.Source.Context.Target_Status_History - DEBUG - add_block_snapshot - Snapshot added: mission=M001 region=North block=B001
2026-09-12 09:28:41,171 - Code.Dynamic_War_Manager.Source.Context.Target_Status_History - DEBUG - add_block_snapshot - Snapshot added: mission=M001 region=North block=B002
2026-09-12 09:28:41,171 - Code.Dynamic_War_Manager.Source.Context.Target_Status_History - DEBUG - add_block_snapshot - Snapshot added: mission=M001 region=North block=B001
2026-09-12 09:28:41,172 - Code.Dynamic_War_Manager.Source.Context.Target_Status_History - DEBUG - add_block_snapshot - Snapshot added: mission=M001 region=North block=B001
2026-09-12 09:28:41,172 - Code.Dynamic_War_Manager.Source.Context.Target_Status_History - DEBUG - add_block_snapshot - Snapshot added: mission=M001 region=North block=B001
2026-09-12 09:28:41,173 - Code.Dynamic_War_Manager.Source.Context.Target_Status_History - DEBUG - add_block_snapshot - Snapshot added: mission=M002 region=North block=B002
2026-09-12 09:28:41,174 - Code.Dynamic_War_Manager.Source.Context.Target_Status_History - DEBUG - add_block_snapshot - Snapshot added: mission=M002 region=North block=B001
2026-09-12 09:28:41,174 - Code.Dynamic_War_Manager.Source.Context.Target_Status_History - DEBUG - add_block_snapshot - Snapshot added: mission=M001 region=North block=B001
2026-09-12 09:28:41,174 - Code.Dynamic_War_Manager.Source.Context.Target_Status_History - DEBUG - add_block_snapshot - Snapshot added: mission=M001 region=North block=B001
2026-09-12 09:28:41,174 - Code.Dynamic_War_Manager.Source.Context.Target_Status_History - DEBUG - add_block_snapshot - Snapshot added: mission=M001 region=North block=B001
2026-09-12 09:28:41,175 - Code.Dynamic_War_Manager.Source.Context.Target_Status_History - DEBUG - add_block_snapshot - Snapshot added: mission=M001 region=North block=B001
2026-09-12 09:28:41,175 - Code.Dynamic_War_Manager.Source.Context.Target_Status_History - DEBUG - add_block_snapshot - Snapshot added: mission=M001 region=North block=B001
2026-09-12 09:28:41,175 - Code.Dynamic_War_Manager.Source.Context.Target_Status_History - DEBUG - add_block_snapshot - Snapshot added: mission=M002 region=North block=B001
2026-09-12 09:28:41,176 - Code.Dynamic_War_Manager.Source.Context.Target_Status_History - DEBUG - add_block_snapshot - Snapshot added: mission=M001 region=North block=B001
2026-09-12 09:28:41,176 - Code.Dynamic_War_Manager.Source.Context.Target_Status_History - DEBUG - add_block_snapshot - Snapshot added: mission=M002 region=North block=B001
2026-09-12 09:28:41,176 - Code.Dynamic_War_Manager.Source.Context.Target_Status_History - DEBUG - add_block_snapshot - Snapshot added: mission=M001 region=North block=B001
2026-09-12 09:28:41,177 - Code.Dynamic_War_Manager.Source.Context.Target_Status_History - DEBUG - add_block_snapshot - Snapshot added: mission=M001 region=North block=B001
2026-09-12 09:28:41,177 - Code.Dynamic_War_Manager.Source.Context.Target_Status_History - DEBUG - add_block_snapshot - Snapshot added: mission=M001 region=North block=B001
2026-09-12 09:28:41,178 - Code.Dynamic_War_Manager.Source.Context.Target_Status_History - DEBUG - add_block_snapshot - Snapshot added: mission=M001 region=North block=B001
2026-09-12 09:28:41,178 - Code.Dynamic_War_Manager.Source.Context.Target_Status_History - DEBUG - add_block_snapshot - Snapshot added: mission=M001 region=North block=B001
2026-09-12 09:28:41,178 - Code.Dynamic_War_Manager.Source.Context.Target_Status_History - DEBUG - add_block_snapshot - Snapshot added: mission=M002 region=North block=B001
2026-09-12 09:28:41,179 - Code.Dynamic_War_Manager.Source.Context.Target_Status_History - DEBUG - add_block_snapshot - Snapshot added: mission=M001 region=North block=B001
2026-09-12 09:28:41,179 - Code.Dynamic_War_Manager.Source.Context.Target_Status_History - DEBUG - add_block_snapshot - Snapshot added: mission=M002 region=South block=B002
2026-09-12 09:28:41,180 - Code.Dynamic_War_Manager.Source.Context.Target_Status_History - INFO - save - TargetStatusHistory saved to /tmp/tmp144qevs7.json (2 missions).
2026-09-12 09:28:41,180 - Code.Dynamic_War_Manager.Source.Context.Target_Status_History - INFO - load - TargetStatusHistory loaded from /tmp/tmp144qevs7.json (2 missions).
2026-09-12 09:28:41,181 - Code.Dynamic_War_Manager.Source.Context.Target_Status_History - DEBUG - add_block_snapshot - Snapshot added: mission=M001 region=North block=B001
2026-09-12 09:28:41,181 - Code.Dynamic_War_Manager.Source.Context.Target_Status_History - DEBUG - add_block_snapshot - Snapshot added: mission=M002 region=North block=B001
2026-09-12 09:28:41,181 - Code.Dynamic_War_Manager.Source.Context.Target_Status_History - DEBUG - add_block_snapshot - Snapshot added: mission=M001 region=North block=B001
2026-09-12 09:28:41,182 - Code.Dynamic_War_Manager.Source.Context.Target_Status_History - DEBUG - add_block_snapshot - Snapshot added: mission=M001 region=North block=B001
2026-09-12 09:28:41,182 - Code.Dynamic_War_Manager.Source.Context.Target_Status_History - INFO - save - TargetStatusHistory saved to /tmp/tmpa2gm1pwl.json (1 missions).
2026-09-12 09:30:39,062 - Code.Dynamic_War_Manager.Source.Context.Target_Status_History - DEBUG - add_block_snapshot - Snapshot added: mission=M001 region=North block=B001
2026-09-12 09:30:39,062 - Code.Dynamic_War_Manager.Source.Context.Target_Status_History - DEBUG - add_block_snapshot - Snapshot added: mission=M001 region=North block=B001
2026-09-12 09:30:39,062 - Code.Dynamic_War_Manager.Source.Context.Target_Status_History - DEBUG - add_block_snapshot - Snapshot added: mission=M001 region=North block=B001
2026-09-12 09:30:39,062 - Code.Dynamic_War_Manager.Source.Context.Target_Status_History - DEBUG - add_block_snapshot - Snapshot added: mission=M001 region=North block=B001
2026-09-12 09:30:39,062 - Code.Dynamic_War_Manager.Source.Context.Target_Status_History - DEBUG - add_block_snapshot - Snapshot added: mission=M001 region=North block=B001
2026-09-12 09:30:39,063 - Code.Dynamic_War_Manager.Source.Context.Target_Status_History - DEBUG - add_block_snapshot - Snapshot added: mission=M001 region=North block=B001
2026-09-12 09:30:39,063 - Code.Dynamic_War_Manager.Source.Context.Target_Status_History - DEBUG - add_block_snapshot - Snapshot added: mission=M001 region=South block=B002
2026-09-12 09:30:39,063 - Code.Dynamic_War_Manager.Source.Context.Target_Status_History - DEBUG - add_block_snapshot - Snapshot added: mission=M001 region=North block=B001
2026-09-12 09:30:39,063 - Code.Dynamic_War_Manager.Source.Context.Target_Status_History - DEBUG - add_block_snapshot - Snapshot added: mission=M001 region=North block=B001
2026-09-12 09:30:39,063 - Code.Dynamic_War_Manager.Source.Context.Target_Status_History - DEBUG - add_block_snapshot - Snapshot added: mission=M001 region=North block=B002
2026-09-12 09:30:39,063 - Code.Dynamic_War_Manager.Source.Context.Target_Status_History - DEBUG - add_block_snapshot - Snapshot added: mission=M001 region=North block=B001
2026-09-12 09:30:39,063 - Code.Dynamic_War_Manager.Source.Context.Target_Status_History - DEBUG - add_block_snapshot - Snapshot added: mission=M001 region=North block=B001
2026-09-12 09:30:39,064 - Code.Dynamic_War_Manager.Source.Context.Target_Status_History - DEBUG - add_block_snapshot - Snapshot added: mission=M001 region=North block=B001
2026-09-12 09:30:39,064 - Code.Dynamic_War_Manager.Source.Context.Target_Status_History - DEBUG - add_block_snapshot - Snapshot added: mission=M002 region=North block=B002
2026-09-12 09:30:39,064 - Code.Dynamic_War_Manager.Source.Context.Target_Status_History - DEBUG - add_block_snapshot - Snapshot added: mission=M002 region=North block=B001
2026-09-12 09:30:39,064 - Code.Dynamic_War_Manager.Source.Context.Target_Status_History - DEBUG - add_block_snapshot - Snapshot added: mission=M001 region=North block=B001
2026-09-12 09:30:39,064 - Code.Dynamic_War_Manager.Source.Context.Target_Status_History - DEBUG - add_block_snapshot - Snapshot added: mission=M001 region=North block=B001
2026-09-12 09:30:39,064 - Code.Dynamic_War_Manager.Source.Context.Target_Status_History - DEBUG - add_block_snapshot - Snapshot added: mission=M001 region=North block=B001
2026-09-12 09:30:39,064 - Code.Dynamic_War_Manager.Source.Context.Target_Status_History - DEBUG - add_block_snapshot - Snapshot added: mission=M001 region=North block=B001
2026-09-12 09:30:39,064 - Code.Dynamic_War_Manager.Source.Context.Target_Status_History - DEBUG - add_block_snapshot - Snapshot added: mission=M001 region=North block=B001
2026-09-12 09:30:39,064 - Code.Dynamic_War_Manager.Source.Context.Target_Status_History - DEBUG - add_block_snapshot - Snapshot added: mission=M002 region=North block=B001
2026-09-12 09:30:39,065 - Code.Dynamic_War_Manager.Source.Context.Target_Status_History - DEBUG - add_block_snapshot - Snapshot added: mission=M001 region=North block=B001
2026-09-12 09:30:39,065 - Code.Dynamic_War_Manager.Source.Context.Target_Status_History - DEBUG - add_block_snapshot - Snapshot added: mission=M002 region=North block=B001
2026-09-12 09:30:39,065 - Code.Dynamic_War_Manager.Source.Context.Target_Status_History - DEBUG - add_block_snapshot - Snapshot added: mission=M001 region=North block=B001
2026-09-12 09:30:39,065 - Code.Dynamic_War_Manager.Source.Context.Target_Status_History - DEBUG - add_block_snapshot - Snapshot added: mission=M001 region=North block=B001
2026-09-12 09:30:39,065 - Code.Dynamic_War_Manager.Source.Context.Target_Status_History - DEBUG - add_block_snapshot - Snapshot added: mission=M001 region=North block=B001
2026-09-12 09:30:39,065 - Code.Dynamic_War_Manager.Source.Context.Target_Status_History - DEBUG - add_block_snapshot - Snapshot added: mission=M001 region=North block=B001
2026-09-12 09:30:39,065 - Code.Dynamic_War_Manager.Source.Context.Target_Status_History - DEBUG - add_block_snapshot - Snapshot added: mission=M001 region=North block=B001
2026-09-12 09:30:39,065 - Code.Dynamic_War_Manager.Source.Context.Target_Status_History - DEBUG - add_block_snapshot - Snapshot added: mission=M002 region=North block=B001
2026-09-12 09:30:39,065 - Code.Dynamic_War_Manager.Source.Context.Target_Status_History - DEBUG - add_block_snapshot - Snapshot added: mission=M001 region=North block=B001
2026-09-12 09:30:39,066 - Code.Dynamic_War_Manager.Source.Context.Target_Status_History - DEBUG - add_block_snapshot - Snapshot added: mission=M002 region=South block=B002
2026-09-12 09:30:39,066 - Code.Dynamic_War_Manager.Source.Context.Target_Status_History - INFO - save - TargetStatusHistory saved to /tmp/tmpimt3ey4z.json (2 missions).
2026-09-12 09:30:39,066 - Code.Dynamic_War_Manager.Source.Context.Target_Status_History - INFO - load - TargetStatusHistory loaded from /tmp/tmpimt3ey4z.json (2 missions).
2026-09-12 09:30:39,066 - Code.Dynamic_War_Manager.Source.Context.Target_Status_History - DEBUG - add_block_snapshot - Snapshot added: mission=M001 region=North block=B001
2026-09-12 09:30:39,066 - Code.Dynamic_War_Manager.Source.Context.Target_Status_History - DEBUG - add_block_snapshot - Snapshot added: mission=M002 region=North block=B001
2026-09-12 09:30:39,066 - Code.Dynamic_War_Manager.Source.Context.Target_Status_History - DEBUG - add_block_snapshot - Snapshot added: mission=M001 region=North block=B001
2026-09-12 09:30:39,067 - Code.Dynamic_War_Manager.Source.Context.Target_Status_History - DEBUG - add_block_snapshot - Snapshot added: mission=M001 region=North block=B001
2026-09-12 09:30:39,067 - Code.Dynamic_War_Manager.Source.Context.Target_Status_History - INFO - save - TargetStatusHistory saved to /tmp/tmpben65bb4.json (1 missions).
2026-09-12 14:47:34,269 - Code.Dynamic_War_Manager.Source.Context.Target_Status_History - DEBUG - add_block_snapshot - Snapshot added: mission=M001 region=North block=B001
2026-09-12 14:47:34,269 - Code.Dynamic_War_Manager.Source.Context.Target_Status_History - DEBUG - add_block_snapshot - Snapshot added: mission=M001 region=North block=B001
2026-09-12 14:47:34,269 - Code.Dynamic_War_Manager.Source.Context.Target_Status_History - DEBUG - add_block_snapshot - Snapshot added: mission=M001 region=North block=B001
2026-09-12 14:47:34,269 - Code.Dynamic_War_Manager.Source.Context.Target_Status_History - DEBUG - add_block_snapshot - Snapshot added: mission=M001 region=North block=B001
2026-09-12 14:47:34,269 - Code.Dynamic_War_Manager.Source.Context.Target_Status_History - DEBUG - add_block_snapshot - Snapshot added: mission=M001 region=North block=B001
2026-09-12 14:47:34,269 - Code.Dynamic_War_Manager.Source.Context.Target_Status_History - DEBUG - add_block_snapshot - Snapshot added: mission=M001 region=North block=B001
2026-09-12 14:47:34,269 - Code.Dynamic_War_Manager.Source.Context.Target_Status_History - DEBUG - add_block_snapshot - Snapshot added: mission=M001 region=South block=B002
2026-09-12 14:47:34,270 - Code.Dynamic_War_Manager.Source.Context.Target_Status_History - DEBUG - add_block_snapshot - Snapshot added: mission=M001 region=North block=B001
2026-09-12 14:47:34,270 - Code.Dynamic_War_Manager.Source.Context.Target_Status_History - DEBUG - add_block_snapshot - Snapshot added: mission=M001 region=North block=B001
2026-09-12 14:47:34,270 - Code.Dynamic_War_Manager.Source.Context.Target_Status_History - DEBUG - add_block_snapshot - Snapshot added: mission=M001 region=North block=B002
2026-09-12 14:47:34,270 - Code.Dynamic_War_Manager.Source.Context.Target_Status_History - DEBUG - add_block_snapshot - Snapshot added: mission=M001 region=North block=B001
2026-09-12 14:47:34,270 - Code.Dynamic_War_Manager.Source.Context.Target_Status_History - DEBUG - add_block_snapshot - Snapshot added: mission=M001 region=North block=B001
2026-09-12 14:47:34,270 - Code.Dynamic_War_Manager.Source.Context.Target_Status_History - DEBUG - add_block_snapshot - Snapshot added: mission=M001 region=North block=B001
2026-09-12 14:47:34,270 - Code.Dynamic_War_Manager.Source.Context.Target_Status_History - DEBUG - add_block_snapshot - Snapshot added: mission=M002 region=North block=B002
2026-09-12 14:47:34,270 - Code.Dynamic_War_Manager.Source.Context.Target_Status_History - DEBUG - add_block_snapshot - Snapshot added: mission=M002 region=North block=B001
2026-09-12 14:47:34,270 - Code.Dynamic_War_Manager.Source.Context.Target_Status_History - DEBUG - add_block_snapshot - Snapshot added: mission=M001 region=North block=B001
2026-09-12 14:47:34,270 - Code.Dynamic_War_Manager.Source.Context.Target_Status_History - DEBUG - add_block_snapshot - Snapshot added: mission=M001 region=North block=B001
2026-09-12 14:47:34,271 - Code.Dynamic_War_Manager.Source.Context.Target_Status_History - DEBUG - add_block_snapshot - Snapshot added: mission=M001 region=North block=B001
2026-09-12 14:47:34,271 - Code.Dynamic_War_Manager.Source.Context.Target_Status_History - DEBUG - add_block_snapshot - Snapshot added: mission=M001 region=North block=B001
2026-09-12 14:47:34,271 - Code.Dynamic_War_Manager.Source.Context.Target_Status_History - DEBUG - add_block_snapshot - Snapshot added: mission=M001 region=North block=B001
2026-09-12 14:47:34,271 - Code.Dynamic_War_Manager.Source.Context.Target_Status_History - DEBUG - add_block_snapshot - Snapshot added: mission=M002 region=North block=B001
2026-09-12 14:47:34,271 - Code.Dynamic_War_Manager.Source.Context.Target_Status_History - DEBUG - add_block_snapshot - Snapshot added: mission=M001 region=North block=B001
2026-09-12 14:47:34,271 - Code.Dynamic_War_Manager.Source.Context.Target_Status_History - DEBUG - add_block_snapshot - Snapshot added: mission=M002 region=North block=B001
2026-09-12 14:47:34,271 - Code.Dynamic_War_Manager.Source.Context.Target_Status_History - DEBUG - add_block_snapshot - Snapshot added: mission=M001 region=North block=B001
2026-09-12 14:47:34,272 - Code.Dynamic_War_Manager.Source.Context.Target_Status_History - DEBUG - add_block_snapshot - Snapshot added: mission=M001 region=North block=B001
2026-09-12 14:47:34,272 - Code.Dynamic_War_Manager.Source.Context.Target_Status_History - DEBUG - add_block_snapshot - Snapshot added: mission=M001 region=North block=B001
2026-09-12 14:47:34,272 - Code.Dynamic_War_Manager.Source.Context.Target_Status_History - DEBUG - add_block_snapshot - Snapshot added: mission=M001 region=North block=B001
2026-09-12 14:47:34,272 - Code.Dynamic_War_Manager.Source.Context.Target_Status_History - DEBUG - add_block_snapshot - Snapshot added: mission=M001 region=North block=B001
2026-09-12 14:47:34,272 - Code.Dynamic_War_Manager.Source.Context.Target_Status_History - DEBUG - add_block_snapshot - Snapshot added: mission=M002 region=North block=B001
2026-09-12 14:47:34,272 - Code.Dynamic_War_Manager.Source.Context.Target_Status_History - DEBUG - add_block_snapshot - Snapshot added: mission=M001 region=North block=B001
2026-09-12 14:47:34,272 - Code.Dynamic_War_Manager.Source.Context.Target_Status_History - DEBUG - add_block_snapshot - Snapshot added: mission=M002 region=South block=B002
2026-09-12 14:47:34,273 - Code.Dynamic_War_Manager.Source.Context.Target_Status_History - INFO - save - TargetStatusHistory saved to /tmp/tmptjd0huu5.json (2 missions).
2026-09-12 14:47:34,273 - Code.Dynamic_War_Manager.Source.Context.Target_Status_History - INFO - load - TargetStatusHistory loaded from /tmp/tmptjd0huu5.json (2 missions).
2026-09-12 14:47:34,273 - Code.Dynamic_War_Manager.Source.Context.Target_Status_History - DEBUG - add_block_snapshot - Snapshot added: mission=M001 region=North block=B001
2026-09-12 14:47:34,273 - Code.Dynamic_War_Manager.Source.Context.Target_Status_History - DEBUG - add_block_snapshot - Snapshot added: mission=M002 region=North block=B001
2026-09-12 14:47:34,273 - Code.Dynamic_War_Manager.Source.Context.Target_Status_History - DEBUG - add_block_snapshot - Snapshot added: mission=M001 region=North block=B001
2026-09-12 14:47:34,273 - Code.Dynamic_War_Manager.Source.Context.Target_Status_History - DEBUG - add_block_snapshot - Snapshot added: mission=M001 region=North block=B001
2026-09-12 14:47:34,273 - Code.Dynamic_War_Manager.Source.Context.Target_Status_History - INFO - save - TargetStatusHistory saved to /tmp/tmpqm4zojna.json (1 missions).
2026-09-12 14:49:24,730 - Code.Dynamic_War_Manager.Source.Context.Target_Status_History - DEBUG - add_block_snapshot - Snapshot added: mission=M001 region=North block=B001
2026-09-12 14:49:24,730 - Code.Dynamic_War_Manager.Source.Context.Target_Status_History - DEBUG - add_block_snapshot - Snapshot added: mission=M001 region=North block=B001
2026-09-12 14:49:24,730 - Code.Dynamic_War_Manager.Source.Context.Target_Status_History - DEBUG - add_block_snapshot - Snapshot added: mission=M001 region=North block=B001
2026-09-12 14:49:24,731 - Code.Dynamic_War_Manager.Source.Context.Target_Status_History - DEBUG - add_block_snapshot - Snapshot added: mission=M001 region=North block=B001
2026-09-12 14:49:24,731 - Code.Dynamic_War_Manager.Source.Context.Target_Status_History - DEBUG - add_block_snapshot - Snapshot added: mission=M001 region=North block=B001
2026-09-12 14:49:24,731 - Code.Dynamic_War_Manager.Source.Context.Target_Status_History - DEBUG - add_block_snapshot - Snapshot added: mission=M001 region=North block=B001
2026-09-12 14:49:24,731 - Code.Dynamic_War_Manager.Source.Context.Target_Status_History - DEBUG - add_block_snapshot - Snapshot added: mission=M001 region=South block=B002
2026-09-12 14:49:24,731 - Code.Dynamic_War_Manager.Source.Context.Target_Status_History - DEBUG - add_block_snapshot - Snapshot added: mission=M001 region=North block=B001
2026-09-12 14:49:24,731 - Code.Dynamic_War_Manager.Source.Context.Target_Status_History - DEBUG - add_block_snapshot - Snapshot added: mission=M001 region=North block=B001
2026-09-12 14:49:24,731 - Code.Dynamic_War_Manager.Source.Context.Target_Status_History - DEBUG - add_block_snapshot - Snapshot added: mission=M001 region=North block=B002
2026-09-12 14:49:24,731 - Code.Dynamic_War_Manager.Source.Context.Target_Status_History - DEBUG - add_block_snapshot - Snapshot added: mission=M001 region=North block=B001
2026-09-12 14:49:24,732 - Code.Dynamic_War_Manager.Source.Context.Target_Status_History - DEBUG - add_block_snapshot - Snapshot added: mission=M001 region=North block=B001
2026-09-12 14:49:24,732 - Code.Dynamic_War_Manager.Source.Context.Target_Status_History - DEBUG - add_block_snapshot - Snapshot added: mission=M001 region=North block=B001
2026-09-12 14:49:24,732 - Code.Dynamic_War_Manager.Source.Context.Target_Status_History - DEBUG - add_block_snapshot - Snapshot added: mission=M002 region=North block=B002
2026-09-12 14:49:24,732 - Code.Dynamic_War_Manager.Source.Context.Target_Status_History - DEBUG - add_block_snapshot - Snapshot added: mission=M002 region=North block=B001
2026-09-12 14:49:24,732 - Code.Dynamic_War_Manager.Source.Context.Target_Status_History - DEBUG - add_block_snapshot - Snapshot added: mission=M001 region=North block=B001
2026-09-12 14:49:24,732 - Code.Dynamic_War_Manager.Source.Context.Target_Status_History - DEBUG - add_block_snapshot - Snapshot added: mission=M001 region=North block=B001
2026-09-12 14:49:24,732 - Code.Dynamic_War_Manager.Source.Context.Target_Status_History - DEBUG - add_block_snapshot - Snapshot added: mission=M001 region=North block=B001
2026-09-12 14:49:24,733 - Code.Dynamic_War_Manager.Source.Context.Target_Status_History - DEBUG - add_block_snapshot - Snapshot added: mission=M001 region=North block=B001
2026-09-12 14:49:24,733 - Code.Dynamic_War_Manager.Source.Context.Target_Status_History - DEBUG - add_block_snapshot - Snapshot added: mission=M001 region=North block=B001
2026-09-12 14:49:24,733 - Code.Dynamic_War_Manager.Source.Context.Target_Status_History - DEBUG - add_block_snapshot - Snapshot added: mission=M002 region=North block=B001
2026-09-12 14:49:24,733 - Code.Dynamic_War_Manager.Source.Context.Target_Status_History - DEBUG - add_block_snapshot - Snapshot added: mission=M001 region=North block=B001
2026-09-12 14:49:24,733 - Code.Dynamic_War_Manager.Source.Context.Target_Status_History - DEBUG - add_block_snapshot - Snapshot added: mission=M002 region=North block=B001
2026-09-12 14:49:24,733 - Code.Dynamic_War_Manager.Source.Context.Target_Status_History - DEBUG - add_block_snapshot - Snapshot added: mission=M001 region=North block=B001
2026-09-12 14:49:24,733 - Code.Dynamic_War_Manager.Source.Context.Target_Status_History - DEBUG - add_block_snapshot - Snapshot added: mission=M001 region=North block=B001
2026-09-12 14:49:24,733 - Code.Dynamic_War_Manager.Source.Context.Target_Status_History - DEBUG - add_block_snapshot - Snapshot added: mission=M001 region=North block=B001
2026-09-12 14:49:24,734 - Code.Dynamic_War_Manager.Source.Context.Target_Status_History - DEBUG - add_block_snapshot - Snapshot added: mission=M001 region=North block=B001
2026-09-12 14:49:24,734 - Code.Dynamic_War_Manager.Source.Context.Target_Status_History - DEBUG - add_block_snapshot - Snapshot added: mission=M001 region=North block=B001
2026-09-12 14:49:24,734 - Code.Dynamic_War_Manager.Source.Context.Target_Status_History - DEBUG - add_block_snapshot - Snapshot added: mission=M002 region=North block=B001
2026-09-12 14:49:24,734 - Code.Dynamic_War_Manager.Source.Context.Target_Status_History - DEBUG - add_block_snapshot - Snapshot added: mission=M001 region=North block=B001
2026-09-12 14:49:24,734 - Code.Dynamic_War_Manager.Source.Context.Target_Status_History - DEBUG - add_block_snapshot - Snapshot added: mission=M002 region=South block=B002
2026-09-12 14:49:24,734 - Code.Dynamic_War_Manager.Source.Context.Target_Status_History - INFO - save - TargetStatusHistory saved to /tmp/tmp41cj8bjd.json (2 missions).
2026-09-12 14:49:24,734 - Code.Dynamic_War_Manager.Source.Context.Target_Status_History - INFO - load - TargetStatusHistory loaded from /tmp/tmp41cj8bjd.json (2 missions).
2026-09-12 14:49:24,735 - Code.Dynamic_War_Manager.Source.Context.Target_Status_History - DEBUG - add_block_snapshot - Snapshot added: mission=M001 region=North block=B001
2026-09-12 14:49:24,735 - Code.Dynamic_War_Manager.Source.Context.Target_Status_History - DEBUG - add_block_snapshot - Snapshot added: mission=M002 region=North block=B001
2026-09-12 14:49:24,735 - Code.Dynamic_War_Manager.Source.Context.Target_Status_History - DEBUG - add_block_snapshot - Snapshot added: mission=M001 region=North block=B001
2026-09-12 14:49:24,735 - Code.Dynamic_War_Manager.Source.Context.Target_Status_History - DEBUG - add_block_snapshot - Snapshot added: mission=M001 region=North block=B001
2026-09-12 14:49:24,735 - Code.Dynamic_War_Manager.Source.Context.Target_Status_History - INFO - save - TargetStatusHistory saved to /tmp/tmpnpkw25cv.json (1 missions).
2026-09-12 15:57:36,263 - Code.Dynamic_War_Manager.Source.Context.Target_Status_History - DEBUG - add_block_snapshot - Snapshot added: mission=M001 region=North block=B001
2026-09-12 15:57:36,263 - Code.Dynamic_War_Manager.Source.Context.Target_Status_History - DEBUG - add_block_snapshot - Snapshot added: mission=M001 region=North block=B001
2026-09-12 15:57:36,263 - Code.Dynamic_War_Manager.Source.Context.Target_Status_History - DEBUG - add_block_snapshot - Snapshot added: mission=M001 region=North block=B001
2026-09-12 15:57:36,263 - Code.Dynamic_War_Manager.Source.Context.Target_Status_History - DEBUG - add_block_snapshot - Snapshot added: mission=M001 region=North block=B001
2026-09-12 15:57:36,264 - Code.Dynamic_War_Manager.Source.Context.Target_Status_History - DEBUG - add_block_snapshot - Snapshot added: mission=M001 region=North block=B001
2026-09-12 15:57:36,264 - Code.Dynamic_War_Manager.Source.Context.Target_Status_History - DEBUG - add_block_snapshot - Snapshot added: mission=M001 region=North block=B001
2026-09-12 15:57:36,264 - Code.Dynamic_War_Manager.Source.Context.Target_Status_History - DEBUG - add_block_snapshot - Snapshot added: mission=M001 region=South block=B002
2026-09-12 15:57:36,264 - Code.Dynamic_War_Manager.Source.Context.Target_Status_History - DEBUG - add_block_snapshot - Snapshot added: mission=M001 region=North block=B001
2026-09-12 15:57:36,264 - Code.Dynamic_War_Manager.Source.Context.Target_Status_History - DEBUG - add_block_snapshot - Snapshot added: mission=M001 region=North block=B001
2026-09-12 15:57:36,264 - Code.Dynamic_War_Manager.Source.Context.Target_Status_History - DEBUG - add_block_snapshot - Snapshot added: mission=M001 region=North block=B002
2026-09-12 15:57:36,264 - Code.Dynamic_War_Manager.Source.Context.Target_Status_History - DEBUG - add_block_snapshot - Snapshot added: mission=M001 region=North block=B001
2026-09-12 15:57:36,264 - Code.Dynamic_War_Manager.Source.Context.Target_Status_History - DEBUG - add_block_snapshot - Snapshot added: mission=M001 region=North block=B001
2026-09-12 15:57:36,264 - Code.Dynamic_War_Manager.Source.Context.Target_Status_History - DEBUG - add_block_snapshot - Snapshot added: mission=M001 region=North block=B001
2026-09-12 15:57:36,265 - Code.Dynamic_War_Manager.Source.Context.Target_Status_History - DEBUG - add_block_snapshot - Snapshot added: mission=M002 region=North block=B002
2026-09-12 15:57:36,265 - Code.Dynamic_War_Manager.Source.Context.Target_Status_History - DEBUG - add_block_snapshot - Snapshot added: mission=M002 region=North block=B001
2026-09-12 15:57:36,265 - Code.Dynamic_War_Manager.Source.Context.Target_Status_History - DEBUG - add_block_snapshot - Snapshot added: mission=M001 region=North block=B001
2026-09-12 15:57:36,265 - Code.Dynamic_War_Manager.Source.Context.Target_Status_History - DEBUG - add_block_snapshot - Snapshot added: mission=M001 region=North block=B001
2026-09-12 15:57:36,265 - Code.Dynamic_War_Manager.Source.Context.Target_Status_History - DEBUG - add_block_snapshot - Snapshot added: mission=M001 region=North block=B001
2026-09-12 15:57:36,265 - Code.Dynamic_War_Manager.Source.Context.Target_Status_History - DEBUG - add_block_snapshot - Snapshot added: mission=M001 region=North block=B001
2026-09-12 15:57:36,265 - Code.Dynamic_War_Manager.Source.Context.Target_Status_History - DEBUG - add_block_snapshot - Snapshot added: mission=M001 region=North block=B001
2026-09-12 15:57:36,265 - Code.Dynamic_War_Manager.Source.Context.Target_Status_History - DEBUG - add_block_snapshot - Snapshot added: mission=M002 region=North block=B001
2026-09-12 15:57:36,266 - Code.Dynamic_War_Manager.Source.Context.Target_Status_History - DEBUG - add_block_snapshot - Snapshot added: mission=M001 region=North block=B001
2026-09-12 15:57:36,266 - Code.Dynamic_War_Manager.Source.Context.Target_Status_History - DEBUG - add_block_snapshot - Snapshot added: mission=M002 region=North block=B001
2026-09-12 15:57:36,266 - Code.Dynamic_War_Manager.Source.Context.Target_Status_History - DEBUG - add_block_snapshot - Snapshot added: mission=M001 region=North block=B001
2026-09-12 15:57:36,266 - Code.Dynamic_War_Manager.Source.Context.Target_Status_History - DEBUG - add_block_snapshot - Snapshot added: mission=M001 region=North block=B001
2026-09-12 15:57:36,266 - Code.Dynamic_War_Manager.Source.Context.Target_Status_History - DEBUG - add_block_snapshot - Snapshot added: mission=M001 region=North block=B001
2026-09-12 15:57:36,266 - Code.Dynamic_War_Manager.Source.Context.Target_Status_History - DEBUG - add_block_snapshot - Snapshot added: mission=M001 region=North block=B001
2026-09-12 15:57:36,266 - Code.Dynamic_War_Manager.Source.Context.Target_Status_History - DEBUG - add_block_snapshot - Snapshot added: mission=M001 region=North block=B001
2026-09-12 15:57:36,266 - Code.Dynamic_War_Manager.Source.Context.Target_Status_History - DEBUG - add_block_snapshot - Snapshot added: mission=M002 region=North block=B001
2026-09-12 15:57:36,267 - Code.Dynamic_War_Manager.Source.Context.Target_Status_History - DEBUG - add_block_snapshot - Snapshot added: mission=M001 region=North block=B001
2026-09-12 15:57:36,267 - Code.Dynamic_War_Manager.Source.Context.Target_Status_History - DEBUG - add_block_snapshot - Snapshot added: mission=M002 region=South block=B002
2026-09-12 15:57:36,267 - Code.Dynamic_War_Manager.Source.Context.Target_Status_History - INFO - save - TargetStatusHistory saved to /tmp/tmpn112x2ex.json (2 missions).
2026-09-12 15:57:36,267 - Code.Dynamic_War_Manager.Source.Context.Target_Status_History - INFO - load - TargetStatusHistory loaded from /tmp/tmpn112x2ex.json (2 missions).
2026-09-12 15:57:36,267 - Code.Dynamic_War_Manager.Source.Context.Target_Status_History - DEBUG - add_block_snapshot - Snapshot added: mission=M001 region=North block=B001
2026-09-12 15:57:36,267 - Code.Dynamic_War_Manager.Source.Context.Target_Status_History - DEBUG - add_block_snapshot - Snapshot added: mission=M002 region=North block=B001
2026-09-12 15:57:36,268 - Code.Dynamic_War_Manager.Source.Context.Target_Status_History - DEBUG - add_block_snapshot - Snapshot added: mission=M001 region=North block=B001
2026-09-12 15:57:36,268 - Code.Dynamic_War_Manager.Source.Context.Target_Status_History - DEBUG - add_block_snapshot - Snapshot added: mission=M001 region=North block=B001
2026-09-12 15:57:36,268 - Code.Dynamic_War_Manager.Source.Context.Target_Status_History - INFO - save - TargetStatusHistory saved to /tmp/tmptrypsydq.json (1 missions).
2026-09-12 16:22:01,729 - Code.Dynamic_War_Manager.Source.Context.Target_Status_History - DEBUG - add_block_snapshot - Snapshot added: mission=M001 region=North block=B001
2026-09-12 16:22:01,730 - Code.Dynamic_War_Manager.Source.Context.Target_Status_History - DEBUG - add_block_snapshot - Snapshot added: mission=M001 region=North block=B001
2026-09-12 16:22:01,730 - Code.Dynamic_War_Manager.Source.Context.Target_Status_History - DEBUG - add_block_snapshot - Snapshot added: mission=M001 region=North block=B001
2026-09-12 16:22:01,730 - Code.Dynamic_War_Manager.Source.Context.Target_Status_History - DEBUG - add_block_snapshot - Snapshot added: mission=M001 region=North block=B001
2026-09-12 16:22:01,730 - Code.Dynamic_War_Manager.Source.Context.Target_Status_History - DEBUG - add_block_snapshot - Snapshot added: mission=M001 region=North block=B001
2026-09-12 16:22:01,730 - Code.Dynamic_War_Manager.Source.Context.Target_Status_History - DEBUG - add_block_snapshot - Snapshot added: mission=M001 region=North block=B001
2026-09-12 16:22:01,730 - Code.Dynamic_War_Manager.Source.Context.Target_Status_History - DEBUG - add_block_snapshot - Snapshot added: mission=M001 region=South block=B002
2026-09-12 16:22:01,730 - Code.Dynamic_War_Manager.Source.Context.Target_Status_History - DEBUG - add_block_snapshot - Snapshot added: mission=M001 region=North block=B001
2026-09-12 16:22:01,730 - Code.Dynamic_War_Manager.Source.Context.Target_Status_History - DEBUG - add_block_snapshot - Snapshot added: mission=M001 region=North block=B001
2026-09-12 16:22:01,730 - Code.Dynamic_War_Manager.Source.Context.Target_Status_History - DEBUG - add_block_snapshot - Snapshot added: mission=M001 region=North block=B002
2026-09-12 16:22:01,730 - Code.Dynamic_War_Manager.Source.Context.Target_Status_History - DEBUG - add_block_snapshot - Snapshot added: mission=M001 region=North block=B001
2026-09-12 16:22:01,731 - Code.Dynamic_War_Manager.Source.Context.Target_Status_History - DEBUG - add_block_snapshot - Snapshot added: mission=M001 region=North block=B001
2026-09-12 16:22:01,731 - Code.Dynamic_War_Manager.Source.Context.Target_Status_History - DEBUG - add_block_snapshot - Snapshot added: mission=M001 region=North block=B001
2026-09-12 16:22:01,731 - Code.Dynamic_War_Manager.Source.Context.Target_Status_History - DEBUG - add_block_snapshot - Snapshot added: mission=M002 region=North block=B002
2026-09-12 16:22:01,731 - Code.Dynamic_War_Manager.Source.Context.Target_Status_History - DEBUG - add_block_snapshot - Snapshot added: mission=M002 region=North block=B001
2026-09-12 16:22:01,731 - Code.Dynamic_War_Manager.Source.Context.Target_Status_History - DEBUG - add_block_snapshot - Snapshot added: mission=M001 region=North block=B001
2026-09-12 16:22:01,731 - Code.Dynamic_War_Manager.Source.Context.Target_Status_History - DEBUG - add_block_snapshot - Snapshot added: mission=M001 region=North block=B001
2026-09-12 16:22:01,731 - Code.Dynamic_War_Manager.Source.Context.Target_Status_History - DEBUG - add_block_snapshot - Snapshot added: mission=M001 region=North block=B001
2026-09-12 16:22:01,731 - Code.Dynamic_War_Manager.Source.Context.Target_Status_History - DEBUG - add_block_snapshot - Snapshot added: mission=M001 region=North block=B001
2026-09-12 16:22:01,731 - Code.Dynamic_War_Manager.Source.Context.Target_Status_History - DEBUG - add_block_snapshot - Snapshot added: mission=M001 region=North block=B001
2026-09-12 16:22:01,732 - Code.Dynamic_War_Manager.Source.Context.Target_Status_History - DEBUG - add_block_snapshot - Snapshot added: mission=M002 region=North block=B001
2026-09-12 16:22:01,732 - Code.Dynamic_War_Manager.Source.Context.Target_Status_History - DEBUG - add_block_snapshot - Snapshot added: mission=M001 region=North block=B001
2026-09-12 16:22:01,732 - Code.Dynamic_War_Manager.Source.Context.Target_Status_History - DEBUG - add_block_snapshot - Snapshot added: mission=M002 region=North block=B001
2026-09-12 16:22:01,732 - Code.Dynamic_War_Manager.Source.Context.Target_Status_History - DEBUG - add_block_snapshot - Snapshot added: mission=M001 region=North block=B001
2026-09-12 16:22:01,732 - Code.Dynamic_War_Manager.Source.Context.Target_Status_History - DEBUG - add_block_snapshot - Snapshot added: mission=M001 region=North block=B001
2026-09-12 16:22:01,732 - Code.Dynamic_War_Manager.Source.Context.Target_Status_History - DEBUG - add_block_snapshot - Snapshot added: mission=M001 region=North block=B001
2026-09-12 16:22:01,732 - Code.Dynamic_War_Manager.Source.Context.Target_Status_History - DEBUG - add_block_snapshot - Snapshot added: mission=M001 region=North block=B001
2026-09-12 16:22:01,733 - Code.Dynamic_War_Manager.Source.Context.Target_Status_History - DEBUG - add_block_snapshot - Snapshot added: mission=M001 region=North block=B001
2026-09-12 16:22:01,733 - Code.Dynamic_War_Manager.Source.Context.Target_Status_History - DEBUG - add_block_snapshot - Snapshot added: mission=M002 region=North block=B001
2026-09-12 16:22:01,733 - Code.Dynamic_War_Manager.Source.Context.Target_Status_History - DEBUG - add_block_snapshot - Snapshot added: mission=M001 region=North block=B001
2026-09-12 16:22:01,733 - Code.Dynamic_War_Manager.Source.Context.Target_Status_History - DEBUG - add_block_snapshot - Snapshot added: mission=M002 region=South block=B002
2026-09-12 16:22:01,733 - Code.Dynamic_War_Manager.Source.Context.Target_Status_History - INFO - save - TargetStatusHistory saved to /tmp/tmpfthdsc4u.json (2 missions).
2026-09-12 16:22:01,733 - Code.Dynamic_War_Manager.Source.Context.Target_Status_History - INFO - load - TargetStatusHistory loaded from /tmp/tmpfthdsc4u.json (2 missions).
2026-09-12 16:22:01,734 - Code.Dynamic_War_Manager.Source.Context.Target_Status_History - DEBUG - add_block_snapshot - Snapshot added: mission=M001 region=North block=B001
2026-09-12 16:22:01,734 - Code.Dynamic_War_Manager.Source.Context.Target_Status_History - DEBUG - add_block_snapshot - Snapshot added: mission=M002 region=North block=B001
2026-09-12 16:22:01,734 - Code.Dynamic_War_Manager.Source.Context.Target_Status_History - DEBUG - add_block_snapshot - Snapshot added: mission=M001 region=North block=B001
2026-09-12 16:22:01,734 - Code.Dynamic_War_Manager.Source.Context.Target_Status_History - DEBUG - add_block_snapshot - Snapshot added: mission=M001 region=North block=B001
2026-09-12 16:22:01,734 - Code.Dynamic_War_Manager.Source.Context.Target_Status_History - INFO - save - TargetStatusHistory saved to /tmp/tmpdngov5n2.json (1 missions).
2026-09-12 17:00:13,120 - Code.Dynamic_War_Manager.Source.Context.Target_Status_History - DEBUG - add_block_snapshot - Snapshot added: mission=M001 region=North block=B001
2026-09-12 17:00:13,120 - Code.Dynamic_War_Manager.Source.Context.Target_Status_History - DEBUG - add_block_snapshot - Snapshot added: mission=M001 region=North block=B001
2026-09-12 17:00:13,121 - Code.Dynamic_War_Manager.Source.Context.Target_Status_History - DEBUG - add_block_snapshot - Snapshot added: mission=M001 region=North block=B001
2026-09-12 17:00:13,121 - Code.Dynamic_War_Manager.Source.Context.Target_Status_History - DEBUG - add_block_snapshot - Snapshot added: mission=M001 region=North block=B001
2026-09-12 17:00:13,121 - Code.Dynamic_War_Manager.Source.Context.Target_Status_History - DEBUG - add_block_snapshot - Snapshot added: mission=M001 region=North block=B001
2026-09-12 17:00:13,121 - Code.Dynamic_War_Manager.Source.Context.Target_Status_History - DEBUG - add_block_snapshot - Snapshot added: mission=M001 region=North block=B001
2026-09-12 17:00:13,121 - Code.Dynamic_War_Manager.Source.Context.Target_Status_History - DEBUG - add_block_snapshot - Snapshot added: mission=M001 region=South block=B002
2026-09-12 17:00:13,121 - Code.Dynamic_War_Manager.Source.Context.Target_Status_History - DEBUG - add_block_snapshot - Snapshot added: mission=M001 region=North block=B001
2026-09-12 17:00:13,121 - Code.Dynamic_War_Manager.Source.Context.Target_Status_History - DEBUG - add_block_snapshot - Snapshot added: mission=M001 region=North block=B001
2026-09-12 17:00:13,121 - Code.Dynamic_War_Manager.Source.Context.Target_Status_History - DEBUG - add_block_snapshot - Snapshot added: mission=M001 region=North block=B002
2026-09-12 17:00:13,121 - Code.Dynamic_War_Manager.Source.Context.Target_Status_History - DEBUG - add_block_snapshot - Snapshot added: mission=M001 region=North block=B001
2026-09-12 17:00:13,121 - Code.Dynamic_War_Manager.Source.Context.Target_Status_History - DEBUG - add_block_snapshot - Snapshot added: mission=M001 region=North block=B001
2026-09-12 17:00:13,122 - Code.Dynamic_War_Manager.Source.Context.Target_Status_History - DEBUG - add_block_snapshot - Snapshot added: mission=M001 region=North block=B001
2026-09-12 17:00:13,122 - Code.Dynamic_War_Manager.Source.Context.Target_Status_History - DEBUG - add_block_snapshot - Snapshot added: mission=M002 region=North block=B002
2026-09-12 17:00:13,122 - Code.Dynamic_War_Manager.Source.Context.Target_Status_History - DEBUG - add_block_snapshot - Snapshot added: mission=M002 region=North block=B001
2026-09-12 17:00:13,122 - Code.Dynamic_War_Manager.Source.Context.Target_Status_History - DEBUG - add_block_snapshot - Snapshot added: mission=M001 region=North block=B001
2026-09-12 17:00:13,122 - Code.Dynamic_War_Manager.Source.Context.Target_Status_History - DEBUG - add_block_snapshot - Snapshot added: mission=M001 region=North block=B001
2026-09-12 17:00:13,122 - Code.Dynamic_War_Manager.Source.Context.Target_Status_History - DEBUG - add_block_snapshot - Snapshot added: mission=M001 region=North block=B001
2026-09-12 17:00:13,122 - Code.Dynamic_War_Manager.Source.Context.Target_Status_History - DEBUG - add_block_snapshot - Snapshot added: mission=M001 region=North block=B001
2026-09-12 17:00:13,122 - Code.Dynamic_War_Manager.Source.Context.Target_Status_History - DEBUG - add_block_snapshot - Snapshot added: mission=M001 region=North block=B001
2026-09-12 17:00:13,122 - Code.Dynamic_War_Manager.Source.Context.Target_Status_History - DEBUG - add_block_snapshot - Snapshot added: mission=M002 region=North block=B001
2026-09-12 17:00:13,122 - Code.Dynamic_War_Manager.Source.Context.Target_Status_History - DEBUG - add_block_snapshot - Snapshot added: mission=M001 region=North block=B001
2026-09-12 17:00:13,123 - Code.Dynamic_War_Manager.Source.Context.Target_Status_History - DEBUG - add_block_snapshot - Snapshot added: mission=M002 region=North block=B001
2026-09-12 17:00:13,123 - Code.Dynamic_War_Manager.Source.Context.Target_Status_History - DEBUG - add_block_snapshot - Snapshot added: mission=M001 region=North block=B001
2026-09-12 17:00:13,123 - Code.Dynamic_War_Manager.Source.Context.Target_Status_History - DEBUG - add_block_snapshot - Snapshot added: mission=M001 region=North block=B001
2026-09-12 17:00:13,123 - Code.Dynamic_War_Manager.Source.Context.Target_Status_History - DEBUG - add_block_snapshot - Snapshot added: mission=M001 region=North block=B001
2026-09-12 17:00:13,123 - Code.Dynamic_War_Manager.Source.Context.Target_Status_History - DEBUG - add_block_snapshot - Snapshot added: mission=M001 region=North block=B001
2026-09-12 17:00:13,123 - Code.Dynamic_War_Manager.Source.Context.Target_Status_History - DEBUG - add_block_snapshot - Snapshot added: mission=M001 region=North block=B001
2026-09-12 17:00:13,123 - Code.Dynamic_War_Manager.Source.Context.Target_Status_History - DEBUG - add_block_snapshot - Snapshot added: mission=M002 region=North block=B001
2026-09-12 17:00:13,124 - Code.Dynamic_War_Manager.Source.Context.Target_Status_History - DEBUG - add_block_snapshot - Snapshot added: mission=M001 region=North block=B001
2026-09-12 17:00:13,124 - Code.Dynamic_War_Manager.Source.Context.Target_Status_History - DEBUG - add_block_snapshot - Snapshot added: mission=M002 region=South block=B002
2026-09-12 17:00:13,124 - Code.Dynamic_War_Manager.Source.Context.Target_Status_History - INFO - save - TargetStatusHistory saved to /tmp/tmpmyos2pq9.json (2 missions).
2026-09-12 17:00:13,124 - Code.Dynamic_War_Manager.Source.Context.Target_Status_History - INFO - load - TargetStatusHistory loaded from /tmp/tmpmyos2pq9.json (2 missions).
2026-09-12 17:00:13,124 - Code.Dynamic_War_Manager.Source.Context.Target_Status_History - DEBUG - add_block_snapshot - Snapshot added: mission=M001 region=North block=B001
2026-09-12 17:00:13,124 - Code.Dynamic_War_Manager.Source.Context.Target_Status_History - DEBUG - add_block_snapshot - Snapshot added: mission=M002 region=North block=B001
2026-09-12 17:00:13,125 - Code.Dynamic_War_Manager.Source.Context.Target_Status_History - DEBUG - add_block_snapshot - Snapshot added: mission=M001 region=North block=B001
2026-09-12 17:00:13,125 - Code.Dynamic_War_Manager.Source.Context.Target_Status_History - DEBUG - add_block_snapshot - Snapshot added: mission=M001 region=North block=B001
2026-09-12 17:00:13,125 - Code.Dynamic_War_Manager.Source.Context.Target_Status_History - INFO - save - TargetStatusHistory saved to /tmp/tmp39itp5f1.json (1 missions).
