2026-03-12 07:13:07,929 - Code.Dynamic_War_Manager.Source.Asset.Aircraft_Weapon_Data - DEBUG - get_weapon_score_target - weapon Mk-83 found in category BOMBS with type Bombs
2026-03-12 07:13:07,929 - Code.Dynamic_War_Manager.Source.Asset.Aircraft_Weapon_Data - DEBUG - get_weapon_score_target - weapon Mk-83 found in category BOMBS with type Bombs
2026-03-12 07:13:07,929 - Code.Dynamic_War_Manager.Source.Asset.Aircraft_Weapon_Data - DEBUG - get_weapon_score_target - weapon Mk-82 found in category BOMBS with type Bombs
2026-03-12 07:13:07,929 - Code.Dynamic_War_Manager.Source.Asset.Aircraft_Weapon_Data - DEBUG - get_weapon_score_target - weapon Mk-82 found in category BOMBS with type Bombs
2026-03-12 07:13:07,929 - Code.Dynamic_War_Manager.Source.Asset.Aircraft_Weapon_Data - WARNING - get_weapon_score_target - weapon AIM-9M is a a2a missile, get_weapon_score_target is not implemented for missiles yet, return 0.0
2026-03-12 07:13:07,929 - Code.Dynamic_War_Manager.Source.Asset.Aircraft_Weapon_Data - WARNING - get_weapon_score_target - weapon AIM-9M is a a2a missile, get_weapon_score_target is not implemented for missiles yet, return 0.0
2026-03-12 07:13:07,929 - Code.Dynamic_War_Manager.Source.Asset.Aircraft_Weapon_Data - WARNING - get_weapon_score_target - weapon 370gal_tank unknow
2026-03-12 07:13:07,929 - Code.Dynamic_War_Manager.Source.Asset.Aircraft_Weapon_Data - DEBUG - get_weapon_score_target - weapon Mk-83 found in category BOMBS with type Bombs
2026-03-12 07:13:07,929 - Code.Dynamic_War_Manager.Source.Asset.Aircraft_Weapon_Data - DEBUG - get_weapon_score_target - weapon Mk-83 found in category BOMBS with type Bombs
2026-03-12 07:13:07,929 - Code.Dynamic_War_Manager.Source.Asset.Aircraft_Weapon_Data - DEBUG - get_weapon_score_target - weapon Mk-82 found in category BOMBS with type Bombs
2026-03-12 07:13:07,929 - Code.Dynamic_War_Manager.Source.Asset.Aircraft_Weapon_Data - DEBUG - get_weapon_score_target - weapon Mk-82 found in category BOMBS with type Bombs
2026-03-12 07:13:07,929 - Code.Dynamic_War_Manager.Source.Asset.Aircraft_Weapon_Data - WARNING - get_weapon_score_target - weapon AIM-9M is a a2a missile, get_weapon_score_target is not implemented for missiles yet, return 0.0
2026-03-12 07:13:07,929 - Code.Dynamic_War_Manager.Source.Asset.Aircraft_Weapon_Data - WARNING - get_weapon_score_target - weapon AIM-9M is a a2a missile, get_weapon_score_target is not implemented for missiles yet, return 0.0
2026-03-12 07:13:07,929 - Code.Dynamic_War_Manager.Source.Asset.Aircraft_Weapon_Data - WARNING - get_weapon_score_target - weapon 370gal_tank unknow
2026-03-12 07:13:07,930 - Code.Dynamic_War_Manager.Source.Asset.Aircraft_Weapon_Data - DEBUG - get_weapon_score_target - weapon Mk-83 found in category BOMBS with type Bombs
2026-03-12 07:13:07,930 - Code.Dynamic_War_Manager.Source.Asset.Aircraft_Weapon_Data - DEBUG - get_weapon_score_target - weapon Mk-83 found in category BOMBS with type Bombs
2026-03-12 07:13:07,930 - Code.Dynamic_War_Manager.Source.Asset.Aircraft_Weapon_Data - DEBUG - get_weapon_score_target - weapon Mk-82 found in category BOMBS with type Bombs
2026-03-12 07:13:07,930 - Code.Dynamic_War_Manager.Source.Asset.Aircraft_Weapon_Data - DEBUG - get_weapon_score_target - weapon Mk-82 found in category BOMBS with type Bombs
2026-03-12 07:13:07,930 - Code.Dynamic_War_Manager.Source.Asset.Aircraft_Weapon_Data - WARNING - get_weapon_score_target - weapon AIM-9M is a a2a missile, get_weapon_score_target is not implemented for missiles yet, return 0.0
2026-03-12 07:13:07,930 - Code.Dynamic_War_Manager.Source.Asset.Aircraft_Weapon_Data - WARNING - get_weapon_score_target - weapon AIM-9M is a a2a missile, get_weapon_score_target is not implemented for missiles yet, return 0.0
2026-03-12 07:13:07,930 - Code.Dynamic_War_Manager.Source.Asset.Aircraft_Weapon_Data - WARNING - get_weapon_score_target - weapon 370gal_tank unknow
2026-03-12 07:13:07,930 - Code.Dynamic_War_Manager.Source.Asset.Aircraft_Weapon_Data - DEBUG - get_weapon_score_target - weapon Mk-83 found in category BOMBS with type Bombs
2026-03-12 07:13:07,930 - Code.Dynamic_War_Manager.Source.Asset.Aircraft_Weapon_Data - DEBUG - get_weapon_score_target - weapon Mk-83 found in category BOMBS with type Bombs
2026-03-12 07:13:07,930 - Code.Dynamic_War_Manager.Source.Asset.Aircraft_Weapon_Data - DEBUG - get_weapon_score_target - weapon Mk-82 found in category BOMBS with type Bombs
2026-03-12 07:13:07,930 - Code.Dynamic_War_Manager.Source.Asset.Aircraft_Weapon_Data - DEBUG - get_weapon_score_target - weapon Mk-82 found in category BOMBS with type Bombs
2026-03-12 07:13:07,930 - Code.Dynamic_War_Manager.Source.Asset.Aircraft_Weapon_Data - WARNING - get_weapon_score_target - weapon AIM-9M is a a2a missile, get_weapon_score_target is not implemented for missiles yet, return 0.0
2026-03-12 07:13:07,930 - Code.Dynamic_War_Manager.Source.Asset.Aircraft_Weapon_Data - WARNING - get_weapon_score_target - weapon AIM-9M is a a2a missile, get_weapon_score_target is not implemented for missiles yet, return 0.0
2026-03-12 07:13:07,930 - Code.Dynamic_War_Manager.Source.Asset.Aircraft_Weapon_Data - WARNING - get_weapon_score_target - weapon 370gal_tank unknow
2026-03-12 07:14:06,588 - Code.Dynamic_War_Manager.Source.Asset.Aircraft_Weapon_Data - DEBUG - get_weapon_score_target - weapon Mk-83 found in category BOMBS with type Bombs
2026-03-12 07:14:06,588 - Code.Dynamic_War_Manager.Source.Asset.Aircraft_Weapon_Data - DEBUG - get_weapon_score_target - weapon Mk-83 found in category BOMBS with type Bombs
2026-03-12 07:14:06,588 - Code.Dynamic_War_Manager.Source.Asset.Aircraft_Weapon_Data - DEBUG - get_weapon_score_target - weapon Mk-82 found in category BOMBS with type Bombs
2026-03-12 07:14:06,588 - Code.Dynamic_War_Manager.Source.Asset.Aircraft_Weapon_Data - DEBUG - get_weapon_score_target - weapon Mk-82 found in category BOMBS with type Bombs
2026-03-12 07:14:06,588 - Code.Dynamic_War_Manager.Source.Asset.Aircraft_Weapon_Data - WARNING - get_weapon_score_target - weapon AIM-9M is a a2a missile, get_weapon_score_target is not implemented for missiles yet, return 0.0
2026-03-12 07:14:06,588 - Code.Dynamic_War_Manager.Source.Asset.Aircraft_Weapon_Data - WARNING - get_weapon_score_target - weapon AIM-9M is a a2a missile, get_weapon_score_target is not implemented for missiles yet, return 0.0
2026-03-12 07:14:06,588 - Code.Dynamic_War_Manager.Source.Asset.Aircraft_Weapon_Data - WARNING - get_weapon_score_target - weapon 370gal_tank unknow
2026-03-12 07:14:06,589 - Code.Dynamic_War_Manager.Source.Asset.Aircraft_Weapon_Data - DEBUG - get_weapon_score_target - weapon Mk-83 found in category BOMBS with type Bombs
2026-03-12 07:14:06,589 - Code.Dynamic_War_Manager.Source.Asset.Aircraft_Weapon_Data - DEBUG - get_weapon_score_target - weapon Mk-83 found in category BOMBS with type Bombs
2026-03-12 07:14:06,589 - Code.Dynamic_War_Manager.Source.Asset.Aircraft_Weapon_Data - DEBUG - get_weapon_score_target - weapon Mk-82 found in category BOMBS with type Bombs
2026-03-12 07:14:06,589 - Code.Dynamic_War_Manager.Source.Asset.Aircraft_Weapon_Data - DEBUG - get_weapon_score_target - weapon Mk-82 found in category BOMBS with type Bombs
2026-03-12 07:14:06,589 - Code.Dynamic_War_Manager.Source.Asset.Aircraft_Weapon_Data - WARNING - get_weapon_score_target - weapon AIM-9M is a a2a missile, get_weapon_score_target is not implemented for missiles yet, return 0.0
2026-03-12 07:14:06,589 - Code.Dynamic_War_Manager.Source.Asset.Aircraft_Weapon_Data - WARNING - get_weapon_score_target - weapon AIM-9M is a a2a missile, get_weapon_score_target is not implemented for missiles yet, return 0.0
2026-03-12 07:14:06,589 - Code.Dynamic_War_Manager.Source.Asset.Aircraft_Weapon_Data - WARNING - get_weapon_score_target - weapon 370gal_tank unknow
2026-03-12 07:14:06,589 - Code.Dynamic_War_Manager.Source.Asset.Aircraft_Weapon_Data - DEBUG - get_weapon_score_target - weapon Mk-83 found in category BOMBS with type Bombs
2026-03-12 07:14:06,589 - Code.Dynamic_War_Manager.Source.Asset.Aircraft_Weapon_Data - DEBUG - get_weapon_score_target - weapon Mk-83 found in category BOMBS with type Bombs
2026-03-12 07:14:06,589 - Code.Dynamic_War_Manager.Source.Asset.Aircraft_Weapon_Data - DEBUG - get_weapon_score_target - weapon Mk-82 found in category BOMBS with type Bombs
2026-03-12 07:14:06,589 - Code.Dynamic_War_Manager.Source.Asset.Aircraft_Weapon_Data - DEBUG - get_weapon_score_target - weapon Mk-82 found in category BOMBS with type Bombs
2026-03-12 07:14:06,589 - Code.Dynamic_War_Manager.Source.Asset.Aircraft_Weapon_Data - WARNING - get_weapon_score_target - weapon AIM-9M is a a2a missile, get_weapon_score_target is not implemented for missiles yet, return 0.0
2026-03-12 07:14:06,589 - Code.Dynamic_War_Manager.Source.Asset.Aircraft_Weapon_Data - WARNING - get_weapon_score_target - weapon AIM-9M is a a2a missile, get_weapon_score_target is not implemented for missiles yet, return 0.0
2026-03-12 07:14:06,589 - Code.Dynamic_War_Manager.Source.Asset.Aircraft_Weapon_Data - WARNING - get_weapon_score_target - weapon 370gal_tank unknow
2026-03-12 07:14:06,589 - Code.Dynamic_War_Manager.Source.Asset.Aircraft_Weapon_Data - DEBUG - get_weapon_score_target - weapon Mk-83 found in category BOMBS with type Bombs
2026-03-12 07:14:06,589 - Code.Dynamic_War_Manager.Source.Asset.Aircraft_Weapon_Data - DEBUG - get_weapon_score_target - weapon Mk-83 found in category BOMBS with type Bombs
2026-03-12 07:14:06,589 - Code.Dynamic_War_Manager.Source.Asset.Aircraft_Weapon_Data - DEBUG - get_weapon_score_target - weapon Mk-82 found in category BOMBS with type Bombs
2026-03-12 07:14:06,589 - Code.Dynamic_War_Manager.Source.Asset.Aircraft_Weapon_Data - DEBUG - get_weapon_score_target - weapon Mk-82 found in category BOMBS with type Bombs
2026-03-12 07:14:06,589 - Code.Dynamic_War_Manager.Source.Asset.Aircraft_Weapon_Data - WARNING - get_weapon_score_target - weapon AIM-9M is a a2a missile, get_weapon_score_target is not implemented for missiles yet, return 0.0
2026-03-12 07:14:06,589 - Code.Dynamic_War_Manager.Source.Asset.Aircraft_Weapon_Data - WARNING - get_weapon_score_target - weapon AIM-9M is a a2a missile, get_weapon_score_target is not implemented for missiles yet, return 0.0
2026-03-12 07:14:06,589 - Code.Dynamic_War_Manager.Source.Asset.Aircraft_Weapon_Data - WARNING - get_weapon_score_target - weapon 370gal_tank unknow
2026-03-12 07:14:06,589 - Code.Dynamic_War_Manager.Source.Asset.Aircraft_Weapon_Data - DEBUG - get_weapon_score_target - weapon Mk-83 found in category BOMBS with type Bombs
2026-03-12 07:14:06,589 - Code.Dynamic_War_Manager.Source.Asset.Aircraft_Weapon_Data - DEBUG - get_weapon_score_target - weapon Mk-83 found in category BOMBS with type Bombs
2026-03-12 07:14:06,589 - Code.Dynamic_War_Manager.Source.Asset.Aircraft_Weapon_Data - DEBUG - get_weapon_score_target - weapon Mk-82 found in category BOMBS with type Bombs
2026-03-12 07:14:06,589 - Code.Dynamic_War_Manager.Source.Asset.Aircraft_Weapon_Data - DEBUG - get_weapon_score_target - weapon Mk-82 found in category BOMBS with type Bombs
2026-03-12 07:14:06,589 - Code.Dynamic_War_Manager.Source.Asset.Aircraft_Weapon_Data - WARNING - get_weapon_score_target - weapon AIM-9M is a a2a missile, get_weapon_score_target is not implemented for missiles yet, return 0.0
2026-03-12 07:14:06,589 - Code.Dynamic_War_Manager.Source.Asset.Aircraft_Weapon_Data - WARNING - get_weapon_score_target - weapon AIM-9M is a a2a missile, get_weapon_score_target is not implemented for missiles yet, return 0.0
2026-03-12 07:14:06,589 - Code.Dynamic_War_Manager.Source.Asset.Aircraft_Weapon_Data - WARNING - get_weapon_score_target - weapon 370gal_tank unknow
2026-03-12 07:14:06,590 - Code.Dynamic_War_Manager.Source.Asset.Aircraft_Weapon_Data - WARNING - get_weapon_cost - weapon 370gal_tank unknow, return 0
2026-03-12 10:05:42,883 - Code.Dynamic_War_Manager.Source.Asset.Aircraft_Weapon_Data - DEBUG - get_weapon_score_target - weapon Mk-83 found in category BOMBS with type Bombs
2026-03-12 10:05:42,883 - Code.Dynamic_War_Manager.Source.Asset.Aircraft_Weapon_Data - DEBUG - get_weapon_score_target - weapon Mk-83 found in category BOMBS with type Bombs
2026-03-12 10:05:42,883 - Code.Dynamic_War_Manager.Source.Asset.Aircraft_Weapon_Data - DEBUG - get_weapon_score_target - weapon Mk-82 found in category BOMBS with type Bombs
2026-03-12 10:05:42,883 - Code.Dynamic_War_Manager.Source.Asset.Aircraft_Weapon_Data - DEBUG - get_weapon_score_target - weapon Mk-82 found in category BOMBS with type Bombs
2026-03-12 10:05:42,884 - Code.Dynamic_War_Manager.Source.Asset.Aircraft_Weapon_Data - WARNING - get_weapon_score_target - weapon AIM-9M is a a2a missile, get_weapon_score_target is not implemented for missiles yet, return 0.0
2026-03-12 10:05:42,884 - Code.Dynamic_War_Manager.Source.Asset.Aircraft_Weapon_Data - WARNING - get_weapon_score_target - weapon AIM-9M is a a2a missile, get_weapon_score_target is not implemented for missiles yet, return 0.0
2026-03-12 10:05:42,884 - Code.Dynamic_War_Manager.Source.Asset.Aircraft_Weapon_Data - WARNING - get_weapon_score_target - weapon 370gal_tank unknow
2026-03-12 10:05:42,884 - Code.Dynamic_War_Manager.Source.Asset.Aircraft_Weapon_Data - DEBUG - get_weapon_score_target - weapon Mk-83 found in category BOMBS with type Bombs
2026-03-12 10:05:42,884 - Code.Dynamic_War_Manager.Source.Asset.Aircraft_Weapon_Data - DEBUG - get_weapon_score_target - weapon Mk-83 found in category BOMBS with type Bombs
2026-03-12 10:05:42,884 - Code.Dynamic_War_Manager.Source.Asset.Aircraft_Weapon_Data - DEBUG - get_weapon_score_target - weapon Mk-82 found in category BOMBS with type Bombs
2026-03-12 10:05:42,884 - Code.Dynamic_War_Manager.Source.Asset.Aircraft_Weapon_Data - DEBUG - get_weapon_score_target - weapon Mk-82 found in category BOMBS with type Bombs
2026-03-12 10:05:42,884 - Code.Dynamic_War_Manager.Source.Asset.Aircraft_Weapon_Data - WARNING - get_weapon_score_target - weapon AIM-9M is a a2a missile, get_weapon_score_target is not implemented for missiles yet, return 0.0
2026-03-12 10:05:42,884 - Code.Dynamic_War_Manager.Source.Asset.Aircraft_Weapon_Data - WARNING - get_weapon_score_target - weapon AIM-9M is a a2a missile, get_weapon_score_target is not implemented for missiles yet, return 0.0
2026-03-12 10:05:42,885 - Code.Dynamic_War_Manager.Source.Asset.Aircraft_Weapon_Data - WARNING - get_weapon_score_target - weapon 370gal_tank unknow
2026-03-12 10:05:42,885 - Code.Dynamic_War_Manager.Source.Asset.Aircraft_Weapon_Data - DEBUG - get_weapon_score_target - weapon Mk-83 found in category BOMBS with type Bombs
2026-03-12 10:05:42,885 - Code.Dynamic_War_Manager.Source.Asset.Aircraft_Weapon_Data - DEBUG - get_weapon_score_target - weapon Mk-83 found in category BOMBS with type Bombs
2026-03-12 10:05:42,885 - Code.Dynamic_War_Manager.Source.Asset.Aircraft_Weapon_Data - DEBUG - get_weapon_score_target - weapon Mk-82 found in category BOMBS with type Bombs
2026-03-12 10:05:42,885 - Code.Dynamic_War_Manager.Source.Asset.Aircraft_Weapon_Data - DEBUG - get_weapon_score_target - weapon Mk-82 found in category BOMBS with type Bombs
2026-03-12 10:05:42,885 - Code.Dynamic_War_Manager.Source.Asset.Aircraft_Weapon_Data - WARNING - get_weapon_score_target - weapon AIM-9M is a a2a missile, get_weapon_score_target is not implemented for missiles yet, return 0.0
2026-03-12 10:05:42,885 - Code.Dynamic_War_Manager.Source.Asset.Aircraft_Weapon_Data - WARNING - get_weapon_score_target - weapon AIM-9M is a a2a missile, get_weapon_score_target is not implemented for missiles yet, return 0.0
2026-03-12 10:05:42,885 - Code.Dynamic_War_Manager.Source.Asset.Aircraft_Weapon_Data - WARNING - get_weapon_score_target - weapon 370gal_tank unknow
2026-03-12 10:05:42,886 - Code.Dynamic_War_Manager.Source.Asset.Aircraft_Weapon_Data - WARNING - get_weapon_cost - weapon 370gal_tank unknow, return 0
2026-03-14 12:28:02,053 - Code.Dynamic_War_Manager.Source.Asset.Aircraft_Weapon_Data - DEBUG - get_weapon_score_target - weapon AGM-88 found in category MISSILES_ASM with type ASM
2026-03-14 12:28:02,054 - Code.Dynamic_War_Manager.Source.Asset.Aircraft_Weapon_Data - DEBUG - get_weapon_score_target - weapon AGM-88 found in category MISSILES_ASM with type ASM
2026-03-14 12:28:02,054 - Code.Dynamic_War_Manager.Source.Asset.Aircraft_Weapon_Data - DEBUG - get_weapon_score_target - weapon AIM-9X found in category MISSILES_AAM with type AAM
2026-03-14 12:28:02,054 - Code.Dynamic_War_Manager.Source.Asset.Aircraft_Weapon_Data - DEBUG - get_weapon_score_target - weapon AIM-9X found in category MISSILES_AAM with type AAM
2026-03-14 12:28:02,054 - Code.Dynamic_War_Manager.Source.Asset.Aircraft_Weapon_Data - WARNING - get_weapon_score_target - weapon 370gal_tank unknow
2026-03-14 12:28:02,054 - Code.Dynamic_War_Manager.Source.Asset.Aircraft_Weapon_Data - DEBUG - get_weapon_score_target - weapon AGM-88 found in category MISSILES_ASM with type ASM
2026-03-14 12:28:02,054 - Code.Dynamic_War_Manager.Source.Asset.Aircraft_Weapon_Data - DEBUG - get_weapon_score_target - weapon AGM-88 found in category MISSILES_ASM with type ASM
2026-03-14 12:28:02,054 - Code.Dynamic_War_Manager.Source.Asset.Aircraft_Weapon_Data - DEBUG - get_weapon_score_target - weapon AIM-9X found in category MISSILES_AAM with type AAM
2026-03-14 12:28:02,055 - Code.Dynamic_War_Manager.Source.Asset.Aircraft_Weapon_Data - DEBUG - get_weapon_score_target - weapon AIM-9X found in category MISSILES_AAM with type AAM
2026-03-14 12:28:02,055 - Code.Dynamic_War_Manager.Source.Asset.Aircraft_Weapon_Data - WARNING - get_weapon_score_target - weapon 370gal_tank unknow
2026-03-14 12:28:02,055 - Code.Dynamic_War_Manager.Source.Asset.Aircraft_Weapon_Data - DEBUG - get_weapon_score_target - weapon AGM-88 found in category MISSILES_ASM with type ASM
2026-03-14 12:28:02,055 - Code.Dynamic_War_Manager.Source.Asset.Aircraft_Weapon_Data - DEBUG - get_weapon_score_target - weapon AGM-88 found in category MISSILES_ASM with type ASM
2026-03-14 12:28:02,055 - Code.Dynamic_War_Manager.Source.Asset.Aircraft_Weapon_Data - DEBUG - get_weapon_score_target - weapon AIM-9X found in category MISSILES_AAM with type AAM
2026-03-14 12:28:02,055 - Code.Dynamic_War_Manager.Source.Asset.Aircraft_Weapon_Data - DEBUG - get_weapon_score_target - weapon AIM-9X found in category MISSILES_AAM with type AAM
2026-03-14 12:28:02,055 - Code.Dynamic_War_Manager.Source.Asset.Aircraft_Weapon_Data - WARNING - get_weapon_score_target - weapon 370gal_tank unknow
2026-03-14 12:28:02,055 - Code.Dynamic_War_Manager.Source.Asset.Aircraft_Weapon_Data - DEBUG - get_weapon_score_target - weapon AGM-88 found in category MISSILES_ASM with type ASM
2026-03-14 12:28:02,055 - Code.Dynamic_War_Manager.Source.Asset.Aircraft_Weapon_Data - DEBUG - get_weapon_score_target - weapon AGM-88 found in category MISSILES_ASM with type ASM
2026-03-14 12:28:02,056 - Code.Dynamic_War_Manager.Source.Asset.Aircraft_Weapon_Data - DEBUG - get_weapon_score_target - weapon AIM-9X found in category MISSILES_AAM with type AAM
2026-03-14 12:28:02,056 - Code.Dynamic_War_Manager.Source.Asset.Aircraft_Weapon_Data - DEBUG - get_weapon_score_target - weapon AIM-9X found in category MISSILES_AAM with type AAM
2026-03-14 12:28:02,056 - Code.Dynamic_War_Manager.Source.Asset.Aircraft_Weapon_Data - WARNING - get_weapon_score_target - weapon 370gal_tank unknow
2026-03-14 12:28:02,056 - Code.Dynamic_War_Manager.Source.Asset.Aircraft_Weapon_Data - DEBUG - get_weapon_score_target - weapon AGM-88 found in category MISSILES_ASM with type ASM
2026-03-14 12:28:02,056 - Code.Dynamic_War_Manager.Source.Asset.Aircraft_Weapon_Data - DEBUG - get_weapon_score_target - weapon AGM-88 found in category MISSILES_ASM with type ASM
2026-03-14 12:28:02,056 - Code.Dynamic_War_Manager.Source.Asset.Aircraft_Weapon_Data - DEBUG - get_weapon_score_target - weapon AIM-9X found in category MISSILES_AAM with type AAM
2026-03-14 12:28:02,056 - Code.Dynamic_War_Manager.Source.Asset.Aircraft_Weapon_Data - DEBUG - get_weapon_score_target - weapon AIM-9X found in category MISSILES_AAM with type AAM
2026-03-14 12:28:02,056 - Code.Dynamic_War_Manager.Source.Asset.Aircraft_Weapon_Data - WARNING - get_weapon_score_target - weapon 370gal_tank unknow
2026-03-14 12:28:02,057 - Code.Dynamic_War_Manager.Source.Asset.Aircraft_Weapon_Data - DEBUG - get_weapon_score_target - weapon AGM-88 found in category MISSILES_ASM with type ASM
2026-03-14 12:28:02,057 - Code.Dynamic_War_Manager.Source.Asset.Aircraft_Weapon_Data - DEBUG - get_weapon_score_target - weapon AGM-88 found in category MISSILES_ASM with type ASM
2026-03-14 12:28:02,057 - Code.Dynamic_War_Manager.Source.Asset.Aircraft_Weapon_Data - DEBUG - get_weapon_score_target - weapon AIM-9X found in category MISSILES_AAM with type AAM
2026-03-14 12:28:02,057 - Code.Dynamic_War_Manager.Source.Asset.Aircraft_Weapon_Data - DEBUG - get_weapon_score_target - weapon AIM-9X found in category MISSILES_AAM with type AAM
2026-03-14 12:28:02,057 - Code.Dynamic_War_Manager.Source.Asset.Aircraft_Weapon_Data - WARNING - get_weapon_score_target - weapon 370gal_tank unknow
2026-03-14 12:28:02,057 - Code.Dynamic_War_Manager.Source.Asset.Aircraft_Weapon_Data - DEBUG - get_weapon_score_target - weapon AGM-88 found in category MISSILES_ASM with type ASM
2026-03-14 12:28:02,057 - Code.Dynamic_War_Manager.Source.Asset.Aircraft_Weapon_Data - DEBUG - get_weapon_score_target - weapon AGM-88 found in category MISSILES_ASM with type ASM
2026-03-14 12:28:02,057 - Code.Dynamic_War_Manager.Source.Asset.Aircraft_Weapon_Data - DEBUG - get_weapon_score_target - weapon AIM-9X found in category MISSILES_AAM with type AAM
2026-03-14 12:28:02,057 - Code.Dynamic_War_Manager.Source.Asset.Aircraft_Weapon_Data - DEBUG - get_weapon_score_target - weapon AIM-9X found in category MISSILES_AAM with type AAM
2026-03-14 12:28:02,058 - Code.Dynamic_War_Manager.Source.Asset.Aircraft_Weapon_Data - WARNING - get_weapon_score_target - weapon 370gal_tank unknow
2026-03-14 12:28:02,058 - Code.Dynamic_War_Manager.Source.Asset.Aircraft_Weapon_Data - DEBUG - get_weapon_score_target - weapon AGM-88 found in category MISSILES_ASM with type ASM
2026-03-14 12:28:02,058 - Code.Dynamic_War_Manager.Source.Asset.Aircraft_Weapon_Data - DEBUG - get_weapon_score_target - weapon AGM-88 found in category MISSILES_ASM with type ASM
2026-03-14 12:28:02,058 - Code.Dynamic_War_Manager.Source.Asset.Aircraft_Weapon_Data - DEBUG - get_weapon_score_target - weapon AIM-9X found in category MISSILES_AAM with type AAM
2026-03-14 12:28:02,058 - Code.Dynamic_War_Manager.Source.Asset.Aircraft_Weapon_Data - DEBUG - get_weapon_score_target - weapon AIM-9X found in category MISSILES_AAM with type AAM
2026-03-14 12:28:02,058 - Code.Dynamic_War_Manager.Source.Asset.Aircraft_Weapon_Data - WARNING - get_weapon_score_target - weapon 370gal_tank unknow
2026-03-14 12:28:02,058 - Code.Dynamic_War_Manager.Source.Asset.Aircraft_Weapon_Data - DEBUG - get_weapon_score_target - weapon AGM-88 found in category MISSILES_ASM with type ASM
2026-03-14 12:28:02,058 - Code.Dynamic_War_Manager.Source.Asset.Aircraft_Weapon_Data - DEBUG - get_weapon_score_target - weapon AGM-88 found in category MISSILES_ASM with type ASM
2026-03-14 12:28:02,059 - Code.Dynamic_War_Manager.Source.Asset.Aircraft_Weapon_Data - DEBUG - get_weapon_score_target - weapon AIM-9X found in category MISSILES_AAM with type AAM
2026-03-14 12:28:02,059 - Code.Dynamic_War_Manager.Source.Asset.Aircraft_Weapon_Data - DEBUG - get_weapon_score_target - weapon AIM-9X found in category MISSILES_AAM with type AAM
2026-03-14 12:28:02,059 - Code.Dynamic_War_Manager.Source.Asset.Aircraft_Weapon_Data - WARNING - get_weapon_score_target - weapon 370gal_tank unknow
2026-03-14 12:28:02,059 - Code.Dynamic_War_Manager.Source.Asset.Aircraft_Weapon_Data - DEBUG - get_weapon_score_target - weapon AGM-88 found in category MISSILES_ASM with type ASM
2026-03-14 12:28:02,059 - Code.Dynamic_War_Manager.Source.Asset.Aircraft_Weapon_Data - DEBUG - get_weapon_score_target - weapon AGM-88 found in category MISSILES_ASM with type ASM
2026-03-14 12:28:02,059 - Code.Dynamic_War_Manager.Source.Asset.Aircraft_Weapon_Data - DEBUG - get_weapon_score_target - weapon AIM-9X found in category MISSILES_AAM with type AAM
2026-03-14 12:28:02,059 - Code.Dynamic_War_Manager.Source.Asset.Aircraft_Weapon_Data - DEBUG - get_weapon_score_target - weapon AIM-9X found in category MISSILES_AAM with type AAM
2026-03-14 12:28:02,059 - Code.Dynamic_War_Manager.Source.Asset.Aircraft_Weapon_Data - WARNING - get_weapon_score_target - weapon 370gal_tank unknow
2026-03-14 12:28:02,059 - Code.Dynamic_War_Manager.Source.Asset.Aircraft_Weapon_Data - DEBUG - get_weapon_score_target - weapon AGM-88 found in category MISSILES_ASM with type ASM
2026-03-14 12:28:02,060 - Code.Dynamic_War_Manager.Source.Asset.Aircraft_Weapon_Data - DEBUG - get_weapon_score_target - weapon AGM-88 found in category MISSILES_ASM with type ASM
2026-03-14 12:28:02,060 - Code.Dynamic_War_Manager.Source.Asset.Aircraft_Weapon_Data - DEBUG - get_weapon_score_target - weapon AIM-9X found in category MISSILES_AAM with type AAM
2026-03-14 12:28:02,060 - Code.Dynamic_War_Manager.Source.Asset.Aircraft_Weapon_Data - DEBUG - get_weapon_score_target - weapon AIM-9X found in category MISSILES_AAM with type AAM
2026-03-14 12:28:02,060 - Code.Dynamic_War_Manager.Source.Asset.Aircraft_Weapon_Data - WARNING - get_weapon_score_target - weapon 370gal_tank unknow
2026-03-14 12:28:02,060 - Code.Dynamic_War_Manager.Source.Asset.Aircraft_Weapon_Data - DEBUG - get_weapon_score_target - weapon AGM-88 found in category MISSILES_ASM with type ASM
2026-03-14 12:28:02,060 - Code.Dynamic_War_Manager.Source.Asset.Aircraft_Weapon_Data - DEBUG - get_weapon_score_target - weapon AGM-88 found in category MISSILES_ASM with type ASM
2026-03-14 12:28:02,060 - Code.Dynamic_War_Manager.Source.Asset.Aircraft_Weapon_Data - DEBUG - get_weapon_score_target - weapon AIM-9X found in category MISSILES_AAM with type AAM
2026-03-14 12:28:02,060 - Code.Dynamic_War_Manager.Source.Asset.Aircraft_Weapon_Data - DEBUG - get_weapon_score_target - weapon AIM-9X found in category MISSILES_AAM with type AAM
2026-03-14 12:28:02,060 - Code.Dynamic_War_Manager.Source.Asset.Aircraft_Weapon_Data - WARNING - get_weapon_score_target - weapon 370gal_tank unknow
2026-03-14 12:28:02,061 - Code.Dynamic_War_Manager.Source.Asset.Aircraft_Weapon_Data - DEBUG - get_weapon_score_target - weapon Kh-58 found in category MISSILES_ASM with type ASM
2026-03-14 12:28:02,061 - Code.Dynamic_War_Manager.Source.Asset.Aircraft_Weapon_Data - DEBUG - get_weapon_score_target - weapon Kh-58 found in category MISSILES_ASM with type ASM
2026-03-14 12:28:02,061 - Code.Dynamic_War_Manager.Source.Asset.Aircraft_Weapon_Data - DEBUG - get_weapon_score_target - weapon Kh-25MPU found in category MISSILES_ASM with type ASM
2026-03-14 12:28:02,061 - Code.Dynamic_War_Manager.Source.Asset.Aircraft_Weapon_Data - DEBUG - get_weapon_score_target - weapon Kh-25MPU found in category MISSILES_ASM with type ASM
2026-03-14 12:28:02,061 - Code.Dynamic_War_Manager.Source.Asset.Aircraft_Weapon_Data - DEBUG - get_weapon_score_target - weapon R-60M found in category MISSILES_AAM with type AAM
2026-03-14 12:28:02,061 - Code.Dynamic_War_Manager.Source.Asset.Aircraft_Weapon_Data - DEBUG - get_weapon_score_target - weapon R-60M found in category MISSILES_AAM with type AAM
2026-03-14 12:28:02,061 - Code.Dynamic_War_Manager.Source.Asset.Aircraft_Weapon_Data - DEBUG - get_weapon_score_target - weapon Kh-58 found in category MISSILES_ASM with type ASM
2026-03-14 12:28:02,061 - Code.Dynamic_War_Manager.Source.Asset.Aircraft_Weapon_Data - DEBUG - get_weapon_score_target - weapon Kh-58 found in category MISSILES_ASM with type ASM
2026-03-14 12:28:02,062 - Code.Dynamic_War_Manager.Source.Asset.Aircraft_Weapon_Data - DEBUG - get_weapon_score_target - weapon Kh-25MPU found in category MISSILES_ASM with type ASM
2026-03-14 12:28:02,062 - Code.Dynamic_War_Manager.Source.Asset.Aircraft_Weapon_Data - DEBUG - get_weapon_score_target - weapon Kh-25MPU found in category MISSILES_ASM with type ASM
2026-03-14 12:28:02,062 - Code.Dynamic_War_Manager.Source.Asset.Aircraft_Weapon_Data - DEBUG - get_weapon_score_target - weapon R-60M found in category MISSILES_AAM with type AAM
2026-03-14 12:28:02,062 - Code.Dynamic_War_Manager.Source.Asset.Aircraft_Weapon_Data - DEBUG - get_weapon_score_target - weapon R-60M found in category MISSILES_AAM with type AAM
2026-03-14 12:28:02,062 - Code.Dynamic_War_Manager.Source.Asset.Aircraft_Weapon_Data - DEBUG - get_weapon_score_target - weapon Kh-58 found in category MISSILES_ASM with type ASM
2026-03-14 12:28:02,062 - Code.Dynamic_War_Manager.Source.Asset.Aircraft_Weapon_Data - DEBUG - get_weapon_score_target - weapon Kh-58 found in category MISSILES_ASM with type ASM
2026-03-14 12:28:02,062 - Code.Dynamic_War_Manager.Source.Asset.Aircraft_Weapon_Data - DEBUG - get_weapon_score_target - weapon Kh-25MPU found in category MISSILES_ASM with type ASM
2026-03-14 12:28:02,062 - Code.Dynamic_War_Manager.Source.Asset.Aircraft_Weapon_Data - DEBUG - get_weapon_score_target - weapon Kh-25MPU found in category MISSILES_ASM with type ASM
2026-03-14 12:28:02,063 - Code.Dynamic_War_Manager.Source.Asset.Aircraft_Weapon_Data - DEBUG - get_weapon_score_target - weapon R-60M found in category MISSILES_AAM with type AAM
2026-03-14 12:28:02,063 - Code.Dynamic_War_Manager.Source.Asset.Aircraft_Weapon_Data - DEBUG - get_weapon_score_target - weapon R-60M found in category MISSILES_AAM with type AAM
2026-03-14 12:28:02,063 - Code.Dynamic_War_Manager.Source.Asset.Aircraft_Weapon_Data - DEBUG - get_weapon_score_target - weapon Kh-58 found in category MISSILES_ASM with type ASM
2026-03-14 12:28:02,063 - Code.Dynamic_War_Manager.Source.Asset.Aircraft_Weapon_Data - DEBUG - get_weapon_score_target - weapon Kh-58 found in category MISSILES_ASM with type ASM
2026-03-14 12:28:02,063 - Code.Dynamic_War_Manager.Source.Asset.Aircraft_Weapon_Data - DEBUG - get_weapon_score_target - weapon Kh-25MPU found in category MISSILES_ASM with type ASM
2026-03-14 12:28:02,063 - Code.Dynamic_War_Manager.Source.Asset.Aircraft_Weapon_Data - DEBUG - get_weapon_score_target - weapon Kh-25MPU found in category MISSILES_ASM with type ASM
2026-03-14 12:28:02,063 - Code.Dynamic_War_Manager.Source.Asset.Aircraft_Weapon_Data - DEBUG - get_weapon_score_target - weapon R-60M found in category MISSILES_AAM with type AAM
2026-03-14 12:28:02,063 - Code.Dynamic_War_Manager.Source.Asset.Aircraft_Weapon_Data - DEBUG - get_weapon_score_target - weapon R-60M found in category MISSILES_AAM with type AAM
2026-03-14 12:28:02,063 - Code.Dynamic_War_Manager.Source.Asset.Aircraft_Weapon_Data - DEBUG - get_weapon_score_target - weapon Kh-58 found in category MISSILES_ASM with type ASM
2026-03-14 12:28:02,063 - Code.Dynamic_War_Manager.Source.Asset.Aircraft_Weapon_Data - DEBUG - get_weapon_score_target - weapon Kh-58 found in category MISSILES_ASM with type ASM
2026-03-14 12:28:02,064 - Code.Dynamic_War_Manager.Source.Asset.Aircraft_Weapon_Data - DEBUG - get_weapon_score_target - weapon Kh-25MPU found in category MISSILES_ASM with type ASM
2026-03-14 12:28:02,064 - Code.Dynamic_War_Manager.Source.Asset.Aircraft_Weapon_Data - DEBUG - get_weapon_score_target - weapon Kh-25MPU found in category MISSILES_ASM with type ASM
2026-03-14 12:28:02,064 - Code.Dynamic_War_Manager.Source.Asset.Aircraft_Weapon_Data - DEBUG - get_weapon_score_target - weapon R-60M found in category MISSILES_AAM with type AAM
2026-03-14 12:28:02,064 - Code.Dynamic_War_Manager.Source.Asset.Aircraft_Weapon_Data - DEBUG - get_weapon_score_target - weapon R-60M found in category MISSILES_AAM with type AAM
2026-03-14 12:28:02,064 - Code.Dynamic_War_Manager.Source.Asset.Aircraft_Weapon_Data - DEBUG - get_weapon_score_target - weapon Kh-58 found in category MISSILES_ASM with type ASM
2026-03-14 12:28:02,064 - Code.Dynamic_War_Manager.Source.Asset.Aircraft_Weapon_Data - DEBUG - get_weapon_score_target - weapon Kh-58 found in category MISSILES_ASM with type ASM
2026-03-14 12:28:02,064 - Code.Dynamic_War_Manager.Source.Asset.Aircraft_Weapon_Data - DEBUG - get_weapon_score_target - weapon Kh-25MPU found in category MISSILES_ASM with type ASM
2026-03-14 12:28:02,064 - Code.Dynamic_War_Manager.Source.Asset.Aircraft_Weapon_Data - DEBUG - get_weapon_score_target - weapon Kh-25MPU found in category MISSILES_ASM with type ASM
2026-03-14 12:28:02,064 - Code.Dynamic_War_Manager.Source.Asset.Aircraft_Weapon_Data - DEBUG - get_weapon_score_target - weapon R-60M found in category MISSILES_AAM with type AAM
2026-03-14 12:28:02,065 - Code.Dynamic_War_Manager.Source.Asset.Aircraft_Weapon_Data - DEBUG - get_weapon_score_target - weapon R-60M found in category MISSILES_AAM with type AAM
2026-03-14 12:28:02,065 - Code.Dynamic_War_Manager.Source.Asset.Aircraft_Weapon_Data - DEBUG - get_weapon_score_target - weapon Kh-58 found in category MISSILES_ASM with type ASM
2026-03-14 12:28:02,065 - Code.Dynamic_War_Manager.Source.Asset.Aircraft_Weapon_Data - DEBUG - get_weapon_score_target - weapon Kh-58 found in category MISSILES_ASM with type ASM
2026-03-14 12:28:02,065 - Code.Dynamic_War_Manager.Source.Asset.Aircraft_Weapon_Data - DEBUG - get_weapon_score_target - weapon Kh-25MPU found in category MISSILES_ASM with type ASM
2026-03-14 12:28:02,065 - Code.Dynamic_War_Manager.Source.Asset.Aircraft_Weapon_Data - DEBUG - get_weapon_score_target - weapon Kh-25MPU found in category MISSILES_ASM with type ASM
2026-03-14 12:28:02,065 - Code.Dynamic_War_Manager.Source.Asset.Aircraft_Weapon_Data - DEBUG - get_weapon_score_target - weapon R-60M found in category MISSILES_AAM with type AAM
2026-03-14 12:28:02,065 - Code.Dynamic_War_Manager.Source.Asset.Aircraft_Weapon_Data - DEBUG - get_weapon_score_target - weapon R-60M found in category MISSILES_AAM with type AAM
2026-03-14 12:28:02,065 - Code.Dynamic_War_Manager.Source.Asset.Aircraft_Weapon_Data - DEBUG - get_weapon_score_target - weapon Kh-58 found in category MISSILES_ASM with type ASM
2026-03-14 12:28:02,065 - Code.Dynamic_War_Manager.Source.Asset.Aircraft_Weapon_Data - DEBUG - get_weapon_score_target - weapon Kh-58 found in category MISSILES_ASM with type ASM
2026-03-14 12:28:02,066 - Code.Dynamic_War_Manager.Source.Asset.Aircraft_Weapon_Data - DEBUG - get_weapon_score_target - weapon Kh-25MPU found in category MISSILES_ASM with type ASM
2026-03-14 12:28:02,066 - Code.Dynamic_War_Manager.Source.Asset.Aircraft_Weapon_Data - DEBUG - get_weapon_score_target - weapon Kh-25MPU found in category MISSILES_ASM with type ASM
2026-03-14 12:28:02,066 - Code.Dynamic_War_Manager.Source.Asset.Aircraft_Weapon_Data - DEBUG - get_weapon_score_target - weapon R-60M found in category MISSILES_AAM with type AAM
2026-03-14 12:28:02,066 - Code.Dynamic_War_Manager.Source.Asset.Aircraft_Weapon_Data - DEBUG - get_weapon_score_target - weapon R-60M found in category MISSILES_AAM with type AAM
2026-03-14 12:28:02,066 - Code.Dynamic_War_Manager.Source.Asset.Aircraft_Weapon_Data - DEBUG - get_weapon_score_target - weapon Kh-58 found in category MISSILES_ASM with type ASM
2026-03-14 12:28:02,066 - Code.Dynamic_War_Manager.Source.Asset.Aircraft_Weapon_Data - DEBUG - get_weapon_score_target - weapon Kh-58 found in category MISSILES_ASM with type ASM
2026-03-14 12:28:02,066 - Code.Dynamic_War_Manager.Source.Asset.Aircraft_Weapon_Data - DEBUG - get_weapon_score_target - weapon Kh-25MPU found in category MISSILES_ASM with type ASM
2026-03-14 12:28:02,066 - Code.Dynamic_War_Manager.Source.Asset.Aircraft_Weapon_Data - DEBUG - get_weapon_score_target - weapon Kh-25MPU found in category MISSILES_ASM with type ASM
2026-03-14 12:28:02,066 - Code.Dynamic_War_Manager.Source.Asset.Aircraft_Weapon_Data - DEBUG - get_weapon_score_target - weapon R-60M found in category MISSILES_AAM with type AAM
2026-03-14 12:28:02,067 - Code.Dynamic_War_Manager.Source.Asset.Aircraft_Weapon_Data - DEBUG - get_weapon_score_target - weapon R-60M found in category MISSILES_AAM with type AAM
2026-03-14 12:28:02,067 - Code.Dynamic_War_Manager.Source.Asset.Aircraft_Weapon_Data - DEBUG - get_weapon_score_target - weapon Kh-58 found in category MISSILES_ASM with type ASM
2026-03-14 12:28:02,067 - Code.Dynamic_War_Manager.Source.Asset.Aircraft_Weapon_Data - DEBUG - get_weapon_score_target - weapon Kh-58 found in category MISSILES_ASM with type ASM
2026-03-14 12:28:02,067 - Code.Dynamic_War_Manager.Source.Asset.Aircraft_Weapon_Data - DEBUG - get_weapon_score_target - weapon Kh-25MPU found in category MISSILES_ASM with type ASM
2026-03-14 12:28:02,067 - Code.Dynamic_War_Manager.Source.Asset.Aircraft_Weapon_Data - DEBUG - get_weapon_score_target - weapon Kh-25MPU found in category MISSILES_ASM with type ASM
2026-03-14 12:28:02,067 - Code.Dynamic_War_Manager.Source.Asset.Aircraft_Weapon_Data - DEBUG - get_weapon_score_target - weapon R-60M found in category MISSILES_AAM with type AAM
2026-03-14 12:28:02,067 - Code.Dynamic_War_Manager.Source.Asset.Aircraft_Weapon_Data - DEBUG - get_weapon_score_target - weapon R-60M found in category MISSILES_AAM with type AAM
2026-03-14 12:28:02,067 - Code.Dynamic_War_Manager.Source.Asset.Aircraft_Weapon_Data - DEBUG - get_weapon_score_target - weapon Kh-58 found in category MISSILES_ASM with type ASM
2026-03-14 12:28:02,068 - Code.Dynamic_War_Manager.Source.Asset.Aircraft_Weapon_Data - DEBUG - get_weapon_score_target - weapon Kh-58 found in category MISSILES_ASM with type ASM
2026-03-14 12:28:02,068 - Code.Dynamic_War_Manager.Source.Asset.Aircraft_Weapon_Data - DEBUG - get_weapon_score_target - weapon Kh-25MPU found in category MISSILES_ASM with type ASM
2026-03-14 12:28:02,068 - Code.Dynamic_War_Manager.Source.Asset.Aircraft_Weapon_Data - DEBUG - get_weapon_score_target - weapon Kh-25MPU found in category MISSILES_ASM with type ASM
2026-03-14 12:28:02,068 - Code.Dynamic_War_Manager.Source.Asset.Aircraft_Weapon_Data - DEBUG - get_weapon_score_target - weapon R-60M found in category MISSILES_AAM with type AAM
2026-03-14 12:28:02,068 - Code.Dynamic_War_Manager.Source.Asset.Aircraft_Weapon_Data - DEBUG - get_weapon_score_target - weapon R-60M found in category MISSILES_AAM with type AAM
2026-03-14 12:28:02,068 - Code.Dynamic_War_Manager.Source.Asset.Aircraft_Weapon_Data - DEBUG - get_weapon_score_target - weapon Kh-58 found in category MISSILES_ASM with type ASM
2026-03-14 12:28:02,068 - Code.Dynamic_War_Manager.Source.Asset.Aircraft_Weapon_Data - DEBUG - get_weapon_score_target - weapon Kh-58 found in category MISSILES_ASM with type ASM
2026-03-14 12:28:02,068 - Code.Dynamic_War_Manager.Source.Asset.Aircraft_Weapon_Data - DEBUG - get_weapon_score_target - weapon Kh-25MPU found in category MISSILES_ASM with type ASM
2026-03-14 12:28:02,068 - Code.Dynamic_War_Manager.Source.Asset.Aircraft_Weapon_Data - DEBUG - get_weapon_score_target - weapon Kh-25MPU found in category MISSILES_ASM with type ASM
2026-03-14 12:28:02,069 - Code.Dynamic_War_Manager.Source.Asset.Aircraft_Weapon_Data - DEBUG - get_weapon_score_target - weapon R-60M found in category MISSILES_AAM with type AAM
2026-03-14 12:28:02,069 - Code.Dynamic_War_Manager.Source.Asset.Aircraft_Weapon_Data - DEBUG - get_weapon_score_target - weapon R-60M found in category MISSILES_AAM with type AAM
2026-03-14 15:36:55,861 - Code.Dynamic_War_Manager.Source.Asset.Aircraft_Weapon_Data - DEBUG - get_weapon_score_target - weapon AGM-88 found in category MISSILES_ASM with type ASM
2026-03-14 15:36:55,865 - Code.Dynamic_War_Manager.Source.Asset.Aircraft_Weapon_Data - DEBUG - get_weapon_score_target - weapon AGM-88 found in category MISSILES_ASM with type ASM
2026-03-14 15:36:55,870 - Code.Dynamic_War_Manager.Source.Asset.Aircraft_Weapon_Data - DEBUG - get_weapon_score_target - weapon AIM-9X found in category MISSILES_AAM with type AAM
2026-03-14 15:36:55,871 - Code.Dynamic_War_Manager.Source.Asset.Aircraft_Weapon_Data - DEBUG - get_weapon_score_target - weapon AIM-9X found in category MISSILES_AAM with type AAM
2026-03-14 15:36:55,872 - Code.Dynamic_War_Manager.Source.Asset.Aircraft_Weapon_Data - WARNING - get_weapon_score_target - weapon 370gal_tank unknow
2026-03-14 15:36:55,873 - Code.Dynamic_War_Manager.Source.Asset.Aircraft_Weapon_Data - DEBUG - get_weapon_score_target - weapon AGM-88 found in category MISSILES_ASM with type ASM
2026-03-14 15:36:55,873 - Code.Dynamic_War_Manager.Source.Asset.Aircraft_Weapon_Data - DEBUG - get_weapon_score_target - weapon AGM-88 found in category MISSILES_ASM with type ASM
2026-03-14 15:36:55,873 - Code.Dynamic_War_Manager.Source.Asset.Aircraft_Weapon_Data - DEBUG - get_weapon_score_target - weapon AIM-9X found in category MISSILES_AAM with type AAM
2026-03-14 15:36:55,873 - Code.Dynamic_War_Manager.Source.Asset.Aircraft_Weapon_Data - DEBUG - get_weapon_score_target - weapon AIM-9X found in category MISSILES_AAM with type AAM
2026-03-14 15:36:55,873 - Code.Dynamic_War_Manager.Source.Asset.Aircraft_Weapon_Data - WARNING - get_weapon_score_target - weapon 370gal_tank unknow
2026-03-14 15:36:55,873 - Code.Dynamic_War_Manager.Source.Asset.Aircraft_Weapon_Data - DEBUG - get_weapon_score_target - weapon AGM-88 found in category MISSILES_ASM with type ASM
2026-03-14 15:36:55,879 - Code.Dynamic_War_Manager.Source.Asset.Aircraft_Weapon_Data - DEBUG - get_weapon_score_target - weapon AGM-88 found in category MISSILES_ASM with type ASM
2026-03-14 15:36:55,880 - Code.Dynamic_War_Manager.Source.Asset.Aircraft_Weapon_Data - DEBUG - get_weapon_score_target - weapon AIM-9X found in category MISSILES_AAM with type AAM
2026-03-14 15:36:55,880 - Code.Dynamic_War_Manager.Source.Asset.Aircraft_Weapon_Data - DEBUG - get_weapon_score_target - weapon AIM-9X found in category MISSILES_AAM with type AAM
2026-03-14 15:36:55,880 - Code.Dynamic_War_Manager.Source.Asset.Aircraft_Weapon_Data - WARNING - get_weapon_score_target - weapon 370gal_tank unknow
2026-03-14 15:36:55,882 - Code.Dynamic_War_Manager.Source.Asset.Aircraft_Weapon_Data - DEBUG - get_weapon_score_target - weapon AGM-88 found in category MISSILES_ASM with type ASM
2026-03-14 15:36:55,882 - Code.Dynamic_War_Manager.Source.Asset.Aircraft_Weapon_Data - DEBUG - get_weapon_score_target - weapon AGM-88 found in category MISSILES_ASM with type ASM
2026-03-14 15:36:55,882 - Code.Dynamic_War_Manager.Source.Asset.Aircraft_Weapon_Data - DEBUG - get_weapon_score_target - weapon AIM-9X found in category MISSILES_AAM with type AAM
2026-03-14 15:36:55,882 - Code.Dynamic_War_Manager.Source.Asset.Aircraft_Weapon_Data - DEBUG - get_weapon_score_target - weapon AIM-9X found in category MISSILES_AAM with type AAM
2026-03-14 15:36:55,882 - Code.Dynamic_War_Manager.Source.Asset.Aircraft_Weapon_Data - WARNING - get_weapon_score_target - weapon 370gal_tank unknow
2026-03-14 15:36:55,883 - Code.Dynamic_War_Manager.Source.Asset.Aircraft_Weapon_Data - DEBUG - get_weapon_score_target - weapon AGM-88 found in category MISSILES_ASM with type ASM
2026-03-14 15:36:55,883 - Code.Dynamic_War_Manager.Source.Asset.Aircraft_Weapon_Data - DEBUG - get_weapon_score_target - weapon AGM-88 found in category MISSILES_ASM with type ASM
2026-03-14 15:36:55,883 - Code.Dynamic_War_Manager.Source.Asset.Aircraft_Weapon_Data - DEBUG - get_weapon_score_target - weapon AIM-9X found in category MISSILES_AAM with type AAM
2026-03-14 15:36:55,883 - Code.Dynamic_War_Manager.Source.Asset.Aircraft_Weapon_Data - DEBUG - get_weapon_score_target - weapon AIM-9X found in category MISSILES_AAM with type AAM
2026-03-14 15:36:55,883 - Code.Dynamic_War_Manager.Source.Asset.Aircraft_Weapon_Data - WARNING - get_weapon_score_target - weapon 370gal_tank unknow
2026-03-14 15:36:55,883 - Code.Dynamic_War_Manager.Source.Asset.Aircraft_Weapon_Data - DEBUG - get_weapon_score_target - weapon AGM-88 found in category MISSILES_ASM with type ASM
2026-03-14 15:36:55,885 - Code.Dynamic_War_Manager.Source.Asset.Aircraft_Weapon_Data - DEBUG - get_weapon_score_target - weapon AGM-88 found in category MISSILES_ASM with type ASM
2026-03-14 15:36:55,885 - Code.Dynamic_War_Manager.Source.Asset.Aircraft_Weapon_Data - DEBUG - get_weapon_score_target - weapon AIM-9X found in category MISSILES_AAM with type AAM
2026-03-14 15:36:55,885 - Code.Dynamic_War_Manager.Source.Asset.Aircraft_Weapon_Data - DEBUG - get_weapon_score_target - weapon AIM-9X found in category MISSILES_AAM with type AAM
2026-03-14 15:36:55,885 - Code.Dynamic_War_Manager.Source.Asset.Aircraft_Weapon_Data - WARNING - get_weapon_score_target - weapon 370gal_tank unknow
2026-03-14 15:36:55,885 - Code.Dynamic_War_Manager.Source.Asset.Aircraft_Weapon_Data - DEBUG - get_weapon_score_target - weapon AGM-88 found in category MISSILES_ASM with type ASM
2026-03-14 15:36:55,886 - Code.Dynamic_War_Manager.Source.Asset.Aircraft_Weapon_Data - DEBUG - get_weapon_score_target - weapon AGM-88 found in category MISSILES_ASM with type ASM
2026-03-14 15:36:55,886 - Code.Dynamic_War_Manager.Source.Asset.Aircraft_Weapon_Data - DEBUG - get_weapon_score_target - weapon AIM-9X found in category MISSILES_AAM with type AAM
2026-03-14 15:36:55,886 - Code.Dynamic_War_Manager.Source.Asset.Aircraft_Weapon_Data - DEBUG - get_weapon_score_target - weapon AIM-9X found in category MISSILES_AAM with type AAM
2026-03-14 15:36:55,886 - Code.Dynamic_War_Manager.Source.Asset.Aircraft_Weapon_Data - WARNING - get_weapon_score_target - weapon 370gal_tank unknow
2026-03-14 15:36:55,886 - Code.Dynamic_War_Manager.Source.Asset.Aircraft_Weapon_Data - DEBUG - get_weapon_score_target - weapon AGM-88 found in category MISSILES_ASM with type ASM
2026-03-14 15:36:55,886 - Code.Dynamic_War_Manager.Source.Asset.Aircraft_Weapon_Data - DEBUG - get_weapon_score_target - weapon AGM-88 found in category MISSILES_ASM with type ASM
2026-03-14 15:36:55,886 - Code.Dynamic_War_Manager.Source.Asset.Aircraft_Weapon_Data - DEBUG - get_weapon_score_target - weapon AIM-9X found in category MISSILES_AAM with type AAM
2026-03-14 15:36:55,886 - Code.Dynamic_War_Manager.Source.Asset.Aircraft_Weapon_Data - DEBUG - get_weapon_score_target - weapon AIM-9X found in category MISSILES_AAM with type AAM
2026-03-14 15:36:55,887 - Code.Dynamic_War_Manager.Source.Asset.Aircraft_Weapon_Data - WARNING - get_weapon_score_target - weapon 370gal_tank unknow
2026-03-14 15:36:55,887 - Code.Dynamic_War_Manager.Source.Asset.Aircraft_Weapon_Data - DEBUG - get_weapon_score_target - weapon AGM-88 found in category MISSILES_ASM with type ASM
2026-03-14 15:36:55,887 - Code.Dynamic_War_Manager.Source.Asset.Aircraft_Weapon_Data - DEBUG - get_weapon_score_target - weapon AGM-88 found in category MISSILES_ASM with type ASM
2026-03-14 15:36:55,887 - Code.Dynamic_War_Manager.Source.Asset.Aircraft_Weapon_Data - DEBUG - get_weapon_score_target - weapon AIM-9X found in category MISSILES_AAM with type AAM
2026-03-14 15:36:55,887 - Code.Dynamic_War_Manager.Source.Asset.Aircraft_Weapon_Data - DEBUG - get_weapon_score_target - weapon AIM-9X found in category MISSILES_AAM with type AAM
2026-03-14 15:36:55,887 - Code.Dynamic_War_Manager.Source.Asset.Aircraft_Weapon_Data - WARNING - get_weapon_score_target - weapon 370gal_tank unknow
2026-03-14 15:36:55,887 - Code.Dynamic_War_Manager.Source.Asset.Aircraft_Weapon_Data - DEBUG - get_weapon_score_target - weapon AGM-88 found in category MISSILES_ASM with type ASM
2026-03-14 15:36:55,891 - Code.Dynamic_War_Manager.Source.Asset.Aircraft_Weapon_Data - DEBUG - get_weapon_score_target - weapon AGM-88 found in category MISSILES_ASM with type ASM
2026-03-14 15:36:55,891 - Code.Dynamic_War_Manager.Source.Asset.Aircraft_Weapon_Data - DEBUG - get_weapon_score_target - weapon AIM-9X found in category MISSILES_AAM with type AAM
2026-03-14 15:36:55,891 - Code.Dynamic_War_Manager.Source.Asset.Aircraft_Weapon_Data - DEBUG - get_weapon_score_target - weapon AIM-9X found in category MISSILES_AAM with type AAM
2026-03-14 15:36:55,891 - Code.Dynamic_War_Manager.Source.Asset.Aircraft_Weapon_Data - WARNING - get_weapon_score_target - weapon 370gal_tank unknow
2026-03-14 15:36:55,891 - Code.Dynamic_War_Manager.Source.Asset.Aircraft_Weapon_Data - DEBUG - get_weapon_score_target - weapon AGM-88 found in category MISSILES_ASM with type ASM
2026-03-14 15:36:55,891 - Code.Dynamic_War_Manager.Source.Asset.Aircraft_Weapon_Data - DEBUG - get_weapon_score_target - weapon AGM-88 found in category MISSILES_ASM with type ASM
2026-03-14 15:36:55,891 - Code.Dynamic_War_Manager.Source.Asset.Aircraft_Weapon_Data - DEBUG - get_weapon_score_target - weapon AIM-9X found in category MISSILES_AAM with type AAM
2026-03-14 15:36:55,891 - Code.Dynamic_War_Manager.Source.Asset.Aircraft_Weapon_Data - DEBUG - get_weapon_score_target - weapon AIM-9X found in category MISSILES_AAM with type AAM
2026-03-14 15:36:55,892 - Code.Dynamic_War_Manager.Source.Asset.Aircraft_Weapon_Data - WARNING - get_weapon_score_target - weapon 370gal_tank unknow
2026-03-14 15:36:55,892 - Code.Dynamic_War_Manager.Source.Asset.Aircraft_Weapon_Data - DEBUG - get_weapon_score_target - weapon AGM-88 found in category MISSILES_ASM with type ASM
2026-03-14 15:36:55,892 - Code.Dynamic_War_Manager.Source.Asset.Aircraft_Weapon_Data - DEBUG - get_weapon_score_target - weapon AGM-88 found in category MISSILES_ASM with type ASM
2026-03-14 15:36:55,892 - Code.Dynamic_War_Manager.Source.Asset.Aircraft_Weapon_Data - DEBUG - get_weapon_score_target - weapon AIM-9X found in category MISSILES_AAM with type AAM
2026-03-14 15:36:55,892 - Code.Dynamic_War_Manager.Source.Asset.Aircraft_Weapon_Data - DEBUG - get_weapon_score_target - weapon AIM-9X found in category MISSILES_AAM with type AAM
2026-03-14 15:36:55,892 - Code.Dynamic_War_Manager.Source.Asset.Aircraft_Weapon_Data - WARNING - get_weapon_score_target - weapon 370gal_tank unknow
2026-03-14 15:36:55,903 - Code.Dynamic_War_Manager.Source.Asset.Aircraft_Weapon_Data - DEBUG - get_weapon_score_target - weapon Kh-58 found in category MISSILES_ASM with type ASM
2026-03-14 15:36:55,903 - Code.Dynamic_War_Manager.Source.Asset.Aircraft_Weapon_Data - DEBUG - get_weapon_score_target - weapon Kh-58 found in category MISSILES_ASM with type ASM
2026-03-14 15:36:55,903 - Code.Dynamic_War_Manager.Source.Asset.Aircraft_Weapon_Data - DEBUG - get_weapon_score_target - weapon Kh-25MPU found in category MISSILES_ASM with type ASM
2026-03-14 15:36:55,903 - Code.Dynamic_War_Manager.Source.Asset.Aircraft_Weapon_Data - DEBUG - get_weapon_score_target - weapon Kh-25MPU found in category MISSILES_ASM with type ASM
2026-03-14 15:36:55,904 - Code.Dynamic_War_Manager.Source.Asset.Aircraft_Weapon_Data - DEBUG - get_weapon_score_target - weapon R-60M found in category MISSILES_AAM with type AAM
2026-03-14 15:36:55,904 - Code.Dynamic_War_Manager.Source.Asset.Aircraft_Weapon_Data - DEBUG - get_weapon_score_target - weapon R-60M found in category MISSILES_AAM with type AAM
2026-03-14 15:36:55,904 - Code.Dynamic_War_Manager.Source.Asset.Aircraft_Weapon_Data - DEBUG - get_weapon_score_target - weapon Kh-58 found in category MISSILES_ASM with type ASM
2026-03-14 15:36:55,904 - Code.Dynamic_War_Manager.Source.Asset.Aircraft_Weapon_Data - DEBUG - get_weapon_score_target - weapon Kh-58 found in category MISSILES_ASM with type ASM
2026-03-14 15:36:55,904 - Code.Dynamic_War_Manager.Source.Asset.Aircraft_Weapon_Data - DEBUG - get_weapon_score_target - weapon Kh-25MPU found in category MISSILES_ASM with type ASM
2026-03-14 15:36:55,904 - Code.Dynamic_War_Manager.Source.Asset.Aircraft_Weapon_Data - DEBUG - get_weapon_score_target - weapon Kh-25MPU found in category MISSILES_ASM with type ASM
2026-03-14 15:36:55,905 - Code.Dynamic_War_Manager.Source.Asset.Aircraft_Weapon_Data - DEBUG - get_weapon_score_target - weapon R-60M found in category MISSILES_AAM with type AAM
2026-03-14 15:36:55,905 - Code.Dynamic_War_Manager.Source.Asset.Aircraft_Weapon_Data - DEBUG - get_weapon_score_target - weapon R-60M found in category MISSILES_AAM with type AAM
2026-03-14 15:36:55,905 - Code.Dynamic_War_Manager.Source.Asset.Aircraft_Weapon_Data - DEBUG - get_weapon_score_target - weapon Kh-58 found in category MISSILES_ASM with type ASM
2026-03-14 15:36:55,905 - Code.Dynamic_War_Manager.Source.Asset.Aircraft_Weapon_Data - DEBUG - get_weapon_score_target - weapon Kh-58 found in category MISSILES_ASM with type ASM
2026-03-14 15:36:55,905 - Code.Dynamic_War_Manager.Source.Asset.Aircraft_Weapon_Data - DEBUG - get_weapon_score_target - weapon Kh-25MPU found in category MISSILES_ASM with type ASM
2026-03-14 15:36:55,905 - Code.Dynamic_War_Manager.Source.Asset.Aircraft_Weapon_Data - DEBUG - get_weapon_score_target - weapon Kh-25MPU found in category MISSILES_ASM with type ASM
2026-03-14 15:36:55,905 - Code.Dynamic_War_Manager.Source.Asset.Aircraft_Weapon_Data - DEBUG - get_weapon_score_target - weapon R-60M found in category MISSILES_AAM with type AAM
2026-03-14 15:36:55,908 - Code.Dynamic_War_Manager.Source.Asset.Aircraft_Weapon_Data - DEBUG - get_weapon_score_target - weapon R-60M found in category MISSILES_AAM with type AAM
2026-03-14 15:36:55,909 - Code.Dynamic_War_Manager.Source.Asset.Aircraft_Weapon_Data - DEBUG - get_weapon_score_target - weapon Kh-58 found in category MISSILES_ASM with type ASM
2026-03-14 15:36:55,909 - Code.Dynamic_War_Manager.Source.Asset.Aircraft_Weapon_Data - DEBUG - get_weapon_score_target - weapon Kh-58 found in category MISSILES_ASM with type ASM
2026-03-14 15:36:55,909 - Code.Dynamic_War_Manager.Source.Asset.Aircraft_Weapon_Data - DEBUG - get_weapon_score_target - weapon Kh-25MPU found in category MISSILES_ASM with type ASM
2026-03-14 15:36:55,909 - Code.Dynamic_War_Manager.Source.Asset.Aircraft_Weapon_Data - DEBUG - get_weapon_score_target - weapon Kh-25MPU found in category MISSILES_ASM with type ASM
2026-03-14 15:36:55,909 - Code.Dynamic_War_Manager.Source.Asset.Aircraft_Weapon_Data - DEBUG - get_weapon_score_target - weapon R-60M found in category MISSILES_AAM with type AAM
2026-03-14 15:36:55,909 - Code.Dynamic_War_Manager.Source.Asset.Aircraft_Weapon_Data - DEBUG - get_weapon_score_target - weapon R-60M found in category MISSILES_AAM with type AAM
2026-03-14 15:36:55,909 - Code.Dynamic_War_Manager.Source.Asset.Aircraft_Weapon_Data - DEBUG - get_weapon_score_target - weapon Kh-58 found in category MISSILES_ASM with type ASM
2026-03-14 15:36:55,910 - Code.Dynamic_War_Manager.Source.Asset.Aircraft_Weapon_Data - DEBUG - get_weapon_score_target - weapon Kh-58 found in category MISSILES_ASM with type ASM
2026-03-14 15:36:55,910 - Code.Dynamic_War_Manager.Source.Asset.Aircraft_Weapon_Data - DEBUG - get_weapon_score_target - weapon Kh-25MPU found in category MISSILES_ASM with type ASM
2026-03-14 15:36:55,910 - Code.Dynamic_War_Manager.Source.Asset.Aircraft_Weapon_Data - DEBUG - get_weapon_score_target - weapon Kh-25MPU found in category MISSILES_ASM with type ASM
2026-03-14 15:36:55,910 - Code.Dynamic_War_Manager.Source.Asset.Aircraft_Weapon_Data - DEBUG - get_weapon_score_target - weapon R-60M found in category MISSILES_AAM with type AAM
2026-03-14 15:36:55,910 - Code.Dynamic_War_Manager.Source.Asset.Aircraft_Weapon_Data - DEBUG - get_weapon_score_target - weapon R-60M found in category MISSILES_AAM with type AAM
2026-03-14 15:36:55,910 - Code.Dynamic_War_Manager.Source.Asset.Aircraft_Weapon_Data - DEBUG - get_weapon_score_target - weapon Kh-58 found in category MISSILES_ASM with type ASM
2026-03-14 15:36:55,917 - Code.Dynamic_War_Manager.Source.Asset.Aircraft_Weapon_Data - DEBUG - get_weapon_score_target - weapon Kh-58 found in category MISSILES_ASM with type ASM
2026-03-14 15:36:55,917 - Code.Dynamic_War_Manager.Source.Asset.Aircraft_Weapon_Data - DEBUG - get_weapon_score_target - weapon Kh-25MPU found in category MISSILES_ASM with type ASM
2026-03-14 15:36:55,917 - Code.Dynamic_War_Manager.Source.Asset.Aircraft_Weapon_Data - DEBUG - get_weapon_score_target - weapon Kh-25MPU found in category MISSILES_ASM with type ASM
2026-03-14 15:36:55,917 - Code.Dynamic_War_Manager.Source.Asset.Aircraft_Weapon_Data - DEBUG - get_weapon_score_target - weapon R-60M found in category MISSILES_AAM with type AAM
2026-03-14 15:36:55,918 - Code.Dynamic_War_Manager.Source.Asset.Aircraft_Weapon_Data - DEBUG - get_weapon_score_target - weapon R-60M found in category MISSILES_AAM with type AAM
2026-03-14 15:36:55,918 - Code.Dynamic_War_Manager.Source.Asset.Aircraft_Weapon_Data - DEBUG - get_weapon_score_target - weapon Kh-58 found in category MISSILES_ASM with type ASM
2026-03-14 15:36:55,918 - Code.Dynamic_War_Manager.Source.Asset.Aircraft_Weapon_Data - DEBUG - get_weapon_score_target - weapon Kh-58 found in category MISSILES_ASM with type ASM
2026-03-14 15:36:55,918 - Code.Dynamic_War_Manager.Source.Asset.Aircraft_Weapon_Data - DEBUG - get_weapon_score_target - weapon Kh-25MPU found in category MISSILES_ASM with type ASM
2026-03-14 15:36:55,918 - Code.Dynamic_War_Manager.Source.Asset.Aircraft_Weapon_Data - DEBUG - get_weapon_score_target - weapon Kh-25MPU found in category MISSILES_ASM with type ASM
2026-03-14 15:36:55,918 - Code.Dynamic_War_Manager.Source.Asset.Aircraft_Weapon_Data - DEBUG - get_weapon_score_target - weapon R-60M found in category MISSILES_AAM with type AAM
2026-03-14 15:36:55,918 - Code.Dynamic_War_Manager.Source.Asset.Aircraft_Weapon_Data - DEBUG - get_weapon_score_target - weapon R-60M found in category MISSILES_AAM with type AAM
2026-03-14 15:36:55,918 - Code.Dynamic_War_Manager.Source.Asset.Aircraft_Weapon_Data - DEBUG - get_weapon_score_target - weapon Kh-58 found in category MISSILES_ASM with type ASM
2026-03-14 15:36:55,919 - Code.Dynamic_War_Manager.Source.Asset.Aircraft_Weapon_Data - DEBUG - get_weapon_score_target - weapon Kh-58 found in category MISSILES_ASM with type ASM
2026-03-14 15:36:55,919 - Code.Dynamic_War_Manager.Source.Asset.Aircraft_Weapon_Data - DEBUG - get_weapon_score_target - weapon Kh-25MPU found in category MISSILES_ASM with type ASM
2026-03-14 15:36:55,919 - Code.Dynamic_War_Manager.Source.Asset.Aircraft_Weapon_Data - DEBUG - get_weapon_score_target - weapon Kh-25MPU found in category MISSILES_ASM with type ASM
2026-03-14 15:36:55,919 - Code.Dynamic_War_Manager.Source.Asset.Aircraft_Weapon_Data - DEBUG - get_weapon_score_target - weapon R-60M found in category MISSILES_AAM with type AAM
2026-03-14 15:36:55,919 - Code.Dynamic_War_Manager.Source.Asset.Aircraft_Weapon_Data - DEBUG - get_weapon_score_target - weapon R-60M found in category MISSILES_AAM with type AAM
2026-03-14 15:36:55,919 - Code.Dynamic_War_Manager.Source.Asset.Aircraft_Weapon_Data - DEBUG - get_weapon_score_target - weapon Kh-58 found in category MISSILES_ASM with type ASM
2026-03-14 15:36:55,928 - Code.Dynamic_War_Manager.Source.Asset.Aircraft_Weapon_Data - DEBUG - get_weapon_score_target - weapon Kh-58 found in category MISSILES_ASM with type ASM
2026-03-14 15:36:55,929 - Code.Dynamic_War_Manager.Source.Asset.Aircraft_Weapon_Data - DEBUG - get_weapon_score_target - weapon Kh-25MPU found in category MISSILES_ASM with type ASM
2026-03-14 15:36:55,929 - Code.Dynamic_War_Manager.Source.Asset.Aircraft_Weapon_Data - DEBUG - get_weapon_score_target - weapon Kh-25MPU found in category MISSILES_ASM with type ASM
2026-03-14 15:36:55,929 - Code.Dynamic_War_Manager.Source.Asset.Aircraft_Weapon_Data - DEBUG - get_weapon_score_target - weapon R-60M found in category MISSILES_AAM with type AAM
2026-03-14 15:36:55,929 - Code.Dynamic_War_Manager.Source.Asset.Aircraft_Weapon_Data - DEBUG - get_weapon_score_target - weapon R-60M found in category MISSILES_AAM with type AAM
2026-03-14 15:36:55,929 - Code.Dynamic_War_Manager.Source.Asset.Aircraft_Weapon_Data - DEBUG - get_weapon_score_target - weapon Kh-58 found in category MISSILES_ASM with type ASM
2026-03-14 15:36:55,929 - Code.Dynamic_War_Manager.Source.Asset.Aircraft_Weapon_Data - DEBUG - get_weapon_score_target - weapon Kh-58 found in category MISSILES_ASM with type ASM
2026-03-14 15:36:55,929 - Code.Dynamic_War_Manager.Source.Asset.Aircraft_Weapon_Data - DEBUG - get_weapon_score_target - weapon Kh-25MPU found in category MISSILES_ASM with type ASM
2026-03-14 15:36:55,929 - Code.Dynamic_War_Manager.Source.Asset.Aircraft_Weapon_Data - DEBUG - get_weapon_score_target - weapon Kh-25MPU found in category MISSILES_ASM with type ASM
2026-03-14 15:36:55,930 - Code.Dynamic_War_Manager.Source.Asset.Aircraft_Weapon_Data - DEBUG - get_weapon_score_target - weapon R-60M found in category MISSILES_AAM with type AAM
2026-03-14 15:36:55,930 - Code.Dynamic_War_Manager.Source.Asset.Aircraft_Weapon_Data - DEBUG - get_weapon_score_target - weapon R-60M found in category MISSILES_AAM with type AAM
2026-03-14 15:36:55,935 - Code.Dynamic_War_Manager.Source.Asset.Aircraft_Weapon_Data - DEBUG - get_weapon_score_target - weapon Kh-58 found in category MISSILES_ASM with type ASM
2026-03-14 15:36:55,936 - Code.Dynamic_War_Manager.Source.Asset.Aircraft_Weapon_Data - DEBUG - get_weapon_score_target - weapon Kh-58 found in category MISSILES_ASM with type ASM
2026-03-14 15:36:55,936 - Code.Dynamic_War_Manager.Source.Asset.Aircraft_Weapon_Data - DEBUG - get_weapon_score_target - weapon Kh-25MPU found in category MISSILES_ASM with type ASM
2026-03-14 15:36:55,936 - Code.Dynamic_War_Manager.Source.Asset.Aircraft_Weapon_Data - DEBUG - get_weapon_score_target - weapon Kh-25MPU found in category MISSILES_ASM with type ASM
2026-03-14 15:36:55,936 - Code.Dynamic_War_Manager.Source.Asset.Aircraft_Weapon_Data - DEBUG - get_weapon_score_target - weapon R-60M found in category MISSILES_AAM with type AAM
2026-03-14 15:36:55,936 - Code.Dynamic_War_Manager.Source.Asset.Aircraft_Weapon_Data - DEBUG - get_weapon_score_target - weapon R-60M found in category MISSILES_AAM with type AAM
2026-03-14 15:36:55,936 - Code.Dynamic_War_Manager.Source.Asset.Aircraft_Weapon_Data - DEBUG - get_weapon_score_target - weapon Kh-58 found in category MISSILES_ASM with type ASM
2026-03-14 15:36:55,943 - Code.Dynamic_War_Manager.Source.Asset.Aircraft_Weapon_Data - DEBUG - get_weapon_score_target - weapon Kh-58 found in category MISSILES_ASM with type ASM
2026-03-14 15:36:55,943 - Code.Dynamic_War_Manager.Source.Asset.Aircraft_Weapon_Data - DEBUG - get_weapon_score_target - weapon Kh-25MPU found in category MISSILES_ASM with type ASM
2026-03-14 15:36:55,946 - Code.Dynamic_War_Manager.Source.Asset.Aircraft_Weapon_Data - DEBUG - get_weapon_score_target - weapon Kh-25MPU found in category MISSILES_ASM with type ASM
2026-03-14 15:36:55,949 - Code.Dynamic_War_Manager.Source.Asset.Aircraft_Weapon_Data - DEBUG - get_weapon_score_target - weapon R-60M found in category MISSILES_AAM with type AAM
2026-03-14 15:36:55,951 - Code.Dynamic_War_Manager.Source.Asset.Aircraft_Weapon_Data - DEBUG - get_weapon_score_target - weapon R-60M found in category MISSILES_AAM with type AAM
2026-03-14 15:36:55,952 - Code.Dynamic_War_Manager.Source.Asset.Aircraft_Weapon_Data - DEBUG - get_weapon_score_target - weapon AGM-88 found in category MISSILES_ASM with type ASM
2026-03-14 15:36:55,952 - Code.Dynamic_War_Manager.Source.Asset.Aircraft_Weapon_Data - DEBUG - get_weapon_score_target - weapon AGM-88 found in category MISSILES_ASM with type ASM
2026-03-14 15:36:55,952 - Code.Dynamic_War_Manager.Source.Asset.Aircraft_Weapon_Data - DEBUG - get_weapon_score_target - weapon AIM-9X found in category MISSILES_AAM with type AAM
2026-03-14 15:36:55,952 - Code.Dynamic_War_Manager.Source.Asset.Aircraft_Weapon_Data - DEBUG - get_weapon_score_target - weapon AIM-9X found in category MISSILES_AAM with type AAM
2026-03-14 15:36:55,952 - Code.Dynamic_War_Manager.Source.Asset.Aircraft_Weapon_Data - DEBUG - get_weapon_score_target - weapon AIM-7MH found in category MISSILES_AAM with type AAM
2026-03-14 15:36:55,953 - Code.Dynamic_War_Manager.Source.Asset.Aircraft_Weapon_Data - WARNING - get_weapon_score_target - weapon 330gal_tank unknow
2026-03-14 15:36:55,953 - Code.Dynamic_War_Manager.Source.Asset.Aircraft_Weapon_Data - DEBUG - get_weapon_score_target - weapon AGM-88 found in category MISSILES_ASM with type ASM
2026-03-14 15:36:55,954 - Code.Dynamic_War_Manager.Source.Asset.Aircraft_Weapon_Data - DEBUG - get_weapon_score_target - weapon AGM-88 found in category MISSILES_ASM with type ASM
2026-03-14 15:36:55,961 - Code.Dynamic_War_Manager.Source.Asset.Aircraft_Weapon_Data - DEBUG - get_weapon_score_target - weapon AIM-9X found in category MISSILES_AAM with type AAM
2026-03-14 15:36:55,962 - Code.Dynamic_War_Manager.Source.Asset.Aircraft_Weapon_Data - DEBUG - get_weapon_score_target - weapon AIM-9X found in category MISSILES_AAM with type AAM
2026-03-14 15:36:55,962 - Code.Dynamic_War_Manager.Source.Asset.Aircraft_Weapon_Data - DEBUG - get_weapon_score_target - weapon AIM-7MH found in category MISSILES_AAM with type AAM
2026-03-14 15:36:55,962 - Code.Dynamic_War_Manager.Source.Asset.Aircraft_Weapon_Data - WARNING - get_weapon_score_target - weapon 330gal_tank unknow
2026-03-14 15:36:55,962 - Code.Dynamic_War_Manager.Source.Asset.Aircraft_Weapon_Data - DEBUG - get_weapon_score_target - weapon AGM-88 found in category MISSILES_ASM with type ASM
2026-03-14 15:36:55,962 - Code.Dynamic_War_Manager.Source.Asset.Aircraft_Weapon_Data - DEBUG - get_weapon_score_target - weapon AGM-88 found in category MISSILES_ASM with type ASM
2026-03-14 15:36:55,962 - Code.Dynamic_War_Manager.Source.Asset.Aircraft_Weapon_Data - DEBUG - get_weapon_score_target - weapon AIM-9X found in category MISSILES_AAM with type AAM
2026-03-14 15:36:55,962 - Code.Dynamic_War_Manager.Source.Asset.Aircraft_Weapon_Data - DEBUG - get_weapon_score_target - weapon AIM-9X found in category MISSILES_AAM with type AAM
2026-03-14 15:36:55,963 - Code.Dynamic_War_Manager.Source.Asset.Aircraft_Weapon_Data - DEBUG - get_weapon_score_target - weapon AIM-7MH found in category MISSILES_AAM with type AAM
2026-03-14 15:36:55,963 - Code.Dynamic_War_Manager.Source.Asset.Aircraft_Weapon_Data - WARNING - get_weapon_score_target - weapon 330gal_tank unknow
2026-03-14 15:36:55,963 - Code.Dynamic_War_Manager.Source.Asset.Aircraft_Weapon_Data - DEBUG - get_weapon_score_target - weapon AGM-88 found in category MISSILES_ASM with type ASM
2026-03-14 15:36:55,963 - Code.Dynamic_War_Manager.Source.Asset.Aircraft_Weapon_Data - DEBUG - get_weapon_score_target - weapon AGM-88 found in category MISSILES_ASM with type ASM
2026-03-14 15:36:55,963 - Code.Dynamic_War_Manager.Source.Asset.Aircraft_Weapon_Data - DEBUG - get_weapon_score_target - weapon AIM-9X found in category MISSILES_AAM with type AAM
2026-03-14 15:36:55,963 - Code.Dynamic_War_Manager.Source.Asset.Aircraft_Weapon_Data - DEBUG - get_weapon_score_target - weapon AIM-9X found in category MISSILES_AAM with type AAM
2026-03-14 15:36:55,974 - Code.Dynamic_War_Manager.Source.Asset.Aircraft_Weapon_Data - DEBUG - get_weapon_score_target - weapon AIM-7MH found in category MISSILES_AAM with type AAM
2026-03-14 15:36:55,974 - Code.Dynamic_War_Manager.Source.Asset.Aircraft_Weapon_Data - WARNING - get_weapon_score_target - weapon 330gal_tank unknow
2026-03-14 15:36:55,974 - Code.Dynamic_War_Manager.Source.Asset.Aircraft_Weapon_Data - DEBUG - get_weapon_score_target - weapon AGM-88 found in category MISSILES_ASM with type ASM
2026-03-14 15:36:55,974 - Code.Dynamic_War_Manager.Source.Asset.Aircraft_Weapon_Data - DEBUG - get_weapon_score_target - weapon AGM-88 found in category MISSILES_ASM with type ASM
2026-03-14 15:36:55,974 - Code.Dynamic_War_Manager.Source.Asset.Aircraft_Weapon_Data - DEBUG - get_weapon_score_target - weapon AIM-9X found in category MISSILES_AAM with type AAM
2026-03-14 15:36:55,974 - Code.Dynamic_War_Manager.Source.Asset.Aircraft_Weapon_Data - DEBUG - get_weapon_score_target - weapon AIM-9X found in category MISSILES_AAM with type AAM
2026-03-14 15:36:55,975 - Code.Dynamic_War_Manager.Source.Asset.Aircraft_Weapon_Data - DEBUG - get_weapon_score_target - weapon AIM-7MH found in category MISSILES_AAM with type AAM
2026-03-14 15:36:55,975 - Code.Dynamic_War_Manager.Source.Asset.Aircraft_Weapon_Data - WARNING - get_weapon_score_target - weapon 330gal_tank unknow
2026-03-14 15:36:55,975 - Code.Dynamic_War_Manager.Source.Asset.Aircraft_Weapon_Data - DEBUG - get_weapon_score_target - weapon AGM-88 found in category MISSILES_ASM with type ASM
2026-03-14 15:36:55,975 - Code.Dynamic_War_Manager.Source.Asset.Aircraft_Weapon_Data - DEBUG - get_weapon_score_target - weapon AGM-88 found in category MISSILES_ASM with type ASM
2026-03-14 15:36:55,975 - Code.Dynamic_War_Manager.Source.Asset.Aircraft_Weapon_Data - DEBUG - get_weapon_score_target - weapon AIM-9X found in category MISSILES_AAM with type AAM
2026-03-14 15:36:55,975 - Code.Dynamic_War_Manager.Source.Asset.Aircraft_Weapon_Data - DEBUG - get_weapon_score_target - weapon AIM-9X found in category MISSILES_AAM with type AAM
2026-03-14 15:36:55,975 - Code.Dynamic_War_Manager.Source.Asset.Aircraft_Weapon_Data - DEBUG - get_weapon_score_target - weapon AIM-7MH found in category MISSILES_AAM with type AAM
2026-03-14 15:36:55,975 - Code.Dynamic_War_Manager.Source.Asset.Aircraft_Weapon_Data - WARNING - get_weapon_score_target - weapon 330gal_tank unknow
2026-03-14 15:36:55,976 - Code.Dynamic_War_Manager.Source.Asset.Aircraft_Weapon_Data - DEBUG - get_weapon_score_target - weapon AGM-88 found in category MISSILES_ASM with type ASM
2026-03-14 15:36:55,976 - Code.Dynamic_War_Manager.Source.Asset.Aircraft_Weapon_Data - DEBUG - get_weapon_score_target - weapon AGM-88 found in category MISSILES_ASM with type ASM
2026-03-14 15:36:55,976 - Code.Dynamic_War_Manager.Source.Asset.Aircraft_Weapon_Data - DEBUG - get_weapon_score_target - weapon AIM-9X found in category MISSILES_AAM with type AAM
2026-03-14 15:36:55,976 - Code.Dynamic_War_Manager.Source.Asset.Aircraft_Weapon_Data - DEBUG - get_weapon_score_target - weapon AIM-9X found in category MISSILES_AAM with type AAM
2026-03-14 15:36:55,976 - Code.Dynamic_War_Manager.Source.Asset.Aircraft_Weapon_Data - DEBUG - get_weapon_score_target - weapon AIM-7MH found in category MISSILES_AAM with type AAM
2026-03-14 15:36:55,988 - Code.Dynamic_War_Manager.Source.Asset.Aircraft_Weapon_Data - WARNING - get_weapon_score_target - weapon 330gal_tank unknow
2026-03-14 15:36:55,989 - Code.Dynamic_War_Manager.Source.Asset.Aircraft_Weapon_Data - DEBUG - get_weapon_score_target - weapon AGM-88 found in category MISSILES_ASM with type ASM
2026-03-14 15:36:55,989 - Code.Dynamic_War_Manager.Source.Asset.Aircraft_Weapon_Data - DEBUG - get_weapon_score_target - weapon AGM-88 found in category MISSILES_ASM with type ASM
2026-03-14 15:36:55,989 - Code.Dynamic_War_Manager.Source.Asset.Aircraft_Weapon_Data - DEBUG - get_weapon_score_target - weapon AIM-9X found in category MISSILES_AAM with type AAM
2026-03-14 15:36:55,989 - Code.Dynamic_War_Manager.Source.Asset.Aircraft_Weapon_Data - DEBUG - get_weapon_score_target - weapon AIM-9X found in category MISSILES_AAM with type AAM
2026-03-14 15:36:55,989 - Code.Dynamic_War_Manager.Source.Asset.Aircraft_Weapon_Data - DEBUG - get_weapon_score_target - weapon AIM-7MH found in category MISSILES_AAM with type AAM
2026-03-14 15:36:55,989 - Code.Dynamic_War_Manager.Source.Asset.Aircraft_Weapon_Data - WARNING - get_weapon_score_target - weapon 330gal_tank unknow
2026-03-14 15:36:55,990 - Code.Dynamic_War_Manager.Source.Asset.Aircraft_Weapon_Data - DEBUG - get_weapon_score_target - weapon AGM-88 found in category MISSILES_ASM with type ASM
2026-03-14 15:36:55,990 - Code.Dynamic_War_Manager.Source.Asset.Aircraft_Weapon_Data - DEBUG - get_weapon_score_target - weapon AGM-88 found in category MISSILES_ASM with type ASM
2026-03-14 15:36:55,990 - Code.Dynamic_War_Manager.Source.Asset.Aircraft_Weapon_Data - DEBUG - get_weapon_score_target - weapon AIM-9X found in category MISSILES_AAM with type AAM
2026-03-14 15:36:55,990 - Code.Dynamic_War_Manager.Source.Asset.Aircraft_Weapon_Data - DEBUG - get_weapon_score_target - weapon AIM-9X found in category MISSILES_AAM with type AAM
2026-03-14 15:36:55,990 - Code.Dynamic_War_Manager.Source.Asset.Aircraft_Weapon_Data - DEBUG - get_weapon_score_target - weapon AIM-7MH found in category MISSILES_AAM with type AAM
2026-03-14 15:36:55,990 - Code.Dynamic_War_Manager.Source.Asset.Aircraft_Weapon_Data - WARNING - get_weapon_score_target - weapon 330gal_tank unknow
2026-03-14 15:36:55,990 - Code.Dynamic_War_Manager.Source.Asset.Aircraft_Weapon_Data - DEBUG - get_weapon_score_target - weapon AGM-88 found in category MISSILES_ASM with type ASM
2026-03-14 15:36:55,990 - Code.Dynamic_War_Manager.Source.Asset.Aircraft_Weapon_Data - DEBUG - get_weapon_score_target - weapon AGM-88 found in category MISSILES_ASM with type ASM
2026-03-14 15:36:55,991 - Code.Dynamic_War_Manager.Source.Asset.Aircraft_Weapon_Data - DEBUG - get_weapon_score_target - weapon AIM-9X found in category MISSILES_AAM with type AAM
2026-03-14 15:36:55,991 - Code.Dynamic_War_Manager.Source.Asset.Aircraft_Weapon_Data - DEBUG - get_weapon_score_target - weapon AIM-9X found in category MISSILES_AAM with type AAM
2026-03-14 15:36:55,991 - Code.Dynamic_War_Manager.Source.Asset.Aircraft_Weapon_Data - DEBUG - get_weapon_score_target - weapon AIM-7MH found in category MISSILES_AAM with type AAM
2026-03-14 15:36:55,998 - Code.Dynamic_War_Manager.Source.Asset.Aircraft_Weapon_Data - WARNING - get_weapon_score_target - weapon 330gal_tank unknow
2026-03-14 15:36:55,998 - Code.Dynamic_War_Manager.Source.Asset.Aircraft_Weapon_Data - DEBUG - get_weapon_score_target - weapon AGM-88 found in category MISSILES_ASM with type ASM
2026-03-14 15:36:55,998 - Code.Dynamic_War_Manager.Source.Asset.Aircraft_Weapon_Data - DEBUG - get_weapon_score_target - weapon AGM-88 found in category MISSILES_ASM with type ASM
2026-03-14 15:36:55,998 - Code.Dynamic_War_Manager.Source.Asset.Aircraft_Weapon_Data - DEBUG - get_weapon_score_target - weapon AIM-9X found in category MISSILES_AAM with type AAM
2026-03-14 15:36:55,999 - Code.Dynamic_War_Manager.Source.Asset.Aircraft_Weapon_Data - DEBUG - get_weapon_score_target - weapon AIM-9X found in category MISSILES_AAM with type AAM
2026-03-14 15:36:55,999 - Code.Dynamic_War_Manager.Source.Asset.Aircraft_Weapon_Data - DEBUG - get_weapon_score_target - weapon AIM-7MH found in category MISSILES_AAM with type AAM
2026-03-14 15:36:55,999 - Code.Dynamic_War_Manager.Source.Asset.Aircraft_Weapon_Data - WARNING - get_weapon_score_target - weapon 330gal_tank unknow
2026-03-14 15:36:55,999 - Code.Dynamic_War_Manager.Source.Asset.Aircraft_Weapon_Data - DEBUG - get_weapon_score_target - weapon AGM-88 found in category MISSILES_ASM with type ASM
2026-03-14 15:36:55,999 - Code.Dynamic_War_Manager.Source.Asset.Aircraft_Weapon_Data - DEBUG - get_weapon_score_target - weapon AGM-88 found in category MISSILES_ASM with type ASM
2026-03-14 15:36:55,999 - Code.Dynamic_War_Manager.Source.Asset.Aircraft_Weapon_Data - DEBUG - get_weapon_score_target - weapon AIM-9X found in category MISSILES_AAM with type AAM
2026-03-14 15:36:55,999 - Code.Dynamic_War_Manager.Source.Asset.Aircraft_Weapon_Data - DEBUG - get_weapon_score_target - weapon AIM-9X found in category MISSILES_AAM with type AAM
2026-03-14 15:36:56,000 - Code.Dynamic_War_Manager.Source.Asset.Aircraft_Weapon_Data - DEBUG - get_weapon_score_target - weapon AIM-7MH found in category MISSILES_AAM with type AAM
2026-03-14 15:36:56,000 - Code.Dynamic_War_Manager.Source.Asset.Aircraft_Weapon_Data - WARNING - get_weapon_score_target - weapon 330gal_tank unknow
2026-03-14 15:36:56,000 - Code.Dynamic_War_Manager.Source.Asset.Aircraft_Weapon_Data - DEBUG - get_weapon_score_target - weapon Kh-25MP found in category MISSILES_ASM with type ASM
2026-03-14 15:36:56,000 - Code.Dynamic_War_Manager.Source.Asset.Aircraft_Weapon_Data - DEBUG - get_weapon_score_target - weapon Kh-25MP found in category MISSILES_ASM with type ASM
2026-03-14 15:36:56,000 - Code.Dynamic_War_Manager.Source.Asset.Aircraft_Weapon_Data - DEBUG - get_weapon_score_target - weapon Kh-58 found in category MISSILES_ASM with type ASM
2026-03-14 15:36:56,000 - Code.Dynamic_War_Manager.Source.Asset.Aircraft_Weapon_Data - DEBUG - get_weapon_score_target - weapon R-60M found in category MISSILES_AAM with type AAM
2026-03-14 15:36:56,008 - Code.Dynamic_War_Manager.Source.Asset.Aircraft_Weapon_Data - DEBUG - get_weapon_score_target - weapon R-60M found in category MISSILES_AAM with type AAM
2026-03-14 15:36:56,008 - Code.Dynamic_War_Manager.Source.Asset.Aircraft_Weapon_Data - DEBUG - get_weapon_score_target - weapon Kh-25MP found in category MISSILES_ASM with type ASM
2026-03-14 15:36:56,008 - Code.Dynamic_War_Manager.Source.Asset.Aircraft_Weapon_Data - DEBUG - get_weapon_score_target - weapon Kh-25MP found in category MISSILES_ASM with type ASM
2026-03-14 15:36:56,008 - Code.Dynamic_War_Manager.Source.Asset.Aircraft_Weapon_Data - DEBUG - get_weapon_score_target - weapon Kh-58 found in category MISSILES_ASM with type ASM
2026-03-14 15:36:56,008 - Code.Dynamic_War_Manager.Source.Asset.Aircraft_Weapon_Data - DEBUG - get_weapon_score_target - weapon R-60M found in category MISSILES_AAM with type AAM
2026-03-14 15:36:56,008 - Code.Dynamic_War_Manager.Source.Asset.Aircraft_Weapon_Data - DEBUG - get_weapon_score_target - weapon R-60M found in category MISSILES_AAM with type AAM
2026-03-14 15:36:56,008 - Code.Dynamic_War_Manager.Source.Asset.Aircraft_Weapon_Data - DEBUG - get_weapon_score_target - weapon Kh-25MP found in category MISSILES_ASM with type ASM
2026-03-14 15:36:56,009 - Code.Dynamic_War_Manager.Source.Asset.Aircraft_Weapon_Data - DEBUG - get_weapon_score_target - weapon Kh-25MP found in category MISSILES_ASM with type ASM
2026-03-14 15:36:56,009 - Code.Dynamic_War_Manager.Source.Asset.Aircraft_Weapon_Data - DEBUG - get_weapon_score_target - weapon Kh-58 found in category MISSILES_ASM with type ASM
2026-03-14 15:36:56,009 - Code.Dynamic_War_Manager.Source.Asset.Aircraft_Weapon_Data - DEBUG - get_weapon_score_target - weapon R-60M found in category MISSILES_AAM with type AAM
2026-03-14 15:36:56,009 - Code.Dynamic_War_Manager.Source.Asset.Aircraft_Weapon_Data - DEBUG - get_weapon_score_target - weapon R-60M found in category MISSILES_AAM with type AAM
2026-03-14 15:36:56,009 - Code.Dynamic_War_Manager.Source.Asset.Aircraft_Weapon_Data - DEBUG - get_weapon_score_target - weapon Kh-25MP found in category MISSILES_ASM with type ASM
2026-03-14 15:36:56,009 - Code.Dynamic_War_Manager.Source.Asset.Aircraft_Weapon_Data - DEBUG - get_weapon_score_target - weapon Kh-25MP found in category MISSILES_ASM with type ASM
2026-03-14 15:36:56,009 - Code.Dynamic_War_Manager.Source.Asset.Aircraft_Weapon_Data - DEBUG - get_weapon_score_target - weapon Kh-58 found in category MISSILES_ASM with type ASM
2026-03-14 15:36:56,009 - Code.Dynamic_War_Manager.Source.Asset.Aircraft_Weapon_Data - DEBUG - get_weapon_score_target - weapon R-60M found in category MISSILES_AAM with type AAM
2026-03-14 15:36:56,010 - Code.Dynamic_War_Manager.Source.Asset.Aircraft_Weapon_Data - DEBUG - get_weapon_score_target - weapon R-60M found in category MISSILES_AAM with type AAM
2026-03-14 15:36:56,010 - Code.Dynamic_War_Manager.Source.Asset.Aircraft_Weapon_Data - DEBUG - get_weapon_score_target - weapon Kh-25MP found in category MISSILES_ASM with type ASM
2026-03-14 15:36:56,010 - Code.Dynamic_War_Manager.Source.Asset.Aircraft_Weapon_Data - DEBUG - get_weapon_score_target - weapon Kh-25MP found in category MISSILES_ASM with type ASM
2026-03-14 15:36:56,010 - Code.Dynamic_War_Manager.Source.Asset.Aircraft_Weapon_Data - DEBUG - get_weapon_score_target - weapon Kh-58 found in category MISSILES_ASM with type ASM
2026-03-14 15:36:56,010 - Code.Dynamic_War_Manager.Source.Asset.Aircraft_Weapon_Data - DEBUG - get_weapon_score_target - weapon R-60M found in category MISSILES_AAM with type AAM
2026-03-14 15:36:56,010 - Code.Dynamic_War_Manager.Source.Asset.Aircraft_Weapon_Data - DEBUG - get_weapon_score_target - weapon R-60M found in category MISSILES_AAM with type AAM
2026-03-14 15:36:56,017 - Code.Dynamic_War_Manager.Source.Asset.Aircraft_Weapon_Data - DEBUG - get_weapon_score_target - weapon Kh-25MP found in category MISSILES_ASM with type ASM
2026-03-14 15:36:56,018 - Code.Dynamic_War_Manager.Source.Asset.Aircraft_Weapon_Data - DEBUG - get_weapon_score_target - weapon Kh-25MP found in category MISSILES_ASM with type ASM
2026-03-14 15:36:56,018 - Code.Dynamic_War_Manager.Source.Asset.Aircraft_Weapon_Data - DEBUG - get_weapon_score_target - weapon Kh-58 found in category MISSILES_ASM with type ASM
2026-03-14 15:36:56,020 - Code.Dynamic_War_Manager.Source.Asset.Aircraft_Weapon_Data - DEBUG - get_weapon_score_target - weapon R-60M found in category MISSILES_AAM with type AAM
2026-03-14 15:36:56,022 - Code.Dynamic_War_Manager.Source.Asset.Aircraft_Weapon_Data - DEBUG - get_weapon_score_target - weapon R-60M found in category MISSILES_AAM with type AAM
2026-03-14 15:36:56,022 - Code.Dynamic_War_Manager.Source.Asset.Aircraft_Weapon_Data - DEBUG - get_weapon_score_target - weapon Kh-25MP found in category MISSILES_ASM with type ASM
2026-03-14 15:36:56,023 - Code.Dynamic_War_Manager.Source.Asset.Aircraft_Weapon_Data - DEBUG - get_weapon_score_target - weapon Kh-25MP found in category MISSILES_ASM with type ASM
2026-03-14 15:36:56,024 - Code.Dynamic_War_Manager.Source.Asset.Aircraft_Weapon_Data - DEBUG - get_weapon_score_target - weapon Kh-58 found in category MISSILES_ASM with type ASM
2026-03-14 15:36:56,024 - Code.Dynamic_War_Manager.Source.Asset.Aircraft_Weapon_Data - DEBUG - get_weapon_score_target - weapon R-60M found in category MISSILES_AAM with type AAM
2026-03-14 15:36:56,024 - Code.Dynamic_War_Manager.Source.Asset.Aircraft_Weapon_Data - DEBUG - get_weapon_score_target - weapon R-60M found in category MISSILES_AAM with type AAM
2026-03-14 15:36:56,024 - Code.Dynamic_War_Manager.Source.Asset.Aircraft_Weapon_Data - DEBUG - get_weapon_score_target - weapon Kh-25MP found in category MISSILES_ASM with type ASM
2026-03-14 15:36:56,024 - Code.Dynamic_War_Manager.Source.Asset.Aircraft_Weapon_Data - DEBUG - get_weapon_score_target - weapon Kh-25MP found in category MISSILES_ASM with type ASM
2026-03-14 15:36:56,024 - Code.Dynamic_War_Manager.Source.Asset.Aircraft_Weapon_Data - DEBUG - get_weapon_score_target - weapon Kh-58 found in category MISSILES_ASM with type ASM
2026-03-14 15:36:56,029 - Code.Dynamic_War_Manager.Source.Asset.Aircraft_Weapon_Data - DEBUG - get_weapon_score_target - weapon R-60M found in category MISSILES_AAM with type AAM
2026-03-14 15:36:56,030 - Code.Dynamic_War_Manager.Source.Asset.Aircraft_Weapon_Data - DEBUG - get_weapon_score_target - weapon R-60M found in category MISSILES_AAM with type AAM
2026-03-14 15:36:56,032 - Code.Dynamic_War_Manager.Source.Asset.Aircraft_Weapon_Data - DEBUG - get_weapon_score_target - weapon Kh-25MP found in category MISSILES_ASM with type ASM
2026-03-14 15:36:56,033 - Code.Dynamic_War_Manager.Source.Asset.Aircraft_Weapon_Data - DEBUG - get_weapon_score_target - weapon Kh-25MP found in category MISSILES_ASM with type ASM
2026-03-14 15:36:56,036 - Code.Dynamic_War_Manager.Source.Asset.Aircraft_Weapon_Data - DEBUG - get_weapon_score_target - weapon Kh-58 found in category MISSILES_ASM with type ASM
2026-03-14 15:36:56,036 - Code.Dynamic_War_Manager.Source.Asset.Aircraft_Weapon_Data - DEBUG - get_weapon_score_target - weapon R-60M found in category MISSILES_AAM with type AAM
2026-03-14 15:36:56,036 - Code.Dynamic_War_Manager.Source.Asset.Aircraft_Weapon_Data - DEBUG - get_weapon_score_target - weapon R-60M found in category MISSILES_AAM with type AAM
2026-03-14 15:36:56,037 - Code.Dynamic_War_Manager.Source.Asset.Aircraft_Weapon_Data - DEBUG - get_weapon_score_target - weapon Kh-25MP found in category MISSILES_ASM with type ASM
2026-03-14 15:36:56,037 - Code.Dynamic_War_Manager.Source.Asset.Aircraft_Weapon_Data - DEBUG - get_weapon_score_target - weapon Kh-25MP found in category MISSILES_ASM with type ASM
2026-03-14 15:36:56,037 - Code.Dynamic_War_Manager.Source.Asset.Aircraft_Weapon_Data - DEBUG - get_weapon_score_target - weapon Kh-58 found in category MISSILES_ASM with type ASM
2026-03-14 15:36:56,037 - Code.Dynamic_War_Manager.Source.Asset.Aircraft_Weapon_Data - DEBUG - get_weapon_score_target - weapon R-60M found in category MISSILES_AAM with type AAM
2026-03-14 15:36:56,037 - Code.Dynamic_War_Manager.Source.Asset.Aircraft_Weapon_Data - DEBUG - get_weapon_score_target - weapon R-60M found in category MISSILES_AAM with type AAM
2026-03-14 15:36:56,038 - Code.Dynamic_War_Manager.Source.Asset.Aircraft_Weapon_Data - DEBUG - get_weapon_score_target - weapon Kh-25MP found in category MISSILES_ASM with type ASM
2026-03-14 15:36:56,038 - Code.Dynamic_War_Manager.Source.Asset.Aircraft_Weapon_Data - DEBUG - get_weapon_score_target - weapon Kh-25MP found in category MISSILES_ASM with type ASM
2026-03-14 15:36:56,038 - Code.Dynamic_War_Manager.Source.Asset.Aircraft_Weapon_Data - DEBUG - get_weapon_score_target - weapon Kh-58 found in category MISSILES_ASM with type ASM
2026-03-14 15:36:56,039 - Code.Dynamic_War_Manager.Source.Asset.Aircraft_Weapon_Data - DEBUG - get_weapon_score_target - weapon R-60M found in category MISSILES_AAM with type AAM
2026-03-14 15:36:56,039 - Code.Dynamic_War_Manager.Source.Asset.Aircraft_Weapon_Data - DEBUG - get_weapon_score_target - weapon R-60M found in category MISSILES_AAM with type AAM
2026-03-14 15:36:56,039 - Code.Dynamic_War_Manager.Source.Asset.Aircraft_Weapon_Data - DEBUG - get_weapon_score_target - weapon Kh-25MP found in category MISSILES_ASM with type ASM
2026-03-14 15:36:56,039 - Code.Dynamic_War_Manager.Source.Asset.Aircraft_Weapon_Data - DEBUG - get_weapon_score_target - weapon Kh-25MP found in category MISSILES_ASM with type ASM
2026-03-14 15:36:56,039 - Code.Dynamic_War_Manager.Source.Asset.Aircraft_Weapon_Data - DEBUG - get_weapon_score_target - weapon Kh-58 found in category MISSILES_ASM with type ASM
2026-03-14 15:36:56,039 - Code.Dynamic_War_Manager.Source.Asset.Aircraft_Weapon_Data - DEBUG - get_weapon_score_target - weapon R-60M found in category MISSILES_AAM with type AAM
2026-03-14 15:36:56,039 - Code.Dynamic_War_Manager.Source.Asset.Aircraft_Weapon_Data - DEBUG - get_weapon_score_target - weapon R-60M found in category MISSILES_AAM with type AAM
2026-09-11 18:29:56,989 - Code.Dynamic_War_Manager.Source.Asset.Aircraft_Weapon_Data - WARNING - get_weapon_score - weapon 370gal_tank dict is None, return 0.0
2026-09-11 18:29:56,990 - Code.Dynamic_War_Manager.Source.Asset.Aircraft_Weapon_Data - WARNING - get_weapon_score - weapon 370gal_tank dict is None, return 0.0
2026-09-11 18:29:56,990 - Code.Dynamic_War_Manager.Source.Asset.Aircraft_Weapon_Data - WARNING - get_weapon_score - weapon 370gal_tank dict is None, return 0.0
2026-09-11 18:29:56,991 - Code.Dynamic_War_Manager.Source.Asset.Aircraft_Weapon_Data - WARNING - get_weapon_score - weapon 370gal_tank dict is None, return 0.0
2026-09-11 18:29:56,991 - Code.Dynamic_War_Manager.Source.Asset.Aircraft_Weapon_Data - WARNING - get_weapon_score - weapon 267gal_tank dict is None, return 0.0
2026-09-11 18:29:56,991 - Code.Dynamic_War_Manager.Source.Asset.Aircraft_Weapon_Data - WARNING - get_weapon_score - weapon 267gal_tank dict is None, return 0.0
2026-09-11 18:29:56,992 - Code.Dynamic_War_Manager.Source.Asset.Aircraft_Weapon_Data - WARNING - get_weapon_score - weapon 267gal_tank dict is None, return 0.0
2026-09-11 18:29:56,992 - Code.Dynamic_War_Manager.Source.Asset.Aircraft_Weapon_Data - WARNING - get_weapon_score - weapon 267gal_tank dict is None, return 0.0
2026-09-11 18:29:56,993 - Code.Dynamic_War_Manager.Source.Asset.Aircraft_Weapon_Data - WARNING - get_weapon_score - weapon 267gal_tank dict is None, return 0.0
2026-09-11 18:29:56,993 - Code.Dynamic_War_Manager.Source.Asset.Aircraft_Weapon_Data - WARNING - get_weapon_score - weapon 267gal_tank dict is None, return 0.0
2026-09-11 18:29:56,993 - Code.Dynamic_War_Manager.Source.Asset.Aircraft_Weapon_Data - WARNING - get_weapon_score - weapon 267gal_tank dict is None, return 0.0
2026-09-11 18:29:56,993 - Code.Dynamic_War_Manager.Source.Asset.Aircraft_Weapon_Data - WARNING - get_weapon_score - weapon 267gal_tank dict is None, return 0.0
2026-09-11 18:29:56,994 - Code.Dynamic_War_Manager.Source.Asset.Aircraft_Weapon_Data - WARNING - get_weapon_score - weapon 267gal_tank dict is None, return 0.0
2026-09-11 18:29:56,994 - Code.Dynamic_War_Manager.Source.Asset.Aircraft_Weapon_Data - WARNING - get_weapon_score - weapon 267gal_tank dict is None, return 0.0
2026-09-11 18:29:56,995 - Code.Dynamic_War_Manager.Source.Asset.Aircraft_Weapon_Data - WARNING - get_weapon_score - weapon 267gal_tank dict is None, return 0.0
2026-09-11 18:29:56,995 - Code.Dynamic_War_Manager.Source.Asset.Aircraft_Weapon_Data - WARNING - get_weapon_score - weapon 267gal_tank dict is None, return 0.0
2026-09-11 18:29:56,995 - Code.Dynamic_War_Manager.Source.Asset.Aircraft_Weapon_Data - WARNING - get_weapon_score - weapon 267gal_tank dict is None, return 0.0
2026-09-11 18:29:56,996 - Code.Dynamic_War_Manager.Source.Asset.Aircraft_Weapon_Data - WARNING - get_weapon_score - weapon 600gal_tank dict is None, return 0.0
2026-09-11 18:29:56,996 - Code.Dynamic_War_Manager.Source.Asset.Aircraft_Weapon_Data - WARNING - get_weapon_score - weapon 600gal_tank dict is None, return 0.0
2026-09-11 18:29:56,997 - Code.Dynamic_War_Manager.Source.Asset.Aircraft_Weapon_Data - WARNING - get_weapon_score - weapon 600gal_tank dict is None, return 0.0
2026-09-11 18:29:56,997 - Code.Dynamic_War_Manager.Source.Asset.Aircraft_Weapon_Data - WARNING - get_weapon_score - weapon 600gal_tank dict is None, return 0.0
2026-09-11 18:29:56,999 - Code.Dynamic_War_Manager.Source.Asset.Aircraft_Weapon_Data - WARNING - get_weapon_score - weapon 330gal_tank dict is None, return 0.0
2026-09-11 18:29:56,999 - Code.Dynamic_War_Manager.Source.Asset.Aircraft_Weapon_Data - WARNING - get_weapon_score - weapon 330gal_tank dict is None, return 0.0
2026-09-11 18:29:57,000 - Code.Dynamic_War_Manager.Source.Asset.Aircraft_Weapon_Data - WARNING - get_weapon_score - weapon 330gal_tank dict is None, return 0.0
2026-09-11 18:29:57,000 - Code.Dynamic_War_Manager.Source.Asset.Aircraft_Weapon_Data - WARNING - get_weapon_score - weapon 330gal_tank dict is None, return 0.0
2026-09-11 18:29:57,001 - Code.Dynamic_War_Manager.Source.Asset.Aircraft_Weapon_Data - WARNING - get_weapon_score - weapon 330gal_tank dict is None, return 0.0
2026-09-11 18:29:57,001 - Code.Dynamic_War_Manager.Source.Asset.Aircraft_Weapon_Data - WARNING - get_weapon_score - weapon 330gal_tank dict is None, return 0.0
2026-09-11 18:29:57,002 - Code.Dynamic_War_Manager.Source.Asset.Aircraft_Weapon_Data - WARNING - get_weapon_score - weapon 330gal_tank dict is None, return 0.0
2026-09-11 18:29:57,002 - Code.Dynamic_War_Manager.Source.Asset.Aircraft_Weapon_Data - WARNING - get_weapon_score - weapon 330gal_tank dict is None, return 0.0
2026-09-11 18:29:57,003 - Code.Dynamic_War_Manager.Source.Asset.Aircraft_Weapon_Data - WARNING - get_weapon_score - weapon 330gal_tank dict is None, return 0.0
2026-09-11 18:29:57,003 - Code.Dynamic_War_Manager.Source.Asset.Aircraft_Weapon_Data - WARNING - get_weapon_score - weapon 330gal_tank dict is None, return 0.0
2026-09-11 18:29:57,004 - Code.Dynamic_War_Manager.Source.Asset.Aircraft_Weapon_Data - WARNING - get_weapon_score - weapon 330gal_tank dict is None, return 0.0
2026-09-11 18:29:57,004 - Code.Dynamic_War_Manager.Source.Asset.Aircraft_Weapon_Data - WARNING - get_weapon_score - weapon 330gal_tank dict is None, return 0.0
2026-09-11 18:29:57,004 - Code.Dynamic_War_Manager.Source.Asset.Aircraft_Weapon_Data - WARNING - get_weapon_score - weapon 330gal_tank dict is None, return 0.0
2026-09-11 18:29:57,005 - Code.Dynamic_War_Manager.Source.Asset.Aircraft_Weapon_Data - WARNING - get_weapon_score - weapon 330gal_tank dict is None, return 0.0
2026-09-11 18:29:57,005 - Code.Dynamic_War_Manager.Source.Asset.Aircraft_Weapon_Data - WARNING - get_weapon_score - weapon 600gal_tank dict is None, return 0.0
2026-09-11 18:29:57,006 - Code.Dynamic_War_Manager.Source.Asset.Aircraft_Weapon_Data - WARNING - get_weapon_score - weapon 600gal_tank dict is None, return 0.0
2026-09-11 18:29:57,006 - Code.Dynamic_War_Manager.Source.Asset.Aircraft_Weapon_Data - WARNING - get_weapon_score - weapon 275gal_tank dict is None, return 0.0
2026-09-11 18:29:57,007 - Code.Dynamic_War_Manager.Source.Asset.Aircraft_Weapon_Data - WARNING - get_weapon_score - weapon 275gal_tank dict is None, return 0.0
2026-09-11 18:29:57,008 - Code.Dynamic_War_Manager.Source.Asset.Aircraft_Weapon_Data - WARNING - get_weapon_score - weapon 370gal_tank dict is None, return 0.0
2026-09-11 18:29:57,009 - Code.Dynamic_War_Manager.Source.Asset.Aircraft_Weapon_Data - WARNING - get_weapon_score - weapon 370gal_tank dict is None, return 0.0
2026-09-11 18:29:57,009 - Code.Dynamic_War_Manager.Source.Asset.Aircraft_Weapon_Data - WARNING - get_weapon_score - weapon 370gal_tank dict is None, return 0.0
2026-09-11 18:29:57,009 - Code.Dynamic_War_Manager.Source.Asset.Aircraft_Weapon_Data - WARNING - get_weapon_score - weapon 370gal_tank dict is None, return 0.0
2026-09-11 18:29:57,010 - Code.Dynamic_War_Manager.Source.Asset.Aircraft_Weapon_Data - WARNING - get_weapon_score - weapon 370gal_tank dict is None, return 0.0
2026-09-11 18:29:57,010 - Code.Dynamic_War_Manager.Source.Asset.Aircraft_Weapon_Data - WARNING - get_weapon_score - weapon 370gal_tank dict is None, return 0.0
2026-09-11 18:29:57,011 - Code.Dynamic_War_Manager.Source.Asset.Aircraft_Weapon_Data - WARNING - get_weapon_score - weapon 370gal_tank dict is None, return 0.0
2026-09-11 18:29:57,011 - Code.Dynamic_War_Manager.Source.Asset.Aircraft_Weapon_Data - WARNING - get_weapon_score - weapon 370gal_tank dict is None, return 0.0
2026-09-11 18:29:57,012 - Code.Dynamic_War_Manager.Source.Asset.Aircraft_Weapon_Data - WARNING - get_weapon_score - weapon 370gal_tank dict is None, return 0.0
2026-09-11 18:29:57,012 - Code.Dynamic_War_Manager.Source.Asset.Aircraft_Weapon_Data - WARNING - get_weapon_score - weapon 370gal_tank dict is None, return 0.0
2026-09-11 18:29:57,012 - Code.Dynamic_War_Manager.Source.Asset.Aircraft_Weapon_Data - WARNING - get_weapon_score - weapon 370gal_tank dict is None, return 0.0
2026-09-11 18:29:57,013 - Code.Dynamic_War_Manager.Source.Asset.Aircraft_Weapon_Data - WARNING - get_weapon_score - weapon 370gal_tank dict is None, return 0.0
2026-09-11 18:29:57,017 - Code.Dynamic_War_Manager.Source.Asset.Aircraft_Weapon_Data - WARNING - get_weapon_score - weapon 150gal_tank dict is None, return 0.0
2026-09-11 18:29:57,023 - Code.Dynamic_War_Manager.Source.Asset.Aircraft_Weapon_Data - WARNING - get_weapon_score - weapon 1300L_tank dict is None, return 0.0
2026-09-11 18:29:57,024 - Code.Dynamic_War_Manager.Source.Asset.Aircraft_Weapon_Data - WARNING - get_weapon_score - weapon 1300L_tank dict is None, return 0.0
2026-09-11 18:29:57,026 - Code.Dynamic_War_Manager.Source.Asset.Aircraft_Weapon_Data - WARNING - get_weapon_score - weapon 800L_tank dict is None, return 0.0
2026-09-11 18:29:57,026 - Code.Dynamic_War_Manager.Source.Asset.Aircraft_Weapon_Data - WARNING - get_weapon_score - weapon 800L_tank dict is None, return 0.0
2026-09-11 18:29:57,027 - Code.Dynamic_War_Manager.Source.Asset.Aircraft_Weapon_Data - WARNING - get_weapon_score - weapon 800L_tank dict is None, return 0.0
2026-09-11 18:29:57,038 - Code.Dynamic_War_Manager.Source.Asset.Aircraft_Weapon_Data - WARNING - get_weapon_score - weapon PTB-1500 dict is None, return 0.0
2026-09-11 18:29:57,039 - Code.Dynamic_War_Manager.Source.Asset.Aircraft_Weapon_Data - WARNING - get_weapon_score - weapon PTB-1500 dict is None, return 0.0
2026-09-11 18:29:57,039 - Code.Dynamic_War_Manager.Source.Asset.Aircraft_Weapon_Data - WARNING - get_weapon_score - weapon PTB-1500 dict is None, return 0.0
2026-09-11 18:29:57,040 - Code.Dynamic_War_Manager.Source.Asset.Aircraft_Weapon_Data - WARNING - get_weapon_score - weapon PTB-1500 dict is None, return 0.0
2026-09-11 18:29:57,041 - Code.Dynamic_War_Manager.Source.Asset.Aircraft_Weapon_Data - WARNING - get_weapon_score - weapon PTB-1500 dict is None, return 0.0
2026-09-11 18:35:29,508 - Code.Dynamic_War_Manager.Source.Asset.Aircraft_Weapon_Data - WARNING - get_weapon_score - weapon 370gal_tank dict is None, return 0.0
2026-09-11 18:35:29,509 - Code.Dynamic_War_Manager.Source.Asset.Aircraft_Weapon_Data - WARNING - get_weapon_score - weapon 370gal_tank dict is None, return 0.0
2026-09-11 18:35:29,509 - Code.Dynamic_War_Manager.Source.Asset.Aircraft_Weapon_Data - WARNING - get_weapon_score - weapon 370gal_tank dict is None, return 0.0
2026-09-11 18:35:29,509 - Code.Dynamic_War_Manager.Source.Asset.Aircraft_Weapon_Data - WARNING - get_weapon_score - weapon 370gal_tank dict is None, return 0.0
2026-09-11 18:35:29,510 - Code.Dynamic_War_Manager.Source.Asset.Aircraft_Weapon_Data - WARNING - get_weapon_score - weapon 267gal_tank dict is None, return 0.0
2026-09-11 18:35:29,510 - Code.Dynamic_War_Manager.Source.Asset.Aircraft_Weapon_Data - WARNING - get_weapon_score - weapon 267gal_tank dict is None, return 0.0
2026-09-11 18:35:29,510 - Code.Dynamic_War_Manager.Source.Asset.Aircraft_Weapon_Data - WARNING - get_weapon_score - weapon 267gal_tank dict is None, return 0.0
2026-09-11 18:35:29,510 - Code.Dynamic_War_Manager.Source.Asset.Aircraft_Weapon_Data - WARNING - get_weapon_score - weapon 267gal_tank dict is None, return 0.0
2026-09-11 18:35:29,511 - Code.Dynamic_War_Manager.Source.Asset.Aircraft_Weapon_Data - WARNING - get_weapon_score - weapon 267gal_tank dict is None, return 0.0
2026-09-11 18:35:29,511 - Code.Dynamic_War_Manager.Source.Asset.Aircraft_Weapon_Data - WARNING - get_weapon_score - weapon 267gal_tank dict is None, return 0.0
2026-09-11 18:35:29,512 - Code.Dynamic_War_Manager.Source.Asset.Aircraft_Weapon_Data - WARNING - get_weapon_score - weapon 267gal_tank dict is None, return 0.0
2026-09-11 18:35:29,512 - Code.Dynamic_War_Manager.Source.Asset.Aircraft_Weapon_Data - WARNING - get_weapon_score - weapon 267gal_tank dict is None, return 0.0
2026-09-11 18:35:29,512 - Code.Dynamic_War_Manager.Source.Asset.Aircraft_Weapon_Data - WARNING - get_weapon_score - weapon 267gal_tank dict is None, return 0.0
2026-09-11 18:35:29,513 - Code.Dynamic_War_Manager.Source.Asset.Aircraft_Weapon_Data - WARNING - get_weapon_score - weapon 267gal_tank dict is None, return 0.0
2026-09-11 18:35:29,513 - Code.Dynamic_War_Manager.Source.Asset.Aircraft_Weapon_Data - WARNING - get_weapon_score - weapon 267gal_tank dict is None, return 0.0
2026-09-11 18:35:29,513 - Code.Dynamic_War_Manager.Source.Asset.Aircraft_Weapon_Data - WARNING - get_weapon_score - weapon 267gal_tank dict is None, return 0.0
2026-09-11 18:35:29,514 - Code.Dynamic_War_Manager.Source.Asset.Aircraft_Weapon_Data - WARNING - get_weapon_score - weapon 267gal_tank dict is None, return 0.0
2026-09-11 18:35:29,514 - Code.Dynamic_War_Manager.Source.Asset.Aircraft_Weapon_Data - WARNING - get_weapon_score - weapon 600gal_tank dict is None, return 0.0
2026-09-11 18:35:29,514 - Code.Dynamic_War_Manager.Source.Asset.Aircraft_Weapon_Data - WARNING - get_weapon_score - weapon 600gal_tank dict is None, return 0.0
2026-09-11 18:35:29,515 - Code.Dynamic_War_Manager.Source.Asset.Aircraft_Weapon_Data - WARNING - get_weapon_score - weapon 600gal_tank dict is None, return 0.0
2026-09-11 18:35:29,515 - Code.Dynamic_War_Manager.Source.Asset.Aircraft_Weapon_Data - WARNING - get_weapon_score - weapon 600gal_tank dict is None, return 0.0
2026-09-11 18:35:29,517 - Code.Dynamic_War_Manager.Source.Asset.Aircraft_Weapon_Data - WARNING - get_weapon_score - weapon 330gal_tank dict is None, return 0.0
2026-09-11 18:35:29,517 - Code.Dynamic_War_Manager.Source.Asset.Aircraft_Weapon_Data - WARNING - get_weapon_score - weapon 330gal_tank dict is None, return 0.0
2026-09-11 18:35:29,518 - Code.Dynamic_War_Manager.Source.Asset.Aircraft_Weapon_Data - WARNING - get_weapon_score - weapon 330gal_tank dict is None, return 0.0
2026-09-11 18:35:29,518 - Code.Dynamic_War_Manager.Source.Asset.Aircraft_Weapon_Data - WARNING - get_weapon_score - weapon 330gal_tank dict is None, return 0.0
2026-09-11 18:35:29,519 - Code.Dynamic_War_Manager.Source.Asset.Aircraft_Weapon_Data - WARNING - get_weapon_score - weapon 330gal_tank dict is None, return 0.0
2026-09-11 18:35:29,519 - Code.Dynamic_War_Manager.Source.Asset.Aircraft_Weapon_Data - WARNING - get_weapon_score - weapon 330gal_tank dict is None, return 0.0
2026-09-11 18:35:29,520 - Code.Dynamic_War_Manager.Source.Asset.Aircraft_Weapon_Data - WARNING - get_weapon_score - weapon 330gal_tank dict is None, return 0.0
2026-09-11 18:35:29,520 - Code.Dynamic_War_Manager.Source.Asset.Aircraft_Weapon_Data - WARNING - get_weapon_score - weapon 330gal_tank dict is None, return 0.0
2026-09-11 18:35:29,520 - Code.Dynamic_War_Manager.Source.Asset.Aircraft_Weapon_Data - WARNING - get_weapon_score - weapon 330gal_tank dict is None, return 0.0
2026-09-11 18:35:29,521 - Code.Dynamic_War_Manager.Source.Asset.Aircraft_Weapon_Data - WARNING - get_weapon_score - weapon 330gal_tank dict is None, return 0.0
2026-09-11 18:35:29,521 - Code.Dynamic_War_Manager.Source.Asset.Aircraft_Weapon_Data - WARNING - get_weapon_score - weapon 330gal_tank dict is None, return 0.0
2026-09-11 18:35:29,521 - Code.Dynamic_War_Manager.Source.Asset.Aircraft_Weapon_Data - WARNING - get_weapon_score - weapon 330gal_tank dict is None, return 0.0
2026-09-11 18:35:29,522 - Code.Dynamic_War_Manager.Source.Asset.Aircraft_Weapon_Data - WARNING - get_weapon_score - weapon 330gal_tank dict is None, return 0.0
2026-09-11 18:35:29,522 - Code.Dynamic_War_Manager.Source.Asset.Aircraft_Weapon_Data - WARNING - get_weapon_score - weapon 330gal_tank dict is None, return 0.0
2026-09-11 18:35:29,523 - Code.Dynamic_War_Manager.Source.Asset.Aircraft_Weapon_Data - WARNING - get_weapon_score - weapon 600gal_tank dict is None, return 0.0
2026-09-11 18:35:29,523 - Code.Dynamic_War_Manager.Source.Asset.Aircraft_Weapon_Data - WARNING - get_weapon_score - weapon 600gal_tank dict is None, return 0.0
2026-09-11 18:35:29,524 - Code.Dynamic_War_Manager.Source.Asset.Aircraft_Weapon_Data - WARNING - get_weapon_score - weapon 275gal_tank dict is None, return 0.0
2026-09-11 18:35:29,524 - Code.Dynamic_War_Manager.Source.Asset.Aircraft_Weapon_Data - WARNING - get_weapon_score - weapon 275gal_tank dict is None, return 0.0
2026-09-11 18:35:29,525 - Code.Dynamic_War_Manager.Source.Asset.Aircraft_Weapon_Data - WARNING - get_weapon_score - weapon 370gal_tank dict is None, return 0.0
2026-09-11 18:35:29,526 - Code.Dynamic_War_Manager.Source.Asset.Aircraft_Weapon_Data - WARNING - get_weapon_score - weapon 370gal_tank dict is None, return 0.0
2026-09-11 18:35:29,526 - Code.Dynamic_War_Manager.Source.Asset.Aircraft_Weapon_Data - WARNING - get_weapon_score - weapon 370gal_tank dict is None, return 0.0
2026-09-11 18:35:29,527 - Code.Dynamic_War_Manager.Source.Asset.Aircraft_Weapon_Data - WARNING - get_weapon_score - weapon 370gal_tank dict is None, return 0.0
2026-09-11 18:35:29,527 - Code.Dynamic_War_Manager.Source.Asset.Aircraft_Weapon_Data - WARNING - get_weapon_score - weapon 370gal_tank dict is None, return 0.0
2026-09-11 18:35:29,527 - Code.Dynamic_War_Manager.Source.Asset.Aircraft_Weapon_Data - WARNING - get_weapon_score - weapon 370gal_tank dict is None, return 0.0
2026-09-11 18:35:29,528 - Code.Dynamic_War_Manager.Source.Asset.Aircraft_Weapon_Data - WARNING - get_weapon_score - weapon 370gal_tank dict is None, return 0.0
2026-09-11 18:35:29,528 - Code.Dynamic_War_Manager.Source.Asset.Aircraft_Weapon_Data - WARNING - get_weapon_score - weapon 370gal_tank dict is None, return 0.0
2026-09-11 18:35:29,528 - Code.Dynamic_War_Manager.Source.Asset.Aircraft_Weapon_Data - WARNING - get_weapon_score - weapon 370gal_tank dict is None, return 0.0
2026-09-11 18:35:29,529 - Code.Dynamic_War_Manager.Source.Asset.Aircraft_Weapon_Data - WARNING - get_weapon_score - weapon 370gal_tank dict is None, return 0.0
2026-09-11 18:35:29,529 - Code.Dynamic_War_Manager.Source.Asset.Aircraft_Weapon_Data - WARNING - get_weapon_score - weapon 370gal_tank dict is None, return 0.0
2026-09-11 18:35:29,530 - Code.Dynamic_War_Manager.Source.Asset.Aircraft_Weapon_Data - WARNING - get_weapon_score - weapon 370gal_tank dict is None, return 0.0
2026-09-11 18:35:29,533 - Code.Dynamic_War_Manager.Source.Asset.Aircraft_Weapon_Data - WARNING - get_weapon_score - weapon 150gal_tank dict is None, return 0.0
2026-09-11 18:35:29,539 - Code.Dynamic_War_Manager.Source.Asset.Aircraft_Weapon_Data - WARNING - get_weapon_score - weapon 1300L_tank dict is None, return 0.0
2026-09-11 18:35:29,539 - Code.Dynamic_War_Manager.Source.Asset.Aircraft_Weapon_Data - WARNING - get_weapon_score - weapon 1300L_tank dict is None, return 0.0
2026-09-11 18:35:29,541 - Code.Dynamic_War_Manager.Source.Asset.Aircraft_Weapon_Data - WARNING - get_weapon_score - weapon 800L_tank dict is None, return 0.0
2026-09-11 18:35:29,541 - Code.Dynamic_War_Manager.Source.Asset.Aircraft_Weapon_Data - WARNING - get_weapon_score - weapon 800L_tank dict is None, return 0.0
2026-09-11 18:35:29,542 - Code.Dynamic_War_Manager.Source.Asset.Aircraft_Weapon_Data - WARNING - get_weapon_score - weapon 800L_tank dict is None, return 0.0
2026-09-11 18:35:29,552 - Code.Dynamic_War_Manager.Source.Asset.Aircraft_Weapon_Data - WARNING - get_weapon_score - weapon PTB-1500 dict is None, return 0.0
2026-09-11 18:35:29,553 - Code.Dynamic_War_Manager.Source.Asset.Aircraft_Weapon_Data - WARNING - get_weapon_score - weapon PTB-1500 dict is None, return 0.0
2026-09-11 18:35:29,553 - Code.Dynamic_War_Manager.Source.Asset.Aircraft_Weapon_Data - WARNING - get_weapon_score - weapon PTB-1500 dict is None, return 0.0
2026-09-11 18:35:29,553 - Code.Dynamic_War_Manager.Source.Asset.Aircraft_Weapon_Data - WARNING - get_weapon_score - weapon PTB-1500 dict is None, return 0.0
2026-09-11 18:35:29,554 - Code.Dynamic_War_Manager.Source.Asset.Aircraft_Weapon_Data - WARNING - get_weapon_score - weapon PTB-1500 dict is None, return 0.0
2026-09-11 18:38:52,382 - Code.Dynamic_War_Manager.Source.Asset.Aircraft_Weapon_Data - WARNING - get_weapon_score - weapon 370gal_tank dict is None, return 0.0
2026-09-11 18:38:52,382 - Code.Dynamic_War_Manager.Source.Asset.Aircraft_Weapon_Data - WARNING - get_weapon_score - weapon 370gal_tank dict is None, return 0.0
2026-09-11 18:38:52,383 - Code.Dynamic_War_Manager.Source.Asset.Aircraft_Weapon_Data - WARNING - get_weapon_score - weapon 370gal_tank dict is None, return 0.0
2026-09-11 18:38:52,383 - Code.Dynamic_War_Manager.Source.Asset.Aircraft_Weapon_Data - WARNING - get_weapon_score - weapon 370gal_tank dict is None, return 0.0
2026-09-11 18:38:52,384 - Code.Dynamic_War_Manager.Source.Asset.Aircraft_Weapon_Data - WARNING - get_weapon_score - weapon 267gal_tank dict is None, return 0.0
2026-09-11 18:38:52,384 - Code.Dynamic_War_Manager.Source.Asset.Aircraft_Weapon_Data - WARNING - get_weapon_score - weapon 267gal_tank dict is None, return 0.0
2026-09-11 18:38:52,384 - Code.Dynamic_War_Manager.Source.Asset.Aircraft_Weapon_Data - WARNING - get_weapon_score - weapon 267gal_tank dict is None, return 0.0
2026-09-11 18:38:52,384 - Code.Dynamic_War_Manager.Source.Asset.Aircraft_Weapon_Data - WARNING - get_weapon_score - weapon 267gal_tank dict is None, return 0.0
2026-09-11 18:38:52,385 - Code.Dynamic_War_Manager.Source.Asset.Aircraft_Weapon_Data - WARNING - get_weapon_score - weapon 267gal_tank dict is None, return 0.0
2026-09-11 18:38:52,385 - Code.Dynamic_War_Manager.Source.Asset.Aircraft_Weapon_Data - WARNING - get_weapon_score - weapon 267gal_tank dict is None, return 0.0
2026-09-11 18:38:52,386 - Code.Dynamic_War_Manager.Source.Asset.Aircraft_Weapon_Data - WARNING - get_weapon_score - weapon 267gal_tank dict is None, return 0.0
2026-09-11 18:38:52,386 - Code.Dynamic_War_Manager.Source.Asset.Aircraft_Weapon_Data - WARNING - get_weapon_score - weapon 267gal_tank dict is None, return 0.0
2026-09-11 18:38:52,386 - Code.Dynamic_War_Manager.Source.Asset.Aircraft_Weapon_Data - WARNING - get_weapon_score - weapon 267gal_tank dict is None, return 0.0
2026-09-11 18:38:52,386 - Code.Dynamic_War_Manager.Source.Asset.Aircraft_Weapon_Data - WARNING - get_weapon_score - weapon 267gal_tank dict is None, return 0.0
2026-09-11 18:38:52,387 - Code.Dynamic_War_Manager.Source.Asset.Aircraft_Weapon_Data - WARNING - get_weapon_score - weapon 267gal_tank dict is None, return 0.0
2026-09-11 18:38:52,387 - Code.Dynamic_War_Manager.Source.Asset.Aircraft_Weapon_Data - WARNING - get_weapon_score - weapon 267gal_tank dict is None, return 0.0
2026-09-11 18:38:52,388 - Code.Dynamic_War_Manager.Source.Asset.Aircraft_Weapon_Data - WARNING - get_weapon_score - weapon 267gal_tank dict is None, return 0.0
2026-09-11 18:38:52,388 - Code.Dynamic_War_Manager.Source.Asset.Aircraft_Weapon_Data - WARNING - get_weapon_score - weapon 600gal_tank dict is None, return 0.0
2026-09-11 18:38:52,388 - Code.Dynamic_War_Manager.Source.Asset.Aircraft_Weapon_Data - WARNING - get_weapon_score - weapon 600gal_tank dict is None, return 0.0
2026-09-11 18:38:52,389 - Code.Dynamic_War_Manager.Source.Asset.Aircraft_Weapon_Data - WARNING - get_weapon_score - weapon 600gal_tank dict is None, return 0.0
2026-09-11 18:38:52,389 - Code.Dynamic_War_Manager.Source.Asset.Aircraft_Weapon_Data - WARNING - get_weapon_score - weapon 600gal_tank dict is None, return 0.0
2026-09-11 18:38:52,391 - Code.Dynamic_War_Manager.Source.Asset.Aircraft_Weapon_Data - WARNING - get_weapon_score - weapon 330gal_tank dict is None, return 0.0
2026-09-11 18:38:52,391 - Code.Dynamic_War_Manager.Source.Asset.Aircraft_Weapon_Data - WARNING - get_weapon_score - weapon 330gal_tank dict is None, return 0.0
2026-09-11 18:38:52,391 - Code.Dynamic_War_Manager.Source.Asset.Aircraft_Weapon_Data - WARNING - get_weapon_score - weapon 330gal_tank dict is None, return 0.0
2026-09-11 18:38:52,392 - Code.Dynamic_War_Manager.Source.Asset.Aircraft_Weapon_Data - WARNING - get_weapon_score - weapon 330gal_tank dict is None, return 0.0
2026-09-11 18:38:52,392 - Code.Dynamic_War_Manager.Source.Asset.Aircraft_Weapon_Data - WARNING - get_weapon_score - weapon 330gal_tank dict is None, return 0.0
2026-09-11 18:38:52,393 - Code.Dynamic_War_Manager.Source.Asset.Aircraft_Weapon_Data - WARNING - get_weapon_score - weapon 330gal_tank dict is None, return 0.0
2026-09-11 18:38:52,393 - Code.Dynamic_War_Manager.Source.Asset.Aircraft_Weapon_Data - WARNING - get_weapon_score - weapon 330gal_tank dict is None, return 0.0
2026-09-11 18:38:52,394 - Code.Dynamic_War_Manager.Source.Asset.Aircraft_Weapon_Data - WARNING - get_weapon_score - weapon 330gal_tank dict is None, return 0.0
2026-09-11 18:38:52,394 - Code.Dynamic_War_Manager.Source.Asset.Aircraft_Weapon_Data - WARNING - get_weapon_score - weapon 330gal_tank dict is None, return 0.0
2026-09-11 18:38:52,395 - Code.Dynamic_War_Manager.Source.Asset.Aircraft_Weapon_Data - WARNING - get_weapon_score - weapon 330gal_tank dict is None, return 0.0
2026-09-11 18:38:52,395 - Code.Dynamic_War_Manager.Source.Asset.Aircraft_Weapon_Data - WARNING - get_weapon_score - weapon 330gal_tank dict is None, return 0.0
2026-09-11 18:38:52,395 - Code.Dynamic_War_Manager.Source.Asset.Aircraft_Weapon_Data - WARNING - get_weapon_score - weapon 330gal_tank dict is None, return 0.0
2026-09-11 18:38:52,396 - Code.Dynamic_War_Manager.Source.Asset.Aircraft_Weapon_Data - WARNING - get_weapon_score - weapon 330gal_tank dict is None, return 0.0
2026-09-11 18:38:52,396 - Code.Dynamic_War_Manager.Source.Asset.Aircraft_Weapon_Data - WARNING - get_weapon_score - weapon 330gal_tank dict is None, return 0.0
2026-09-11 18:38:52,397 - Code.Dynamic_War_Manager.Source.Asset.Aircraft_Weapon_Data - WARNING - get_weapon_score - weapon 600gal_tank dict is None, return 0.0
2026-09-11 18:38:52,397 - Code.Dynamic_War_Manager.Source.Asset.Aircraft_Weapon_Data - WARNING - get_weapon_score - weapon 600gal_tank dict is None, return 0.0
2026-09-11 18:38:52,397 - Code.Dynamic_War_Manager.Source.Asset.Aircraft_Weapon_Data - WARNING - get_weapon_score - weapon 275gal_tank dict is None, return 0.0
2026-09-11 18:38:52,398 - Code.Dynamic_War_Manager.Source.Asset.Aircraft_Weapon_Data - WARNING - get_weapon_score - weapon 275gal_tank dict is None, return 0.0
2026-09-11 18:38:52,399 - Code.Dynamic_War_Manager.Source.Asset.Aircraft_Weapon_Data - WARNING - get_weapon_score - weapon 370gal_tank dict is None, return 0.0
2026-09-11 18:38:52,400 - Code.Dynamic_War_Manager.Source.Asset.Aircraft_Weapon_Data - WARNING - get_weapon_score - weapon 370gal_tank dict is None, return 0.0
2026-09-11 18:38:52,400 - Code.Dynamic_War_Manager.Source.Asset.Aircraft_Weapon_Data - WARNING - get_weapon_score - weapon 370gal_tank dict is None, return 0.0
2026-09-11 18:38:52,400 - Code.Dynamic_War_Manager.Source.Asset.Aircraft_Weapon_Data - WARNING - get_weapon_score - weapon 370gal_tank dict is None, return 0.0
2026-09-11 18:38:52,401 - Code.Dynamic_War_Manager.Source.Asset.Aircraft_Weapon_Data - WARNING - get_weapon_score - weapon 370gal_tank dict is None, return 0.0
2026-09-11 18:38:52,401 - Code.Dynamic_War_Manager.Source.Asset.Aircraft_Weapon_Data - WARNING - get_weapon_score - weapon 370gal_tank dict is None, return 0.0
2026-09-11 18:38:52,402 - Code.Dynamic_War_Manager.Source.Asset.Aircraft_Weapon_Data - WARNING - get_weapon_score - weapon 370gal_tank dict is None, return 0.0
2026-09-11 18:38:52,402 - Code.Dynamic_War_Manager.Source.Asset.Aircraft_Weapon_Data - WARNING - get_weapon_score - weapon 370gal_tank dict is None, return 0.0
2026-09-11 18:38:52,402 - Code.Dynamic_War_Manager.Source.Asset.Aircraft_Weapon_Data - WARNING - get_weapon_score - weapon 370gal_tank dict is None, return 0.0
2026-09-11 18:38:52,403 - Code.Dynamic_War_Manager.Source.Asset.Aircraft_Weapon_Data - WARNING - get_weapon_score - weapon 370gal_tank dict is None, return 0.0
2026-09-11 18:38:52,403 - Code.Dynamic_War_Manager.Source.Asset.Aircraft_Weapon_Data - WARNING - get_weapon_score - weapon 370gal_tank dict is None, return 0.0
2026-09-11 18:38:52,403 - Code.Dynamic_War_Manager.Source.Asset.Aircraft_Weapon_Data - WARNING - get_weapon_score - weapon 370gal_tank dict is None, return 0.0
2026-09-11 18:38:52,407 - Code.Dynamic_War_Manager.Source.Asset.Aircraft_Weapon_Data - WARNING - get_weapon_score - weapon 150gal_tank dict is None, return 0.0
2026-09-11 18:38:52,413 - Code.Dynamic_War_Manager.Source.Asset.Aircraft_Weapon_Data - WARNING - get_weapon_score - weapon 1300L_tank dict is None, return 0.0
2026-09-11 18:38:52,413 - Code.Dynamic_War_Manager.Source.Asset.Aircraft_Weapon_Data - WARNING - get_weapon_score - weapon 1300L_tank dict is None, return 0.0
2026-09-11 18:38:52,415 - Code.Dynamic_War_Manager.Source.Asset.Aircraft_Weapon_Data - WARNING - get_weapon_score - weapon 800L_tank dict is None, return 0.0
2026-09-11 18:38:52,416 - Code.Dynamic_War_Manager.Source.Asset.Aircraft_Weapon_Data - WARNING - get_weapon_score - weapon 800L_tank dict is None, return 0.0
2026-09-11 18:38:52,416 - Code.Dynamic_War_Manager.Source.Asset.Aircraft_Weapon_Data - WARNING - get_weapon_score - weapon 800L_tank dict is None, return 0.0
2026-09-11 18:38:52,426 - Code.Dynamic_War_Manager.Source.Asset.Aircraft_Weapon_Data - WARNING - get_weapon_score - weapon PTB-1500 dict is None, return 0.0
2026-09-11 18:38:52,427 - Code.Dynamic_War_Manager.Source.Asset.Aircraft_Weapon_Data - WARNING - get_weapon_score - weapon PTB-1500 dict is None, return 0.0
2026-09-11 18:38:52,427 - Code.Dynamic_War_Manager.Source.Asset.Aircraft_Weapon_Data - WARNING - get_weapon_score - weapon PTB-1500 dict is None, return 0.0
2026-09-11 18:38:52,428 - Code.Dynamic_War_Manager.Source.Asset.Aircraft_Weapon_Data - WARNING - get_weapon_score - weapon PTB-1500 dict is None, return 0.0
2026-09-11 18:38:52,428 - Code.Dynamic_War_Manager.Source.Asset.Aircraft_Weapon_Data - WARNING - get_weapon_score - weapon PTB-1500 dict is None, return 0.0
2026-09-11 18:38:59,166 - Code.Dynamic_War_Manager.Source.Asset.Aircraft_Weapon_Data - WARNING - get_weapon_score - weapon 370gal_tank dict is None, return 0.0
2026-09-11 18:38:59,167 - Code.Dynamic_War_Manager.Source.Asset.Aircraft_Weapon_Data - WARNING - get_weapon_score - weapon 370gal_tank dict is None, return 0.0
2026-09-11 18:38:59,167 - Code.Dynamic_War_Manager.Source.Asset.Aircraft_Weapon_Data - WARNING - get_weapon_score - weapon 370gal_tank dict is None, return 0.0
2026-09-11 18:38:59,168 - Code.Dynamic_War_Manager.Source.Asset.Aircraft_Weapon_Data - WARNING - get_weapon_score - weapon 370gal_tank dict is None, return 0.0
2026-09-11 18:38:59,168 - Code.Dynamic_War_Manager.Source.Asset.Aircraft_Weapon_Data - WARNING - get_weapon_score - weapon 267gal_tank dict is None, return 0.0
2026-09-11 18:38:59,168 - Code.Dynamic_War_Manager.Source.Asset.Aircraft_Weapon_Data - WARNING - get_weapon_score - weapon 267gal_tank dict is None, return 0.0
2026-09-11 18:38:59,169 - Code.Dynamic_War_Manager.Source.Asset.Aircraft_Weapon_Data - WARNING - get_weapon_score - weapon 267gal_tank dict is None, return 0.0
2026-09-11 18:38:59,169 - Code.Dynamic_War_Manager.Source.Asset.Aircraft_Weapon_Data - WARNING - get_weapon_score - weapon 267gal_tank dict is None, return 0.0
2026-09-11 18:38:59,169 - Code.Dynamic_War_Manager.Source.Asset.Aircraft_Weapon_Data - WARNING - get_weapon_score - weapon 267gal_tank dict is None, return 0.0
2026-09-11 18:38:59,169 - Code.Dynamic_War_Manager.Source.Asset.Aircraft_Weapon_Data - WARNING - get_weapon_score - weapon 267gal_tank dict is None, return 0.0
2026-09-11 18:38:59,170 - Code.Dynamic_War_Manager.Source.Asset.Aircraft_Weapon_Data - WARNING - get_weapon_score - weapon 267gal_tank dict is None, return 0.0
2026-09-11 18:38:59,170 - Code.Dynamic_War_Manager.Source.Asset.Aircraft_Weapon_Data - WARNING - get_weapon_score - weapon 267gal_tank dict is None, return 0.0
2026-09-11 18:38:59,170 - Code.Dynamic_War_Manager.Source.Asset.Aircraft_Weapon_Data - WARNING - get_weapon_score - weapon 267gal_tank dict is None, return 0.0
2026-09-11 18:38:59,171 - Code.Dynamic_War_Manager.Source.Asset.Aircraft_Weapon_Data - WARNING - get_weapon_score - weapon 267gal_tank dict is None, return 0.0
2026-09-11 18:38:59,171 - Code.Dynamic_War_Manager.Source.Asset.Aircraft_Weapon_Data - WARNING - get_weapon_score - weapon 267gal_tank dict is None, return 0.0
2026-09-11 18:38:59,171 - Code.Dynamic_War_Manager.Source.Asset.Aircraft_Weapon_Data - WARNING - get_weapon_score - weapon 267gal_tank dict is None, return 0.0
2026-09-11 18:38:59,172 - Code.Dynamic_War_Manager.Source.Asset.Aircraft_Weapon_Data - WARNING - get_weapon_score - weapon 267gal_tank dict is None, return 0.0
2026-09-11 18:38:59,172 - Code.Dynamic_War_Manager.Source.Asset.Aircraft_Weapon_Data - WARNING - get_weapon_score - weapon 600gal_tank dict is None, return 0.0
2026-09-11 18:38:59,172 - Code.Dynamic_War_Manager.Source.Asset.Aircraft_Weapon_Data - WARNING - get_weapon_score - weapon 600gal_tank dict is None, return 0.0
2026-09-11 18:38:59,173 - Code.Dynamic_War_Manager.Source.Asset.Aircraft_Weapon_Data - WARNING - get_weapon_score - weapon 600gal_tank dict is None, return 0.0
2026-09-11 18:38:59,173 - Code.Dynamic_War_Manager.Source.Asset.Aircraft_Weapon_Data - WARNING - get_weapon_score - weapon 600gal_tank dict is None, return 0.0
2026-09-11 18:38:59,175 - Code.Dynamic_War_Manager.Source.Asset.Aircraft_Weapon_Data - WARNING - get_weapon_score - weapon 330gal_tank dict is None, return 0.0
2026-09-11 18:38:59,176 - Code.Dynamic_War_Manager.Source.Asset.Aircraft_Weapon_Data - WARNING - get_weapon_score - weapon 330gal_tank dict is None, return 0.0
2026-09-11 18:38:59,176 - Code.Dynamic_War_Manager.Source.Asset.Aircraft_Weapon_Data - WARNING - get_weapon_score - weapon 330gal_tank dict is None, return 0.0
2026-09-11 18:38:59,177 - Code.Dynamic_War_Manager.Source.Asset.Aircraft_Weapon_Data - WARNING - get_weapon_score - weapon 330gal_tank dict is None, return 0.0
2026-09-11 18:38:59,177 - Code.Dynamic_War_Manager.Source.Asset.Aircraft_Weapon_Data - WARNING - get_weapon_score - weapon 330gal_tank dict is None, return 0.0
2026-09-11 18:38:59,177 - Code.Dynamic_War_Manager.Source.Asset.Aircraft_Weapon_Data - WARNING - get_weapon_score - weapon 330gal_tank dict is None, return 0.0
2026-09-11 18:38:59,178 - Code.Dynamic_War_Manager.Source.Asset.Aircraft_Weapon_Data - WARNING - get_weapon_score - weapon 330gal_tank dict is None, return 0.0
2026-09-11 18:38:59,178 - Code.Dynamic_War_Manager.Source.Asset.Aircraft_Weapon_Data - WARNING - get_weapon_score - weapon 330gal_tank dict is None, return 0.0
2026-09-11 18:38:59,179 - Code.Dynamic_War_Manager.Source.Asset.Aircraft_Weapon_Data - WARNING - get_weapon_score - weapon 330gal_tank dict is None, return 0.0
2026-09-11 18:38:59,179 - Code.Dynamic_War_Manager.Source.Asset.Aircraft_Weapon_Data - WARNING - get_weapon_score - weapon 330gal_tank dict is None, return 0.0
2026-09-11 18:38:59,179 - Code.Dynamic_War_Manager.Source.Asset.Aircraft_Weapon_Data - WARNING - get_weapon_score - weapon 330gal_tank dict is None, return 0.0
2026-09-11 18:38:59,180 - Code.Dynamic_War_Manager.Source.Asset.Aircraft_Weapon_Data - WARNING - get_weapon_score - weapon 330gal_tank dict is None, return 0.0
2026-09-11 18:38:59,180 - Code.Dynamic_War_Manager.Source.Asset.Aircraft_Weapon_Data - WARNING - get_weapon_score - weapon 330gal_tank dict is None, return 0.0
2026-09-11 18:38:59,181 - Code.Dynamic_War_Manager.Source.Asset.Aircraft_Weapon_Data - WARNING - get_weapon_score - weapon 330gal_tank dict is None, return 0.0
2026-09-11 18:38:59,181 - Code.Dynamic_War_Manager.Source.Asset.Aircraft_Weapon_Data - WARNING - get_weapon_score - weapon 600gal_tank dict is None, return 0.0
2026-09-11 18:38:59,182 - Code.Dynamic_War_Manager.Source.Asset.Aircraft_Weapon_Data - WARNING - get_weapon_score - weapon 600gal_tank dict is None, return 0.0
2026-09-11 18:38:59,182 - Code.Dynamic_War_Manager.Source.Asset.Aircraft_Weapon_Data - WARNING - get_weapon_score - weapon 275gal_tank dict is None, return 0.0
2026-09-11 18:38:59,182 - Code.Dynamic_War_Manager.Source.Asset.Aircraft_Weapon_Data - WARNING - get_weapon_score - weapon 275gal_tank dict is None, return 0.0
2026-09-11 18:38:59,184 - Code.Dynamic_War_Manager.Source.Asset.Aircraft_Weapon_Data - WARNING - get_weapon_score - weapon 370gal_tank dict is None, return 0.0
2026-09-11 18:38:59,184 - Code.Dynamic_War_Manager.Source.Asset.Aircraft_Weapon_Data - WARNING - get_weapon_score - weapon 370gal_tank dict is None, return 0.0
2026-09-11 18:38:59,184 - Code.Dynamic_War_Manager.Source.Asset.Aircraft_Weapon_Data - WARNING - get_weapon_score - weapon 370gal_tank dict is None, return 0.0
2026-09-11 18:38:59,185 - Code.Dynamic_War_Manager.Source.Asset.Aircraft_Weapon_Data - WARNING - get_weapon_score - weapon 370gal_tank dict is None, return 0.0
2026-09-11 18:38:59,185 - Code.Dynamic_War_Manager.Source.Asset.Aircraft_Weapon_Data - WARNING - get_weapon_score - weapon 370gal_tank dict is None, return 0.0
2026-09-11 18:38:59,186 - Code.Dynamic_War_Manager.Source.Asset.Aircraft_Weapon_Data - WARNING - get_weapon_score - weapon 370gal_tank dict is None, return 0.0
2026-09-11 18:38:59,186 - Code.Dynamic_War_Manager.Source.Asset.Aircraft_Weapon_Data - WARNING - get_weapon_score - weapon 370gal_tank dict is None, return 0.0
2026-09-11 18:38:59,186 - Code.Dynamic_War_Manager.Source.Asset.Aircraft_Weapon_Data - WARNING - get_weapon_score - weapon 370gal_tank dict is None, return 0.0
2026-09-11 18:38:59,187 - Code.Dynamic_War_Manager.Source.Asset.Aircraft_Weapon_Data - WARNING - get_weapon_score - weapon 370gal_tank dict is None, return 0.0
2026-09-11 18:38:59,187 - Code.Dynamic_War_Manager.Source.Asset.Aircraft_Weapon_Data - WARNING - get_weapon_score - weapon 370gal_tank dict is None, return 0.0
2026-09-11 18:38:59,187 - Code.Dynamic_War_Manager.Source.Asset.Aircraft_Weapon_Data - WARNING - get_weapon_score - weapon 370gal_tank dict is None, return 0.0
2026-09-11 18:38:59,188 - Code.Dynamic_War_Manager.Source.Asset.Aircraft_Weapon_Data - WARNING - get_weapon_score - weapon 370gal_tank dict is None, return 0.0
2026-09-11 18:38:59,192 - Code.Dynamic_War_Manager.Source.Asset.Aircraft_Weapon_Data - WARNING - get_weapon_score - weapon 150gal_tank dict is None, return 0.0
2026-09-11 18:38:59,197 - Code.Dynamic_War_Manager.Source.Asset.Aircraft_Weapon_Data - WARNING - get_weapon_score - weapon 1300L_tank dict is None, return 0.0
2026-09-11 18:38:59,198 - Code.Dynamic_War_Manager.Source.Asset.Aircraft_Weapon_Data - WARNING - get_weapon_score - weapon 1300L_tank dict is None, return 0.0
2026-09-11 18:38:59,199 - Code.Dynamic_War_Manager.Source.Asset.Aircraft_Weapon_Data - WARNING - get_weapon_score - weapon 800L_tank dict is None, return 0.0
2026-09-11 18:38:59,200 - Code.Dynamic_War_Manager.Source.Asset.Aircraft_Weapon_Data - WARNING - get_weapon_score - weapon 800L_tank dict is None, return 0.0
2026-09-11 18:38:59,200 - Code.Dynamic_War_Manager.Source.Asset.Aircraft_Weapon_Data - WARNING - get_weapon_score - weapon 800L_tank dict is None, return 0.0
2026-09-11 18:38:59,210 - Code.Dynamic_War_Manager.Source.Asset.Aircraft_Weapon_Data - WARNING - get_weapon_score - weapon PTB-1500 dict is None, return 0.0
2026-09-11 18:38:59,211 - Code.Dynamic_War_Manager.Source.Asset.Aircraft_Weapon_Data - WARNING - get_weapon_score - weapon PTB-1500 dict is None, return 0.0
2026-09-11 18:38:59,211 - Code.Dynamic_War_Manager.Source.Asset.Aircraft_Weapon_Data - WARNING - get_weapon_score - weapon PTB-1500 dict is None, return 0.0
2026-09-11 18:38:59,212 - Code.Dynamic_War_Manager.Source.Asset.Aircraft_Weapon_Data - WARNING - get_weapon_score - weapon PTB-1500 dict is None, return 0.0
2026-09-11 18:38:59,212 - Code.Dynamic_War_Manager.Source.Asset.Aircraft_Weapon_Data - WARNING - get_weapon_score - weapon PTB-1500 dict is None, return 0.0
2026-09-11 18:39:07,251 - Code.Dynamic_War_Manager.Source.Asset.Aircraft_Weapon_Data - WARNING - get_weapon_score - weapon 370gal_tank dict is None, return 0.0
2026-09-11 18:39:07,252 - Code.Dynamic_War_Manager.Source.Asset.Aircraft_Weapon_Data - WARNING - get_weapon_score - weapon 370gal_tank dict is None, return 0.0
2026-09-11 18:39:07,253 - Code.Dynamic_War_Manager.Source.Asset.Aircraft_Weapon_Data - WARNING - get_weapon_score - weapon 370gal_tank dict is None, return 0.0
2026-09-11 18:39:07,253 - Code.Dynamic_War_Manager.Source.Asset.Aircraft_Weapon_Data - WARNING - get_weapon_score - weapon 370gal_tank dict is None, return 0.0
2026-09-11 18:39:07,254 - Code.Dynamic_War_Manager.Source.Asset.Aircraft_Weapon_Data - WARNING - get_weapon_score - weapon 267gal_tank dict is None, return 0.0
2026-09-11 18:39:07,254 - Code.Dynamic_War_Manager.Source.Asset.Aircraft_Weapon_Data - WARNING - get_weapon_score - weapon 267gal_tank dict is None, return 0.0
2026-09-11 18:39:07,254 - Code.Dynamic_War_Manager.Source.Asset.Aircraft_Weapon_Data - WARNING - get_weapon_score - weapon 267gal_tank dict is None, return 0.0
2026-09-11 18:39:07,254 - Code.Dynamic_War_Manager.Source.Asset.Aircraft_Weapon_Data - WARNING - get_weapon_score - weapon 267gal_tank dict is None, return 0.0
2026-09-11 18:39:07,255 - Code.Dynamic_War_Manager.Source.Asset.Aircraft_Weapon_Data - WARNING - get_weapon_score - weapon 267gal_tank dict is None, return 0.0
2026-09-11 18:39:07,255 - Code.Dynamic_War_Manager.Source.Asset.Aircraft_Weapon_Data - WARNING - get_weapon_score - weapon 267gal_tank dict is None, return 0.0
2026-09-11 18:39:07,255 - Code.Dynamic_War_Manager.Source.Asset.Aircraft_Weapon_Data - WARNING - get_weapon_score - weapon 267gal_tank dict is None, return 0.0
2026-09-11 18:39:07,255 - Code.Dynamic_War_Manager.Source.Asset.Aircraft_Weapon_Data - WARNING - get_weapon_score - weapon 267gal_tank dict is None, return 0.0
2026-09-11 18:39:07,256 - Code.Dynamic_War_Manager.Source.Asset.Aircraft_Weapon_Data - WARNING - get_weapon_score - weapon 267gal_tank dict is None, return 0.0
2026-09-11 18:39:07,256 - Code.Dynamic_War_Manager.Source.Asset.Aircraft_Weapon_Data - WARNING - get_weapon_score - weapon 267gal_tank dict is None, return 0.0
2026-09-11 18:39:07,257 - Code.Dynamic_War_Manager.Source.Asset.Aircraft_Weapon_Data - WARNING - get_weapon_score - weapon 267gal_tank dict is None, return 0.0
2026-09-11 18:39:07,257 - Code.Dynamic_War_Manager.Source.Asset.Aircraft_Weapon_Data - WARNING - get_weapon_score - weapon 267gal_tank dict is None, return 0.0
2026-09-11 18:39:07,257 - Code.Dynamic_War_Manager.Source.Asset.Aircraft_Weapon_Data - WARNING - get_weapon_score - weapon 267gal_tank dict is None, return 0.0
2026-09-11 18:39:07,258 - Code.Dynamic_War_Manager.Source.Asset.Aircraft_Weapon_Data - WARNING - get_weapon_score - weapon 600gal_tank dict is None, return 0.0
2026-09-11 18:39:07,258 - Code.Dynamic_War_Manager.Source.Asset.Aircraft_Weapon_Data - WARNING - get_weapon_score - weapon 600gal_tank dict is None, return 0.0
2026-09-11 18:39:07,259 - Code.Dynamic_War_Manager.Source.Asset.Aircraft_Weapon_Data - WARNING - get_weapon_score - weapon 600gal_tank dict is None, return 0.0
2026-09-11 18:39:07,259 - Code.Dynamic_War_Manager.Source.Asset.Aircraft_Weapon_Data - WARNING - get_weapon_score - weapon 600gal_tank dict is None, return 0.0
2026-09-11 18:39:07,260 - Code.Dynamic_War_Manager.Source.Asset.Aircraft_Weapon_Data - WARNING - get_weapon_score - weapon 330gal_tank dict is None, return 0.0
2026-09-11 18:39:07,260 - Code.Dynamic_War_Manager.Source.Asset.Aircraft_Weapon_Data - WARNING - get_weapon_score - weapon 330gal_tank dict is None, return 0.0
2026-09-11 18:39:07,261 - Code.Dynamic_War_Manager.Source.Asset.Aircraft_Weapon_Data - WARNING - get_weapon_score - weapon 330gal_tank dict is None, return 0.0
2026-09-11 18:39:07,261 - Code.Dynamic_War_Manager.Source.Asset.Aircraft_Weapon_Data - WARNING - get_weapon_score - weapon 330gal_tank dict is None, return 0.0
2026-09-11 18:39:07,262 - Code.Dynamic_War_Manager.Source.Asset.Aircraft_Weapon_Data - WARNING - get_weapon_score - weapon 330gal_tank dict is None, return 0.0
2026-09-11 18:39:07,262 - Code.Dynamic_War_Manager.Source.Asset.Aircraft_Weapon_Data - WARNING - get_weapon_score - weapon 330gal_tank dict is None, return 0.0
2026-09-11 18:39:07,263 - Code.Dynamic_War_Manager.Source.Asset.Aircraft_Weapon_Data - WARNING - get_weapon_score - weapon 330gal_tank dict is None, return 0.0
2026-09-11 18:39:07,263 - Code.Dynamic_War_Manager.Source.Asset.Aircraft_Weapon_Data - WARNING - get_weapon_score - weapon 330gal_tank dict is None, return 0.0
2026-09-11 18:39:07,263 - Code.Dynamic_War_Manager.Source.Asset.Aircraft_Weapon_Data - WARNING - get_weapon_score - weapon 330gal_tank dict is None, return 0.0
2026-09-11 18:39:07,264 - Code.Dynamic_War_Manager.Source.Asset.Aircraft_Weapon_Data - WARNING - get_weapon_score - weapon 330gal_tank dict is None, return 0.0
2026-09-11 18:39:07,264 - Code.Dynamic_War_Manager.Source.Asset.Aircraft_Weapon_Data - WARNING - get_weapon_score - weapon 330gal_tank dict is None, return 0.0
2026-09-11 18:39:07,265 - Code.Dynamic_War_Manager.Source.Asset.Aircraft_Weapon_Data - WARNING - get_weapon_score - weapon 330gal_tank dict is None, return 0.0
2026-09-11 18:39:07,265 - Code.Dynamic_War_Manager.Source.Asset.Aircraft_Weapon_Data - WARNING - get_weapon_score - weapon 330gal_tank dict is None, return 0.0
2026-09-11 18:39:07,265 - Code.Dynamic_War_Manager.Source.Asset.Aircraft_Weapon_Data - WARNING - get_weapon_score - weapon 330gal_tank dict is None, return 0.0
2026-09-11 18:39:07,266 - Code.Dynamic_War_Manager.Source.Asset.Aircraft_Weapon_Data - WARNING - get_weapon_score - weapon 600gal_tank dict is None, return 0.0
2026-09-11 18:39:07,266 - Code.Dynamic_War_Manager.Source.Asset.Aircraft_Weapon_Data - WARNING - get_weapon_score - weapon 600gal_tank dict is None, return 0.0
2026-09-11 18:39:07,267 - Code.Dynamic_War_Manager.Source.Asset.Aircraft_Weapon_Data - WARNING - get_weapon_score - weapon 275gal_tank dict is None, return 0.0
2026-09-11 18:39:07,267 - Code.Dynamic_War_Manager.Source.Asset.Aircraft_Weapon_Data - WARNING - get_weapon_score - weapon 275gal_tank dict is None, return 0.0
2026-09-11 18:39:07,268 - Code.Dynamic_War_Manager.Source.Asset.Aircraft_Weapon_Data - WARNING - get_weapon_score - weapon 370gal_tank dict is None, return 0.0
2026-09-11 18:39:07,269 - Code.Dynamic_War_Manager.Source.Asset.Aircraft_Weapon_Data - WARNING - get_weapon_score - weapon 370gal_tank dict is None, return 0.0
2026-09-11 18:39:07,269 - Code.Dynamic_War_Manager.Source.Asset.Aircraft_Weapon_Data - WARNING - get_weapon_score - weapon 370gal_tank dict is None, return 0.0
2026-09-11 18:39:07,270 - Code.Dynamic_War_Manager.Source.Asset.Aircraft_Weapon_Data - WARNING - get_weapon_score - weapon 370gal_tank dict is None, return 0.0
2026-09-11 18:39:07,270 - Code.Dynamic_War_Manager.Source.Asset.Aircraft_Weapon_Data - WARNING - get_weapon_score - weapon 370gal_tank dict is None, return 0.0
2026-09-11 18:39:07,270 - Code.Dynamic_War_Manager.Source.Asset.Aircraft_Weapon_Data - WARNING - get_weapon_score - weapon 370gal_tank dict is None, return 0.0
2026-09-11 18:39:07,271 - Code.Dynamic_War_Manager.Source.Asset.Aircraft_Weapon_Data - WARNING - get_weapon_score - weapon 370gal_tank dict is None, return 0.0
2026-09-11 18:39:07,271 - Code.Dynamic_War_Manager.Source.Asset.Aircraft_Weapon_Data - WARNING - get_weapon_score - weapon 370gal_tank dict is None, return 0.0
2026-09-11 18:39:07,271 - Code.Dynamic_War_Manager.Source.Asset.Aircraft_Weapon_Data - WARNING - get_weapon_score - weapon 370gal_tank dict is None, return 0.0
2026-09-11 18:39:07,272 - Code.Dynamic_War_Manager.Source.Asset.Aircraft_Weapon_Data - WARNING - get_weapon_score - weapon 370gal_tank dict is None, return 0.0
2026-09-11 18:39:07,272 - Code.Dynamic_War_Manager.Source.Asset.Aircraft_Weapon_Data - WARNING - get_weapon_score - weapon 370gal_tank dict is None, return 0.0
2026-09-11 18:39:07,272 - Code.Dynamic_War_Manager.Source.Asset.Aircraft_Weapon_Data - WARNING - get_weapon_score - weapon 370gal_tank dict is None, return 0.0
2026-09-11 18:39:07,276 - Code.Dynamic_War_Manager.Source.Asset.Aircraft_Weapon_Data - WARNING - get_weapon_score - weapon 150gal_tank dict is None, return 0.0
2026-09-11 18:39:07,281 - Code.Dynamic_War_Manager.Source.Asset.Aircraft_Weapon_Data - WARNING - get_weapon_score - weapon 1300L_tank dict is None, return 0.0
2026-09-11 18:39:07,282 - Code.Dynamic_War_Manager.Source.Asset.Aircraft_Weapon_Data - WARNING - get_weapon_score - weapon 1300L_tank dict is None, return 0.0
2026-09-11 18:39:07,284 - Code.Dynamic_War_Manager.Source.Asset.Aircraft_Weapon_Data - WARNING - get_weapon_score - weapon 800L_tank dict is None, return 0.0
2026-09-11 18:39:07,284 - Code.Dynamic_War_Manager.Source.Asset.Aircraft_Weapon_Data - WARNING - get_weapon_score - weapon 800L_tank dict is None, return 0.0
2026-09-11 18:39:07,285 - Code.Dynamic_War_Manager.Source.Asset.Aircraft_Weapon_Data - WARNING - get_weapon_score - weapon 800L_tank dict is None, return 0.0
2026-09-11 18:39:07,294 - Code.Dynamic_War_Manager.Source.Asset.Aircraft_Weapon_Data - WARNING - get_weapon_score - weapon PTB-1500 dict is None, return 0.0
2026-09-11 18:39:07,295 - Code.Dynamic_War_Manager.Source.Asset.Aircraft_Weapon_Data - WARNING - get_weapon_score - weapon PTB-1500 dict is None, return 0.0
2026-09-11 18:39:07,296 - Code.Dynamic_War_Manager.Source.Asset.Aircraft_Weapon_Data - WARNING - get_weapon_score - weapon PTB-1500 dict is None, return 0.0
2026-09-11 18:39:07,296 - Code.Dynamic_War_Manager.Source.Asset.Aircraft_Weapon_Data - WARNING - get_weapon_score - weapon PTB-1500 dict is None, return 0.0
2026-09-11 18:39:07,297 - Code.Dynamic_War_Manager.Source.Asset.Aircraft_Weapon_Data - WARNING - get_weapon_score - weapon PTB-1500 dict is None, return 0.0
2026-09-11 18:39:18,011 - Code.Dynamic_War_Manager.Source.Asset.Aircraft_Weapon_Data - WARNING - get_weapon_score - weapon 370gal_tank dict is None, return 0.0
2026-09-11 18:39:18,012 - Code.Dynamic_War_Manager.Source.Asset.Aircraft_Weapon_Data - WARNING - get_weapon_score - weapon 370gal_tank dict is None, return 0.0
2026-09-11 18:39:18,012 - Code.Dynamic_War_Manager.Source.Asset.Aircraft_Weapon_Data - WARNING - get_weapon_score - weapon 370gal_tank dict is None, return 0.0
2026-09-11 18:39:18,012 - Code.Dynamic_War_Manager.Source.Asset.Aircraft_Weapon_Data - WARNING - get_weapon_score - weapon 370gal_tank dict is None, return 0.0
2026-09-11 18:39:18,013 - Code.Dynamic_War_Manager.Source.Asset.Aircraft_Weapon_Data - WARNING - get_weapon_score - weapon 267gal_tank dict is None, return 0.0
2026-09-11 18:39:18,013 - Code.Dynamic_War_Manager.Source.Asset.Aircraft_Weapon_Data - WARNING - get_weapon_score - weapon 267gal_tank dict is None, return 0.0
2026-09-11 18:39:18,013 - Code.Dynamic_War_Manager.Source.Asset.Aircraft_Weapon_Data - WARNING - get_weapon_score - weapon 267gal_tank dict is None, return 0.0
2026-09-11 18:39:18,014 - Code.Dynamic_War_Manager.Source.Asset.Aircraft_Weapon_Data - WARNING - get_weapon_score - weapon 267gal_tank dict is None, return 0.0
2026-09-11 18:39:18,014 - Code.Dynamic_War_Manager.Source.Asset.Aircraft_Weapon_Data - WARNING - get_weapon_score - weapon 267gal_tank dict is None, return 0.0
2026-09-11 18:39:18,014 - Code.Dynamic_War_Manager.Source.Asset.Aircraft_Weapon_Data - WARNING - get_weapon_score - weapon 267gal_tank dict is None, return 0.0
2026-09-11 18:39:18,015 - Code.Dynamic_War_Manager.Source.Asset.Aircraft_Weapon_Data - WARNING - get_weapon_score - weapon 267gal_tank dict is None, return 0.0
2026-09-11 18:39:18,015 - Code.Dynamic_War_Manager.Source.Asset.Aircraft_Weapon_Data - WARNING - get_weapon_score - weapon 267gal_tank dict is None, return 0.0
2026-09-11 18:39:18,015 - Code.Dynamic_War_Manager.Source.Asset.Aircraft_Weapon_Data - WARNING - get_weapon_score - weapon 267gal_tank dict is None, return 0.0
2026-09-11 18:39:18,015 - Code.Dynamic_War_Manager.Source.Asset.Aircraft_Weapon_Data - WARNING - get_weapon_score - weapon 267gal_tank dict is None, return 0.0
2026-09-11 18:39:18,016 - Code.Dynamic_War_Manager.Source.Asset.Aircraft_Weapon_Data - WARNING - get_weapon_score - weapon 267gal_tank dict is None, return 0.0
2026-09-11 18:39:18,016 - Code.Dynamic_War_Manager.Source.Asset.Aircraft_Weapon_Data - WARNING - get_weapon_score - weapon 267gal_tank dict is None, return 0.0
2026-09-11 18:39:18,016 - Code.Dynamic_War_Manager.Source.Asset.Aircraft_Weapon_Data - WARNING - get_weapon_score - weapon 267gal_tank dict is None, return 0.0
2026-09-11 18:39:18,017 - Code.Dynamic_War_Manager.Source.Asset.Aircraft_Weapon_Data - WARNING - get_weapon_score - weapon 600gal_tank dict is None, return 0.0
2026-09-11 18:39:18,017 - Code.Dynamic_War_Manager.Source.Asset.Aircraft_Weapon_Data - WARNING - get_weapon_score - weapon 600gal_tank dict is None, return 0.0
2026-09-11 18:39:18,018 - Code.Dynamic_War_Manager.Source.Asset.Aircraft_Weapon_Data - WARNING - get_weapon_score - weapon 600gal_tank dict is None, return 0.0
2026-09-11 18:39:18,018 - Code.Dynamic_War_Manager.Source.Asset.Aircraft_Weapon_Data - WARNING - get_weapon_score - weapon 600gal_tank dict is None, return 0.0
2026-09-11 18:39:18,019 - Code.Dynamic_War_Manager.Source.Asset.Aircraft_Weapon_Data - WARNING - get_weapon_score - weapon 330gal_tank dict is None, return 0.0
2026-09-11 18:39:18,020 - Code.Dynamic_War_Manager.Source.Asset.Aircraft_Weapon_Data - WARNING - get_weapon_score - weapon 330gal_tank dict is None, return 0.0
2026-09-11 18:39:18,020 - Code.Dynamic_War_Manager.Source.Asset.Aircraft_Weapon_Data - WARNING - get_weapon_score - weapon 330gal_tank dict is None, return 0.0
2026-09-11 18:39:18,021 - Code.Dynamic_War_Manager.Source.Asset.Aircraft_Weapon_Data - WARNING - get_weapon_score - weapon 330gal_tank dict is None, return 0.0
2026-09-11 18:39:18,021 - Code.Dynamic_War_Manager.Source.Asset.Aircraft_Weapon_Data - WARNING - get_weapon_score - weapon 330gal_tank dict is None, return 0.0
2026-09-11 18:39:18,022 - Code.Dynamic_War_Manager.Source.Asset.Aircraft_Weapon_Data - WARNING - get_weapon_score - weapon 330gal_tank dict is None, return 0.0
2026-09-11 18:39:18,022 - Code.Dynamic_War_Manager.Source.Asset.Aircraft_Weapon_Data - WARNING - get_weapon_score - weapon 330gal_tank dict is None, return 0.0
2026-09-11 18:39:18,023 - Code.Dynamic_War_Manager.Source.Asset.Aircraft_Weapon_Data - WARNING - get_weapon_score - weapon 330gal_tank dict is None, return 0.0
2026-09-11 18:39:18,023 - Code.Dynamic_War_Manager.Source.Asset.Aircraft_Weapon_Data - WARNING - get_weapon_score - weapon 330gal_tank dict is None, return 0.0
2026-09-11 18:39:18,023 - Code.Dynamic_War_Manager.Source.Asset.Aircraft_Weapon_Data - WARNING - get_weapon_score - weapon 330gal_tank dict is None, return 0.0
2026-09-11 18:39:18,024 - Code.Dynamic_War_Manager.Source.Asset.Aircraft_Weapon_Data - WARNING - get_weapon_score - weapon 330gal_tank dict is None, return 0.0
2026-09-11 18:39:18,024 - Code.Dynamic_War_Manager.Source.Asset.Aircraft_Weapon_Data - WARNING - get_weapon_score - weapon 330gal_tank dict is None, return 0.0
2026-09-11 18:39:18,024 - Code.Dynamic_War_Manager.Source.Asset.Aircraft_Weapon_Data - WARNING - get_weapon_score - weapon 330gal_tank dict is None, return 0.0
2026-09-11 18:39:18,025 - Code.Dynamic_War_Manager.Source.Asset.Aircraft_Weapon_Data - WARNING - get_weapon_score - weapon 330gal_tank dict is None, return 0.0
2026-09-11 18:39:18,025 - Code.Dynamic_War_Manager.Source.Asset.Aircraft_Weapon_Data - WARNING - get_weapon_score - weapon 600gal_tank dict is None, return 0.0
2026-09-11 18:39:18,026 - Code.Dynamic_War_Manager.Source.Asset.Aircraft_Weapon_Data - WARNING - get_weapon_score - weapon 600gal_tank dict is None, return 0.0
2026-09-11 18:39:18,026 - Code.Dynamic_War_Manager.Source.Asset.Aircraft_Weapon_Data - WARNING - get_weapon_score - weapon 275gal_tank dict is None, return 0.0
2026-09-11 18:39:18,027 - Code.Dynamic_War_Manager.Source.Asset.Aircraft_Weapon_Data - WARNING - get_weapon_score - weapon 275gal_tank dict is None, return 0.0
2026-09-11 18:39:18,028 - Code.Dynamic_War_Manager.Source.Asset.Aircraft_Weapon_Data - WARNING - get_weapon_score - weapon 370gal_tank dict is None, return 0.0
2026-09-11 18:39:18,028 - Code.Dynamic_War_Manager.Source.Asset.Aircraft_Weapon_Data - WARNING - get_weapon_score - weapon 370gal_tank dict is None, return 0.0
2026-09-11 18:39:18,029 - Code.Dynamic_War_Manager.Source.Asset.Aircraft_Weapon_Data - WARNING - get_weapon_score - weapon 370gal_tank dict is None, return 0.0
2026-09-11 18:39:18,029 - Code.Dynamic_War_Manager.Source.Asset.Aircraft_Weapon_Data - WARNING - get_weapon_score - weapon 370gal_tank dict is None, return 0.0
2026-09-11 18:39:18,029 - Code.Dynamic_War_Manager.Source.Asset.Aircraft_Weapon_Data - WARNING - get_weapon_score - weapon 370gal_tank dict is None, return 0.0
2026-09-11 18:39:18,030 - Code.Dynamic_War_Manager.Source.Asset.Aircraft_Weapon_Data - WARNING - get_weapon_score - weapon 370gal_tank dict is None, return 0.0
2026-09-11 18:39:18,030 - Code.Dynamic_War_Manager.Source.Asset.Aircraft_Weapon_Data - WARNING - get_weapon_score - weapon 370gal_tank dict is None, return 0.0
2026-09-11 18:39:18,031 - Code.Dynamic_War_Manager.Source.Asset.Aircraft_Weapon_Data - WARNING - get_weapon_score - weapon 370gal_tank dict is None, return 0.0
2026-09-11 18:39:18,031 - Code.Dynamic_War_Manager.Source.Asset.Aircraft_Weapon_Data - WARNING - get_weapon_score - weapon 370gal_tank dict is None, return 0.0
2026-09-11 18:39:18,031 - Code.Dynamic_War_Manager.Source.Asset.Aircraft_Weapon_Data - WARNING - get_weapon_score - weapon 370gal_tank dict is None, return 0.0
2026-09-11 18:39:18,032 - Code.Dynamic_War_Manager.Source.Asset.Aircraft_Weapon_Data - WARNING - get_weapon_score - weapon 370gal_tank dict is None, return 0.0
2026-09-11 18:39:18,032 - Code.Dynamic_War_Manager.Source.Asset.Aircraft_Weapon_Data - WARNING - get_weapon_score - weapon 370gal_tank dict is None, return 0.0
2026-09-11 18:39:18,036 - Code.Dynamic_War_Manager.Source.Asset.Aircraft_Weapon_Data - WARNING - get_weapon_score - weapon 150gal_tank dict is None, return 0.0
2026-09-11 18:39:18,041 - Code.Dynamic_War_Manager.Source.Asset.Aircraft_Weapon_Data - WARNING - get_weapon_score - weapon 1300L_tank dict is None, return 0.0
2026-09-11 18:39:18,042 - Code.Dynamic_War_Manager.Source.Asset.Aircraft_Weapon_Data - WARNING - get_weapon_score - weapon 1300L_tank dict is None, return 0.0
2026-09-11 18:39:18,044 - Code.Dynamic_War_Manager.Source.Asset.Aircraft_Weapon_Data - WARNING - get_weapon_score - weapon 800L_tank dict is None, return 0.0
2026-09-11 18:39:18,044 - Code.Dynamic_War_Manager.Source.Asset.Aircraft_Weapon_Data - WARNING - get_weapon_score - weapon 800L_tank dict is None, return 0.0
2026-09-11 18:39:18,045 - Code.Dynamic_War_Manager.Source.Asset.Aircraft_Weapon_Data - WARNING - get_weapon_score - weapon 800L_tank dict is None, return 0.0
2026-09-11 18:39:18,054 - Code.Dynamic_War_Manager.Source.Asset.Aircraft_Weapon_Data - WARNING - get_weapon_score - weapon PTB-1500 dict is None, return 0.0
2026-09-11 18:39:18,055 - Code.Dynamic_War_Manager.Source.Asset.Aircraft_Weapon_Data - WARNING - get_weapon_score - weapon PTB-1500 dict is None, return 0.0
2026-09-11 18:39:18,056 - Code.Dynamic_War_Manager.Source.Asset.Aircraft_Weapon_Data - WARNING - get_weapon_score - weapon PTB-1500 dict is None, return 0.0
2026-09-11 18:39:18,056 - Code.Dynamic_War_Manager.Source.Asset.Aircraft_Weapon_Data - WARNING - get_weapon_score - weapon PTB-1500 dict is None, return 0.0
2026-09-11 18:39:18,057 - Code.Dynamic_War_Manager.Source.Asset.Aircraft_Weapon_Data - WARNING - get_weapon_score - weapon PTB-1500 dict is None, return 0.0
2026-09-11 19:27:50,860 - Code.Dynamic_War_Manager.Source.Asset.Aircraft_Weapon_Data - WARNING - get_weapon_score - weapon 370gal_tank dict is None, return 0.0
2026-09-11 19:27:50,861 - Code.Dynamic_War_Manager.Source.Asset.Aircraft_Weapon_Data - WARNING - get_weapon_score - weapon 370gal_tank dict is None, return 0.0
2026-09-11 19:27:50,861 - Code.Dynamic_War_Manager.Source.Asset.Aircraft_Weapon_Data - WARNING - get_weapon_score - weapon 370gal_tank dict is None, return 0.0
2026-09-11 19:27:50,862 - Code.Dynamic_War_Manager.Source.Asset.Aircraft_Weapon_Data - WARNING - get_weapon_score - weapon 370gal_tank dict is None, return 0.0
2026-09-11 19:27:50,862 - Code.Dynamic_War_Manager.Source.Asset.Aircraft_Weapon_Data - WARNING - get_weapon_score - weapon 267gal_tank dict is None, return 0.0
2026-09-11 19:27:50,862 - Code.Dynamic_War_Manager.Source.Asset.Aircraft_Weapon_Data - WARNING - get_weapon_score - weapon 267gal_tank dict is None, return 0.0
2026-09-11 19:27:50,863 - Code.Dynamic_War_Manager.Source.Asset.Aircraft_Weapon_Data - WARNING - get_weapon_score - weapon 267gal_tank dict is None, return 0.0
2026-09-11 19:27:50,863 - Code.Dynamic_War_Manager.Source.Asset.Aircraft_Weapon_Data - WARNING - get_weapon_score - weapon 267gal_tank dict is None, return 0.0
2026-09-11 19:27:50,864 - Code.Dynamic_War_Manager.Source.Asset.Aircraft_Weapon_Data - WARNING - get_weapon_score - weapon 267gal_tank dict is None, return 0.0
2026-09-11 19:27:50,864 - Code.Dynamic_War_Manager.Source.Asset.Aircraft_Weapon_Data - WARNING - get_weapon_score - weapon 267gal_tank dict is None, return 0.0
2026-09-11 19:27:50,864 - Code.Dynamic_War_Manager.Source.Asset.Aircraft_Weapon_Data - WARNING - get_weapon_score - weapon 267gal_tank dict is None, return 0.0
2026-09-11 19:27:50,864 - Code.Dynamic_War_Manager.Source.Asset.Aircraft_Weapon_Data - WARNING - get_weapon_score - weapon 267gal_tank dict is None, return 0.0
2026-09-11 19:27:50,865 - Code.Dynamic_War_Manager.Source.Asset.Aircraft_Weapon_Data - WARNING - get_weapon_score - weapon 267gal_tank dict is None, return 0.0
2026-09-11 19:27:50,865 - Code.Dynamic_War_Manager.Source.Asset.Aircraft_Weapon_Data - WARNING - get_weapon_score - weapon 267gal_tank dict is None, return 0.0
2026-09-11 19:27:50,866 - Code.Dynamic_War_Manager.Source.Asset.Aircraft_Weapon_Data - WARNING - get_weapon_score - weapon 267gal_tank dict is None, return 0.0
2026-09-11 19:27:50,866 - Code.Dynamic_War_Manager.Source.Asset.Aircraft_Weapon_Data - WARNING - get_weapon_score - weapon 267gal_tank dict is None, return 0.0
2026-09-11 19:27:50,866 - Code.Dynamic_War_Manager.Source.Asset.Aircraft_Weapon_Data - WARNING - get_weapon_score - weapon 267gal_tank dict is None, return 0.0
2026-09-11 19:27:50,867 - Code.Dynamic_War_Manager.Source.Asset.Aircraft_Weapon_Data - WARNING - get_weapon_score - weapon 600gal_tank dict is None, return 0.0
2026-09-11 19:27:50,867 - Code.Dynamic_War_Manager.Source.Asset.Aircraft_Weapon_Data - WARNING - get_weapon_score - weapon 600gal_tank dict is None, return 0.0
2026-09-11 19:27:50,868 - Code.Dynamic_War_Manager.Source.Asset.Aircraft_Weapon_Data - WARNING - get_weapon_score - weapon 600gal_tank dict is None, return 0.0
2026-09-11 19:27:50,868 - Code.Dynamic_War_Manager.Source.Asset.Aircraft_Weapon_Data - WARNING - get_weapon_score - weapon 600gal_tank dict is None, return 0.0
2026-09-11 19:27:50,870 - Code.Dynamic_War_Manager.Source.Asset.Aircraft_Weapon_Data - WARNING - get_weapon_score - weapon 330gal_tank dict is None, return 0.0
2026-09-11 19:27:50,870 - Code.Dynamic_War_Manager.Source.Asset.Aircraft_Weapon_Data - WARNING - get_weapon_score - weapon 330gal_tank dict is None, return 0.0
2026-09-11 19:27:50,871 - Code.Dynamic_War_Manager.Source.Asset.Aircraft_Weapon_Data - WARNING - get_weapon_score - weapon 330gal_tank dict is None, return 0.0
2026-09-11 19:27:50,871 - Code.Dynamic_War_Manager.Source.Asset.Aircraft_Weapon_Data - WARNING - get_weapon_score - weapon 330gal_tank dict is None, return 0.0
2026-09-11 19:27:50,872 - Code.Dynamic_War_Manager.Source.Asset.Aircraft_Weapon_Data - WARNING - get_weapon_score - weapon 330gal_tank dict is None, return 0.0
2026-09-11 19:27:50,872 - Code.Dynamic_War_Manager.Source.Asset.Aircraft_Weapon_Data - WARNING - get_weapon_score - weapon 330gal_tank dict is None, return 0.0
2026-09-11 19:27:50,873 - Code.Dynamic_War_Manager.Source.Asset.Aircraft_Weapon_Data - WARNING - get_weapon_score - weapon 330gal_tank dict is None, return 0.0
2026-09-11 19:27:50,873 - Code.Dynamic_War_Manager.Source.Asset.Aircraft_Weapon_Data - WARNING - get_weapon_score - weapon 330gal_tank dict is None, return 0.0
2026-09-11 19:27:50,874 - Code.Dynamic_War_Manager.Source.Asset.Aircraft_Weapon_Data - WARNING - get_weapon_score - weapon 330gal_tank dict is None, return 0.0
2026-09-11 19:27:50,874 - Code.Dynamic_War_Manager.Source.Asset.Aircraft_Weapon_Data - WARNING - get_weapon_score - weapon 330gal_tank dict is None, return 0.0
2026-09-11 19:27:50,874 - Code.Dynamic_War_Manager.Source.Asset.Aircraft_Weapon_Data - WARNING - get_weapon_score - weapon 330gal_tank dict is None, return 0.0
2026-09-11 19:27:50,875 - Code.Dynamic_War_Manager.Source.Asset.Aircraft_Weapon_Data - WARNING - get_weapon_score - weapon 330gal_tank dict is None, return 0.0
2026-09-11 19:27:50,875 - Code.Dynamic_War_Manager.Source.Asset.Aircraft_Weapon_Data - WARNING - get_weapon_score - weapon 330gal_tank dict is None, return 0.0
2026-09-11 19:27:50,876 - Code.Dynamic_War_Manager.Source.Asset.Aircraft_Weapon_Data - WARNING - get_weapon_score - weapon 330gal_tank dict is None, return 0.0
2026-09-11 19:27:50,876 - Code.Dynamic_War_Manager.Source.Asset.Aircraft_Weapon_Data - WARNING - get_weapon_score - weapon 600gal_tank dict is None, return 0.0
2026-09-11 19:27:50,877 - Code.Dynamic_War_Manager.Source.Asset.Aircraft_Weapon_Data - WARNING - get_weapon_score - weapon 600gal_tank dict is None, return 0.0
2026-09-11 19:27:50,877 - Code.Dynamic_War_Manager.Source.Asset.Aircraft_Weapon_Data - WARNING - get_weapon_score - weapon 275gal_tank dict is None, return 0.0
2026-09-11 19:27:50,878 - Code.Dynamic_War_Manager.Source.Asset.Aircraft_Weapon_Data - WARNING - get_weapon_score - weapon 275gal_tank dict is None, return 0.0
2026-09-11 19:27:50,879 - Code.Dynamic_War_Manager.Source.Asset.Aircraft_Weapon_Data - WARNING - get_weapon_score - weapon 370gal_tank dict is None, return 0.0
2026-09-11 19:27:50,880 - Code.Dynamic_War_Manager.Source.Asset.Aircraft_Weapon_Data - WARNING - get_weapon_score - weapon 370gal_tank dict is None, return 0.0
2026-09-11 19:27:50,880 - Code.Dynamic_War_Manager.Source.Asset.Aircraft_Weapon_Data - WARNING - get_weapon_score - weapon 370gal_tank dict is None, return 0.0
2026-09-11 19:27:50,881 - Code.Dynamic_War_Manager.Source.Asset.Aircraft_Weapon_Data - WARNING - get_weapon_score - weapon 370gal_tank dict is None, return 0.0
2026-09-11 19:27:50,881 - Code.Dynamic_War_Manager.Source.Asset.Aircraft_Weapon_Data - WARNING - get_weapon_score - weapon 370gal_tank dict is None, return 0.0
2026-09-11 19:27:50,881 - Code.Dynamic_War_Manager.Source.Asset.Aircraft_Weapon_Data - WARNING - get_weapon_score - weapon 370gal_tank dict is None, return 0.0
2026-09-11 19:27:50,882 - Code.Dynamic_War_Manager.Source.Asset.Aircraft_Weapon_Data - WARNING - get_weapon_score - weapon 370gal_tank dict is None, return 0.0
2026-09-11 19:27:50,882 - Code.Dynamic_War_Manager.Source.Asset.Aircraft_Weapon_Data - WARNING - get_weapon_score - weapon 370gal_tank dict is None, return 0.0
2026-09-11 19:27:50,883 - Code.Dynamic_War_Manager.Source.Asset.Aircraft_Weapon_Data - WARNING - get_weapon_score - weapon 370gal_tank dict is None, return 0.0
2026-09-11 19:27:50,883 - Code.Dynamic_War_Manager.Source.Asset.Aircraft_Weapon_Data - WARNING - get_weapon_score - weapon 370gal_tank dict is None, return 0.0
2026-09-11 19:27:50,883 - Code.Dynamic_War_Manager.Source.Asset.Aircraft_Weapon_Data - WARNING - get_weapon_score - weapon 370gal_tank dict is None, return 0.0
2026-09-11 19:27:50,884 - Code.Dynamic_War_Manager.Source.Asset.Aircraft_Weapon_Data - WARNING - get_weapon_score - weapon 370gal_tank dict is None, return 0.0
2026-09-11 19:27:50,888 - Code.Dynamic_War_Manager.Source.Asset.Aircraft_Weapon_Data - WARNING - get_weapon_score - weapon 150gal_tank dict is None, return 0.0
2026-09-11 19:27:50,894 - Code.Dynamic_War_Manager.Source.Asset.Aircraft_Weapon_Data - WARNING - get_weapon_score - weapon 1300L_tank dict is None, return 0.0
2026-09-11 19:27:50,895 - Code.Dynamic_War_Manager.Source.Asset.Aircraft_Weapon_Data - WARNING - get_weapon_score - weapon 1300L_tank dict is None, return 0.0
2026-09-11 19:27:50,897 - Code.Dynamic_War_Manager.Source.Asset.Aircraft_Weapon_Data - WARNING - get_weapon_score - weapon 800L_tank dict is None, return 0.0
2026-09-11 19:27:50,897 - Code.Dynamic_War_Manager.Source.Asset.Aircraft_Weapon_Data - WARNING - get_weapon_score - weapon 800L_tank dict is None, return 0.0
2026-09-11 19:27:50,898 - Code.Dynamic_War_Manager.Source.Asset.Aircraft_Weapon_Data - WARNING - get_weapon_score - weapon 800L_tank dict is None, return 0.0
2026-09-11 19:27:50,909 - Code.Dynamic_War_Manager.Source.Asset.Aircraft_Weapon_Data - WARNING - get_weapon_score - weapon PTB-1500 dict is None, return 0.0
2026-09-11 19:27:50,910 - Code.Dynamic_War_Manager.Source.Asset.Aircraft_Weapon_Data - WARNING - get_weapon_score - weapon PTB-1500 dict is None, return 0.0
2026-09-11 19:27:50,910 - Code.Dynamic_War_Manager.Source.Asset.Aircraft_Weapon_Data - WARNING - get_weapon_score - weapon PTB-1500 dict is None, return 0.0
2026-09-11 19:27:50,911 - Code.Dynamic_War_Manager.Source.Asset.Aircraft_Weapon_Data - WARNING - get_weapon_score - weapon PTB-1500 dict is None, return 0.0
2026-09-11 19:27:50,912 - Code.Dynamic_War_Manager.Source.Asset.Aircraft_Weapon_Data - WARNING - get_weapon_score - weapon PTB-1500 dict is None, return 0.0
2026-09-11 20:01:57,182 - Code.Dynamic_War_Manager.Source.Asset.Aircraft_Weapon_Data - WARNING - get_weapon_score - weapon 370gal_tank dict is None, return 0.0
2026-09-11 20:01:57,182 - Code.Dynamic_War_Manager.Source.Asset.Aircraft_Weapon_Data - WARNING - get_weapon_score - weapon 370gal_tank dict is None, return 0.0
2026-09-11 20:01:57,183 - Code.Dynamic_War_Manager.Source.Asset.Aircraft_Weapon_Data - WARNING - get_weapon_score - weapon 370gal_tank dict is None, return 0.0
2026-09-11 20:01:57,183 - Code.Dynamic_War_Manager.Source.Asset.Aircraft_Weapon_Data - WARNING - get_weapon_score - weapon 370gal_tank dict is None, return 0.0
2026-09-11 20:01:57,184 - Code.Dynamic_War_Manager.Source.Asset.Aircraft_Weapon_Data - WARNING - get_weapon_score - weapon 267gal_tank dict is None, return 0.0
2026-09-11 20:01:57,184 - Code.Dynamic_War_Manager.Source.Asset.Aircraft_Weapon_Data - WARNING - get_weapon_score - weapon 267gal_tank dict is None, return 0.0
2026-09-11 20:01:57,185 - Code.Dynamic_War_Manager.Source.Asset.Aircraft_Weapon_Data - WARNING - get_weapon_score - weapon 267gal_tank dict is None, return 0.0
2026-09-11 20:01:57,185 - Code.Dynamic_War_Manager.Source.Asset.Aircraft_Weapon_Data - WARNING - get_weapon_score - weapon 267gal_tank dict is None, return 0.0
2026-09-11 20:01:57,185 - Code.Dynamic_War_Manager.Source.Asset.Aircraft_Weapon_Data - WARNING - get_weapon_score - weapon 267gal_tank dict is None, return 0.0
2026-09-11 20:01:57,186 - Code.Dynamic_War_Manager.Source.Asset.Aircraft_Weapon_Data - WARNING - get_weapon_score - weapon 267gal_tank dict is None, return 0.0
2026-09-11 20:01:57,186 - Code.Dynamic_War_Manager.Source.Asset.Aircraft_Weapon_Data - WARNING - get_weapon_score - weapon 267gal_tank dict is None, return 0.0
2026-09-11 20:01:57,186 - Code.Dynamic_War_Manager.Source.Asset.Aircraft_Weapon_Data - WARNING - get_weapon_score - weapon 267gal_tank dict is None, return 0.0
2026-09-11 20:01:57,187 - Code.Dynamic_War_Manager.Source.Asset.Aircraft_Weapon_Data - WARNING - get_weapon_score - weapon 267gal_tank dict is None, return 0.0
2026-09-11 20:01:57,187 - Code.Dynamic_War_Manager.Source.Asset.Aircraft_Weapon_Data - WARNING - get_weapon_score - weapon 267gal_tank dict is None, return 0.0
2026-09-11 20:01:57,188 - Code.Dynamic_War_Manager.Source.Asset.Aircraft_Weapon_Data - WARNING - get_weapon_score - weapon 267gal_tank dict is None, return 0.0
2026-09-11 20:01:57,188 - Code.Dynamic_War_Manager.Source.Asset.Aircraft_Weapon_Data - WARNING - get_weapon_score - weapon 267gal_tank dict is None, return 0.0
2026-09-11 20:01:57,188 - Code.Dynamic_War_Manager.Source.Asset.Aircraft_Weapon_Data - WARNING - get_weapon_score - weapon 267gal_tank dict is None, return 0.0
2026-09-11 20:01:57,189 - Code.Dynamic_War_Manager.Source.Asset.Aircraft_Weapon_Data - WARNING - get_weapon_score - weapon 600gal_tank dict is None, return 0.0
2026-09-11 20:01:57,189 - Code.Dynamic_War_Manager.Source.Asset.Aircraft_Weapon_Data - WARNING - get_weapon_score - weapon 600gal_tank dict is None, return 0.0
2026-09-11 20:01:57,190 - Code.Dynamic_War_Manager.Source.Asset.Aircraft_Weapon_Data - WARNING - get_weapon_score - weapon 600gal_tank dict is None, return 0.0
2026-09-11 20:01:57,190 - Code.Dynamic_War_Manager.Source.Asset.Aircraft_Weapon_Data - WARNING - get_weapon_score - weapon 600gal_tank dict is None, return 0.0
2026-09-11 20:01:57,191 - Code.Dynamic_War_Manager.Source.Asset.Aircraft_Weapon_Data - WARNING - get_weapon_score - weapon 330gal_tank dict is None, return 0.0
2026-09-11 20:01:57,192 - Code.Dynamic_War_Manager.Source.Asset.Aircraft_Weapon_Data - WARNING - get_weapon_score - weapon 330gal_tank dict is None, return 0.0
2026-09-11 20:01:57,192 - Code.Dynamic_War_Manager.Source.Asset.Aircraft_Weapon_Data - WARNING - get_weapon_score - weapon 330gal_tank dict is None, return 0.0
2026-09-11 20:01:57,193 - Code.Dynamic_War_Manager.Source.Asset.Aircraft_Weapon_Data - WARNING - get_weapon_score - weapon 330gal_tank dict is None, return 0.0
2026-09-11 20:01:57,193 - Code.Dynamic_War_Manager.Source.Asset.Aircraft_Weapon_Data - WARNING - get_weapon_score - weapon 330gal_tank dict is None, return 0.0
2026-09-11 20:01:57,194 - Code.Dynamic_War_Manager.Source.Asset.Aircraft_Weapon_Data - WARNING - get_weapon_score - weapon 330gal_tank dict is None, return 0.0
2026-09-11 20:01:57,194 - Code.Dynamic_War_Manager.Source.Asset.Aircraft_Weapon_Data - WARNING - get_weapon_score - weapon 330gal_tank dict is None, return 0.0
2026-09-11 20:01:57,195 - Code.Dynamic_War_Manager.Source.Asset.Aircraft_Weapon_Data - WARNING - get_weapon_score - weapon 330gal_tank dict is None, return 0.0
2026-09-11 20:01:57,195 - Code.Dynamic_War_Manager.Source.Asset.Aircraft_Weapon_Data - WARNING - get_weapon_score - weapon 330gal_tank dict is None, return 0.0
2026-09-11 20:01:57,196 - Code.Dynamic_War_Manager.Source.Asset.Aircraft_Weapon_Data - WARNING - get_weapon_score - weapon 330gal_tank dict is None, return 0.0
2026-09-11 20:01:57,196 - Code.Dynamic_War_Manager.Source.Asset.Aircraft_Weapon_Data - WARNING - get_weapon_score - weapon 330gal_tank dict is None, return 0.0
2026-09-11 20:01:57,196 - Code.Dynamic_War_Manager.Source.Asset.Aircraft_Weapon_Data - WARNING - get_weapon_score - weapon 330gal_tank dict is None, return 0.0
2026-09-11 20:01:57,197 - Code.Dynamic_War_Manager.Source.Asset.Aircraft_Weapon_Data - WARNING - get_weapon_score - weapon 330gal_tank dict is None, return 0.0
2026-09-11 20:01:57,197 - Code.Dynamic_War_Manager.Source.Asset.Aircraft_Weapon_Data - WARNING - get_weapon_score - weapon 330gal_tank dict is None, return 0.0
2026-09-11 20:01:57,198 - Code.Dynamic_War_Manager.Source.Asset.Aircraft_Weapon_Data - WARNING - get_weapon_score - weapon 600gal_tank dict is None, return 0.0
2026-09-11 20:01:57,198 - Code.Dynamic_War_Manager.Source.Asset.Aircraft_Weapon_Data - WARNING - get_weapon_score - weapon 600gal_tank dict is None, return 0.0
2026-09-11 20:01:57,199 - Code.Dynamic_War_Manager.Source.Asset.Aircraft_Weapon_Data - WARNING - get_weapon_score - weapon 275gal_tank dict is None, return 0.0
2026-09-11 20:01:57,199 - Code.Dynamic_War_Manager.Source.Asset.Aircraft_Weapon_Data - WARNING - get_weapon_score - weapon 275gal_tank dict is None, return 0.0
2026-09-11 20:01:57,201 - Code.Dynamic_War_Manager.Source.Asset.Aircraft_Weapon_Data - WARNING - get_weapon_score - weapon 370gal_tank dict is None, return 0.0
2026-09-11 20:01:57,201 - Code.Dynamic_War_Manager.Source.Asset.Aircraft_Weapon_Data - WARNING - get_weapon_score - weapon 370gal_tank dict is None, return 0.0
2026-09-11 20:01:57,202 - Code.Dynamic_War_Manager.Source.Asset.Aircraft_Weapon_Data - WARNING - get_weapon_score - weapon 370gal_tank dict is None, return 0.0
2026-09-11 20:01:57,202 - Code.Dynamic_War_Manager.Source.Asset.Aircraft_Weapon_Data - WARNING - get_weapon_score - weapon 370gal_tank dict is None, return 0.0
2026-09-11 20:01:57,202 - Code.Dynamic_War_Manager.Source.Asset.Aircraft_Weapon_Data - WARNING - get_weapon_score - weapon 370gal_tank dict is None, return 0.0
2026-09-11 20:01:57,203 - Code.Dynamic_War_Manager.Source.Asset.Aircraft_Weapon_Data - WARNING - get_weapon_score - weapon 370gal_tank dict is None, return 0.0
2026-09-11 20:01:57,203 - Code.Dynamic_War_Manager.Source.Asset.Aircraft_Weapon_Data - WARNING - get_weapon_score - weapon 370gal_tank dict is None, return 0.0
2026-09-11 20:01:57,204 - Code.Dynamic_War_Manager.Source.Asset.Aircraft_Weapon_Data - WARNING - get_weapon_score - weapon 370gal_tank dict is None, return 0.0
2026-09-11 20:01:57,204 - Code.Dynamic_War_Manager.Source.Asset.Aircraft_Weapon_Data - WARNING - get_weapon_score - weapon 370gal_tank dict is None, return 0.0
2026-09-11 20:01:57,204 - Code.Dynamic_War_Manager.Source.Asset.Aircraft_Weapon_Data - WARNING - get_weapon_score - weapon 370gal_tank dict is None, return 0.0
2026-09-11 20:01:57,205 - Code.Dynamic_War_Manager.Source.Asset.Aircraft_Weapon_Data - WARNING - get_weapon_score - weapon 370gal_tank dict is None, return 0.0
2026-09-11 20:01:57,205 - Code.Dynamic_War_Manager.Source.Asset.Aircraft_Weapon_Data - WARNING - get_weapon_score - weapon 370gal_tank dict is None, return 0.0
2026-09-11 20:01:57,209 - Code.Dynamic_War_Manager.Source.Asset.Aircraft_Weapon_Data - WARNING - get_weapon_score - weapon 150gal_tank dict is None, return 0.0
2026-09-11 20:01:57,215 - Code.Dynamic_War_Manager.Source.Asset.Aircraft_Weapon_Data - WARNING - get_weapon_score - weapon 1300L_tank dict is None, return 0.0
2026-09-11 20:01:57,216 - Code.Dynamic_War_Manager.Source.Asset.Aircraft_Weapon_Data - WARNING - get_weapon_score - weapon 1300L_tank dict is None, return 0.0
2026-09-11 20:01:57,218 - Code.Dynamic_War_Manager.Source.Asset.Aircraft_Weapon_Data - WARNING - get_weapon_score - weapon 800L_tank dict is None, return 0.0
2026-09-11 20:01:57,219 - Code.Dynamic_War_Manager.Source.Asset.Aircraft_Weapon_Data - WARNING - get_weapon_score - weapon 800L_tank dict is None, return 0.0
2026-09-11 20:01:57,219 - Code.Dynamic_War_Manager.Source.Asset.Aircraft_Weapon_Data - WARNING - get_weapon_score - weapon 800L_tank dict is None, return 0.0
2026-09-11 20:01:57,230 - Code.Dynamic_War_Manager.Source.Asset.Aircraft_Weapon_Data - WARNING - get_weapon_score - weapon PTB-1500 dict is None, return 0.0
2026-09-11 20:01:57,231 - Code.Dynamic_War_Manager.Source.Asset.Aircraft_Weapon_Data - WARNING - get_weapon_score - weapon PTB-1500 dict is None, return 0.0
2026-09-11 20:01:57,232 - Code.Dynamic_War_Manager.Source.Asset.Aircraft_Weapon_Data - WARNING - get_weapon_score - weapon PTB-1500 dict is None, return 0.0
2026-09-11 20:01:57,232 - Code.Dynamic_War_Manager.Source.Asset.Aircraft_Weapon_Data - WARNING - get_weapon_score - weapon PTB-1500 dict is None, return 0.0
2026-09-11 20:01:57,233 - Code.Dynamic_War_Manager.Source.Asset.Aircraft_Weapon_Data - WARNING - get_weapon_score - weapon PTB-1500 dict is None, return 0.0
2026-09-11 20:03:56,171 - Code.Dynamic_War_Manager.Source.Asset.Aircraft_Weapon_Data - WARNING - get_weapon_score - weapon 370gal_tank dict is None, return 0.0
2026-09-11 20:03:56,172 - Code.Dynamic_War_Manager.Source.Asset.Aircraft_Weapon_Data - WARNING - get_weapon_score - weapon 370gal_tank dict is None, return 0.0
2026-09-11 20:03:56,172 - Code.Dynamic_War_Manager.Source.Asset.Aircraft_Weapon_Data - WARNING - get_weapon_score - weapon 370gal_tank dict is None, return 0.0
2026-09-11 20:03:56,173 - Code.Dynamic_War_Manager.Source.Asset.Aircraft_Weapon_Data - WARNING - get_weapon_score - weapon 370gal_tank dict is None, return 0.0
2026-09-11 20:03:56,174 - Code.Dynamic_War_Manager.Source.Asset.Aircraft_Weapon_Data - WARNING - get_weapon_score - weapon 267gal_tank dict is None, return 0.0
2026-09-11 20:03:56,174 - Code.Dynamic_War_Manager.Source.Asset.Aircraft_Weapon_Data - WARNING - get_weapon_score - weapon 267gal_tank dict is None, return 0.0
2026-09-11 20:03:56,174 - Code.Dynamic_War_Manager.Source.Asset.Aircraft_Weapon_Data - WARNING - get_weapon_score - weapon 267gal_tank dict is None, return 0.0
2026-09-11 20:03:56,174 - Code.Dynamic_War_Manager.Source.Asset.Aircraft_Weapon_Data - WARNING - get_weapon_score - weapon 267gal_tank dict is None, return 0.0
2026-09-11 20:03:56,175 - Code.Dynamic_War_Manager.Source.Asset.Aircraft_Weapon_Data - WARNING - get_weapon_score - weapon 267gal_tank dict is None, return 0.0
2026-09-11 20:03:56,175 - Code.Dynamic_War_Manager.Source.Asset.Aircraft_Weapon_Data - WARNING - get_weapon_score - weapon 267gal_tank dict is None, return 0.0
2026-09-11 20:03:56,175 - Code.Dynamic_War_Manager.Source.Asset.Aircraft_Weapon_Data - WARNING - get_weapon_score - weapon 267gal_tank dict is None, return 0.0
2026-09-11 20:03:56,176 - Code.Dynamic_War_Manager.Source.Asset.Aircraft_Weapon_Data - WARNING - get_weapon_score - weapon 267gal_tank dict is None, return 0.0
2026-09-11 20:03:56,176 - Code.Dynamic_War_Manager.Source.Asset.Aircraft_Weapon_Data - WARNING - get_weapon_score - weapon 267gal_tank dict is None, return 0.0
2026-09-11 20:03:56,176 - Code.Dynamic_War_Manager.Source.Asset.Aircraft_Weapon_Data - WARNING - get_weapon_score - weapon 267gal_tank dict is None, return 0.0
2026-09-11 20:03:56,177 - Code.Dynamic_War_Manager.Source.Asset.Aircraft_Weapon_Data - WARNING - get_weapon_score - weapon 267gal_tank dict is None, return 0.0
2026-09-11 20:03:56,177 - Code.Dynamic_War_Manager.Source.Asset.Aircraft_Weapon_Data - WARNING - get_weapon_score - weapon 267gal_tank dict is None, return 0.0
2026-09-11 20:03:56,178 - Code.Dynamic_War_Manager.Source.Asset.Aircraft_Weapon_Data - WARNING - get_weapon_score - weapon 267gal_tank dict is None, return 0.0
2026-09-11 20:03:56,178 - Code.Dynamic_War_Manager.Source.Asset.Aircraft_Weapon_Data - WARNING - get_weapon_score - weapon 600gal_tank dict is None, return 0.0
2026-09-11 20:03:56,178 - Code.Dynamic_War_Manager.Source.Asset.Aircraft_Weapon_Data - WARNING - get_weapon_score - weapon 600gal_tank dict is None, return 0.0
2026-09-11 20:03:56,179 - Code.Dynamic_War_Manager.Source.Asset.Aircraft_Weapon_Data - WARNING - get_weapon_score - weapon 600gal_tank dict is None, return 0.0
2026-09-11 20:03:56,180 - Code.Dynamic_War_Manager.Source.Asset.Aircraft_Weapon_Data - WARNING - get_weapon_score - weapon 600gal_tank dict is None, return 0.0
2026-09-11 20:03:56,181 - Code.Dynamic_War_Manager.Source.Asset.Aircraft_Weapon_Data - WARNING - get_weapon_score - weapon 330gal_tank dict is None, return 0.0
2026-09-11 20:03:56,181 - Code.Dynamic_War_Manager.Source.Asset.Aircraft_Weapon_Data - WARNING - get_weapon_score - weapon 330gal_tank dict is None, return 0.0
2026-09-11 20:03:56,182 - Code.Dynamic_War_Manager.Source.Asset.Aircraft_Weapon_Data - WARNING - get_weapon_score - weapon 330gal_tank dict is None, return 0.0
2026-09-11 20:03:56,182 - Code.Dynamic_War_Manager.Source.Asset.Aircraft_Weapon_Data - WARNING - get_weapon_score - weapon 330gal_tank dict is None, return 0.0
2026-09-11 20:03:56,183 - Code.Dynamic_War_Manager.Source.Asset.Aircraft_Weapon_Data - WARNING - get_weapon_score - weapon 330gal_tank dict is None, return 0.0
2026-09-11 20:03:56,183 - Code.Dynamic_War_Manager.Source.Asset.Aircraft_Weapon_Data - WARNING - get_weapon_score - weapon 330gal_tank dict is None, return 0.0
2026-09-11 20:03:56,184 - Code.Dynamic_War_Manager.Source.Asset.Aircraft_Weapon_Data - WARNING - get_weapon_score - weapon 330gal_tank dict is None, return 0.0
2026-09-11 20:03:56,184 - Code.Dynamic_War_Manager.Source.Asset.Aircraft_Weapon_Data - WARNING - get_weapon_score - weapon 330gal_tank dict is None, return 0.0
2026-09-11 20:03:56,185 - Code.Dynamic_War_Manager.Source.Asset.Aircraft_Weapon_Data - WARNING - get_weapon_score - weapon 330gal_tank dict is None, return 0.0
2026-09-11 20:03:56,185 - Code.Dynamic_War_Manager.Source.Asset.Aircraft_Weapon_Data - WARNING - get_weapon_score - weapon 330gal_tank dict is None, return 0.0
2026-09-11 20:03:56,186 - Code.Dynamic_War_Manager.Source.Asset.Aircraft_Weapon_Data - WARNING - get_weapon_score - weapon 330gal_tank dict is None, return 0.0
2026-09-11 20:03:56,186 - Code.Dynamic_War_Manager.Source.Asset.Aircraft_Weapon_Data - WARNING - get_weapon_score - weapon 330gal_tank dict is None, return 0.0
2026-09-11 20:03:56,186 - Code.Dynamic_War_Manager.Source.Asset.Aircraft_Weapon_Data - WARNING - get_weapon_score - weapon 330gal_tank dict is None, return 0.0
2026-09-11 20:03:56,187 - Code.Dynamic_War_Manager.Source.Asset.Aircraft_Weapon_Data - WARNING - get_weapon_score - weapon 330gal_tank dict is None, return 0.0
2026-09-11 20:03:56,187 - Code.Dynamic_War_Manager.Source.Asset.Aircraft_Weapon_Data - WARNING - get_weapon_score - weapon 600gal_tank dict is None, return 0.0
2026-09-11 20:03:56,188 - Code.Dynamic_War_Manager.Source.Asset.Aircraft_Weapon_Data - WARNING - get_weapon_score - weapon 600gal_tank dict is None, return 0.0
2026-09-11 20:03:56,188 - Code.Dynamic_War_Manager.Source.Asset.Aircraft_Weapon_Data - WARNING - get_weapon_score - weapon 275gal_tank dict is None, return 0.0
2026-09-11 20:03:56,189 - Code.Dynamic_War_Manager.Source.Asset.Aircraft_Weapon_Data - WARNING - get_weapon_score - weapon 275gal_tank dict is None, return 0.0
2026-09-11 20:03:56,190 - Code.Dynamic_War_Manager.Source.Asset.Aircraft_Weapon_Data - WARNING - get_weapon_score - weapon 370gal_tank dict is None, return 0.0
2026-09-11 20:03:56,191 - Code.Dynamic_War_Manager.Source.Asset.Aircraft_Weapon_Data - WARNING - get_weapon_score - weapon 370gal_tank dict is None, return 0.0
2026-09-11 20:03:56,191 - Code.Dynamic_War_Manager.Source.Asset.Aircraft_Weapon_Data - WARNING - get_weapon_score - weapon 370gal_tank dict is None, return 0.0
2026-09-11 20:03:56,192 - Code.Dynamic_War_Manager.Source.Asset.Aircraft_Weapon_Data - WARNING - get_weapon_score - weapon 370gal_tank dict is None, return 0.0
2026-09-11 20:03:56,192 - Code.Dynamic_War_Manager.Source.Asset.Aircraft_Weapon_Data - WARNING - get_weapon_score - weapon 370gal_tank dict is None, return 0.0
2026-09-11 20:03:56,192 - Code.Dynamic_War_Manager.Source.Asset.Aircraft_Weapon_Data - WARNING - get_weapon_score - weapon 370gal_tank dict is None, return 0.0
2026-09-11 20:03:56,193 - Code.Dynamic_War_Manager.Source.Asset.Aircraft_Weapon_Data - WARNING - get_weapon_score - weapon 370gal_tank dict is None, return 0.0
2026-09-11 20:03:56,193 - Code.Dynamic_War_Manager.Source.Asset.Aircraft_Weapon_Data - WARNING - get_weapon_score - weapon 370gal_tank dict is None, return 0.0
2026-09-11 20:03:56,194 - Code.Dynamic_War_Manager.Source.Asset.Aircraft_Weapon_Data - WARNING - get_weapon_score - weapon 370gal_tank dict is None, return 0.0
2026-09-11 20:03:56,194 - Code.Dynamic_War_Manager.Source.Asset.Aircraft_Weapon_Data - WARNING - get_weapon_score - weapon 370gal_tank dict is None, return 0.0
2026-09-11 20:03:56,195 - Code.Dynamic_War_Manager.Source.Asset.Aircraft_Weapon_Data - WARNING - get_weapon_score - weapon 370gal_tank dict is None, return 0.0
2026-09-11 20:03:56,195 - Code.Dynamic_War_Manager.Source.Asset.Aircraft_Weapon_Data - WARNING - get_weapon_score - weapon 370gal_tank dict is None, return 0.0
2026-09-11 20:03:56,199 - Code.Dynamic_War_Manager.Source.Asset.Aircraft_Weapon_Data - WARNING - get_weapon_score - weapon 150gal_tank dict is None, return 0.0
2026-09-11 20:03:56,205 - Code.Dynamic_War_Manager.Source.Asset.Aircraft_Weapon_Data - WARNING - get_weapon_score - weapon 1300L_tank dict is None, return 0.0
2026-09-11 20:03:56,206 - Code.Dynamic_War_Manager.Source.Asset.Aircraft_Weapon_Data - WARNING - get_weapon_score - weapon 1300L_tank dict is None, return 0.0
2026-09-11 20:03:56,208 - Code.Dynamic_War_Manager.Source.Asset.Aircraft_Weapon_Data - WARNING - get_weapon_score - weapon 800L_tank dict is None, return 0.0
2026-09-11 20:03:56,208 - Code.Dynamic_War_Manager.Source.Asset.Aircraft_Weapon_Data - WARNING - get_weapon_score - weapon 800L_tank dict is None, return 0.0
2026-09-11 20:03:56,209 - Code.Dynamic_War_Manager.Source.Asset.Aircraft_Weapon_Data - WARNING - get_weapon_score - weapon 800L_tank dict is None, return 0.0
2026-09-11 20:03:56,220 - Code.Dynamic_War_Manager.Source.Asset.Aircraft_Weapon_Data - WARNING - get_weapon_score - weapon PTB-1500 dict is None, return 0.0
2026-09-11 20:03:56,221 - Code.Dynamic_War_Manager.Source.Asset.Aircraft_Weapon_Data - WARNING - get_weapon_score - weapon PTB-1500 dict is None, return 0.0
2026-09-11 20:03:56,221 - Code.Dynamic_War_Manager.Source.Asset.Aircraft_Weapon_Data - WARNING - get_weapon_score - weapon PTB-1500 dict is None, return 0.0
2026-09-11 20:03:56,222 - Code.Dynamic_War_Manager.Source.Asset.Aircraft_Weapon_Data - WARNING - get_weapon_score - weapon PTB-1500 dict is None, return 0.0
2026-09-11 20:03:56,223 - Code.Dynamic_War_Manager.Source.Asset.Aircraft_Weapon_Data - WARNING - get_weapon_score - weapon PTB-1500 dict is None, return 0.0
2026-09-12 09:26:25,219 - Code.Dynamic_War_Manager.Source.Asset.Aircraft_Weapon_Data - WARNING - get_weapon_score - weapon 370gal_tank dict is None, return 0.0
2026-09-12 09:26:25,247 - Code.Dynamic_War_Manager.Source.Asset.Aircraft_Weapon_Data - WARNING - get_weapon_score - weapon 370gal_tank dict is None, return 0.0
2026-09-12 09:26:25,247 - Code.Dynamic_War_Manager.Source.Asset.Aircraft_Weapon_Data - WARNING - get_weapon_score - weapon 370gal_tank dict is None, return 0.0
2026-09-12 09:26:25,248 - Code.Dynamic_War_Manager.Source.Asset.Aircraft_Weapon_Data - WARNING - get_weapon_score - weapon 370gal_tank dict is None, return 0.0
2026-09-12 09:26:25,248 - Code.Dynamic_War_Manager.Source.Asset.Aircraft_Weapon_Data - WARNING - get_weapon_score - weapon 267gal_tank dict is None, return 0.0
2026-09-12 09:26:25,248 - Code.Dynamic_War_Manager.Source.Asset.Aircraft_Weapon_Data - WARNING - get_weapon_score - weapon 267gal_tank dict is None, return 0.0
2026-09-12 09:26:25,249 - Code.Dynamic_War_Manager.Source.Asset.Aircraft_Weapon_Data - WARNING - get_weapon_score - weapon 267gal_tank dict is None, return 0.0
2026-09-12 09:26:25,261 - Code.Dynamic_War_Manager.Source.Asset.Aircraft_Weapon_Data - WARNING - get_weapon_score - weapon 267gal_tank dict is None, return 0.0
2026-09-12 09:26:25,263 - Code.Dynamic_War_Manager.Source.Asset.Aircraft_Weapon_Data - WARNING - get_weapon_score - weapon 267gal_tank dict is None, return 0.0
2026-09-12 09:26:25,263 - Code.Dynamic_War_Manager.Source.Asset.Aircraft_Weapon_Data - WARNING - get_weapon_score - weapon 267gal_tank dict is None, return 0.0
2026-09-12 09:26:25,263 - Code.Dynamic_War_Manager.Source.Asset.Aircraft_Weapon_Data - WARNING - get_weapon_score - weapon 267gal_tank dict is None, return 0.0
2026-09-12 09:26:25,263 - Code.Dynamic_War_Manager.Source.Asset.Aircraft_Weapon_Data - WARNING - get_weapon_score - weapon 267gal_tank dict is None, return 0.0
2026-09-12 09:26:25,264 - Code.Dynamic_War_Manager.Source.Asset.Aircraft_Weapon_Data - WARNING - get_weapon_score - weapon 267gal_tank dict is None, return 0.0
2026-09-12 09:26:25,264 - Code.Dynamic_War_Manager.Source.Asset.Aircraft_Weapon_Data - WARNING - get_weapon_score - weapon 267gal_tank dict is None, return 0.0
2026-09-12 09:26:25,265 - Code.Dynamic_War_Manager.Source.Asset.Aircraft_Weapon_Data - WARNING - get_weapon_score - weapon 267gal_tank dict is None, return 0.0
2026-09-12 09:26:25,265 - Code.Dynamic_War_Manager.Source.Asset.Aircraft_Weapon_Data - WARNING - get_weapon_score - weapon 267gal_tank dict is None, return 0.0
2026-09-12 09:26:25,265 - Code.Dynamic_War_Manager.Source.Asset.Aircraft_Weapon_Data - WARNING - get_weapon_score - weapon 267gal_tank dict is None, return 0.0
2026-09-12 09:26:25,266 - Code.Dynamic_War_Manager.Source.Asset.Aircraft_Weapon_Data - WARNING - get_weapon_score - weapon 600gal_tank dict is None, return 0.0
2026-09-12 09:26:25,266 - Code.Dynamic_War_Manager.Source.Asset.Aircraft_Weapon_Data - WARNING - get_weapon_score - weapon 600gal_tank dict is None, return 0.0
2026-09-12 09:26:25,267 - Code.Dynamic_War_Manager.Source.Asset.Aircraft_Weapon_Data - WARNING - get_weapon_score - weapon 600gal_tank dict is None, return 0.0
2026-09-12 09:26:25,267 - Code.Dynamic_War_Manager.Source.Asset.Aircraft_Weapon_Data - WARNING - get_weapon_score - weapon 600gal_tank dict is None, return 0.0
2026-09-12 09:26:25,268 - Code.Dynamic_War_Manager.Source.Asset.Aircraft_Weapon_Data - WARNING - get_weapon_score - weapon 330gal_tank dict is None, return 0.0
2026-09-12 09:26:25,269 - Code.Dynamic_War_Manager.Source.Asset.Aircraft_Weapon_Data - WARNING - get_weapon_score - weapon 330gal_tank dict is None, return 0.0
2026-09-12 09:26:25,269 - Code.Dynamic_War_Manager.Source.Asset.Aircraft_Weapon_Data - WARNING - get_weapon_score - weapon 330gal_tank dict is None, return 0.0
2026-09-12 09:26:25,270 - Code.Dynamic_War_Manager.Source.Asset.Aircraft_Weapon_Data - WARNING - get_weapon_score - weapon 330gal_tank dict is None, return 0.0
2026-09-12 09:26:25,270 - Code.Dynamic_War_Manager.Source.Asset.Aircraft_Weapon_Data - WARNING - get_weapon_score - weapon 330gal_tank dict is None, return 0.0
2026-09-12 09:26:25,271 - Code.Dynamic_War_Manager.Source.Asset.Aircraft_Weapon_Data - WARNING - get_weapon_score - weapon 330gal_tank dict is None, return 0.0
2026-09-12 09:26:25,271 - Code.Dynamic_War_Manager.Source.Asset.Aircraft_Weapon_Data - WARNING - get_weapon_score - weapon 330gal_tank dict is None, return 0.0
2026-09-12 09:26:25,272 - Code.Dynamic_War_Manager.Source.Asset.Aircraft_Weapon_Data - WARNING - get_weapon_score - weapon 330gal_tank dict is None, return 0.0
2026-09-12 09:26:25,272 - Code.Dynamic_War_Manager.Source.Asset.Aircraft_Weapon_Data - WARNING - get_weapon_score - weapon 330gal_tank dict is None, return 0.0
2026-09-12 09:26:25,272 - Code.Dynamic_War_Manager.Source.Asset.Aircraft_Weapon_Data - WARNING - get_weapon_score - weapon 330gal_tank dict is None, return 0.0
2026-09-12 09:26:25,273 - Code.Dynamic_War_Manager.Source.Asset.Aircraft_Weapon_Data - WARNING - get_weapon_score - weapon 330gal_tank dict is None, return 0.0
2026-09-12 09:26:25,273 - Code.Dynamic_War_Manager.Source.Asset.Aircraft_Weapon_Data - WARNING - get_weapon_score - weapon 330gal_tank dict is None, return 0.0
2026-09-12 09:26:25,274 - Code.Dynamic_War_Manager.Source.Asset.Aircraft_Weapon_Data - WARNING - get_weapon_score - weapon 330gal_tank dict is None, return 0.0
2026-09-12 09:26:25,274 - Code.Dynamic_War_Manager.Source.Asset.Aircraft_Weapon_Data - WARNING - get_weapon_score - weapon 330gal_tank dict is None, return 0.0
2026-09-12 09:26:25,274 - Code.Dynamic_War_Manager.Source.Asset.Aircraft_Weapon_Data - WARNING - get_weapon_score - weapon 600gal_tank dict is None, return 0.0
2026-09-12 09:26:25,275 - Code.Dynamic_War_Manager.Source.Asset.Aircraft_Weapon_Data - WARNING - get_weapon_score - weapon 600gal_tank dict is None, return 0.0
2026-09-12 09:26:25,275 - Code.Dynamic_War_Manager.Source.Asset.Aircraft_Weapon_Data - WARNING - get_weapon_score - weapon 275gal_tank dict is None, return 0.0
2026-09-12 09:26:25,276 - Code.Dynamic_War_Manager.Source.Asset.Aircraft_Weapon_Data - WARNING - get_weapon_score - weapon 275gal_tank dict is None, return 0.0
2026-09-12 09:26:25,277 - Code.Dynamic_War_Manager.Source.Asset.Aircraft_Weapon_Data - WARNING - get_weapon_score - weapon 370gal_tank dict is None, return 0.0
2026-09-12 09:26:25,278 - Code.Dynamic_War_Manager.Source.Asset.Aircraft_Weapon_Data - WARNING - get_weapon_score - weapon 370gal_tank dict is None, return 0.0
2026-09-12 09:26:25,278 - Code.Dynamic_War_Manager.Source.Asset.Aircraft_Weapon_Data - WARNING - get_weapon_score - weapon 370gal_tank dict is None, return 0.0
2026-09-12 09:26:25,278 - Code.Dynamic_War_Manager.Source.Asset.Aircraft_Weapon_Data - WARNING - get_weapon_score - weapon 370gal_tank dict is None, return 0.0
2026-09-12 09:26:25,279 - Code.Dynamic_War_Manager.Source.Asset.Aircraft_Weapon_Data - WARNING - get_weapon_score - weapon 370gal_tank dict is None, return 0.0
2026-09-12 09:26:25,279 - Code.Dynamic_War_Manager.Source.Asset.Aircraft_Weapon_Data - WARNING - get_weapon_score - weapon 370gal_tank dict is None, return 0.0
2026-09-12 09:26:25,280 - Code.Dynamic_War_Manager.Source.Asset.Aircraft_Weapon_Data - WARNING - get_weapon_score - weapon 370gal_tank dict is None, return 0.0
2026-09-12 09:26:25,280 - Code.Dynamic_War_Manager.Source.Asset.Aircraft_Weapon_Data - WARNING - get_weapon_score - weapon 370gal_tank dict is None, return 0.0
2026-09-12 09:26:25,280 - Code.Dynamic_War_Manager.Source.Asset.Aircraft_Weapon_Data - WARNING - get_weapon_score - weapon 370gal_tank dict is None, return 0.0
2026-09-12 09:26:25,281 - Code.Dynamic_War_Manager.Source.Asset.Aircraft_Weapon_Data - WARNING - get_weapon_score - weapon 370gal_tank dict is None, return 0.0
2026-09-12 09:26:25,281 - Code.Dynamic_War_Manager.Source.Asset.Aircraft_Weapon_Data - WARNING - get_weapon_score - weapon 370gal_tank dict is None, return 0.0
2026-09-12 09:26:25,281 - Code.Dynamic_War_Manager.Source.Asset.Aircraft_Weapon_Data - WARNING - get_weapon_score - weapon 370gal_tank dict is None, return 0.0
2026-09-12 09:26:25,285 - Code.Dynamic_War_Manager.Source.Asset.Aircraft_Weapon_Data - WARNING - get_weapon_score - weapon 150gal_tank dict is None, return 0.0
2026-09-12 09:26:25,291 - Code.Dynamic_War_Manager.Source.Asset.Aircraft_Weapon_Data - WARNING - get_weapon_score - weapon 1300L_tank dict is None, return 0.0
2026-09-12 09:26:25,292 - Code.Dynamic_War_Manager.Source.Asset.Aircraft_Weapon_Data - WARNING - get_weapon_score - weapon 1300L_tank dict is None, return 0.0
2026-09-12 09:26:25,294 - Code.Dynamic_War_Manager.Source.Asset.Aircraft_Weapon_Data - WARNING - get_weapon_score - weapon 800L_tank dict is None, return 0.0
2026-09-12 09:26:25,294 - Code.Dynamic_War_Manager.Source.Asset.Aircraft_Weapon_Data - WARNING - get_weapon_score - weapon 800L_tank dict is None, return 0.0
2026-09-12 09:26:25,295 - Code.Dynamic_War_Manager.Source.Asset.Aircraft_Weapon_Data - WARNING - get_weapon_score - weapon 800L_tank dict is None, return 0.0
2026-09-12 09:26:25,305 - Code.Dynamic_War_Manager.Source.Asset.Aircraft_Weapon_Data - WARNING - get_weapon_score - weapon PTB-1500 dict is None, return 0.0
2026-09-12 09:26:25,305 - Code.Dynamic_War_Manager.Source.Asset.Aircraft_Weapon_Data - WARNING - get_weapon_score - weapon PTB-1500 dict is None, return 0.0
2026-09-12 09:26:25,306 - Code.Dynamic_War_Manager.Source.Asset.Aircraft_Weapon_Data - WARNING - get_weapon_score - weapon PTB-1500 dict is None, return 0.0
2026-09-12 09:26:25,306 - Code.Dynamic_War_Manager.Source.Asset.Aircraft_Weapon_Data - WARNING - get_weapon_score - weapon PTB-1500 dict is None, return 0.0
2026-09-12 09:26:25,307 - Code.Dynamic_War_Manager.Source.Asset.Aircraft_Weapon_Data - WARNING - get_weapon_score - weapon PTB-1500 dict is None, return 0.0
2026-09-12 09:26:27,692 - Code.Dynamic_War_Manager.Source.Asset.Aircraft_Weapon_Data - WARNING - get_weapon_score - weapon 370gal_tank dict is None, return 0.0
2026-09-12 09:26:27,693 - Code.Dynamic_War_Manager.Source.Asset.Aircraft_Weapon_Data - WARNING - get_weapon_score - weapon 370gal_tank dict is None, return 0.0
2026-09-12 09:26:27,693 - Code.Dynamic_War_Manager.Source.Asset.Aircraft_Weapon_Data - WARNING - get_weapon_score - weapon 370gal_tank dict is None, return 0.0
2026-09-12 09:26:27,694 - Code.Dynamic_War_Manager.Source.Asset.Aircraft_Weapon_Data - WARNING - get_weapon_score - weapon 370gal_tank dict is None, return 0.0
2026-09-12 09:26:27,694 - Code.Dynamic_War_Manager.Source.Asset.Aircraft_Weapon_Data - WARNING - get_weapon_score - weapon 267gal_tank dict is None, return 0.0
2026-09-12 09:26:27,695 - Code.Dynamic_War_Manager.Source.Asset.Aircraft_Weapon_Data - WARNING - get_weapon_score - weapon 267gal_tank dict is None, return 0.0
2026-09-12 09:26:27,695 - Code.Dynamic_War_Manager.Source.Asset.Aircraft_Weapon_Data - WARNING - get_weapon_score - weapon 267gal_tank dict is None, return 0.0
2026-09-12 09:26:27,695 - Code.Dynamic_War_Manager.Source.Asset.Aircraft_Weapon_Data - WARNING - get_weapon_score - weapon 267gal_tank dict is None, return 0.0
2026-09-12 09:26:27,696 - Code.Dynamic_War_Manager.Source.Asset.Aircraft_Weapon_Data - WARNING - get_weapon_score - weapon 267gal_tank dict is None, return 0.0
2026-09-12 09:26:27,696 - Code.Dynamic_War_Manager.Source.Asset.Aircraft_Weapon_Data - WARNING - get_weapon_score - weapon 267gal_tank dict is None, return 0.0
2026-09-12 09:26:27,696 - Code.Dynamic_War_Manager.Source.Asset.Aircraft_Weapon_Data - WARNING - get_weapon_score - weapon 267gal_tank dict is None, return 0.0
2026-09-12 09:26:27,696 - Code.Dynamic_War_Manager.Source.Asset.Aircraft_Weapon_Data - WARNING - get_weapon_score - weapon 267gal_tank dict is None, return 0.0
2026-09-12 09:26:27,697 - Code.Dynamic_War_Manager.Source.Asset.Aircraft_Weapon_Data - WARNING - get_weapon_score - weapon 267gal_tank dict is None, return 0.0
2026-09-12 09:26:27,697 - Code.Dynamic_War_Manager.Source.Asset.Aircraft_Weapon_Data - WARNING - get_weapon_score - weapon 267gal_tank dict is None, return 0.0
2026-09-12 09:26:27,698 - Code.Dynamic_War_Manager.Source.Asset.Aircraft_Weapon_Data - WARNING - get_weapon_score - weapon 267gal_tank dict is None, return 0.0
2026-09-12 09:26:27,698 - Code.Dynamic_War_Manager.Source.Asset.Aircraft_Weapon_Data - WARNING - get_weapon_score - weapon 267gal_tank dict is None, return 0.0
2026-09-12 09:26:27,698 - Code.Dynamic_War_Manager.Source.Asset.Aircraft_Weapon_Data - WARNING - get_weapon_score - weapon 267gal_tank dict is None, return 0.0
2026-09-12 09:26:27,699 - Code.Dynamic_War_Manager.Source.Asset.Aircraft_Weapon_Data - WARNING - get_weapon_score - weapon 600gal_tank dict is None, return 0.0
2026-09-12 09:26:27,699 - Code.Dynamic_War_Manager.Source.Asset.Aircraft_Weapon_Data - WARNING - get_weapon_score - weapon 600gal_tank dict is None, return 0.0
2026-09-12 09:26:27,701 - Code.Dynamic_War_Manager.Source.Asset.Aircraft_Weapon_Data - WARNING - get_weapon_score - weapon 600gal_tank dict is None, return 0.0
2026-09-12 09:26:27,701 - Code.Dynamic_War_Manager.Source.Asset.Aircraft_Weapon_Data - WARNING - get_weapon_score - weapon 600gal_tank dict is None, return 0.0
2026-09-12 09:26:27,702 - Code.Dynamic_War_Manager.Source.Asset.Aircraft_Weapon_Data - WARNING - get_weapon_score - weapon 330gal_tank dict is None, return 0.0
2026-09-12 09:26:27,703 - Code.Dynamic_War_Manager.Source.Asset.Aircraft_Weapon_Data - WARNING - get_weapon_score - weapon 330gal_tank dict is None, return 0.0
2026-09-12 09:26:27,703 - Code.Dynamic_War_Manager.Source.Asset.Aircraft_Weapon_Data - WARNING - get_weapon_score - weapon 330gal_tank dict is None, return 0.0
2026-09-12 09:26:27,704 - Code.Dynamic_War_Manager.Source.Asset.Aircraft_Weapon_Data - WARNING - get_weapon_score - weapon 330gal_tank dict is None, return 0.0
2026-09-12 09:26:27,705 - Code.Dynamic_War_Manager.Source.Asset.Aircraft_Weapon_Data - WARNING - get_weapon_score - weapon 330gal_tank dict is None, return 0.0
2026-09-12 09:26:27,705 - Code.Dynamic_War_Manager.Source.Asset.Aircraft_Weapon_Data - WARNING - get_weapon_score - weapon 330gal_tank dict is None, return 0.0
2026-09-12 09:26:27,706 - Code.Dynamic_War_Manager.Source.Asset.Aircraft_Weapon_Data - WARNING - get_weapon_score - weapon 330gal_tank dict is None, return 0.0
2026-09-12 09:26:27,707 - Code.Dynamic_War_Manager.Source.Asset.Aircraft_Weapon_Data - WARNING - get_weapon_score - weapon 330gal_tank dict is None, return 0.0
2026-09-12 09:26:27,707 - Code.Dynamic_War_Manager.Source.Asset.Aircraft_Weapon_Data - WARNING - get_weapon_score - weapon 330gal_tank dict is None, return 0.0
2026-09-12 09:26:27,708 - Code.Dynamic_War_Manager.Source.Asset.Aircraft_Weapon_Data - WARNING - get_weapon_score - weapon 330gal_tank dict is None, return 0.0
2026-09-12 09:26:27,708 - Code.Dynamic_War_Manager.Source.Asset.Aircraft_Weapon_Data - WARNING - get_weapon_score - weapon 330gal_tank dict is None, return 0.0
2026-09-12 09:26:27,710 - Code.Dynamic_War_Manager.Source.Asset.Aircraft_Weapon_Data - WARNING - get_weapon_score - weapon 330gal_tank dict is None, return 0.0
2026-09-12 09:26:27,711 - Code.Dynamic_War_Manager.Source.Asset.Aircraft_Weapon_Data - WARNING - get_weapon_score - weapon 330gal_tank dict is None, return 0.0
2026-09-12 09:26:27,712 - Code.Dynamic_War_Manager.Source.Asset.Aircraft_Weapon_Data - WARNING - get_weapon_score - weapon 330gal_tank dict is None, return 0.0
2026-09-12 09:26:27,712 - Code.Dynamic_War_Manager.Source.Asset.Aircraft_Weapon_Data - WARNING - get_weapon_score - weapon 600gal_tank dict is None, return 0.0
2026-09-12 09:26:27,713 - Code.Dynamic_War_Manager.Source.Asset.Aircraft_Weapon_Data - WARNING - get_weapon_score - weapon 600gal_tank dict is None, return 0.0
2026-09-12 09:26:27,713 - Code.Dynamic_War_Manager.Source.Asset.Aircraft_Weapon_Data - WARNING - get_weapon_score - weapon 275gal_tank dict is None, return 0.0
2026-09-12 09:26:27,714 - Code.Dynamic_War_Manager.Source.Asset.Aircraft_Weapon_Data - WARNING - get_weapon_score - weapon 275gal_tank dict is None, return 0.0
2026-09-12 09:26:27,715 - Code.Dynamic_War_Manager.Source.Asset.Aircraft_Weapon_Data - WARNING - get_weapon_score - weapon 370gal_tank dict is None, return 0.0
2026-09-12 09:26:27,715 - Code.Dynamic_War_Manager.Source.Asset.Aircraft_Weapon_Data - WARNING - get_weapon_score - weapon 370gal_tank dict is None, return 0.0
2026-09-12 09:26:27,716 - Code.Dynamic_War_Manager.Source.Asset.Aircraft_Weapon_Data - WARNING - get_weapon_score - weapon 370gal_tank dict is None, return 0.0
2026-09-12 09:26:27,716 - Code.Dynamic_War_Manager.Source.Asset.Aircraft_Weapon_Data - WARNING - get_weapon_score - weapon 370gal_tank dict is None, return 0.0
2026-09-12 09:26:27,716 - Code.Dynamic_War_Manager.Source.Asset.Aircraft_Weapon_Data - WARNING - get_weapon_score - weapon 370gal_tank dict is None, return 0.0
2026-09-12 09:26:27,717 - Code.Dynamic_War_Manager.Source.Asset.Aircraft_Weapon_Data - WARNING - get_weapon_score - weapon 370gal_tank dict is None, return 0.0
2026-09-12 09:26:27,717 - Code.Dynamic_War_Manager.Source.Asset.Aircraft_Weapon_Data - WARNING - get_weapon_score - weapon 370gal_tank dict is None, return 0.0
2026-09-12 09:26:27,718 - Code.Dynamic_War_Manager.Source.Asset.Aircraft_Weapon_Data - WARNING - get_weapon_score - weapon 370gal_tank dict is None, return 0.0
2026-09-12 09:26:27,718 - Code.Dynamic_War_Manager.Source.Asset.Aircraft_Weapon_Data - WARNING - get_weapon_score - weapon 370gal_tank dict is None, return 0.0
2026-09-12 09:26:27,719 - Code.Dynamic_War_Manager.Source.Asset.Aircraft_Weapon_Data - WARNING - get_weapon_score - weapon 370gal_tank dict is None, return 0.0
2026-09-12 09:26:27,719 - Code.Dynamic_War_Manager.Source.Asset.Aircraft_Weapon_Data - WARNING - get_weapon_score - weapon 370gal_tank dict is None, return 0.0
2026-09-12 09:26:27,719 - Code.Dynamic_War_Manager.Source.Asset.Aircraft_Weapon_Data - WARNING - get_weapon_score - weapon 370gal_tank dict is None, return 0.0
2026-09-12 09:26:27,724 - Code.Dynamic_War_Manager.Source.Asset.Aircraft_Weapon_Data - WARNING - get_weapon_score - weapon 150gal_tank dict is None, return 0.0
2026-09-12 09:26:27,729 - Code.Dynamic_War_Manager.Source.Asset.Aircraft_Weapon_Data - WARNING - get_weapon_score - weapon 1300L_tank dict is None, return 0.0
2026-09-12 09:26:27,730 - Code.Dynamic_War_Manager.Source.Asset.Aircraft_Weapon_Data - WARNING - get_weapon_score - weapon 1300L_tank dict is None, return 0.0
2026-09-12 09:26:27,731 - Code.Dynamic_War_Manager.Source.Asset.Aircraft_Weapon_Data - WARNING - get_weapon_score - weapon 800L_tank dict is None, return 0.0
2026-09-12 09:26:27,731 - Code.Dynamic_War_Manager.Source.Asset.Aircraft_Weapon_Data - WARNING - get_weapon_score - weapon 800L_tank dict is None, return 0.0
2026-09-12 09:26:27,732 - Code.Dynamic_War_Manager.Source.Asset.Aircraft_Weapon_Data - WARNING - get_weapon_score - weapon 800L_tank dict is None, return 0.0
2026-09-12 09:26:27,741 - Code.Dynamic_War_Manager.Source.Asset.Aircraft_Weapon_Data - WARNING - get_weapon_score - weapon PTB-1500 dict is None, return 0.0
2026-09-12 09:26:27,742 - Code.Dynamic_War_Manager.Source.Asset.Aircraft_Weapon_Data - WARNING - get_weapon_score - weapon PTB-1500 dict is None, return 0.0
2026-09-12 09:26:27,743 - Code.Dynamic_War_Manager.Source.Asset.Aircraft_Weapon_Data - WARNING - get_weapon_score - weapon PTB-1500 dict is None, return 0.0
2026-09-12 09:26:27,743 - Code.Dynamic_War_Manager.Source.Asset.Aircraft_Weapon_Data - WARNING - get_weapon_score - weapon PTB-1500 dict is None, return 0.0
2026-09-12 09:26:27,744 - Code.Dynamic_War_Manager.Source.Asset.Aircraft_Weapon_Data - WARNING - get_weapon_score - weapon PTB-1500 dict is None, return 0.0
2026-09-12 09:26:37,924 - Code.Dynamic_War_Manager.Source.Asset.Aircraft_Weapon_Data - WARNING - get_weapon_score - weapon 370gal_tank dict is None, return 0.0
2026-09-12 09:26:37,925 - Code.Dynamic_War_Manager.Source.Asset.Aircraft_Weapon_Data - WARNING - get_weapon_score - weapon 370gal_tank dict is None, return 0.0
2026-09-12 09:26:37,925 - Code.Dynamic_War_Manager.Source.Asset.Aircraft_Weapon_Data - WARNING - get_weapon_score - weapon 370gal_tank dict is None, return 0.0
2026-09-12 09:26:37,925 - Code.Dynamic_War_Manager.Source.Asset.Aircraft_Weapon_Data - WARNING - get_weapon_score - weapon 370gal_tank dict is None, return 0.0
2026-09-12 09:26:37,926 - Code.Dynamic_War_Manager.Source.Asset.Aircraft_Weapon_Data - WARNING - get_weapon_score - weapon 267gal_tank dict is None, return 0.0
2026-09-12 09:26:37,926 - Code.Dynamic_War_Manager.Source.Asset.Aircraft_Weapon_Data - WARNING - get_weapon_score - weapon 267gal_tank dict is None, return 0.0
2026-09-12 09:26:37,926 - Code.Dynamic_War_Manager.Source.Asset.Aircraft_Weapon_Data - WARNING - get_weapon_score - weapon 267gal_tank dict is None, return 0.0
2026-09-12 09:26:37,927 - Code.Dynamic_War_Manager.Source.Asset.Aircraft_Weapon_Data - WARNING - get_weapon_score - weapon 267gal_tank dict is None, return 0.0
2026-09-12 09:26:37,927 - Code.Dynamic_War_Manager.Source.Asset.Aircraft_Weapon_Data - WARNING - get_weapon_score - weapon 267gal_tank dict is None, return 0.0
2026-09-12 09:26:37,927 - Code.Dynamic_War_Manager.Source.Asset.Aircraft_Weapon_Data - WARNING - get_weapon_score - weapon 267gal_tank dict is None, return 0.0
2026-09-12 09:26:37,928 - Code.Dynamic_War_Manager.Source.Asset.Aircraft_Weapon_Data - WARNING - get_weapon_score - weapon 267gal_tank dict is None, return 0.0
2026-09-12 09:26:37,928 - Code.Dynamic_War_Manager.Source.Asset.Aircraft_Weapon_Data - WARNING - get_weapon_score - weapon 267gal_tank dict is None, return 0.0
2026-09-12 09:26:37,928 - Code.Dynamic_War_Manager.Source.Asset.Aircraft_Weapon_Data - WARNING - get_weapon_score - weapon 267gal_tank dict is None, return 0.0
2026-09-12 09:26:37,928 - Code.Dynamic_War_Manager.Source.Asset.Aircraft_Weapon_Data - WARNING - get_weapon_score - weapon 267gal_tank dict is None, return 0.0
2026-09-12 09:26:37,929 - Code.Dynamic_War_Manager.Source.Asset.Aircraft_Weapon_Data - WARNING - get_weapon_score - weapon 267gal_tank dict is None, return 0.0
2026-09-12 09:26:37,929 - Code.Dynamic_War_Manager.Source.Asset.Aircraft_Weapon_Data - WARNING - get_weapon_score - weapon 267gal_tank dict is None, return 0.0
2026-09-12 09:26:37,929 - Code.Dynamic_War_Manager.Source.Asset.Aircraft_Weapon_Data - WARNING - get_weapon_score - weapon 267gal_tank dict is None, return 0.0
2026-09-12 09:26:37,930 - Code.Dynamic_War_Manager.Source.Asset.Aircraft_Weapon_Data - WARNING - get_weapon_score - weapon 600gal_tank dict is None, return 0.0
2026-09-12 09:26:37,930 - Code.Dynamic_War_Manager.Source.Asset.Aircraft_Weapon_Data - WARNING - get_weapon_score - weapon 600gal_tank dict is None, return 0.0
2026-09-12 09:26:37,931 - Code.Dynamic_War_Manager.Source.Asset.Aircraft_Weapon_Data - WARNING - get_weapon_score - weapon 600gal_tank dict is None, return 0.0
2026-09-12 09:26:37,931 - Code.Dynamic_War_Manager.Source.Asset.Aircraft_Weapon_Data - WARNING - get_weapon_score - weapon 600gal_tank dict is None, return 0.0
2026-09-12 09:26:37,933 - Code.Dynamic_War_Manager.Source.Asset.Aircraft_Weapon_Data - WARNING - get_weapon_score - weapon 330gal_tank dict is None, return 0.0
2026-09-12 09:26:37,933 - Code.Dynamic_War_Manager.Source.Asset.Aircraft_Weapon_Data - WARNING - get_weapon_score - weapon 330gal_tank dict is None, return 0.0
2026-09-12 09:26:37,934 - Code.Dynamic_War_Manager.Source.Asset.Aircraft_Weapon_Data - WARNING - get_weapon_score - weapon 330gal_tank dict is None, return 0.0
2026-09-12 09:26:37,934 - Code.Dynamic_War_Manager.Source.Asset.Aircraft_Weapon_Data - WARNING - get_weapon_score - weapon 330gal_tank dict is None, return 0.0
2026-09-12 09:26:37,935 - Code.Dynamic_War_Manager.Source.Asset.Aircraft_Weapon_Data - WARNING - get_weapon_score - weapon 330gal_tank dict is None, return 0.0
2026-09-12 09:26:37,935 - Code.Dynamic_War_Manager.Source.Asset.Aircraft_Weapon_Data - WARNING - get_weapon_score - weapon 330gal_tank dict is None, return 0.0
2026-09-12 09:26:37,936 - Code.Dynamic_War_Manager.Source.Asset.Aircraft_Weapon_Data - WARNING - get_weapon_score - weapon 330gal_tank dict is None, return 0.0
2026-09-12 09:26:37,936 - Code.Dynamic_War_Manager.Source.Asset.Aircraft_Weapon_Data - WARNING - get_weapon_score - weapon 330gal_tank dict is None, return 0.0
2026-09-12 09:26:37,937 - Code.Dynamic_War_Manager.Source.Asset.Aircraft_Weapon_Data - WARNING - get_weapon_score - weapon 330gal_tank dict is None, return 0.0
2026-09-12 09:26:37,937 - Code.Dynamic_War_Manager.Source.Asset.Aircraft_Weapon_Data - WARNING - get_weapon_score - weapon 330gal_tank dict is None, return 0.0
2026-09-12 09:26:37,937 - Code.Dynamic_War_Manager.Source.Asset.Aircraft_Weapon_Data - WARNING - get_weapon_score - weapon 330gal_tank dict is None, return 0.0
2026-09-12 09:26:37,938 - Code.Dynamic_War_Manager.Source.Asset.Aircraft_Weapon_Data - WARNING - get_weapon_score - weapon 330gal_tank dict is None, return 0.0
2026-09-12 09:26:37,938 - Code.Dynamic_War_Manager.Source.Asset.Aircraft_Weapon_Data - WARNING - get_weapon_score - weapon 330gal_tank dict is None, return 0.0
2026-09-12 09:26:37,938 - Code.Dynamic_War_Manager.Source.Asset.Aircraft_Weapon_Data - WARNING - get_weapon_score - weapon 330gal_tank dict is None, return 0.0
2026-09-12 09:26:37,939 - Code.Dynamic_War_Manager.Source.Asset.Aircraft_Weapon_Data - WARNING - get_weapon_score - weapon 600gal_tank dict is None, return 0.0
2026-09-12 09:26:37,940 - Code.Dynamic_War_Manager.Source.Asset.Aircraft_Weapon_Data - WARNING - get_weapon_score - weapon 600gal_tank dict is None, return 0.0
2026-09-12 09:26:37,940 - Code.Dynamic_War_Manager.Source.Asset.Aircraft_Weapon_Data - WARNING - get_weapon_score - weapon 275gal_tank dict is None, return 0.0
2026-09-12 09:26:37,941 - Code.Dynamic_War_Manager.Source.Asset.Aircraft_Weapon_Data - WARNING - get_weapon_score - weapon 275gal_tank dict is None, return 0.0
2026-09-12 09:26:37,942 - Code.Dynamic_War_Manager.Source.Asset.Aircraft_Weapon_Data - WARNING - get_weapon_score - weapon 370gal_tank dict is None, return 0.0
2026-09-12 09:26:37,942 - Code.Dynamic_War_Manager.Source.Asset.Aircraft_Weapon_Data - WARNING - get_weapon_score - weapon 370gal_tank dict is None, return 0.0
2026-09-12 09:26:37,943 - Code.Dynamic_War_Manager.Source.Asset.Aircraft_Weapon_Data - WARNING - get_weapon_score - weapon 370gal_tank dict is None, return 0.0
2026-09-12 09:26:37,943 - Code.Dynamic_War_Manager.Source.Asset.Aircraft_Weapon_Data - WARNING - get_weapon_score - weapon 370gal_tank dict is None, return 0.0
2026-09-12 09:26:37,943 - Code.Dynamic_War_Manager.Source.Asset.Aircraft_Weapon_Data - WARNING - get_weapon_score - weapon 370gal_tank dict is None, return 0.0
2026-09-12 09:26:37,944 - Code.Dynamic_War_Manager.Source.Asset.Aircraft_Weapon_Data - WARNING - get_weapon_score - weapon 370gal_tank dict is None, return 0.0
2026-09-12 09:26:37,944 - Code.Dynamic_War_Manager.Source.Asset.Aircraft_Weapon_Data - WARNING - get_weapon_score - weapon 370gal_tank dict is None, return 0.0
2026-09-12 09:26:37,945 - Code.Dynamic_War_Manager.Source.Asset.Aircraft_Weapon_Data - WARNING - get_weapon_score - weapon 370gal_tank dict is None, return 0.0
2026-09-12 09:26:37,945 - Code.Dynamic_War_Manager.Source.Asset.Aircraft_Weapon_Data - WARNING - get_weapon_score - weapon 370gal_tank dict is None, return 0.0
2026-09-12 09:26:37,945 - Code.Dynamic_War_Manager.Source.Asset.Aircraft_Weapon_Data - WARNING - get_weapon_score - weapon 370gal_tank dict is None, return 0.0
2026-09-12 09:26:37,946 - Code.Dynamic_War_Manager.Source.Asset.Aircraft_Weapon_Data - WARNING - get_weapon_score - weapon 370gal_tank dict is None, return 0.0
2026-09-12 09:26:37,946 - Code.Dynamic_War_Manager.Source.Asset.Aircraft_Weapon_Data - WARNING - get_weapon_score - weapon 370gal_tank dict is None, return 0.0
2026-09-12 09:26:37,950 - Code.Dynamic_War_Manager.Source.Asset.Aircraft_Weapon_Data - WARNING - get_weapon_score - weapon 150gal_tank dict is None, return 0.0
2026-09-12 09:26:37,956 - Code.Dynamic_War_Manager.Source.Asset.Aircraft_Weapon_Data - WARNING - get_weapon_score - weapon 1300L_tank dict is None, return 0.0
2026-09-12 09:26:37,957 - Code.Dynamic_War_Manager.Source.Asset.Aircraft_Weapon_Data - WARNING - get_weapon_score - weapon 1300L_tank dict is None, return 0.0
2026-09-12 09:26:37,959 - Code.Dynamic_War_Manager.Source.Asset.Aircraft_Weapon_Data - WARNING - get_weapon_score - weapon 800L_tank dict is None, return 0.0
2026-09-12 09:26:37,959 - Code.Dynamic_War_Manager.Source.Asset.Aircraft_Weapon_Data - WARNING - get_weapon_score - weapon 800L_tank dict is None, return 0.0
2026-09-12 09:26:37,960 - Code.Dynamic_War_Manager.Source.Asset.Aircraft_Weapon_Data - WARNING - get_weapon_score - weapon 800L_tank dict is None, return 0.0
2026-09-12 09:26:37,969 - Code.Dynamic_War_Manager.Source.Asset.Aircraft_Weapon_Data - WARNING - get_weapon_score - weapon PTB-1500 dict is None, return 0.0
2026-09-12 09:26:37,970 - Code.Dynamic_War_Manager.Source.Asset.Aircraft_Weapon_Data - WARNING - get_weapon_score - weapon PTB-1500 dict is None, return 0.0
2026-09-12 09:26:37,970 - Code.Dynamic_War_Manager.Source.Asset.Aircraft_Weapon_Data - WARNING - get_weapon_score - weapon PTB-1500 dict is None, return 0.0
2026-09-12 09:26:37,971 - Code.Dynamic_War_Manager.Source.Asset.Aircraft_Weapon_Data - WARNING - get_weapon_score - weapon PTB-1500 dict is None, return 0.0
2026-09-12 09:26:37,972 - Code.Dynamic_War_Manager.Source.Asset.Aircraft_Weapon_Data - WARNING - get_weapon_score - weapon PTB-1500 dict is None, return 0.0
2026-09-12 09:26:40,220 - Code.Dynamic_War_Manager.Source.Asset.Aircraft_Weapon_Data - WARNING - get_weapon_score - weapon 370gal_tank dict is None, return 0.0
2026-09-12 09:26:40,221 - Code.Dynamic_War_Manager.Source.Asset.Aircraft_Weapon_Data - WARNING - get_weapon_score - weapon 370gal_tank dict is None, return 0.0
2026-09-12 09:26:40,222 - Code.Dynamic_War_Manager.Source.Asset.Aircraft_Weapon_Data - WARNING - get_weapon_score - weapon 370gal_tank dict is None, return 0.0
2026-09-12 09:26:40,222 - Code.Dynamic_War_Manager.Source.Asset.Aircraft_Weapon_Data - WARNING - get_weapon_score - weapon 370gal_tank dict is None, return 0.0
2026-09-12 09:26:40,223 - Code.Dynamic_War_Manager.Source.Asset.Aircraft_Weapon_Data - WARNING - get_weapon_score - weapon 267gal_tank dict is None, return 0.0
2026-09-12 09:26:40,223 - Code.Dynamic_War_Manager.Source.Asset.Aircraft_Weapon_Data - WARNING - get_weapon_score - weapon 267gal_tank dict is None, return 0.0
2026-09-12 09:26:40,224 - Code.Dynamic_War_Manager.Source.Asset.Aircraft_Weapon_Data - WARNING - get_weapon_score - weapon 267gal_tank dict is None, return 0.0
2026-09-12 09:26:40,224 - Code.Dynamic_War_Manager.Source.Asset.Aircraft_Weapon_Data - WARNING - get_weapon_score - weapon 267gal_tank dict is None, return 0.0
2026-09-12 09:26:40,225 - Code.Dynamic_War_Manager.Source.Asset.Aircraft_Weapon_Data - WARNING - get_weapon_score - weapon 267gal_tank dict is None, return 0.0
2026-09-12 09:26:40,225 - Code.Dynamic_War_Manager.Source.Asset.Aircraft_Weapon_Data - WARNING - get_weapon_score - weapon 267gal_tank dict is None, return 0.0
2026-09-12 09:26:40,225 - Code.Dynamic_War_Manager.Source.Asset.Aircraft_Weapon_Data - WARNING - get_weapon_score - weapon 267gal_tank dict is None, return 0.0
2026-09-12 09:26:40,225 - Code.Dynamic_War_Manager.Source.Asset.Aircraft_Weapon_Data - WARNING - get_weapon_score - weapon 267gal_tank dict is None, return 0.0
2026-09-12 09:26:40,226 - Code.Dynamic_War_Manager.Source.Asset.Aircraft_Weapon_Data - WARNING - get_weapon_score - weapon 267gal_tank dict is None, return 0.0
2026-09-12 09:26:40,226 - Code.Dynamic_War_Manager.Source.Asset.Aircraft_Weapon_Data - WARNING - get_weapon_score - weapon 267gal_tank dict is None, return 0.0
2026-09-12 09:26:40,227 - Code.Dynamic_War_Manager.Source.Asset.Aircraft_Weapon_Data - WARNING - get_weapon_score - weapon 267gal_tank dict is None, return 0.0
2026-09-12 09:26:40,227 - Code.Dynamic_War_Manager.Source.Asset.Aircraft_Weapon_Data - WARNING - get_weapon_score - weapon 267gal_tank dict is None, return 0.0
2026-09-12 09:26:40,228 - Code.Dynamic_War_Manager.Source.Asset.Aircraft_Weapon_Data - WARNING - get_weapon_score - weapon 267gal_tank dict is None, return 0.0
2026-09-12 09:26:40,229 - Code.Dynamic_War_Manager.Source.Asset.Aircraft_Weapon_Data - WARNING - get_weapon_score - weapon 600gal_tank dict is None, return 0.0
2026-09-12 09:26:40,229 - Code.Dynamic_War_Manager.Source.Asset.Aircraft_Weapon_Data - WARNING - get_weapon_score - weapon 600gal_tank dict is None, return 0.0
2026-09-12 09:26:40,230 - Code.Dynamic_War_Manager.Source.Asset.Aircraft_Weapon_Data - WARNING - get_weapon_score - weapon 600gal_tank dict is None, return 0.0
2026-09-12 09:26:40,230 - Code.Dynamic_War_Manager.Source.Asset.Aircraft_Weapon_Data - WARNING - get_weapon_score - weapon 600gal_tank dict is None, return 0.0
2026-09-12 09:26:40,231 - Code.Dynamic_War_Manager.Source.Asset.Aircraft_Weapon_Data - WARNING - get_weapon_score - weapon 330gal_tank dict is None, return 0.0
2026-09-12 09:26:40,232 - Code.Dynamic_War_Manager.Source.Asset.Aircraft_Weapon_Data - WARNING - get_weapon_score - weapon 330gal_tank dict is None, return 0.0
2026-09-12 09:26:40,232 - Code.Dynamic_War_Manager.Source.Asset.Aircraft_Weapon_Data - WARNING - get_weapon_score - weapon 330gal_tank dict is None, return 0.0
2026-09-12 09:26:40,233 - Code.Dynamic_War_Manager.Source.Asset.Aircraft_Weapon_Data - WARNING - get_weapon_score - weapon 330gal_tank dict is None, return 0.0
2026-09-12 09:26:40,233 - Code.Dynamic_War_Manager.Source.Asset.Aircraft_Weapon_Data - WARNING - get_weapon_score - weapon 330gal_tank dict is None, return 0.0
2026-09-12 09:26:40,233 - Code.Dynamic_War_Manager.Source.Asset.Aircraft_Weapon_Data - WARNING - get_weapon_score - weapon 330gal_tank dict is None, return 0.0
2026-09-12 09:26:40,234 - Code.Dynamic_War_Manager.Source.Asset.Aircraft_Weapon_Data - WARNING - get_weapon_score - weapon 330gal_tank dict is None, return 0.0
2026-09-12 09:26:40,235 - Code.Dynamic_War_Manager.Source.Asset.Aircraft_Weapon_Data - WARNING - get_weapon_score - weapon 330gal_tank dict is None, return 0.0
2026-09-12 09:26:40,235 - Code.Dynamic_War_Manager.Source.Asset.Aircraft_Weapon_Data - WARNING - get_weapon_score - weapon 330gal_tank dict is None, return 0.0
2026-09-12 09:26:40,235 - Code.Dynamic_War_Manager.Source.Asset.Aircraft_Weapon_Data - WARNING - get_weapon_score - weapon 330gal_tank dict is None, return 0.0
2026-09-12 09:26:40,236 - Code.Dynamic_War_Manager.Source.Asset.Aircraft_Weapon_Data - WARNING - get_weapon_score - weapon 330gal_tank dict is None, return 0.0
2026-09-12 09:26:40,236 - Code.Dynamic_War_Manager.Source.Asset.Aircraft_Weapon_Data - WARNING - get_weapon_score - weapon 330gal_tank dict is None, return 0.0
2026-09-12 09:26:40,237 - Code.Dynamic_War_Manager.Source.Asset.Aircraft_Weapon_Data - WARNING - get_weapon_score - weapon 330gal_tank dict is None, return 0.0
2026-09-12 09:26:40,237 - Code.Dynamic_War_Manager.Source.Asset.Aircraft_Weapon_Data - WARNING - get_weapon_score - weapon 330gal_tank dict is None, return 0.0
2026-09-12 09:26:40,238 - Code.Dynamic_War_Manager.Source.Asset.Aircraft_Weapon_Data - WARNING - get_weapon_score - weapon 600gal_tank dict is None, return 0.0
2026-09-12 09:26:40,238 - Code.Dynamic_War_Manager.Source.Asset.Aircraft_Weapon_Data - WARNING - get_weapon_score - weapon 600gal_tank dict is None, return 0.0
2026-09-12 09:26:40,239 - Code.Dynamic_War_Manager.Source.Asset.Aircraft_Weapon_Data - WARNING - get_weapon_score - weapon 275gal_tank dict is None, return 0.0
2026-09-12 09:26:40,239 - Code.Dynamic_War_Manager.Source.Asset.Aircraft_Weapon_Data - WARNING - get_weapon_score - weapon 275gal_tank dict is None, return 0.0
2026-09-12 09:26:40,241 - Code.Dynamic_War_Manager.Source.Asset.Aircraft_Weapon_Data - WARNING - get_weapon_score - weapon 370gal_tank dict is None, return 0.0
2026-09-12 09:26:40,241 - Code.Dynamic_War_Manager.Source.Asset.Aircraft_Weapon_Data - WARNING - get_weapon_score - weapon 370gal_tank dict is None, return 0.0
2026-09-12 09:26:40,241 - Code.Dynamic_War_Manager.Source.Asset.Aircraft_Weapon_Data - WARNING - get_weapon_score - weapon 370gal_tank dict is None, return 0.0
2026-09-12 09:26:40,242 - Code.Dynamic_War_Manager.Source.Asset.Aircraft_Weapon_Data - WARNING - get_weapon_score - weapon 370gal_tank dict is None, return 0.0
2026-09-12 09:26:40,243 - Code.Dynamic_War_Manager.Source.Asset.Aircraft_Weapon_Data - WARNING - get_weapon_score - weapon 370gal_tank dict is None, return 0.0
2026-09-12 09:26:40,243 - Code.Dynamic_War_Manager.Source.Asset.Aircraft_Weapon_Data - WARNING - get_weapon_score - weapon 370gal_tank dict is None, return 0.0
2026-09-12 09:26:40,244 - Code.Dynamic_War_Manager.Source.Asset.Aircraft_Weapon_Data - WARNING - get_weapon_score - weapon 370gal_tank dict is None, return 0.0
2026-09-12 09:26:40,244 - Code.Dynamic_War_Manager.Source.Asset.Aircraft_Weapon_Data - WARNING - get_weapon_score - weapon 370gal_tank dict is None, return 0.0
2026-09-12 09:26:40,245 - Code.Dynamic_War_Manager.Source.Asset.Aircraft_Weapon_Data - WARNING - get_weapon_score - weapon 370gal_tank dict is None, return 0.0
2026-09-12 09:26:40,245 - Code.Dynamic_War_Manager.Source.Asset.Aircraft_Weapon_Data - WARNING - get_weapon_score - weapon 370gal_tank dict is None, return 0.0
2026-09-12 09:26:40,245 - Code.Dynamic_War_Manager.Source.Asset.Aircraft_Weapon_Data - WARNING - get_weapon_score - weapon 370gal_tank dict is None, return 0.0
2026-09-12 09:26:40,246 - Code.Dynamic_War_Manager.Source.Asset.Aircraft_Weapon_Data - WARNING - get_weapon_score - weapon 370gal_tank dict is None, return 0.0
2026-09-12 09:26:40,250 - Code.Dynamic_War_Manager.Source.Asset.Aircraft_Weapon_Data - WARNING - get_weapon_score - weapon 150gal_tank dict is None, return 0.0
2026-09-12 09:26:40,255 - Code.Dynamic_War_Manager.Source.Asset.Aircraft_Weapon_Data - WARNING - get_weapon_score - weapon 1300L_tank dict is None, return 0.0
2026-09-12 09:26:40,256 - Code.Dynamic_War_Manager.Source.Asset.Aircraft_Weapon_Data - WARNING - get_weapon_score - weapon 1300L_tank dict is None, return 0.0
2026-09-12 09:26:40,259 - Code.Dynamic_War_Manager.Source.Asset.Aircraft_Weapon_Data - WARNING - get_weapon_score - weapon 800L_tank dict is None, return 0.0
2026-09-12 09:26:40,259 - Code.Dynamic_War_Manager.Source.Asset.Aircraft_Weapon_Data - WARNING - get_weapon_score - weapon 800L_tank dict is None, return 0.0
2026-09-12 09:26:40,261 - Code.Dynamic_War_Manager.Source.Asset.Aircraft_Weapon_Data - WARNING - get_weapon_score - weapon 800L_tank dict is None, return 0.0
2026-09-12 09:26:40,272 - Code.Dynamic_War_Manager.Source.Asset.Aircraft_Weapon_Data - WARNING - get_weapon_score - weapon PTB-1500 dict is None, return 0.0
2026-09-12 09:26:40,274 - Code.Dynamic_War_Manager.Source.Asset.Aircraft_Weapon_Data - WARNING - get_weapon_score - weapon PTB-1500 dict is None, return 0.0
2026-09-12 09:26:40,274 - Code.Dynamic_War_Manager.Source.Asset.Aircraft_Weapon_Data - WARNING - get_weapon_score - weapon PTB-1500 dict is None, return 0.0
2026-09-12 09:26:40,275 - Code.Dynamic_War_Manager.Source.Asset.Aircraft_Weapon_Data - WARNING - get_weapon_score - weapon PTB-1500 dict is None, return 0.0
2026-09-12 09:26:40,276 - Code.Dynamic_War_Manager.Source.Asset.Aircraft_Weapon_Data - WARNING - get_weapon_score - weapon PTB-1500 dict is None, return 0.0
2026-09-12 09:26:48,164 - Code.Dynamic_War_Manager.Source.Asset.Aircraft_Weapon_Data - WARNING - get_weapon_score - weapon 370gal_tank dict is None, return 0.0
2026-09-12 09:26:48,165 - Code.Dynamic_War_Manager.Source.Asset.Aircraft_Weapon_Data - WARNING - get_weapon_score - weapon 370gal_tank dict is None, return 0.0
2026-09-12 09:26:48,165 - Code.Dynamic_War_Manager.Source.Asset.Aircraft_Weapon_Data - WARNING - get_weapon_score - weapon 370gal_tank dict is None, return 0.0
2026-09-12 09:26:48,166 - Code.Dynamic_War_Manager.Source.Asset.Aircraft_Weapon_Data - WARNING - get_weapon_score - weapon 370gal_tank dict is None, return 0.0
2026-09-12 09:26:48,166 - Code.Dynamic_War_Manager.Source.Asset.Aircraft_Weapon_Data - WARNING - get_weapon_score - weapon 267gal_tank dict is None, return 0.0
2026-09-12 09:26:48,166 - Code.Dynamic_War_Manager.Source.Asset.Aircraft_Weapon_Data - WARNING - get_weapon_score - weapon 267gal_tank dict is None, return 0.0
2026-09-12 09:26:48,167 - Code.Dynamic_War_Manager.Source.Asset.Aircraft_Weapon_Data - WARNING - get_weapon_score - weapon 267gal_tank dict is None, return 0.0
2026-09-12 09:26:48,167 - Code.Dynamic_War_Manager.Source.Asset.Aircraft_Weapon_Data - WARNING - get_weapon_score - weapon 267gal_tank dict is None, return 0.0
2026-09-12 09:26:48,168 - Code.Dynamic_War_Manager.Source.Asset.Aircraft_Weapon_Data - WARNING - get_weapon_score - weapon 267gal_tank dict is None, return 0.0
2026-09-12 09:26:48,168 - Code.Dynamic_War_Manager.Source.Asset.Aircraft_Weapon_Data - WARNING - get_weapon_score - weapon 267gal_tank dict is None, return 0.0
2026-09-12 09:26:48,169 - Code.Dynamic_War_Manager.Source.Asset.Aircraft_Weapon_Data - WARNING - get_weapon_score - weapon 267gal_tank dict is None, return 0.0
2026-09-12 09:26:48,169 - Code.Dynamic_War_Manager.Source.Asset.Aircraft_Weapon_Data - WARNING - get_weapon_score - weapon 267gal_tank dict is None, return 0.0
2026-09-12 09:26:48,170 - Code.Dynamic_War_Manager.Source.Asset.Aircraft_Weapon_Data - WARNING - get_weapon_score - weapon 267gal_tank dict is None, return 0.0
2026-09-12 09:26:48,170 - Code.Dynamic_War_Manager.Source.Asset.Aircraft_Weapon_Data - WARNING - get_weapon_score - weapon 267gal_tank dict is None, return 0.0
2026-09-12 09:26:48,171 - Code.Dynamic_War_Manager.Source.Asset.Aircraft_Weapon_Data - WARNING - get_weapon_score - weapon 267gal_tank dict is None, return 0.0
2026-09-12 09:26:48,171 - Code.Dynamic_War_Manager.Source.Asset.Aircraft_Weapon_Data - WARNING - get_weapon_score - weapon 267gal_tank dict is None, return 0.0
2026-09-12 09:26:48,171 - Code.Dynamic_War_Manager.Source.Asset.Aircraft_Weapon_Data - WARNING - get_weapon_score - weapon 267gal_tank dict is None, return 0.0
2026-09-12 09:26:48,172 - Code.Dynamic_War_Manager.Source.Asset.Aircraft_Weapon_Data - WARNING - get_weapon_score - weapon 600gal_tank dict is None, return 0.0
2026-09-12 09:26:48,172 - Code.Dynamic_War_Manager.Source.Asset.Aircraft_Weapon_Data - WARNING - get_weapon_score - weapon 600gal_tank dict is None, return 0.0
2026-09-12 09:26:48,173 - Code.Dynamic_War_Manager.Source.Asset.Aircraft_Weapon_Data - WARNING - get_weapon_score - weapon 600gal_tank dict is None, return 0.0
2026-09-12 09:26:48,173 - Code.Dynamic_War_Manager.Source.Asset.Aircraft_Weapon_Data - WARNING - get_weapon_score - weapon 600gal_tank dict is None, return 0.0
2026-09-12 09:26:48,175 - Code.Dynamic_War_Manager.Source.Asset.Aircraft_Weapon_Data - WARNING - get_weapon_score - weapon 330gal_tank dict is None, return 0.0
2026-09-12 09:26:48,176 - Code.Dynamic_War_Manager.Source.Asset.Aircraft_Weapon_Data - WARNING - get_weapon_score - weapon 330gal_tank dict is None, return 0.0
2026-09-12 09:26:48,176 - Code.Dynamic_War_Manager.Source.Asset.Aircraft_Weapon_Data - WARNING - get_weapon_score - weapon 330gal_tank dict is None, return 0.0
2026-09-12 09:26:48,177 - Code.Dynamic_War_Manager.Source.Asset.Aircraft_Weapon_Data - WARNING - get_weapon_score - weapon 330gal_tank dict is None, return 0.0
2026-09-12 09:26:48,178 - Code.Dynamic_War_Manager.Source.Asset.Aircraft_Weapon_Data - WARNING - get_weapon_score - weapon 330gal_tank dict is None, return 0.0
2026-09-12 09:26:48,178 - Code.Dynamic_War_Manager.Source.Asset.Aircraft_Weapon_Data - WARNING - get_weapon_score - weapon 330gal_tank dict is None, return 0.0
2026-09-12 09:26:48,179 - Code.Dynamic_War_Manager.Source.Asset.Aircraft_Weapon_Data - WARNING - get_weapon_score - weapon 330gal_tank dict is None, return 0.0
2026-09-12 09:26:48,179 - Code.Dynamic_War_Manager.Source.Asset.Aircraft_Weapon_Data - WARNING - get_weapon_score - weapon 330gal_tank dict is None, return 0.0
2026-09-12 09:26:48,180 - Code.Dynamic_War_Manager.Source.Asset.Aircraft_Weapon_Data - WARNING - get_weapon_score - weapon 330gal_tank dict is None, return 0.0
2026-09-12 09:26:48,181 - Code.Dynamic_War_Manager.Source.Asset.Aircraft_Weapon_Data - WARNING - get_weapon_score - weapon 330gal_tank dict is None, return 0.0
2026-09-12 09:26:48,182 - Code.Dynamic_War_Manager.Source.Asset.Aircraft_Weapon_Data - WARNING - get_weapon_score - weapon 330gal_tank dict is None, return 0.0
2026-09-12 09:26:48,182 - Code.Dynamic_War_Manager.Source.Asset.Aircraft_Weapon_Data - WARNING - get_weapon_score - weapon 330gal_tank dict is None, return 0.0
2026-09-12 09:26:48,183 - Code.Dynamic_War_Manager.Source.Asset.Aircraft_Weapon_Data - WARNING - get_weapon_score - weapon 330gal_tank dict is None, return 0.0
2026-09-12 09:26:48,183 - Code.Dynamic_War_Manager.Source.Asset.Aircraft_Weapon_Data - WARNING - get_weapon_score - weapon 330gal_tank dict is None, return 0.0
2026-09-12 09:26:48,184 - Code.Dynamic_War_Manager.Source.Asset.Aircraft_Weapon_Data - WARNING - get_weapon_score - weapon 600gal_tank dict is None, return 0.0
2026-09-12 09:26:48,185 - Code.Dynamic_War_Manager.Source.Asset.Aircraft_Weapon_Data - WARNING - get_weapon_score - weapon 600gal_tank dict is None, return 0.0
2026-09-12 09:26:48,186 - Code.Dynamic_War_Manager.Source.Asset.Aircraft_Weapon_Data - WARNING - get_weapon_score - weapon 275gal_tank dict is None, return 0.0
2026-09-12 09:26:48,186 - Code.Dynamic_War_Manager.Source.Asset.Aircraft_Weapon_Data - WARNING - get_weapon_score - weapon 275gal_tank dict is None, return 0.0
2026-09-12 09:26:48,188 - Code.Dynamic_War_Manager.Source.Asset.Aircraft_Weapon_Data - WARNING - get_weapon_score - weapon 370gal_tank dict is None, return 0.0
2026-09-12 09:26:48,188 - Code.Dynamic_War_Manager.Source.Asset.Aircraft_Weapon_Data - WARNING - get_weapon_score - weapon 370gal_tank dict is None, return 0.0
2026-09-12 09:26:48,188 - Code.Dynamic_War_Manager.Source.Asset.Aircraft_Weapon_Data - WARNING - get_weapon_score - weapon 370gal_tank dict is None, return 0.0
2026-09-12 09:26:48,189 - Code.Dynamic_War_Manager.Source.Asset.Aircraft_Weapon_Data - WARNING - get_weapon_score - weapon 370gal_tank dict is None, return 0.0
2026-09-12 09:26:48,189 - Code.Dynamic_War_Manager.Source.Asset.Aircraft_Weapon_Data - WARNING - get_weapon_score - weapon 370gal_tank dict is None, return 0.0
2026-09-12 09:26:48,190 - Code.Dynamic_War_Manager.Source.Asset.Aircraft_Weapon_Data - WARNING - get_weapon_score - weapon 370gal_tank dict is None, return 0.0
2026-09-12 09:26:48,190 - Code.Dynamic_War_Manager.Source.Asset.Aircraft_Weapon_Data - WARNING - get_weapon_score - weapon 370gal_tank dict is None, return 0.0
2026-09-12 09:26:48,190 - Code.Dynamic_War_Manager.Source.Asset.Aircraft_Weapon_Data - WARNING - get_weapon_score - weapon 370gal_tank dict is None, return 0.0
2026-09-12 09:26:48,191 - Code.Dynamic_War_Manager.Source.Asset.Aircraft_Weapon_Data - WARNING - get_weapon_score - weapon 370gal_tank dict is None, return 0.0
2026-09-12 09:26:48,191 - Code.Dynamic_War_Manager.Source.Asset.Aircraft_Weapon_Data - WARNING - get_weapon_score - weapon 370gal_tank dict is None, return 0.0
2026-09-12 09:26:48,192 - Code.Dynamic_War_Manager.Source.Asset.Aircraft_Weapon_Data - WARNING - get_weapon_score - weapon 370gal_tank dict is None, return 0.0
2026-09-12 09:26:48,192 - Code.Dynamic_War_Manager.Source.Asset.Aircraft_Weapon_Data - WARNING - get_weapon_score - weapon 370gal_tank dict is None, return 0.0
2026-09-12 09:26:48,197 - Code.Dynamic_War_Manager.Source.Asset.Aircraft_Weapon_Data - WARNING - get_weapon_score - weapon 150gal_tank dict is None, return 0.0
2026-09-12 09:26:48,203 - Code.Dynamic_War_Manager.Source.Asset.Aircraft_Weapon_Data - WARNING - get_weapon_score - weapon 1300L_tank dict is None, return 0.0
2026-09-12 09:26:48,204 - Code.Dynamic_War_Manager.Source.Asset.Aircraft_Weapon_Data - WARNING - get_weapon_score - weapon 1300L_tank dict is None, return 0.0
2026-09-12 09:26:48,206 - Code.Dynamic_War_Manager.Source.Asset.Aircraft_Weapon_Data - WARNING - get_weapon_score - weapon 800L_tank dict is None, return 0.0
2026-09-12 09:26:48,207 - Code.Dynamic_War_Manager.Source.Asset.Aircraft_Weapon_Data - WARNING - get_weapon_score - weapon 800L_tank dict is None, return 0.0
2026-09-12 09:26:48,208 - Code.Dynamic_War_Manager.Source.Asset.Aircraft_Weapon_Data - WARNING - get_weapon_score - weapon 800L_tank dict is None, return 0.0
2026-09-12 09:26:48,221 - Code.Dynamic_War_Manager.Source.Asset.Aircraft_Weapon_Data - WARNING - get_weapon_score - weapon PTB-1500 dict is None, return 0.0
2026-09-12 09:26:48,223 - Code.Dynamic_War_Manager.Source.Asset.Aircraft_Weapon_Data - WARNING - get_weapon_score - weapon PTB-1500 dict is None, return 0.0
2026-09-12 09:26:48,223 - Code.Dynamic_War_Manager.Source.Asset.Aircraft_Weapon_Data - WARNING - get_weapon_score - weapon PTB-1500 dict is None, return 0.0
2026-09-12 09:26:48,223 - Code.Dynamic_War_Manager.Source.Asset.Aircraft_Weapon_Data - WARNING - get_weapon_score - weapon PTB-1500 dict is None, return 0.0
2026-09-12 09:26:48,225 - Code.Dynamic_War_Manager.Source.Asset.Aircraft_Weapon_Data - WARNING - get_weapon_score - weapon PTB-1500 dict is None, return 0.0
2026-09-12 09:28:49,160 - Code.Dynamic_War_Manager.Source.Asset.Aircraft_Weapon_Data - WARNING - get_weapon_score - weapon 370gal_tank dict is None, return 0.0
2026-09-12 09:28:49,161 - Code.Dynamic_War_Manager.Source.Asset.Aircraft_Weapon_Data - WARNING - get_weapon_score - weapon 370gal_tank dict is None, return 0.0
2026-09-12 09:28:49,161 - Code.Dynamic_War_Manager.Source.Asset.Aircraft_Weapon_Data - WARNING - get_weapon_score - weapon 370gal_tank dict is None, return 0.0
2026-09-12 09:28:49,162 - Code.Dynamic_War_Manager.Source.Asset.Aircraft_Weapon_Data - WARNING - get_weapon_score - weapon 370gal_tank dict is None, return 0.0
2026-09-12 09:28:49,163 - Code.Dynamic_War_Manager.Source.Asset.Aircraft_Weapon_Data - WARNING - get_weapon_score - weapon 267gal_tank dict is None, return 0.0
2026-09-12 09:28:49,163 - Code.Dynamic_War_Manager.Source.Asset.Aircraft_Weapon_Data - WARNING - get_weapon_score - weapon 267gal_tank dict is None, return 0.0
2026-09-12 09:28:49,164 - Code.Dynamic_War_Manager.Source.Asset.Aircraft_Weapon_Data - WARNING - get_weapon_score - weapon 267gal_tank dict is None, return 0.0
2026-09-12 09:28:49,164 - Code.Dynamic_War_Manager.Source.Asset.Aircraft_Weapon_Data - WARNING - get_weapon_score - weapon 267gal_tank dict is None, return 0.0
2026-09-12 09:28:49,165 - Code.Dynamic_War_Manager.Source.Asset.Aircraft_Weapon_Data - WARNING - get_weapon_score - weapon 267gal_tank dict is None, return 0.0
2026-09-12 09:28:49,165 - Code.Dynamic_War_Manager.Source.Asset.Aircraft_Weapon_Data - WARNING - get_weapon_score - weapon 267gal_tank dict is None, return 0.0
2026-09-12 09:28:49,166 - Code.Dynamic_War_Manager.Source.Asset.Aircraft_Weapon_Data - WARNING - get_weapon_score - weapon 267gal_tank dict is None, return 0.0
2026-09-12 09:28:49,166 - Code.Dynamic_War_Manager.Source.Asset.Aircraft_Weapon_Data - WARNING - get_weapon_score - weapon 267gal_tank dict is None, return 0.0
2026-09-12 09:28:49,167 - Code.Dynamic_War_Manager.Source.Asset.Aircraft_Weapon_Data - WARNING - get_weapon_score - weapon 267gal_tank dict is None, return 0.0
2026-09-12 09:28:49,167 - Code.Dynamic_War_Manager.Source.Asset.Aircraft_Weapon_Data - WARNING - get_weapon_score - weapon 267gal_tank dict is None, return 0.0
2026-09-12 09:28:49,168 - Code.Dynamic_War_Manager.Source.Asset.Aircraft_Weapon_Data - WARNING - get_weapon_score - weapon 267gal_tank dict is None, return 0.0
2026-09-12 09:28:49,168 - Code.Dynamic_War_Manager.Source.Asset.Aircraft_Weapon_Data - WARNING - get_weapon_score - weapon 267gal_tank dict is None, return 0.0
2026-09-12 09:28:49,169 - Code.Dynamic_War_Manager.Source.Asset.Aircraft_Weapon_Data - WARNING - get_weapon_score - weapon 267gal_tank dict is None, return 0.0
2026-09-12 09:28:49,169 - Code.Dynamic_War_Manager.Source.Asset.Aircraft_Weapon_Data - WARNING - get_weapon_score - weapon 600gal_tank dict is None, return 0.0
2026-09-12 09:28:49,170 - Code.Dynamic_War_Manager.Source.Asset.Aircraft_Weapon_Data - WARNING - get_weapon_score - weapon 600gal_tank dict is None, return 0.0
2026-09-12 09:28:49,171 - Code.Dynamic_War_Manager.Source.Asset.Aircraft_Weapon_Data - WARNING - get_weapon_score - weapon 600gal_tank dict is None, return 0.0
2026-09-12 09:28:49,171 - Code.Dynamic_War_Manager.Source.Asset.Aircraft_Weapon_Data - WARNING - get_weapon_score - weapon 600gal_tank dict is None, return 0.0
2026-09-12 09:28:49,173 - Code.Dynamic_War_Manager.Source.Asset.Aircraft_Weapon_Data - WARNING - get_weapon_score - weapon 330gal_tank dict is None, return 0.0
2026-09-12 09:28:49,173 - Code.Dynamic_War_Manager.Source.Asset.Aircraft_Weapon_Data - WARNING - get_weapon_score - weapon 330gal_tank dict is None, return 0.0
2026-09-12 09:28:49,174 - Code.Dynamic_War_Manager.Source.Asset.Aircraft_Weapon_Data - WARNING - get_weapon_score - weapon 330gal_tank dict is None, return 0.0
2026-09-12 09:28:49,175 - Code.Dynamic_War_Manager.Source.Asset.Aircraft_Weapon_Data - WARNING - get_weapon_score - weapon 330gal_tank dict is None, return 0.0
2026-09-12 09:28:49,176 - Code.Dynamic_War_Manager.Source.Asset.Aircraft_Weapon_Data - WARNING - get_weapon_score - weapon 330gal_tank dict is None, return 0.0
2026-09-12 09:28:49,176 - Code.Dynamic_War_Manager.Source.Asset.Aircraft_Weapon_Data - WARNING - get_weapon_score - weapon 330gal_tank dict is None, return 0.0
2026-09-12 09:28:49,177 - Code.Dynamic_War_Manager.Source.Asset.Aircraft_Weapon_Data - WARNING - get_weapon_score - weapon 330gal_tank dict is None, return 0.0
2026-09-12 09:28:49,178 - Code.Dynamic_War_Manager.Source.Asset.Aircraft_Weapon_Data - WARNING - get_weapon_score - weapon 330gal_tank dict is None, return 0.0
2026-09-12 09:28:49,178 - Code.Dynamic_War_Manager.Source.Asset.Aircraft_Weapon_Data - WARNING - get_weapon_score - weapon 330gal_tank dict is None, return 0.0
2026-09-12 09:28:49,179 - Code.Dynamic_War_Manager.Source.Asset.Aircraft_Weapon_Data - WARNING - get_weapon_score - weapon 330gal_tank dict is None, return 0.0
2026-09-12 09:28:49,180 - Code.Dynamic_War_Manager.Source.Asset.Aircraft_Weapon_Data - WARNING - get_weapon_score - weapon 330gal_tank dict is None, return 0.0
2026-09-12 09:28:49,180 - Code.Dynamic_War_Manager.Source.Asset.Aircraft_Weapon_Data - WARNING - get_weapon_score - weapon 330gal_tank dict is None, return 0.0
2026-09-12 09:28:49,181 - Code.Dynamic_War_Manager.Source.Asset.Aircraft_Weapon_Data - WARNING - get_weapon_score - weapon 330gal_tank dict is None, return 0.0
2026-09-12 09:28:49,181 - Code.Dynamic_War_Manager.Source.Asset.Aircraft_Weapon_Data - WARNING - get_weapon_score - weapon 330gal_tank dict is None, return 0.0
2026-09-12 09:28:49,181 - Code.Dynamic_War_Manager.Source.Asset.Aircraft_Weapon_Data - WARNING - get_weapon_score - weapon 600gal_tank dict is None, return 0.0
2026-09-12 09:28:49,182 - Code.Dynamic_War_Manager.Source.Asset.Aircraft_Weapon_Data - WARNING - get_weapon_score - weapon 600gal_tank dict is None, return 0.0
2026-09-12 09:28:49,183 - Code.Dynamic_War_Manager.Source.Asset.Aircraft_Weapon_Data - WARNING - get_weapon_score - weapon 275gal_tank dict is None, return 0.0
2026-09-12 09:28:49,183 - Code.Dynamic_War_Manager.Source.Asset.Aircraft_Weapon_Data - WARNING - get_weapon_score - weapon 275gal_tank dict is None, return 0.0
2026-09-12 09:28:49,185 - Code.Dynamic_War_Manager.Source.Asset.Aircraft_Weapon_Data - WARNING - get_weapon_score - weapon 370gal_tank dict is None, return 0.0
2026-09-12 09:28:49,186 - Code.Dynamic_War_Manager.Source.Asset.Aircraft_Weapon_Data - WARNING - get_weapon_score - weapon 370gal_tank dict is None, return 0.0
2026-09-12 09:28:49,186 - Code.Dynamic_War_Manager.Source.Asset.Aircraft_Weapon_Data - WARNING - get_weapon_score - weapon 370gal_tank dict is None, return 0.0
2026-09-12 09:28:49,187 - Code.Dynamic_War_Manager.Source.Asset.Aircraft_Weapon_Data - WARNING - get_weapon_score - weapon 370gal_tank dict is None, return 0.0
2026-09-12 09:28:49,187 - Code.Dynamic_War_Manager.Source.Asset.Aircraft_Weapon_Data - WARNING - get_weapon_score - weapon 370gal_tank dict is None, return 0.0
2026-09-12 09:28:49,188 - Code.Dynamic_War_Manager.Source.Asset.Aircraft_Weapon_Data - WARNING - get_weapon_score - weapon 370gal_tank dict is None, return 0.0
2026-09-12 09:28:49,188 - Code.Dynamic_War_Manager.Source.Asset.Aircraft_Weapon_Data - WARNING - get_weapon_score - weapon 370gal_tank dict is None, return 0.0
2026-09-12 09:28:49,189 - Code.Dynamic_War_Manager.Source.Asset.Aircraft_Weapon_Data - WARNING - get_weapon_score - weapon 370gal_tank dict is None, return 0.0
2026-09-12 09:28:49,189 - Code.Dynamic_War_Manager.Source.Asset.Aircraft_Weapon_Data - WARNING - get_weapon_score - weapon 370gal_tank dict is None, return 0.0
2026-09-12 09:28:49,190 - Code.Dynamic_War_Manager.Source.Asset.Aircraft_Weapon_Data - WARNING - get_weapon_score - weapon 370gal_tank dict is None, return 0.0
2026-09-12 09:28:49,190 - Code.Dynamic_War_Manager.Source.Asset.Aircraft_Weapon_Data - WARNING - get_weapon_score - weapon 370gal_tank dict is None, return 0.0
2026-09-12 09:28:49,191 - Code.Dynamic_War_Manager.Source.Asset.Aircraft_Weapon_Data - WARNING - get_weapon_score - weapon 370gal_tank dict is None, return 0.0
2026-09-12 09:28:49,196 - Code.Dynamic_War_Manager.Source.Asset.Aircraft_Weapon_Data - WARNING - get_weapon_score - weapon 150gal_tank dict is None, return 0.0
2026-09-12 09:28:49,203 - Code.Dynamic_War_Manager.Source.Asset.Aircraft_Weapon_Data - WARNING - get_weapon_score - weapon 1300L_tank dict is None, return 0.0
2026-09-12 09:28:49,204 - Code.Dynamic_War_Manager.Source.Asset.Aircraft_Weapon_Data - WARNING - get_weapon_score - weapon 1300L_tank dict is None, return 0.0
2026-09-12 09:28:49,206 - Code.Dynamic_War_Manager.Source.Asset.Aircraft_Weapon_Data - WARNING - get_weapon_score - weapon 800L_tank dict is None, return 0.0
2026-09-12 09:28:49,206 - Code.Dynamic_War_Manager.Source.Asset.Aircraft_Weapon_Data - WARNING - get_weapon_score - weapon 800L_tank dict is None, return 0.0
2026-09-12 09:28:49,207 - Code.Dynamic_War_Manager.Source.Asset.Aircraft_Weapon_Data - WARNING - get_weapon_score - weapon 800L_tank dict is None, return 0.0
2026-09-12 09:28:49,220 - Code.Dynamic_War_Manager.Source.Asset.Aircraft_Weapon_Data - WARNING - get_weapon_score - weapon PTB-1500 dict is None, return 0.0
2026-09-12 09:28:49,222 - Code.Dynamic_War_Manager.Source.Asset.Aircraft_Weapon_Data - WARNING - get_weapon_score - weapon PTB-1500 dict is None, return 0.0
2026-09-12 09:28:49,222 - Code.Dynamic_War_Manager.Source.Asset.Aircraft_Weapon_Data - WARNING - get_weapon_score - weapon PTB-1500 dict is None, return 0.0
2026-09-12 09:28:49,223 - Code.Dynamic_War_Manager.Source.Asset.Aircraft_Weapon_Data - WARNING - get_weapon_score - weapon PTB-1500 dict is None, return 0.0
2026-09-12 09:28:49,224 - Code.Dynamic_War_Manager.Source.Asset.Aircraft_Weapon_Data - WARNING - get_weapon_score - weapon PTB-1500 dict is None, return 0.0
2026-09-12 14:45:52,684 - Code.Dynamic_War_Manager.Source.Asset.Aircraft_Weapon_Data - WARNING - get_weapon_score - weapon 370gal_tank dict is None, return 0.0
2026-09-12 14:45:52,685 - Code.Dynamic_War_Manager.Source.Asset.Aircraft_Weapon_Data - WARNING - get_weapon_score - weapon 370gal_tank dict is None, return 0.0
2026-09-12 14:45:52,685 - Code.Dynamic_War_Manager.Source.Asset.Aircraft_Weapon_Data - WARNING - get_weapon_score - weapon 370gal_tank dict is None, return 0.0
2026-09-12 14:45:52,686 - Code.Dynamic_War_Manager.Source.Asset.Aircraft_Weapon_Data - WARNING - get_weapon_score - weapon 370gal_tank dict is None, return 0.0
2026-09-12 14:45:52,686 - Code.Dynamic_War_Manager.Source.Asset.Aircraft_Weapon_Data - WARNING - get_weapon_score - weapon 267gal_tank dict is None, return 0.0
2026-09-12 14:45:52,686 - Code.Dynamic_War_Manager.Source.Asset.Aircraft_Weapon_Data - WARNING - get_weapon_score - weapon 267gal_tank dict is None, return 0.0
2026-09-12 14:45:52,687 - Code.Dynamic_War_Manager.Source.Asset.Aircraft_Weapon_Data - WARNING - get_weapon_score - weapon 267gal_tank dict is None, return 0.0
2026-09-12 14:45:52,687 - Code.Dynamic_War_Manager.Source.Asset.Aircraft_Weapon_Data - WARNING - get_weapon_score - weapon 267gal_tank dict is None, return 0.0
2026-09-12 14:45:52,687 - Code.Dynamic_War_Manager.Source.Asset.Aircraft_Weapon_Data - WARNING - get_weapon_score - weapon 267gal_tank dict is None, return 0.0
2026-09-12 14:45:52,687 - Code.Dynamic_War_Manager.Source.Asset.Aircraft_Weapon_Data - WARNING - get_weapon_score - weapon 267gal_tank dict is None, return 0.0
2026-09-12 14:45:52,688 - Code.Dynamic_War_Manager.Source.Asset.Aircraft_Weapon_Data - WARNING - get_weapon_score - weapon 267gal_tank dict is None, return 0.0
2026-09-12 14:45:52,688 - Code.Dynamic_War_Manager.Source.Asset.Aircraft_Weapon_Data - WARNING - get_weapon_score - weapon 267gal_tank dict is None, return 0.0
2026-09-12 14:45:52,689 - Code.Dynamic_War_Manager.Source.Asset.Aircraft_Weapon_Data - WARNING - get_weapon_score - weapon 267gal_tank dict is None, return 0.0
2026-09-12 14:45:52,689 - Code.Dynamic_War_Manager.Source.Asset.Aircraft_Weapon_Data - WARNING - get_weapon_score - weapon 267gal_tank dict is None, return 0.0
2026-09-12 14:45:52,689 - Code.Dynamic_War_Manager.Source.Asset.Aircraft_Weapon_Data - WARNING - get_weapon_score - weapon 267gal_tank dict is None, return 0.0
2026-09-12 14:45:52,689 - Code.Dynamic_War_Manager.Source.Asset.Aircraft_Weapon_Data - WARNING - get_weapon_score - weapon 267gal_tank dict is None, return 0.0
2026-09-12 14:45:52,690 - Code.Dynamic_War_Manager.Source.Asset.Aircraft_Weapon_Data - WARNING - get_weapon_score - weapon 267gal_tank dict is None, return 0.0
2026-09-12 14:45:52,690 - Code.Dynamic_War_Manager.Source.Asset.Aircraft_Weapon_Data - WARNING - get_weapon_score - weapon 600gal_tank dict is None, return 0.0
2026-09-12 14:45:52,690 - Code.Dynamic_War_Manager.Source.Asset.Aircraft_Weapon_Data - WARNING - get_weapon_score - weapon 600gal_tank dict is None, return 0.0
2026-09-12 14:45:52,691 - Code.Dynamic_War_Manager.Source.Asset.Aircraft_Weapon_Data - WARNING - get_weapon_score - weapon 600gal_tank dict is None, return 0.0
2026-09-12 14:45:52,691 - Code.Dynamic_War_Manager.Source.Asset.Aircraft_Weapon_Data - WARNING - get_weapon_score - weapon 600gal_tank dict is None, return 0.0
2026-09-12 14:45:52,693 - Code.Dynamic_War_Manager.Source.Asset.Aircraft_Weapon_Data - WARNING - get_weapon_score - weapon 330gal_tank dict is None, return 0.0
2026-09-12 14:45:52,693 - Code.Dynamic_War_Manager.Source.Asset.Aircraft_Weapon_Data - WARNING - get_weapon_score - weapon 330gal_tank dict is None, return 0.0
2026-09-12 14:45:52,694 - Code.Dynamic_War_Manager.Source.Asset.Aircraft_Weapon_Data - WARNING - get_weapon_score - weapon 330gal_tank dict is None, return 0.0
2026-09-12 14:45:52,694 - Code.Dynamic_War_Manager.Source.Asset.Aircraft_Weapon_Data - WARNING - get_weapon_score - weapon 330gal_tank dict is None, return 0.0
2026-09-12 14:45:52,695 - Code.Dynamic_War_Manager.Source.Asset.Aircraft_Weapon_Data - WARNING - get_weapon_score - weapon 330gal_tank dict is None, return 0.0
2026-09-12 14:45:52,695 - Code.Dynamic_War_Manager.Source.Asset.Aircraft_Weapon_Data - WARNING - get_weapon_score - weapon 330gal_tank dict is None, return 0.0
2026-09-12 14:45:52,696 - Code.Dynamic_War_Manager.Source.Asset.Aircraft_Weapon_Data - WARNING - get_weapon_score - weapon 330gal_tank dict is None, return 0.0
2026-09-12 14:45:52,696 - Code.Dynamic_War_Manager.Source.Asset.Aircraft_Weapon_Data - WARNING - get_weapon_score - weapon 330gal_tank dict is None, return 0.0
2026-09-12 14:45:52,696 - Code.Dynamic_War_Manager.Source.Asset.Aircraft_Weapon_Data - WARNING - get_weapon_score - weapon 330gal_tank dict is None, return 0.0
2026-09-12 14:45:52,697 - Code.Dynamic_War_Manager.Source.Asset.Aircraft_Weapon_Data - WARNING - get_weapon_score - weapon 330gal_tank dict is None, return 0.0
2026-09-12 14:45:52,697 - Code.Dynamic_War_Manager.Source.Asset.Aircraft_Weapon_Data - WARNING - get_weapon_score - weapon 330gal_tank dict is None, return 0.0
2026-09-12 14:45:52,697 - Code.Dynamic_War_Manager.Source.Asset.Aircraft_Weapon_Data - WARNING - get_weapon_score - weapon 330gal_tank dict is None, return 0.0
2026-09-12 14:45:52,698 - Code.Dynamic_War_Manager.Source.Asset.Aircraft_Weapon_Data - WARNING - get_weapon_score - weapon 330gal_tank dict is None, return 0.0
2026-09-12 14:45:52,698 - Code.Dynamic_War_Manager.Source.Asset.Aircraft_Weapon_Data - WARNING - get_weapon_score - weapon 330gal_tank dict is None, return 0.0
2026-09-12 14:45:52,698 - Code.Dynamic_War_Manager.Source.Asset.Aircraft_Weapon_Data - WARNING - get_weapon_score - weapon 600gal_tank dict is None, return 0.0
2026-09-12 14:45:52,699 - Code.Dynamic_War_Manager.Source.Asset.Aircraft_Weapon_Data - WARNING - get_weapon_score - weapon 600gal_tank dict is None, return 0.0
2026-09-12 14:45:52,699 - Code.Dynamic_War_Manager.Source.Asset.Aircraft_Weapon_Data - WARNING - get_weapon_score - weapon 275gal_tank dict is None, return 0.0
2026-09-12 14:45:52,700 - Code.Dynamic_War_Manager.Source.Asset.Aircraft_Weapon_Data - WARNING - get_weapon_score - weapon 275gal_tank dict is None, return 0.0
2026-09-12 14:45:52,701 - Code.Dynamic_War_Manager.Source.Asset.Aircraft_Weapon_Data - WARNING - get_weapon_score - weapon 370gal_tank dict is None, return 0.0
2026-09-12 14:45:52,702 - Code.Dynamic_War_Manager.Source.Asset.Aircraft_Weapon_Data - WARNING - get_weapon_score - weapon 370gal_tank dict is None, return 0.0
2026-09-12 14:45:52,702 - Code.Dynamic_War_Manager.Source.Asset.Aircraft_Weapon_Data - WARNING - get_weapon_score - weapon 370gal_tank dict is None, return 0.0
2026-09-12 14:45:52,702 - Code.Dynamic_War_Manager.Source.Asset.Aircraft_Weapon_Data - WARNING - get_weapon_score - weapon 370gal_tank dict is None, return 0.0
2026-09-12 14:45:52,703 - Code.Dynamic_War_Manager.Source.Asset.Aircraft_Weapon_Data - WARNING - get_weapon_score - weapon 370gal_tank dict is None, return 0.0
2026-09-12 14:45:52,703 - Code.Dynamic_War_Manager.Source.Asset.Aircraft_Weapon_Data - WARNING - get_weapon_score - weapon 370gal_tank dict is None, return 0.0
2026-09-12 14:45:52,703 - Code.Dynamic_War_Manager.Source.Asset.Aircraft_Weapon_Data - WARNING - get_weapon_score - weapon 370gal_tank dict is None, return 0.0
2026-09-12 14:45:52,704 - Code.Dynamic_War_Manager.Source.Asset.Aircraft_Weapon_Data - WARNING - get_weapon_score - weapon 370gal_tank dict is None, return 0.0
2026-09-12 14:45:52,704 - Code.Dynamic_War_Manager.Source.Asset.Aircraft_Weapon_Data - WARNING - get_weapon_score - weapon 370gal_tank dict is None, return 0.0
2026-09-12 14:45:52,705 - Code.Dynamic_War_Manager.Source.Asset.Aircraft_Weapon_Data - WARNING - get_weapon_score - weapon 370gal_tank dict is None, return 0.0
2026-09-12 14:45:52,705 - Code.Dynamic_War_Manager.Source.Asset.Aircraft_Weapon_Data - WARNING - get_weapon_score - weapon 370gal_tank dict is None, return 0.0
2026-09-12 14:45:52,705 - Code.Dynamic_War_Manager.Source.Asset.Aircraft_Weapon_Data - WARNING - get_weapon_score - weapon 370gal_tank dict is None, return 0.0
2026-09-12 14:45:52,709 - Code.Dynamic_War_Manager.Source.Asset.Aircraft_Weapon_Data - WARNING - get_weapon_score - weapon 150gal_tank dict is None, return 0.0
2026-09-12 14:45:52,714 - Code.Dynamic_War_Manager.Source.Asset.Aircraft_Weapon_Data - WARNING - get_weapon_score - weapon 1300L_tank dict is None, return 0.0
2026-09-12 14:45:52,715 - Code.Dynamic_War_Manager.Source.Asset.Aircraft_Weapon_Data - WARNING - get_weapon_score - weapon 1300L_tank dict is None, return 0.0
2026-09-12 14:45:52,717 - Code.Dynamic_War_Manager.Source.Asset.Aircraft_Weapon_Data - WARNING - get_weapon_score - weapon 800L_tank dict is None, return 0.0
2026-09-12 14:45:52,717 - Code.Dynamic_War_Manager.Source.Asset.Aircraft_Weapon_Data - WARNING - get_weapon_score - weapon 800L_tank dict is None, return 0.0
2026-09-12 14:45:52,718 - Code.Dynamic_War_Manager.Source.Asset.Aircraft_Weapon_Data - WARNING - get_weapon_score - weapon 800L_tank dict is None, return 0.0
2026-09-12 14:45:52,727 - Code.Dynamic_War_Manager.Source.Asset.Aircraft_Weapon_Data - WARNING - get_weapon_score - weapon PTB-1500 dict is None, return 0.0
2026-09-12 14:45:52,728 - Code.Dynamic_War_Manager.Source.Asset.Aircraft_Weapon_Data - WARNING - get_weapon_score - weapon PTB-1500 dict is None, return 0.0
2026-09-12 14:45:52,728 - Code.Dynamic_War_Manager.Source.Asset.Aircraft_Weapon_Data - WARNING - get_weapon_score - weapon PTB-1500 dict is None, return 0.0
2026-09-12 14:45:52,729 - Code.Dynamic_War_Manager.Source.Asset.Aircraft_Weapon_Data - WARNING - get_weapon_score - weapon PTB-1500 dict is None, return 0.0
2026-09-12 14:45:52,730 - Code.Dynamic_War_Manager.Source.Asset.Aircraft_Weapon_Data - WARNING - get_weapon_score - weapon PTB-1500 dict is None, return 0.0
2026-09-12 14:47:41,919 - Code.Dynamic_War_Manager.Source.Asset.Aircraft_Weapon_Data - WARNING - get_weapon_score - weapon 370gal_tank dict is None, return 0.0
2026-09-12 14:47:41,920 - Code.Dynamic_War_Manager.Source.Asset.Aircraft_Weapon_Data - WARNING - get_weapon_score - weapon 370gal_tank dict is None, return 0.0
2026-09-12 14:47:41,920 - Code.Dynamic_War_Manager.Source.Asset.Aircraft_Weapon_Data - WARNING - get_weapon_score - weapon 370gal_tank dict is None, return 0.0
2026-09-12 14:47:41,921 - Code.Dynamic_War_Manager.Source.Asset.Aircraft_Weapon_Data - WARNING - get_weapon_score - weapon 370gal_tank dict is None, return 0.0
2026-09-12 14:47:41,921 - Code.Dynamic_War_Manager.Source.Asset.Aircraft_Weapon_Data - WARNING - get_weapon_score - weapon 267gal_tank dict is None, return 0.0
2026-09-12 14:47:41,921 - Code.Dynamic_War_Manager.Source.Asset.Aircraft_Weapon_Data - WARNING - get_weapon_score - weapon 267gal_tank dict is None, return 0.0
2026-09-12 14:47:41,922 - Code.Dynamic_War_Manager.Source.Asset.Aircraft_Weapon_Data - WARNING - get_weapon_score - weapon 267gal_tank dict is None, return 0.0
2026-09-12 14:47:41,922 - Code.Dynamic_War_Manager.Source.Asset.Aircraft_Weapon_Data - WARNING - get_weapon_score - weapon 267gal_tank dict is None, return 0.0
2026-09-12 14:47:41,922 - Code.Dynamic_War_Manager.Source.Asset.Aircraft_Weapon_Data - WARNING - get_weapon_score - weapon 267gal_tank dict is None, return 0.0
2026-09-12 14:47:41,922 - Code.Dynamic_War_Manager.Source.Asset.Aircraft_Weapon_Data - WARNING - get_weapon_score - weapon 267gal_tank dict is None, return 0.0
2026-09-12 14:47:41,923 - Code.Dynamic_War_Manager.Source.Asset.Aircraft_Weapon_Data - WARNING - get_weapon_score - weapon 267gal_tank dict is None, return 0.0
2026-09-12 14:47:41,923 - Code.Dynamic_War_Manager.Source.Asset.Aircraft_Weapon_Data - WARNING - get_weapon_score - weapon 267gal_tank dict is None, return 0.0
2026-09-12 14:47:41,924 - Code.Dynamic_War_Manager.Source.Asset.Aircraft_Weapon_Data - WARNING - get_weapon_score - weapon 267gal_tank dict is None, return 0.0
2026-09-12 14:47:41,924 - Code.Dynamic_War_Manager.Source.Asset.Aircraft_Weapon_Data - WARNING - get_weapon_score - weapon 267gal_tank dict is None, return 0.0
2026-09-12 14:47:41,924 - Code.Dynamic_War_Manager.Source.Asset.Aircraft_Weapon_Data - WARNING - get_weapon_score - weapon 267gal_tank dict is None, return 0.0
2026-09-12 14:47:41,924 - Code.Dynamic_War_Manager.Source.Asset.Aircraft_Weapon_Data - WARNING - get_weapon_score - weapon 267gal_tank dict is None, return 0.0
2026-09-12 14:47:41,925 - Code.Dynamic_War_Manager.Source.Asset.Aircraft_Weapon_Data - WARNING - get_weapon_score - weapon 267gal_tank dict is None, return 0.0
2026-09-12 14:47:41,925 - Code.Dynamic_War_Manager.Source.Asset.Aircraft_Weapon_Data - WARNING - get_weapon_score - weapon 600gal_tank dict is None, return 0.0
2026-09-12 14:47:41,926 - Code.Dynamic_War_Manager.Source.Asset.Aircraft_Weapon_Data - WARNING - get_weapon_score - weapon 600gal_tank dict is None, return 0.0
2026-09-12 14:47:41,926 - Code.Dynamic_War_Manager.Source.Asset.Aircraft_Weapon_Data - WARNING - get_weapon_score - weapon 600gal_tank dict is None, return 0.0
2026-09-12 14:47:41,926 - Code.Dynamic_War_Manager.Source.Asset.Aircraft_Weapon_Data - WARNING - get_weapon_score - weapon 600gal_tank dict is None, return 0.0
2026-09-12 14:47:41,928 - Code.Dynamic_War_Manager.Source.Asset.Aircraft_Weapon_Data - WARNING - get_weapon_score - weapon 330gal_tank dict is None, return 0.0
2026-09-12 14:47:41,928 - Code.Dynamic_War_Manager.Source.Asset.Aircraft_Weapon_Data - WARNING - get_weapon_score - weapon 330gal_tank dict is None, return 0.0
2026-09-12 14:47:41,929 - Code.Dynamic_War_Manager.Source.Asset.Aircraft_Weapon_Data - WARNING - get_weapon_score - weapon 330gal_tank dict is None, return 0.0
2026-09-12 14:47:41,929 - Code.Dynamic_War_Manager.Source.Asset.Aircraft_Weapon_Data - WARNING - get_weapon_score - weapon 330gal_tank dict is None, return 0.0
2026-09-12 14:47:41,930 - Code.Dynamic_War_Manager.Source.Asset.Aircraft_Weapon_Data - WARNING - get_weapon_score - weapon 330gal_tank dict is None, return 0.0
2026-09-12 14:47:41,930 - Code.Dynamic_War_Manager.Source.Asset.Aircraft_Weapon_Data - WARNING - get_weapon_score - weapon 330gal_tank dict is None, return 0.0
2026-09-12 14:47:41,931 - Code.Dynamic_War_Manager.Source.Asset.Aircraft_Weapon_Data - WARNING - get_weapon_score - weapon 330gal_tank dict is None, return 0.0
2026-09-12 14:47:41,931 - Code.Dynamic_War_Manager.Source.Asset.Aircraft_Weapon_Data - WARNING - get_weapon_score - weapon 330gal_tank dict is None, return 0.0
2026-09-12 14:47:41,931 - Code.Dynamic_War_Manager.Source.Asset.Aircraft_Weapon_Data - WARNING - get_weapon_score - weapon 330gal_tank dict is None, return 0.0
2026-09-12 14:47:41,932 - Code.Dynamic_War_Manager.Source.Asset.Aircraft_Weapon_Data - WARNING - get_weapon_score - weapon 330gal_tank dict is None, return 0.0
2026-09-12 14:47:41,932 - Code.Dynamic_War_Manager.Source.Asset.Aircraft_Weapon_Data - WARNING - get_weapon_score - weapon 330gal_tank dict is None, return 0.0
2026-09-12 14:47:41,933 - Code.Dynamic_War_Manager.Source.Asset.Aircraft_Weapon_Data - WARNING - get_weapon_score - weapon 330gal_tank dict is None, return 0.0
2026-09-12 14:47:41,933 - Code.Dynamic_War_Manager.Source.Asset.Aircraft_Weapon_Data - WARNING - get_weapon_score - weapon 330gal_tank dict is None, return 0.0
2026-09-12 14:47:41,933 - Code.Dynamic_War_Manager.Source.Asset.Aircraft_Weapon_Data - WARNING - get_weapon_score - weapon 330gal_tank dict is None, return 0.0
2026-09-12 14:47:41,934 - Code.Dynamic_War_Manager.Source.Asset.Aircraft_Weapon_Data - WARNING - get_weapon_score - weapon 600gal_tank dict is None, return 0.0
2026-09-12 14:47:41,934 - Code.Dynamic_War_Manager.Source.Asset.Aircraft_Weapon_Data - WARNING - get_weapon_score - weapon 600gal_tank dict is None, return 0.0
2026-09-12 14:47:41,935 - Code.Dynamic_War_Manager.Source.Asset.Aircraft_Weapon_Data - WARNING - get_weapon_score - weapon 275gal_tank dict is None, return 0.0
2026-09-12 14:47:41,935 - Code.Dynamic_War_Manager.Source.Asset.Aircraft_Weapon_Data - WARNING - get_weapon_score - weapon 275gal_tank dict is None, return 0.0
2026-09-12 14:47:41,936 - Code.Dynamic_War_Manager.Source.Asset.Aircraft_Weapon_Data - WARNING - get_weapon_score - weapon 370gal_tank dict is None, return 0.0
2026-09-12 14:47:41,937 - Code.Dynamic_War_Manager.Source.Asset.Aircraft_Weapon_Data - WARNING - get_weapon_score - weapon 370gal_tank dict is None, return 0.0
2026-09-12 14:47:41,937 - Code.Dynamic_War_Manager.Source.Asset.Aircraft_Weapon_Data - WARNING - get_weapon_score - weapon 370gal_tank dict is None, return 0.0
2026-09-12 14:47:41,938 - Code.Dynamic_War_Manager.Source.Asset.Aircraft_Weapon_Data - WARNING - get_weapon_score - weapon 370gal_tank dict is None, return 0.0
2026-09-12 14:47:41,938 - Code.Dynamic_War_Manager.Source.Asset.Aircraft_Weapon_Data - WARNING - get_weapon_score - weapon 370gal_tank dict is None, return 0.0
2026-09-12 14:47:41,938 - Code.Dynamic_War_Manager.Source.Asset.Aircraft_Weapon_Data - WARNING - get_weapon_score - weapon 370gal_tank dict is None, return 0.0
2026-09-12 14:47:41,939 - Code.Dynamic_War_Manager.Source.Asset.Aircraft_Weapon_Data - WARNING - get_weapon_score - weapon 370gal_tank dict is None, return 0.0
2026-09-12 14:47:41,939 - Code.Dynamic_War_Manager.Source.Asset.Aircraft_Weapon_Data - WARNING - get_weapon_score - weapon 370gal_tank dict is None, return 0.0
2026-09-12 14:47:41,939 - Code.Dynamic_War_Manager.Source.Asset.Aircraft_Weapon_Data - WARNING - get_weapon_score - weapon 370gal_tank dict is None, return 0.0
2026-09-12 14:47:41,940 - Code.Dynamic_War_Manager.Source.Asset.Aircraft_Weapon_Data - WARNING - get_weapon_score - weapon 370gal_tank dict is None, return 0.0
2026-09-12 14:47:41,940 - Code.Dynamic_War_Manager.Source.Asset.Aircraft_Weapon_Data - WARNING - get_weapon_score - weapon 370gal_tank dict is None, return 0.0
2026-09-12 14:47:41,940 - Code.Dynamic_War_Manager.Source.Asset.Aircraft_Weapon_Data - WARNING - get_weapon_score - weapon 370gal_tank dict is None, return 0.0
2026-09-12 14:47:41,944 - Code.Dynamic_War_Manager.Source.Asset.Aircraft_Weapon_Data - WARNING - get_weapon_score - weapon 150gal_tank dict is None, return 0.0
2026-09-12 14:47:41,950 - Code.Dynamic_War_Manager.Source.Asset.Aircraft_Weapon_Data - WARNING - get_weapon_score - weapon 1300L_tank dict is None, return 0.0
2026-09-12 14:47:41,950 - Code.Dynamic_War_Manager.Source.Asset.Aircraft_Weapon_Data - WARNING - get_weapon_score - weapon 1300L_tank dict is None, return 0.0
2026-09-12 14:47:41,952 - Code.Dynamic_War_Manager.Source.Asset.Aircraft_Weapon_Data - WARNING - get_weapon_score - weapon 800L_tank dict is None, return 0.0
2026-09-12 14:47:41,952 - Code.Dynamic_War_Manager.Source.Asset.Aircraft_Weapon_Data - WARNING - get_weapon_score - weapon 800L_tank dict is None, return 0.0
2026-09-12 14:47:41,953 - Code.Dynamic_War_Manager.Source.Asset.Aircraft_Weapon_Data - WARNING - get_weapon_score - weapon 800L_tank dict is None, return 0.0
2026-09-12 14:47:41,963 - Code.Dynamic_War_Manager.Source.Asset.Aircraft_Weapon_Data - WARNING - get_weapon_score - weapon PTB-1500 dict is None, return 0.0
2026-09-12 14:47:41,964 - Code.Dynamic_War_Manager.Source.Asset.Aircraft_Weapon_Data - WARNING - get_weapon_score - weapon PTB-1500 dict is None, return 0.0
2026-09-12 14:47:41,964 - Code.Dynamic_War_Manager.Source.Asset.Aircraft_Weapon_Data - WARNING - get_weapon_score - weapon PTB-1500 dict is None, return 0.0
2026-09-12 14:47:41,964 - Code.Dynamic_War_Manager.Source.Asset.Aircraft_Weapon_Data - WARNING - get_weapon_score - weapon PTB-1500 dict is None, return 0.0
2026-09-12 14:47:41,965 - Code.Dynamic_War_Manager.Source.Asset.Aircraft_Weapon_Data - WARNING - get_weapon_score - weapon PTB-1500 dict is None, return 0.0
2026-09-12 15:50:24,346 - Code.Dynamic_War_Manager.Source.Asset.Aircraft_Weapon_Data - WARNING - get_weapon_score - weapon 370gal_tank dict is None, return 0.0
2026-09-12 15:50:24,348 - Code.Dynamic_War_Manager.Source.Asset.Aircraft_Weapon_Data - WARNING - get_weapon_score - weapon 370gal_tank dict is None, return 0.0
2026-09-12 15:50:24,349 - Code.Dynamic_War_Manager.Source.Asset.Aircraft_Weapon_Data - WARNING - get_weapon_score - weapon 370gal_tank dict is None, return 0.0
2026-09-12 15:50:24,349 - Code.Dynamic_War_Manager.Source.Asset.Aircraft_Weapon_Data - WARNING - get_weapon_score - weapon 370gal_tank dict is None, return 0.0
2026-09-12 15:50:24,350 - Code.Dynamic_War_Manager.Source.Asset.Aircraft_Weapon_Data - WARNING - get_weapon_score - weapon 267gal_tank dict is None, return 0.0
2026-09-12 15:50:24,350 - Code.Dynamic_War_Manager.Source.Asset.Aircraft_Weapon_Data - WARNING - get_weapon_score - weapon 267gal_tank dict is None, return 0.0
2026-09-12 15:50:24,350 - Code.Dynamic_War_Manager.Source.Asset.Aircraft_Weapon_Data - WARNING - get_weapon_score - weapon 267gal_tank dict is None, return 0.0
2026-09-12 15:50:24,350 - Code.Dynamic_War_Manager.Source.Asset.Aircraft_Weapon_Data - WARNING - get_weapon_score - weapon 267gal_tank dict is None, return 0.0
2026-09-12 15:50:24,351 - Code.Dynamic_War_Manager.Source.Asset.Aircraft_Weapon_Data - WARNING - get_weapon_score - weapon 267gal_tank dict is None, return 0.0
2026-09-12 15:50:24,351 - Code.Dynamic_War_Manager.Source.Asset.Aircraft_Weapon_Data - WARNING - get_weapon_score - weapon 267gal_tank dict is None, return 0.0
2026-09-12 15:50:24,351 - Code.Dynamic_War_Manager.Source.Asset.Aircraft_Weapon_Data - WARNING - get_weapon_score - weapon 267gal_tank dict is None, return 0.0
2026-09-12 15:50:24,351 - Code.Dynamic_War_Manager.Source.Asset.Aircraft_Weapon_Data - WARNING - get_weapon_score - weapon 267gal_tank dict is None, return 0.0
2026-09-12 15:50:24,352 - Code.Dynamic_War_Manager.Source.Asset.Aircraft_Weapon_Data - WARNING - get_weapon_score - weapon 267gal_tank dict is None, return 0.0
2026-09-12 15:50:24,352 - Code.Dynamic_War_Manager.Source.Asset.Aircraft_Weapon_Data - WARNING - get_weapon_score - weapon 267gal_tank dict is None, return 0.0
2026-09-12 15:50:24,353 - Code.Dynamic_War_Manager.Source.Asset.Aircraft_Weapon_Data - WARNING - get_weapon_score - weapon 267gal_tank dict is None, return 0.0
2026-09-12 15:50:24,353 - Code.Dynamic_War_Manager.Source.Asset.Aircraft_Weapon_Data - WARNING - get_weapon_score - weapon 267gal_tank dict is None, return 0.0
2026-09-12 15:50:24,353 - Code.Dynamic_War_Manager.Source.Asset.Aircraft_Weapon_Data - WARNING - get_weapon_score - weapon 267gal_tank dict is None, return 0.0
2026-09-12 15:50:24,354 - Code.Dynamic_War_Manager.Source.Asset.Aircraft_Weapon_Data - WARNING - get_weapon_score - weapon 600gal_tank dict is None, return 0.0
2026-09-12 15:50:24,354 - Code.Dynamic_War_Manager.Source.Asset.Aircraft_Weapon_Data - WARNING - get_weapon_score - weapon 600gal_tank dict is None, return 0.0
2026-09-12 15:50:24,355 - Code.Dynamic_War_Manager.Source.Asset.Aircraft_Weapon_Data - WARNING - get_weapon_score - weapon 600gal_tank dict is None, return 0.0
2026-09-12 15:50:24,355 - Code.Dynamic_War_Manager.Source.Asset.Aircraft_Weapon_Data - WARNING - get_weapon_score - weapon 600gal_tank dict is None, return 0.0
2026-09-12 15:50:24,356 - Code.Dynamic_War_Manager.Source.Asset.Aircraft_Weapon_Data - WARNING - get_weapon_score - weapon 330gal_tank dict is None, return 0.0
2026-09-12 15:50:24,357 - Code.Dynamic_War_Manager.Source.Asset.Aircraft_Weapon_Data - WARNING - get_weapon_score - weapon 330gal_tank dict is None, return 0.0
2026-09-12 15:50:24,357 - Code.Dynamic_War_Manager.Source.Asset.Aircraft_Weapon_Data - WARNING - get_weapon_score - weapon 330gal_tank dict is None, return 0.0
2026-09-12 15:50:24,358 - Code.Dynamic_War_Manager.Source.Asset.Aircraft_Weapon_Data - WARNING - get_weapon_score - weapon 330gal_tank dict is None, return 0.0
2026-09-12 15:50:24,358 - Code.Dynamic_War_Manager.Source.Asset.Aircraft_Weapon_Data - WARNING - get_weapon_score - weapon 330gal_tank dict is None, return 0.0
2026-09-12 15:50:24,359 - Code.Dynamic_War_Manager.Source.Asset.Aircraft_Weapon_Data - WARNING - get_weapon_score - weapon 330gal_tank dict is None, return 0.0
2026-09-12 15:50:24,359 - Code.Dynamic_War_Manager.Source.Asset.Aircraft_Weapon_Data - WARNING - get_weapon_score - weapon 330gal_tank dict is None, return 0.0
2026-09-12 15:50:24,360 - Code.Dynamic_War_Manager.Source.Asset.Aircraft_Weapon_Data - WARNING - get_weapon_score - weapon 330gal_tank dict is None, return 0.0
2026-09-12 15:50:24,360 - Code.Dynamic_War_Manager.Source.Asset.Aircraft_Weapon_Data - WARNING - get_weapon_score - weapon 330gal_tank dict is None, return 0.0
2026-09-12 15:50:24,360 - Code.Dynamic_War_Manager.Source.Asset.Aircraft_Weapon_Data - WARNING - get_weapon_score - weapon 330gal_tank dict is None, return 0.0
2026-09-12 15:50:24,361 - Code.Dynamic_War_Manager.Source.Asset.Aircraft_Weapon_Data - WARNING - get_weapon_score - weapon 330gal_tank dict is None, return 0.0
2026-09-12 15:50:24,361 - Code.Dynamic_War_Manager.Source.Asset.Aircraft_Weapon_Data - WARNING - get_weapon_score - weapon 330gal_tank dict is None, return 0.0
2026-09-12 15:50:24,361 - Code.Dynamic_War_Manager.Source.Asset.Aircraft_Weapon_Data - WARNING - get_weapon_score - weapon 330gal_tank dict is None, return 0.0
2026-09-12 15:50:24,362 - Code.Dynamic_War_Manager.Source.Asset.Aircraft_Weapon_Data - WARNING - get_weapon_score - weapon 330gal_tank dict is None, return 0.0
2026-09-12 15:50:24,362 - Code.Dynamic_War_Manager.Source.Asset.Aircraft_Weapon_Data - WARNING - get_weapon_score - weapon 600gal_tank dict is None, return 0.0
2026-09-12 15:50:24,363 - Code.Dynamic_War_Manager.Source.Asset.Aircraft_Weapon_Data - WARNING - get_weapon_score - weapon 600gal_tank dict is None, return 0.0
2026-09-12 15:50:24,363 - Code.Dynamic_War_Manager.Source.Asset.Aircraft_Weapon_Data - WARNING - get_weapon_score - weapon 275gal_tank dict is None, return 0.0
2026-09-12 15:50:24,364 - Code.Dynamic_War_Manager.Source.Asset.Aircraft_Weapon_Data - WARNING - get_weapon_score - weapon 275gal_tank dict is None, return 0.0
2026-09-12 15:50:24,365 - Code.Dynamic_War_Manager.Source.Asset.Aircraft_Weapon_Data - WARNING - get_weapon_score - weapon 370gal_tank dict is None, return 0.0
2026-09-12 15:50:24,365 - Code.Dynamic_War_Manager.Source.Asset.Aircraft_Weapon_Data - WARNING - get_weapon_score - weapon 370gal_tank dict is None, return 0.0
2026-09-12 15:50:24,366 - Code.Dynamic_War_Manager.Source.Asset.Aircraft_Weapon_Data - WARNING - get_weapon_score - weapon 370gal_tank dict is None, return 0.0
2026-09-12 15:50:24,366 - Code.Dynamic_War_Manager.Source.Asset.Aircraft_Weapon_Data - WARNING - get_weapon_score - weapon 370gal_tank dict is None, return 0.0
2026-09-12 15:50:24,366 - Code.Dynamic_War_Manager.Source.Asset.Aircraft_Weapon_Data - WARNING - get_weapon_score - weapon 370gal_tank dict is None, return 0.0
2026-09-12 15:50:24,367 - Code.Dynamic_War_Manager.Source.Asset.Aircraft_Weapon_Data - WARNING - get_weapon_score - weapon 370gal_tank dict is None, return 0.0
2026-09-12 15:50:24,367 - Code.Dynamic_War_Manager.Source.Asset.Aircraft_Weapon_Data - WARNING - get_weapon_score - weapon 370gal_tank dict is None, return 0.0
2026-09-12 15:50:24,367 - Code.Dynamic_War_Manager.Source.Asset.Aircraft_Weapon_Data - WARNING - get_weapon_score - weapon 370gal_tank dict is None, return 0.0
2026-09-12 15:50:24,368 - Code.Dynamic_War_Manager.Source.Asset.Aircraft_Weapon_Data - WARNING - get_weapon_score - weapon 370gal_tank dict is None, return 0.0
2026-09-12 15:50:24,368 - Code.Dynamic_War_Manager.Source.Asset.Aircraft_Weapon_Data - WARNING - get_weapon_score - weapon 370gal_tank dict is None, return 0.0
2026-09-12 15:50:24,368 - Code.Dynamic_War_Manager.Source.Asset.Aircraft_Weapon_Data - WARNING - get_weapon_score - weapon 370gal_tank dict is None, return 0.0
2026-09-12 15:50:24,369 - Code.Dynamic_War_Manager.Source.Asset.Aircraft_Weapon_Data - WARNING - get_weapon_score - weapon 370gal_tank dict is None, return 0.0
2026-09-12 15:50:24,373 - Code.Dynamic_War_Manager.Source.Asset.Aircraft_Weapon_Data - WARNING - get_weapon_score - weapon 150gal_tank dict is None, return 0.0
2026-09-12 15:50:24,378 - Code.Dynamic_War_Manager.Source.Asset.Aircraft_Weapon_Data - WARNING - get_weapon_score - weapon 1300L_tank dict is None, return 0.0
2026-09-12 15:50:24,379 - Code.Dynamic_War_Manager.Source.Asset.Aircraft_Weapon_Data - WARNING - get_weapon_score - weapon 1300L_tank dict is None, return 0.0
2026-09-12 15:50:24,380 - Code.Dynamic_War_Manager.Source.Asset.Aircraft_Weapon_Data - WARNING - get_weapon_score - weapon 800L_tank dict is None, return 0.0
2026-09-12 15:50:24,381 - Code.Dynamic_War_Manager.Source.Asset.Aircraft_Weapon_Data - WARNING - get_weapon_score - weapon 800L_tank dict is None, return 0.0
2026-09-12 15:50:24,381 - Code.Dynamic_War_Manager.Source.Asset.Aircraft_Weapon_Data - WARNING - get_weapon_score - weapon 800L_tank dict is None, return 0.0
2026-09-12 15:50:24,391 - Code.Dynamic_War_Manager.Source.Asset.Aircraft_Weapon_Data - WARNING - get_weapon_score - weapon PTB-1500 dict is None, return 0.0
2026-09-12 15:50:24,392 - Code.Dynamic_War_Manager.Source.Asset.Aircraft_Weapon_Data - WARNING - get_weapon_score - weapon PTB-1500 dict is None, return 0.0
2026-09-12 15:50:24,392 - Code.Dynamic_War_Manager.Source.Asset.Aircraft_Weapon_Data - WARNING - get_weapon_score - weapon PTB-1500 dict is None, return 0.0
2026-09-12 15:50:24,393 - Code.Dynamic_War_Manager.Source.Asset.Aircraft_Weapon_Data - WARNING - get_weapon_score - weapon PTB-1500 dict is None, return 0.0
2026-09-12 15:50:24,394 - Code.Dynamic_War_Manager.Source.Asset.Aircraft_Weapon_Data - WARNING - get_weapon_score - weapon PTB-1500 dict is None, return 0.0
2026-09-12 15:53:08,941 - Code.Dynamic_War_Manager.Source.Asset.Aircraft_Weapon_Data - WARNING - get_weapon_score - weapon 370gal_tank dict is None, return 0.0
2026-09-12 15:53:08,942 - Code.Dynamic_War_Manager.Source.Asset.Aircraft_Weapon_Data - WARNING - get_weapon_score - weapon 370gal_tank dict is None, return 0.0
2026-09-12 15:53:08,942 - Code.Dynamic_War_Manager.Source.Asset.Aircraft_Weapon_Data - WARNING - get_weapon_score - weapon 370gal_tank dict is None, return 0.0
2026-09-12 15:53:08,943 - Code.Dynamic_War_Manager.Source.Asset.Aircraft_Weapon_Data - WARNING - get_weapon_score - weapon 370gal_tank dict is None, return 0.0
2026-09-12 15:53:08,943 - Code.Dynamic_War_Manager.Source.Asset.Aircraft_Weapon_Data - WARNING - get_weapon_score - weapon 267gal_tank dict is None, return 0.0
2026-09-12 15:53:08,943 - Code.Dynamic_War_Manager.Source.Asset.Aircraft_Weapon_Data - WARNING - get_weapon_score - weapon 267gal_tank dict is None, return 0.0
2026-09-12 15:53:08,944 - Code.Dynamic_War_Manager.Source.Asset.Aircraft_Weapon_Data - WARNING - get_weapon_score - weapon 267gal_tank dict is None, return 0.0
2026-09-12 15:53:08,944 - Code.Dynamic_War_Manager.Source.Asset.Aircraft_Weapon_Data - WARNING - get_weapon_score - weapon 267gal_tank dict is None, return 0.0
2026-09-12 15:53:08,945 - Code.Dynamic_War_Manager.Source.Asset.Aircraft_Weapon_Data - WARNING - get_weapon_score - weapon 267gal_tank dict is None, return 0.0
2026-09-12 15:53:08,945 - Code.Dynamic_War_Manager.Source.Asset.Aircraft_Weapon_Data - WARNING - get_weapon_score - weapon 267gal_tank dict is None, return 0.0
2026-09-12 15:53:08,945 - Code.Dynamic_War_Manager.Source.Asset.Aircraft_Weapon_Data - WARNING - get_weapon_score - weapon 267gal_tank dict is None, return 0.0
2026-09-12 15:53:08,945 - Code.Dynamic_War_Manager.Source.Asset.Aircraft_Weapon_Data - WARNING - get_weapon_score - weapon 267gal_tank dict is None, return 0.0
2026-09-12 15:53:08,946 - Code.Dynamic_War_Manager.Source.Asset.Aircraft_Weapon_Data - WARNING - get_weapon_score - weapon 267gal_tank dict is None, return 0.0
2026-09-12 15:53:08,946 - Code.Dynamic_War_Manager.Source.Asset.Aircraft_Weapon_Data - WARNING - get_weapon_score - weapon 267gal_tank dict is None, return 0.0
2026-09-12 15:53:08,946 - Code.Dynamic_War_Manager.Source.Asset.Aircraft_Weapon_Data - WARNING - get_weapon_score - weapon 267gal_tank dict is None, return 0.0
2026-09-12 15:53:08,947 - Code.Dynamic_War_Manager.Source.Asset.Aircraft_Weapon_Data - WARNING - get_weapon_score - weapon 267gal_tank dict is None, return 0.0
2026-09-12 15:53:08,947 - Code.Dynamic_War_Manager.Source.Asset.Aircraft_Weapon_Data - WARNING - get_weapon_score - weapon 267gal_tank dict is None, return 0.0
2026-09-12 15:53:08,948 - Code.Dynamic_War_Manager.Source.Asset.Aircraft_Weapon_Data - WARNING - get_weapon_score - weapon 600gal_tank dict is None, return 0.0
2026-09-12 15:53:08,948 - Code.Dynamic_War_Manager.Source.Asset.Aircraft_Weapon_Data - WARNING - get_weapon_score - weapon 600gal_tank dict is None, return 0.0
2026-09-12 15:53:08,948 - Code.Dynamic_War_Manager.Source.Asset.Aircraft_Weapon_Data - WARNING - get_weapon_score - weapon 600gal_tank dict is None, return 0.0
2026-09-12 15:53:08,949 - Code.Dynamic_War_Manager.Source.Asset.Aircraft_Weapon_Data - WARNING - get_weapon_score - weapon 600gal_tank dict is None, return 0.0
2026-09-12 15:53:08,950 - Code.Dynamic_War_Manager.Source.Asset.Aircraft_Weapon_Data - WARNING - get_weapon_score - weapon 330gal_tank dict is None, return 0.0
2026-09-12 15:53:08,950 - Code.Dynamic_War_Manager.Source.Asset.Aircraft_Weapon_Data - WARNING - get_weapon_score - weapon 330gal_tank dict is None, return 0.0
2026-09-12 15:53:08,951 - Code.Dynamic_War_Manager.Source.Asset.Aircraft_Weapon_Data - WARNING - get_weapon_score - weapon 330gal_tank dict is None, return 0.0
2026-09-12 15:53:08,951 - Code.Dynamic_War_Manager.Source.Asset.Aircraft_Weapon_Data - WARNING - get_weapon_score - weapon 330gal_tank dict is None, return 0.0
2026-09-12 15:53:08,952 - Code.Dynamic_War_Manager.Source.Asset.Aircraft_Weapon_Data - WARNING - get_weapon_score - weapon 330gal_tank dict is None, return 0.0
2026-09-12 15:53:08,952 - Code.Dynamic_War_Manager.Source.Asset.Aircraft_Weapon_Data - WARNING - get_weapon_score - weapon 330gal_tank dict is None, return 0.0
2026-09-12 15:53:08,953 - Code.Dynamic_War_Manager.Source.Asset.Aircraft_Weapon_Data - WARNING - get_weapon_score - weapon 330gal_tank dict is None, return 0.0
2026-09-12 15:53:08,953 - Code.Dynamic_War_Manager.Source.Asset.Aircraft_Weapon_Data - WARNING - get_weapon_score - weapon 330gal_tank dict is None, return 0.0
2026-09-12 15:53:08,953 - Code.Dynamic_War_Manager.Source.Asset.Aircraft_Weapon_Data - WARNING - get_weapon_score - weapon 330gal_tank dict is None, return 0.0
2026-09-12 15:53:08,954 - Code.Dynamic_War_Manager.Source.Asset.Aircraft_Weapon_Data - WARNING - get_weapon_score - weapon 330gal_tank dict is None, return 0.0
2026-09-12 15:53:08,954 - Code.Dynamic_War_Manager.Source.Asset.Aircraft_Weapon_Data - WARNING - get_weapon_score - weapon 330gal_tank dict is None, return 0.0
2026-09-12 15:53:08,955 - Code.Dynamic_War_Manager.Source.Asset.Aircraft_Weapon_Data - WARNING - get_weapon_score - weapon 330gal_tank dict is None, return 0.0
2026-09-12 15:53:08,955 - Code.Dynamic_War_Manager.Source.Asset.Aircraft_Weapon_Data - WARNING - get_weapon_score - weapon 330gal_tank dict is None, return 0.0
2026-09-12 15:53:08,955 - Code.Dynamic_War_Manager.Source.Asset.Aircraft_Weapon_Data - WARNING - get_weapon_score - weapon 330gal_tank dict is None, return 0.0
2026-09-12 15:53:08,956 - Code.Dynamic_War_Manager.Source.Asset.Aircraft_Weapon_Data - WARNING - get_weapon_score - weapon 600gal_tank dict is None, return 0.0
2026-09-12 15:53:08,956 - Code.Dynamic_War_Manager.Source.Asset.Aircraft_Weapon_Data - WARNING - get_weapon_score - weapon 600gal_tank dict is None, return 0.0
2026-09-12 15:53:08,957 - Code.Dynamic_War_Manager.Source.Asset.Aircraft_Weapon_Data - WARNING - get_weapon_score - weapon 275gal_tank dict is None, return 0.0
2026-09-12 15:53:08,957 - Code.Dynamic_War_Manager.Source.Asset.Aircraft_Weapon_Data - WARNING - get_weapon_score - weapon 275gal_tank dict is None, return 0.0
2026-09-12 15:53:08,958 - Code.Dynamic_War_Manager.Source.Asset.Aircraft_Weapon_Data - WARNING - get_weapon_score - weapon 370gal_tank dict is None, return 0.0
2026-09-12 15:53:08,959 - Code.Dynamic_War_Manager.Source.Asset.Aircraft_Weapon_Data - WARNING - get_weapon_score - weapon 370gal_tank dict is None, return 0.0
2026-09-12 15:53:08,959 - Code.Dynamic_War_Manager.Source.Asset.Aircraft_Weapon_Data - WARNING - get_weapon_score - weapon 370gal_tank dict is None, return 0.0
2026-09-12 15:53:08,959 - Code.Dynamic_War_Manager.Source.Asset.Aircraft_Weapon_Data - WARNING - get_weapon_score - weapon 370gal_tank dict is None, return 0.0
2026-09-12 15:53:08,960 - Code.Dynamic_War_Manager.Source.Asset.Aircraft_Weapon_Data - WARNING - get_weapon_score - weapon 370gal_tank dict is None, return 0.0
2026-09-12 15:53:08,960 - Code.Dynamic_War_Manager.Source.Asset.Aircraft_Weapon_Data - WARNING - get_weapon_score - weapon 370gal_tank dict is None, return 0.0
2026-09-12 15:53:08,961 - Code.Dynamic_War_Manager.Source.Asset.Aircraft_Weapon_Data - WARNING - get_weapon_score - weapon 370gal_tank dict is None, return 0.0
2026-09-12 15:53:08,961 - Code.Dynamic_War_Manager.Source.Asset.Aircraft_Weapon_Data - WARNING - get_weapon_score - weapon 370gal_tank dict is None, return 0.0
2026-09-12 15:53:08,961 - Code.Dynamic_War_Manager.Source.Asset.Aircraft_Weapon_Data - WARNING - get_weapon_score - weapon 370gal_tank dict is None, return 0.0
2026-09-12 15:53:08,962 - Code.Dynamic_War_Manager.Source.Asset.Aircraft_Weapon_Data - WARNING - get_weapon_score - weapon 370gal_tank dict is None, return 0.0
2026-09-12 15:53:08,962 - Code.Dynamic_War_Manager.Source.Asset.Aircraft_Weapon_Data - WARNING - get_weapon_score - weapon 370gal_tank dict is None, return 0.0
2026-09-12 15:53:08,962 - Code.Dynamic_War_Manager.Source.Asset.Aircraft_Weapon_Data - WARNING - get_weapon_score - weapon 370gal_tank dict is None, return 0.0
2026-09-12 15:53:08,966 - Code.Dynamic_War_Manager.Source.Asset.Aircraft_Weapon_Data - WARNING - get_weapon_score - weapon 150gal_tank dict is None, return 0.0
2026-09-12 15:53:08,971 - Code.Dynamic_War_Manager.Source.Asset.Aircraft_Weapon_Data - WARNING - get_weapon_score - weapon 1300L_tank dict is None, return 0.0
2026-09-12 15:53:08,972 - Code.Dynamic_War_Manager.Source.Asset.Aircraft_Weapon_Data - WARNING - get_weapon_score - weapon 1300L_tank dict is None, return 0.0
2026-09-12 15:53:08,974 - Code.Dynamic_War_Manager.Source.Asset.Aircraft_Weapon_Data - WARNING - get_weapon_score - weapon 800L_tank dict is None, return 0.0
2026-09-12 15:53:08,974 - Code.Dynamic_War_Manager.Source.Asset.Aircraft_Weapon_Data - WARNING - get_weapon_score - weapon 800L_tank dict is None, return 0.0
2026-09-12 15:53:08,975 - Code.Dynamic_War_Manager.Source.Asset.Aircraft_Weapon_Data - WARNING - get_weapon_score - weapon 800L_tank dict is None, return 0.0
2026-09-12 15:53:08,984 - Code.Dynamic_War_Manager.Source.Asset.Aircraft_Weapon_Data - WARNING - get_weapon_score - weapon PTB-1500 dict is None, return 0.0
2026-09-12 15:53:08,985 - Code.Dynamic_War_Manager.Source.Asset.Aircraft_Weapon_Data - WARNING - get_weapon_score - weapon PTB-1500 dict is None, return 0.0
2026-09-12 15:53:08,986 - Code.Dynamic_War_Manager.Source.Asset.Aircraft_Weapon_Data - WARNING - get_weapon_score - weapon PTB-1500 dict is None, return 0.0
2026-09-12 15:53:08,986 - Code.Dynamic_War_Manager.Source.Asset.Aircraft_Weapon_Data - WARNING - get_weapon_score - weapon PTB-1500 dict is None, return 0.0
2026-09-12 15:53:08,987 - Code.Dynamic_War_Manager.Source.Asset.Aircraft_Weapon_Data - WARNING - get_weapon_score - weapon PTB-1500 dict is None, return 0.0
2026-09-12 15:53:17,315 - Code.Dynamic_War_Manager.Source.Asset.Aircraft_Weapon_Data - WARNING - get_weapon_score - weapon 370gal_tank dict is None, return 0.0
2026-09-12 15:53:17,316 - Code.Dynamic_War_Manager.Source.Asset.Aircraft_Weapon_Data - WARNING - get_weapon_score - weapon 370gal_tank dict is None, return 0.0
2026-09-12 15:53:17,316 - Code.Dynamic_War_Manager.Source.Asset.Aircraft_Weapon_Data - WARNING - get_weapon_score - weapon 370gal_tank dict is None, return 0.0
2026-09-12 15:53:17,317 - Code.Dynamic_War_Manager.Source.Asset.Aircraft_Weapon_Data - WARNING - get_weapon_score - weapon 370gal_tank dict is None, return 0.0
2026-09-12 15:53:17,317 - Code.Dynamic_War_Manager.Source.Asset.Aircraft_Weapon_Data - WARNING - get_weapon_score - weapon 267gal_tank dict is None, return 0.0
2026-09-12 15:53:17,318 - Code.Dynamic_War_Manager.Source.Asset.Aircraft_Weapon_Data - WARNING - get_weapon_score - weapon 267gal_tank dict is None, return 0.0
2026-09-12 15:53:17,318 - Code.Dynamic_War_Manager.Source.Asset.Aircraft_Weapon_Data - WARNING - get_weapon_score - weapon 267gal_tank dict is None, return 0.0
2026-09-12 15:53:17,318 - Code.Dynamic_War_Manager.Source.Asset.Aircraft_Weapon_Data - WARNING - get_weapon_score - weapon 267gal_tank dict is None, return 0.0
2026-09-12 15:53:17,319 - Code.Dynamic_War_Manager.Source.Asset.Aircraft_Weapon_Data - WARNING - get_weapon_score - weapon 267gal_tank dict is None, return 0.0
2026-09-12 15:53:17,319 - Code.Dynamic_War_Manager.Source.Asset.Aircraft_Weapon_Data - WARNING - get_weapon_score - weapon 267gal_tank dict is None, return 0.0
2026-09-12 15:53:17,319 - Code.Dynamic_War_Manager.Source.Asset.Aircraft_Weapon_Data - WARNING - get_weapon_score - weapon 267gal_tank dict is None, return 0.0
2026-09-12 15:53:17,319 - Code.Dynamic_War_Manager.Source.Asset.Aircraft_Weapon_Data - WARNING - get_weapon_score - weapon 267gal_tank dict is None, return 0.0
2026-09-12 15:53:17,320 - Code.Dynamic_War_Manager.Source.Asset.Aircraft_Weapon_Data - WARNING - get_weapon_score - weapon 267gal_tank dict is None, return 0.0
2026-09-12 15:53:17,320 - Code.Dynamic_War_Manager.Source.Asset.Aircraft_Weapon_Data - WARNING - get_weapon_score - weapon 267gal_tank dict is None, return 0.0
2026-09-12 15:53:17,321 - Code.Dynamic_War_Manager.Source.Asset.Aircraft_Weapon_Data - WARNING - get_weapon_score - weapon 267gal_tank dict is None, return 0.0
2026-09-12 15:53:17,321 - Code.Dynamic_War_Manager.Source.Asset.Aircraft_Weapon_Data - WARNING - get_weapon_score - weapon 267gal_tank dict is None, return 0.0
2026-09-12 15:53:17,321 - Code.Dynamic_War_Manager.Source.Asset.Aircraft_Weapon_Data - WARNING - get_weapon_score - weapon 267gal_tank dict is None, return 0.0
2026-09-12 15:53:17,322 - Code.Dynamic_War_Manager.Source.Asset.Aircraft_Weapon_Data - WARNING - get_weapon_score - weapon 600gal_tank dict is None, return 0.0
2026-09-12 15:53:17,322 - Code.Dynamic_War_Manager.Source.Asset.Aircraft_Weapon_Data - WARNING - get_weapon_score - weapon 600gal_tank dict is None, return 0.0
2026-09-12 15:53:17,323 - Code.Dynamic_War_Manager.Source.Asset.Aircraft_Weapon_Data - WARNING - get_weapon_score - weapon 600gal_tank dict is None, return 0.0
2026-09-12 15:53:17,323 - Code.Dynamic_War_Manager.Source.Asset.Aircraft_Weapon_Data - WARNING - get_weapon_score - weapon 600gal_tank dict is None, return 0.0
2026-09-12 15:53:17,324 - Code.Dynamic_War_Manager.Source.Asset.Aircraft_Weapon_Data - WARNING - get_weapon_score - weapon 330gal_tank dict is None, return 0.0
2026-09-12 15:53:17,324 - Code.Dynamic_War_Manager.Source.Asset.Aircraft_Weapon_Data - WARNING - get_weapon_score - weapon 330gal_tank dict is None, return 0.0
2026-09-12 15:53:17,325 - Code.Dynamic_War_Manager.Source.Asset.Aircraft_Weapon_Data - WARNING - get_weapon_score - weapon 330gal_tank dict is None, return 0.0
2026-09-12 15:53:17,325 - Code.Dynamic_War_Manager.Source.Asset.Aircraft_Weapon_Data - WARNING - get_weapon_score - weapon 330gal_tank dict is None, return 0.0
2026-09-12 15:53:17,326 - Code.Dynamic_War_Manager.Source.Asset.Aircraft_Weapon_Data - WARNING - get_weapon_score - weapon 330gal_tank dict is None, return 0.0
2026-09-12 15:53:17,326 - Code.Dynamic_War_Manager.Source.Asset.Aircraft_Weapon_Data - WARNING - get_weapon_score - weapon 330gal_tank dict is None, return 0.0
2026-09-12 15:53:17,327 - Code.Dynamic_War_Manager.Source.Asset.Aircraft_Weapon_Data - WARNING - get_weapon_score - weapon 330gal_tank dict is None, return 0.0
2026-09-12 15:53:17,327 - Code.Dynamic_War_Manager.Source.Asset.Aircraft_Weapon_Data - WARNING - get_weapon_score - weapon 330gal_tank dict is None, return 0.0
2026-09-12 15:53:17,328 - Code.Dynamic_War_Manager.Source.Asset.Aircraft_Weapon_Data - WARNING - get_weapon_score - weapon 330gal_tank dict is None, return 0.0
2026-09-12 15:53:17,328 - Code.Dynamic_War_Manager.Source.Asset.Aircraft_Weapon_Data - WARNING - get_weapon_score - weapon 330gal_tank dict is None, return 0.0
2026-09-12 15:53:17,328 - Code.Dynamic_War_Manager.Source.Asset.Aircraft_Weapon_Data - WARNING - get_weapon_score - weapon 330gal_tank dict is None, return 0.0
2026-09-12 15:53:17,329 - Code.Dynamic_War_Manager.Source.Asset.Aircraft_Weapon_Data - WARNING - get_weapon_score - weapon 330gal_tank dict is None, return 0.0
2026-09-12 15:53:17,329 - Code.Dynamic_War_Manager.Source.Asset.Aircraft_Weapon_Data - WARNING - get_weapon_score - weapon 330gal_tank dict is None, return 0.0
2026-09-12 15:53:17,329 - Code.Dynamic_War_Manager.Source.Asset.Aircraft_Weapon_Data - WARNING - get_weapon_score - weapon 330gal_tank dict is None, return 0.0
2026-09-12 15:53:17,330 - Code.Dynamic_War_Manager.Source.Asset.Aircraft_Weapon_Data - WARNING - get_weapon_score - weapon 600gal_tank dict is None, return 0.0
2026-09-12 15:53:17,330 - Code.Dynamic_War_Manager.Source.Asset.Aircraft_Weapon_Data - WARNING - get_weapon_score - weapon 600gal_tank dict is None, return 0.0
2026-09-12 15:53:17,331 - Code.Dynamic_War_Manager.Source.Asset.Aircraft_Weapon_Data - WARNING - get_weapon_score - weapon 275gal_tank dict is None, return 0.0
2026-09-12 15:53:17,331 - Code.Dynamic_War_Manager.Source.Asset.Aircraft_Weapon_Data - WARNING - get_weapon_score - weapon 275gal_tank dict is None, return 0.0
2026-09-12 15:53:17,332 - Code.Dynamic_War_Manager.Source.Asset.Aircraft_Weapon_Data - WARNING - get_weapon_score - weapon 370gal_tank dict is None, return 0.0
2026-09-12 15:53:17,333 - Code.Dynamic_War_Manager.Source.Asset.Aircraft_Weapon_Data - WARNING - get_weapon_score - weapon 370gal_tank dict is None, return 0.0
2026-09-12 15:53:17,333 - Code.Dynamic_War_Manager.Source.Asset.Aircraft_Weapon_Data - WARNING - get_weapon_score - weapon 370gal_tank dict is None, return 0.0
2026-09-12 15:53:17,334 - Code.Dynamic_War_Manager.Source.Asset.Aircraft_Weapon_Data - WARNING - get_weapon_score - weapon 370gal_tank dict is None, return 0.0
2026-09-12 15:53:17,334 - Code.Dynamic_War_Manager.Source.Asset.Aircraft_Weapon_Data - WARNING - get_weapon_score - weapon 370gal_tank dict is None, return 0.0
2026-09-12 15:53:17,334 - Code.Dynamic_War_Manager.Source.Asset.Aircraft_Weapon_Data - WARNING - get_weapon_score - weapon 370gal_tank dict is None, return 0.0
2026-09-12 15:53:17,335 - Code.Dynamic_War_Manager.Source.Asset.Aircraft_Weapon_Data - WARNING - get_weapon_score - weapon 370gal_tank dict is None, return 0.0
2026-09-12 15:53:17,335 - Code.Dynamic_War_Manager.Source.Asset.Aircraft_Weapon_Data - WARNING - get_weapon_score - weapon 370gal_tank dict is None, return 0.0
2026-09-12 15:53:17,335 - Code.Dynamic_War_Manager.Source.Asset.Aircraft_Weapon_Data - WARNING - get_weapon_score - weapon 370gal_tank dict is None, return 0.0
2026-09-12 15:53:17,336 - Code.Dynamic_War_Manager.Source.Asset.Aircraft_Weapon_Data - WARNING - get_weapon_score - weapon 370gal_tank dict is None, return 0.0
2026-09-12 15:53:17,336 - Code.Dynamic_War_Manager.Source.Asset.Aircraft_Weapon_Data - WARNING - get_weapon_score - weapon 370gal_tank dict is None, return 0.0
2026-09-12 15:53:17,337 - Code.Dynamic_War_Manager.Source.Asset.Aircraft_Weapon_Data - WARNING - get_weapon_score - weapon 370gal_tank dict is None, return 0.0
2026-09-12 15:53:17,340 - Code.Dynamic_War_Manager.Source.Asset.Aircraft_Weapon_Data - WARNING - get_weapon_score - weapon 150gal_tank dict is None, return 0.0
2026-09-12 15:53:17,345 - Code.Dynamic_War_Manager.Source.Asset.Aircraft_Weapon_Data - WARNING - get_weapon_score - weapon 1300L_tank dict is None, return 0.0
2026-09-12 15:53:17,346 - Code.Dynamic_War_Manager.Source.Asset.Aircraft_Weapon_Data - WARNING - get_weapon_score - weapon 1300L_tank dict is None, return 0.0
2026-09-12 15:53:17,348 - Code.Dynamic_War_Manager.Source.Asset.Aircraft_Weapon_Data - WARNING - get_weapon_score - weapon 800L_tank dict is None, return 0.0
2026-09-12 15:53:17,348 - Code.Dynamic_War_Manager.Source.Asset.Aircraft_Weapon_Data - WARNING - get_weapon_score - weapon 800L_tank dict is None, return 0.0
2026-09-12 15:53:17,349 - Code.Dynamic_War_Manager.Source.Asset.Aircraft_Weapon_Data - WARNING - get_weapon_score - weapon 800L_tank dict is None, return 0.0
2026-09-12 15:53:17,359 - Code.Dynamic_War_Manager.Source.Asset.Aircraft_Weapon_Data - WARNING - get_weapon_score - weapon PTB-1500 dict is None, return 0.0
2026-09-12 15:53:17,359 - Code.Dynamic_War_Manager.Source.Asset.Aircraft_Weapon_Data - WARNING - get_weapon_score - weapon PTB-1500 dict is None, return 0.0
2026-09-12 15:53:17,360 - Code.Dynamic_War_Manager.Source.Asset.Aircraft_Weapon_Data - WARNING - get_weapon_score - weapon PTB-1500 dict is None, return 0.0
2026-09-12 15:53:17,360 - Code.Dynamic_War_Manager.Source.Asset.Aircraft_Weapon_Data - WARNING - get_weapon_score - weapon PTB-1500 dict is None, return 0.0
2026-09-12 15:53:17,361 - Code.Dynamic_War_Manager.Source.Asset.Aircraft_Weapon_Data - WARNING - get_weapon_score - weapon PTB-1500 dict is None, return 0.0
2026-09-12 15:55:15,164 - Code.Dynamic_War_Manager.Source.Asset.Aircraft_Weapon_Data - WARNING - get_weapon_score - weapon 370gal_tank dict is None, return 0.0
2026-09-12 15:55:15,164 - Code.Dynamic_War_Manager.Source.Asset.Aircraft_Weapon_Data - WARNING - get_weapon_score - weapon 370gal_tank dict is None, return 0.0
2026-09-12 15:55:15,165 - Code.Dynamic_War_Manager.Source.Asset.Aircraft_Weapon_Data - WARNING - get_weapon_score - weapon 370gal_tank dict is None, return 0.0
2026-09-12 15:55:15,165 - Code.Dynamic_War_Manager.Source.Asset.Aircraft_Weapon_Data - WARNING - get_weapon_score - weapon 370gal_tank dict is None, return 0.0
2026-09-12 15:55:15,166 - Code.Dynamic_War_Manager.Source.Asset.Aircraft_Weapon_Data - WARNING - get_weapon_score - weapon 267gal_tank dict is None, return 0.0
2026-09-12 15:55:15,166 - Code.Dynamic_War_Manager.Source.Asset.Aircraft_Weapon_Data - WARNING - get_weapon_score - weapon 267gal_tank dict is None, return 0.0
2026-09-12 15:55:15,166 - Code.Dynamic_War_Manager.Source.Asset.Aircraft_Weapon_Data - WARNING - get_weapon_score - weapon 267gal_tank dict is None, return 0.0
2026-09-12 15:55:15,166 - Code.Dynamic_War_Manager.Source.Asset.Aircraft_Weapon_Data - WARNING - get_weapon_score - weapon 267gal_tank dict is None, return 0.0
2026-09-12 15:55:15,167 - Code.Dynamic_War_Manager.Source.Asset.Aircraft_Weapon_Data - WARNING - get_weapon_score - weapon 267gal_tank dict is None, return 0.0
2026-09-12 15:55:15,167 - Code.Dynamic_War_Manager.Source.Asset.Aircraft_Weapon_Data - WARNING - get_weapon_score - weapon 267gal_tank dict is None, return 0.0
2026-09-12 15:55:15,167 - Code.Dynamic_War_Manager.Source.Asset.Aircraft_Weapon_Data - WARNING - get_weapon_score - weapon 267gal_tank dict is None, return 0.0
2026-09-12 15:55:15,168 - Code.Dynamic_War_Manager.Source.Asset.Aircraft_Weapon_Data - WARNING - get_weapon_score - weapon 267gal_tank dict is None, return 0.0
2026-09-12 15:55:15,168 - Code.Dynamic_War_Manager.Source.Asset.Aircraft_Weapon_Data - WARNING - get_weapon_score - weapon 267gal_tank dict is None, return 0.0
2026-09-12 15:55:15,168 - Code.Dynamic_War_Manager.Source.Asset.Aircraft_Weapon_Data - WARNING - get_weapon_score - weapon 267gal_tank dict is None, return 0.0
2026-09-12 15:55:15,169 - Code.Dynamic_War_Manager.Source.Asset.Aircraft_Weapon_Data - WARNING - get_weapon_score - weapon 267gal_tank dict is None, return 0.0
2026-09-12 15:55:15,169 - Code.Dynamic_War_Manager.Source.Asset.Aircraft_Weapon_Data - WARNING - get_weapon_score - weapon 267gal_tank dict is None, return 0.0
2026-09-12 15:55:15,169 - Code.Dynamic_War_Manager.Source.Asset.Aircraft_Weapon_Data - WARNING - get_weapon_score - weapon 267gal_tank dict is None, return 0.0
2026-09-12 15:55:15,170 - Code.Dynamic_War_Manager.Source.Asset.Aircraft_Weapon_Data - WARNING - get_weapon_score - weapon 600gal_tank dict is None, return 0.0
2026-09-12 15:55:15,170 - Code.Dynamic_War_Manager.Source.Asset.Aircraft_Weapon_Data - WARNING - get_weapon_score - weapon 600gal_tank dict is None, return 0.0
2026-09-12 15:55:15,171 - Code.Dynamic_War_Manager.Source.Asset.Aircraft_Weapon_Data - WARNING - get_weapon_score - weapon 600gal_tank dict is None, return 0.0
2026-09-12 15:55:15,171 - Code.Dynamic_War_Manager.Source.Asset.Aircraft_Weapon_Data - WARNING - get_weapon_score - weapon 600gal_tank dict is None, return 0.0
2026-09-12 15:55:15,172 - Code.Dynamic_War_Manager.Source.Asset.Aircraft_Weapon_Data - WARNING - get_weapon_score - weapon 330gal_tank dict is None, return 0.0
2026-09-12 15:55:15,173 - Code.Dynamic_War_Manager.Source.Asset.Aircraft_Weapon_Data - WARNING - get_weapon_score - weapon 330gal_tank dict is None, return 0.0
2026-09-12 15:55:15,173 - Code.Dynamic_War_Manager.Source.Asset.Aircraft_Weapon_Data - WARNING - get_weapon_score - weapon 330gal_tank dict is None, return 0.0
2026-09-12 15:55:15,174 - Code.Dynamic_War_Manager.Source.Asset.Aircraft_Weapon_Data - WARNING - get_weapon_score - weapon 330gal_tank dict is None, return 0.0
2026-09-12 15:55:15,174 - Code.Dynamic_War_Manager.Source.Asset.Aircraft_Weapon_Data - WARNING - get_weapon_score - weapon 330gal_tank dict is None, return 0.0
2026-09-12 15:55:15,175 - Code.Dynamic_War_Manager.Source.Asset.Aircraft_Weapon_Data - WARNING - get_weapon_score - weapon 330gal_tank dict is None, return 0.0
2026-09-12 15:55:15,175 - Code.Dynamic_War_Manager.Source.Asset.Aircraft_Weapon_Data - WARNING - get_weapon_score - weapon 330gal_tank dict is None, return 0.0
2026-09-12 15:55:15,176 - Code.Dynamic_War_Manager.Source.Asset.Aircraft_Weapon_Data - WARNING - get_weapon_score - weapon 330gal_tank dict is None, return 0.0
2026-09-12 15:55:15,176 - Code.Dynamic_War_Manager.Source.Asset.Aircraft_Weapon_Data - WARNING - get_weapon_score - weapon 330gal_tank dict is None, return 0.0
2026-09-12 15:55:15,176 - Code.Dynamic_War_Manager.Source.Asset.Aircraft_Weapon_Data - WARNING - get_weapon_score - weapon 330gal_tank dict is None, return 0.0
2026-09-12 15:55:15,177 - Code.Dynamic_War_Manager.Source.Asset.Aircraft_Weapon_Data - WARNING - get_weapon_score - weapon 330gal_tank dict is None, return 0.0
2026-09-12 15:55:15,177 - Code.Dynamic_War_Manager.Source.Asset.Aircraft_Weapon_Data - WARNING - get_weapon_score - weapon 330gal_tank dict is None, return 0.0
2026-09-12 15:55:15,177 - Code.Dynamic_War_Manager.Source.Asset.Aircraft_Weapon_Data - WARNING - get_weapon_score - weapon 330gal_tank dict is None, return 0.0
2026-09-12 15:55:15,178 - Code.Dynamic_War_Manager.Source.Asset.Aircraft_Weapon_Data - WARNING - get_weapon_score - weapon 330gal_tank dict is None, return 0.0
2026-09-12 15:55:15,178 - Code.Dynamic_War_Manager.Source.Asset.Aircraft_Weapon_Data - WARNING - get_weapon_score - weapon 600gal_tank dict is None, return 0.0
2026-09-12 15:55:15,179 - Code.Dynamic_War_Manager.Source.Asset.Aircraft_Weapon_Data - WARNING - get_weapon_score - weapon 600gal_tank dict is None, return 0.0
2026-09-12 15:55:15,179 - Code.Dynamic_War_Manager.Source.Asset.Aircraft_Weapon_Data - WARNING - get_weapon_score - weapon 275gal_tank dict is None, return 0.0
2026-09-12 15:55:15,180 - Code.Dynamic_War_Manager.Source.Asset.Aircraft_Weapon_Data - WARNING - get_weapon_score - weapon 275gal_tank dict is None, return 0.0
2026-09-12 15:55:15,181 - Code.Dynamic_War_Manager.Source.Asset.Aircraft_Weapon_Data - WARNING - get_weapon_score - weapon 370gal_tank dict is None, return 0.0
2026-09-12 15:55:15,181 - Code.Dynamic_War_Manager.Source.Asset.Aircraft_Weapon_Data - WARNING - get_weapon_score - weapon 370gal_tank dict is None, return 0.0
2026-09-12 15:55:15,182 - Code.Dynamic_War_Manager.Source.Asset.Aircraft_Weapon_Data - WARNING - get_weapon_score - weapon 370gal_tank dict is None, return 0.0
2026-09-12 15:55:15,182 - Code.Dynamic_War_Manager.Source.Asset.Aircraft_Weapon_Data - WARNING - get_weapon_score - weapon 370gal_tank dict is None, return 0.0
2026-09-12 15:55:15,183 - Code.Dynamic_War_Manager.Source.Asset.Aircraft_Weapon_Data - WARNING - get_weapon_score - weapon 370gal_tank dict is None, return 0.0
2026-09-12 15:55:15,183 - Code.Dynamic_War_Manager.Source.Asset.Aircraft_Weapon_Data - WARNING - get_weapon_score - weapon 370gal_tank dict is None, return 0.0
2026-09-12 15:55:15,183 - Code.Dynamic_War_Manager.Source.Asset.Aircraft_Weapon_Data - WARNING - get_weapon_score - weapon 370gal_tank dict is None, return 0.0
2026-09-12 15:55:15,184 - Code.Dynamic_War_Manager.Source.Asset.Aircraft_Weapon_Data - WARNING - get_weapon_score - weapon 370gal_tank dict is None, return 0.0
2026-09-12 15:55:15,184 - Code.Dynamic_War_Manager.Source.Asset.Aircraft_Weapon_Data - WARNING - get_weapon_score - weapon 370gal_tank dict is None, return 0.0
2026-09-12 15:55:15,184 - Code.Dynamic_War_Manager.Source.Asset.Aircraft_Weapon_Data - WARNING - get_weapon_score - weapon 370gal_tank dict is None, return 0.0
2026-09-12 15:55:15,185 - Code.Dynamic_War_Manager.Source.Asset.Aircraft_Weapon_Data - WARNING - get_weapon_score - weapon 370gal_tank dict is None, return 0.0
2026-09-12 15:55:15,185 - Code.Dynamic_War_Manager.Source.Asset.Aircraft_Weapon_Data - WARNING - get_weapon_score - weapon 370gal_tank dict is None, return 0.0
2026-09-12 15:55:15,189 - Code.Dynamic_War_Manager.Source.Asset.Aircraft_Weapon_Data - WARNING - get_weapon_score - weapon 150gal_tank dict is None, return 0.0
2026-09-12 15:55:15,194 - Code.Dynamic_War_Manager.Source.Asset.Aircraft_Weapon_Data - WARNING - get_weapon_score - weapon 1300L_tank dict is None, return 0.0
2026-09-12 15:55:15,195 - Code.Dynamic_War_Manager.Source.Asset.Aircraft_Weapon_Data - WARNING - get_weapon_score - weapon 1300L_tank dict is None, return 0.0
2026-09-12 15:55:15,197 - Code.Dynamic_War_Manager.Source.Asset.Aircraft_Weapon_Data - WARNING - get_weapon_score - weapon 800L_tank dict is None, return 0.0
2026-09-12 15:55:15,197 - Code.Dynamic_War_Manager.Source.Asset.Aircraft_Weapon_Data - WARNING - get_weapon_score - weapon 800L_tank dict is None, return 0.0
2026-09-12 15:55:15,198 - Code.Dynamic_War_Manager.Source.Asset.Aircraft_Weapon_Data - WARNING - get_weapon_score - weapon 800L_tank dict is None, return 0.0
2026-09-12 15:55:15,207 - Code.Dynamic_War_Manager.Source.Asset.Aircraft_Weapon_Data - WARNING - get_weapon_score - weapon PTB-1500 dict is None, return 0.0
2026-09-12 15:55:15,208 - Code.Dynamic_War_Manager.Source.Asset.Aircraft_Weapon_Data - WARNING - get_weapon_score - weapon PTB-1500 dict is None, return 0.0
2026-09-12 15:55:15,209 - Code.Dynamic_War_Manager.Source.Asset.Aircraft_Weapon_Data - WARNING - get_weapon_score - weapon PTB-1500 dict is None, return 0.0
2026-09-12 15:55:15,209 - Code.Dynamic_War_Manager.Source.Asset.Aircraft_Weapon_Data - WARNING - get_weapon_score - weapon PTB-1500 dict is None, return 0.0
2026-09-12 15:55:15,210 - Code.Dynamic_War_Manager.Source.Asset.Aircraft_Weapon_Data - WARNING - get_weapon_score - weapon PTB-1500 dict is None, return 0.0
2026-09-12 15:55:15,821 - Code.Dynamic_War_Manager.Source.Asset.Aircraft_Weapon_Data - WARNING - is_weapon_introduced - weapon 267gal_tank unknow
2026-09-12 15:55:15,821 - Code.Dynamic_War_Manager.Source.Asset.Aircraft_Weapon_Data - WARNING - is_weapon_introduced - weapon 267gal_tank unknow
2026-09-12 15:55:15,821 - Code.Dynamic_War_Manager.Source.Asset.Aircraft_Weapon_Data - WARNING - is_weapon_introduced - weapon 267gal_tank unknow
2026-09-12 15:55:15,821 - Code.Dynamic_War_Manager.Source.Asset.Aircraft_Weapon_Data - WARNING - is_weapon_introduced - weapon 267gal_tank unknow
2026-09-12 15:55:15,823 - Code.Dynamic_War_Manager.Source.Asset.Aircraft_Weapon_Data - WARNING - is_weapon_introduced - weapon 267gal_tank unknow
2026-09-12 15:55:15,823 - Code.Dynamic_War_Manager.Source.Asset.Aircraft_Weapon_Data - WARNING - is_weapon_introduced - weapon 267gal_tank unknow
2026-09-12 15:55:15,823 - Code.Dynamic_War_Manager.Source.Asset.Aircraft_Weapon_Data - WARNING - is_weapon_introduced - weapon 267gal_tank unknow
2026-09-12 15:55:15,823 - Code.Dynamic_War_Manager.Source.Asset.Aircraft_Weapon_Data - WARNING - is_weapon_introduced - weapon 267gal_tank unknow
2026-09-12 15:55:48,880 - Code.Dynamic_War_Manager.Source.Asset.Aircraft_Weapon_Data - WARNING - get_weapon_score - weapon 370gal_tank dict is None, return 0.0
2026-09-12 15:55:48,880 - Code.Dynamic_War_Manager.Source.Asset.Aircraft_Weapon_Data - WARNING - get_weapon_score - weapon 370gal_tank dict is None, return 0.0
2026-09-12 15:55:48,881 - Code.Dynamic_War_Manager.Source.Asset.Aircraft_Weapon_Data - WARNING - get_weapon_score - weapon 370gal_tank dict is None, return 0.0
2026-09-12 15:55:48,881 - Code.Dynamic_War_Manager.Source.Asset.Aircraft_Weapon_Data - WARNING - get_weapon_score - weapon 370gal_tank dict is None, return 0.0
2026-09-12 15:55:48,882 - Code.Dynamic_War_Manager.Source.Asset.Aircraft_Weapon_Data - WARNING - get_weapon_score - weapon 267gal_tank dict is None, return 0.0
2026-09-12 15:55:48,882 - Code.Dynamic_War_Manager.Source.Asset.Aircraft_Weapon_Data - WARNING - get_weapon_score - weapon 267gal_tank dict is None, return 0.0
2026-09-12 15:55:48,882 - Code.Dynamic_War_Manager.Source.Asset.Aircraft_Weapon_Data - WARNING - get_weapon_score - weapon 267gal_tank dict is None, return 0.0
2026-09-12 15:55:48,882 - Code.Dynamic_War_Manager.Source.Asset.Aircraft_Weapon_Data - WARNING - get_weapon_score - weapon 267gal_tank dict is None, return 0.0
2026-09-12 15:55:48,883 - Code.Dynamic_War_Manager.Source.Asset.Aircraft_Weapon_Data - WARNING - get_weapon_score - weapon 267gal_tank dict is None, return 0.0
2026-09-12 15:55:48,883 - Code.Dynamic_War_Manager.Source.Asset.Aircraft_Weapon_Data - WARNING - get_weapon_score - weapon 267gal_tank dict is None, return 0.0
2026-09-12 15:55:48,883 - Code.Dynamic_War_Manager.Source.Asset.Aircraft_Weapon_Data - WARNING - get_weapon_score - weapon 267gal_tank dict is None, return 0.0
2026-09-12 15:55:48,884 - Code.Dynamic_War_Manager.Source.Asset.Aircraft_Weapon_Data - WARNING - get_weapon_score - weapon 267gal_tank dict is None, return 0.0
2026-09-12 15:55:48,884 - Code.Dynamic_War_Manager.Source.Asset.Aircraft_Weapon_Data - WARNING - get_weapon_score - weapon 267gal_tank dict is None, return 0.0
2026-09-12 15:55:48,884 - Code.Dynamic_War_Manager.Source.Asset.Aircraft_Weapon_Data - WARNING - get_weapon_score - weapon 267gal_tank dict is None, return 0.0
2026-09-12 15:55:48,885 - Code.Dynamic_War_Manager.Source.Asset.Aircraft_Weapon_Data - WARNING - get_weapon_score - weapon 267gal_tank dict is None, return 0.0
2026-09-12 15:55:48,885 - Code.Dynamic_War_Manager.Source.Asset.Aircraft_Weapon_Data - WARNING - get_weapon_score - weapon 267gal_tank dict is None, return 0.0
2026-09-12 15:55:48,885 - Code.Dynamic_War_Manager.Source.Asset.Aircraft_Weapon_Data - WARNING - get_weapon_score - weapon 267gal_tank dict is None, return 0.0
2026-09-12 15:55:48,886 - Code.Dynamic_War_Manager.Source.Asset.Aircraft_Weapon_Data - WARNING - get_weapon_score - weapon 600gal_tank dict is None, return 0.0
2026-09-12 15:55:48,886 - Code.Dynamic_War_Manager.Source.Asset.Aircraft_Weapon_Data - WARNING - get_weapon_score - weapon 600gal_tank dict is None, return 0.0
2026-09-12 15:55:48,887 - Code.Dynamic_War_Manager.Source.Asset.Aircraft_Weapon_Data - WARNING - get_weapon_score - weapon 600gal_tank dict is None, return 0.0
2026-09-12 15:55:48,887 - Code.Dynamic_War_Manager.Source.Asset.Aircraft_Weapon_Data - WARNING - get_weapon_score - weapon 600gal_tank dict is None, return 0.0
2026-09-12 15:55:48,889 - Code.Dynamic_War_Manager.Source.Asset.Aircraft_Weapon_Data - WARNING - get_weapon_score - weapon 330gal_tank dict is None, return 0.0
2026-09-12 15:55:48,889 - Code.Dynamic_War_Manager.Source.Asset.Aircraft_Weapon_Data - WARNING - get_weapon_score - weapon 330gal_tank dict is None, return 0.0
2026-09-12 15:55:48,889 - Code.Dynamic_War_Manager.Source.Asset.Aircraft_Weapon_Data - WARNING - get_weapon_score - weapon 330gal_tank dict is None, return 0.0
2026-09-12 15:55:48,890 - Code.Dynamic_War_Manager.Source.Asset.Aircraft_Weapon_Data - WARNING - get_weapon_score - weapon 330gal_tank dict is None, return 0.0
2026-09-12 15:55:48,890 - Code.Dynamic_War_Manager.Source.Asset.Aircraft_Weapon_Data - WARNING - get_weapon_score - weapon 330gal_tank dict is None, return 0.0
2026-09-12 15:55:48,891 - Code.Dynamic_War_Manager.Source.Asset.Aircraft_Weapon_Data - WARNING - get_weapon_score - weapon 330gal_tank dict is None, return 0.0
2026-09-12 15:55:48,891 - Code.Dynamic_War_Manager.Source.Asset.Aircraft_Weapon_Data - WARNING - get_weapon_score - weapon 330gal_tank dict is None, return 0.0
2026-09-12 15:55:48,892 - Code.Dynamic_War_Manager.Source.Asset.Aircraft_Weapon_Data - WARNING - get_weapon_score - weapon 330gal_tank dict is None, return 0.0
2026-09-12 15:55:48,892 - Code.Dynamic_War_Manager.Source.Asset.Aircraft_Weapon_Data - WARNING - get_weapon_score - weapon 330gal_tank dict is None, return 0.0
2026-09-12 15:55:48,893 - Code.Dynamic_War_Manager.Source.Asset.Aircraft_Weapon_Data - WARNING - get_weapon_score - weapon 330gal_tank dict is None, return 0.0
2026-09-12 15:55:48,893 - Code.Dynamic_War_Manager.Source.Asset.Aircraft_Weapon_Data - WARNING - get_weapon_score - weapon 330gal_tank dict is None, return 0.0
2026-09-12 15:55:48,893 - Code.Dynamic_War_Manager.Source.Asset.Aircraft_Weapon_Data - WARNING - get_weapon_score - weapon 330gal_tank dict is None, return 0.0
2026-09-12 15:55:48,894 - Code.Dynamic_War_Manager.Source.Asset.Aircraft_Weapon_Data - WARNING - get_weapon_score - weapon 330gal_tank dict is None, return 0.0
2026-09-12 15:55:48,894 - Code.Dynamic_War_Manager.Source.Asset.Aircraft_Weapon_Data - WARNING - get_weapon_score - weapon 330gal_tank dict is None, return 0.0
2026-09-12 15:55:48,894 - Code.Dynamic_War_Manager.Source.Asset.Aircraft_Weapon_Data - WARNING - get_weapon_score - weapon 600gal_tank dict is None, return 0.0
2026-09-12 15:55:48,895 - Code.Dynamic_War_Manager.Source.Asset.Aircraft_Weapon_Data - WARNING - get_weapon_score - weapon 600gal_tank dict is None, return 0.0
2026-09-12 15:55:48,895 - Code.Dynamic_War_Manager.Source.Asset.Aircraft_Weapon_Data - WARNING - get_weapon_score - weapon 275gal_tank dict is None, return 0.0
2026-09-12 15:55:48,896 - Code.Dynamic_War_Manager.Source.Asset.Aircraft_Weapon_Data - WARNING - get_weapon_score - weapon 275gal_tank dict is None, return 0.0
2026-09-12 15:55:48,897 - Code.Dynamic_War_Manager.Source.Asset.Aircraft_Weapon_Data - WARNING - get_weapon_score - weapon 370gal_tank dict is None, return 0.0
2026-09-12 15:55:48,898 - Code.Dynamic_War_Manager.Source.Asset.Aircraft_Weapon_Data - WARNING - get_weapon_score - weapon 370gal_tank dict is None, return 0.0
2026-09-12 15:55:48,898 - Code.Dynamic_War_Manager.Source.Asset.Aircraft_Weapon_Data - WARNING - get_weapon_score - weapon 370gal_tank dict is None, return 0.0
2026-09-12 15:55:48,898 - Code.Dynamic_War_Manager.Source.Asset.Aircraft_Weapon_Data - WARNING - get_weapon_score - weapon 370gal_tank dict is None, return 0.0
2026-09-12 15:55:48,899 - Code.Dynamic_War_Manager.Source.Asset.Aircraft_Weapon_Data - WARNING - get_weapon_score - weapon 370gal_tank dict is None, return 0.0
2026-09-12 15:55:48,899 - Code.Dynamic_War_Manager.Source.Asset.Aircraft_Weapon_Data - WARNING - get_weapon_score - weapon 370gal_tank dict is None, return 0.0
2026-09-12 15:55:48,899 - Code.Dynamic_War_Manager.Source.Asset.Aircraft_Weapon_Data - WARNING - get_weapon_score - weapon 370gal_tank dict is None, return 0.0
2026-09-12 15:55:48,900 - Code.Dynamic_War_Manager.Source.Asset.Aircraft_Weapon_Data - WARNING - get_weapon_score - weapon 370gal_tank dict is None, return 0.0
2026-09-12 15:55:48,900 - Code.Dynamic_War_Manager.Source.Asset.Aircraft_Weapon_Data - WARNING - get_weapon_score - weapon 370gal_tank dict is None, return 0.0
2026-09-12 15:55:48,901 - Code.Dynamic_War_Manager.Source.Asset.Aircraft_Weapon_Data - WARNING - get_weapon_score - weapon 370gal_tank dict is None, return 0.0
2026-09-12 15:55:48,901 - Code.Dynamic_War_Manager.Source.Asset.Aircraft_Weapon_Data - WARNING - get_weapon_score - weapon 370gal_tank dict is None, return 0.0
2026-09-12 15:55:48,901 - Code.Dynamic_War_Manager.Source.Asset.Aircraft_Weapon_Data - WARNING - get_weapon_score - weapon 370gal_tank dict is None, return 0.0
2026-09-12 15:55:48,905 - Code.Dynamic_War_Manager.Source.Asset.Aircraft_Weapon_Data - WARNING - get_weapon_score - weapon 150gal_tank dict is None, return 0.0
2026-09-12 15:55:48,911 - Code.Dynamic_War_Manager.Source.Asset.Aircraft_Weapon_Data - WARNING - get_weapon_score - weapon 1300L_tank dict is None, return 0.0
2026-09-12 15:55:48,911 - Code.Dynamic_War_Manager.Source.Asset.Aircraft_Weapon_Data - WARNING - get_weapon_score - weapon 1300L_tank dict is None, return 0.0
2026-09-12 15:55:48,913 - Code.Dynamic_War_Manager.Source.Asset.Aircraft_Weapon_Data - WARNING - get_weapon_score - weapon 800L_tank dict is None, return 0.0
2026-09-12 15:55:48,914 - Code.Dynamic_War_Manager.Source.Asset.Aircraft_Weapon_Data - WARNING - get_weapon_score - weapon 800L_tank dict is None, return 0.0
2026-09-12 15:55:48,914 - Code.Dynamic_War_Manager.Source.Asset.Aircraft_Weapon_Data - WARNING - get_weapon_score - weapon 800L_tank dict is None, return 0.0
2026-09-12 15:55:48,924 - Code.Dynamic_War_Manager.Source.Asset.Aircraft_Weapon_Data - WARNING - get_weapon_score - weapon PTB-1500 dict is None, return 0.0
2026-09-12 15:55:48,925 - Code.Dynamic_War_Manager.Source.Asset.Aircraft_Weapon_Data - WARNING - get_weapon_score - weapon PTB-1500 dict is None, return 0.0
2026-09-12 15:55:48,925 - Code.Dynamic_War_Manager.Source.Asset.Aircraft_Weapon_Data - WARNING - get_weapon_score - weapon PTB-1500 dict is None, return 0.0
2026-09-12 15:55:48,926 - Code.Dynamic_War_Manager.Source.Asset.Aircraft_Weapon_Data - WARNING - get_weapon_score - weapon PTB-1500 dict is None, return 0.0
2026-09-12 15:55:48,927 - Code.Dynamic_War_Manager.Source.Asset.Aircraft_Weapon_Data - WARNING - get_weapon_score - weapon PTB-1500 dict is None, return 0.0
2026-09-12 15:55:56,539 - Code.Dynamic_War_Manager.Source.Asset.Aircraft_Weapon_Data - WARNING - get_weapon_score - weapon 370gal_tank dict is None, return 0.0
2026-09-12 15:55:56,540 - Code.Dynamic_War_Manager.Source.Asset.Aircraft_Weapon_Data - WARNING - get_weapon_score - weapon 370gal_tank dict is None, return 0.0
2026-09-12 15:55:56,540 - Code.Dynamic_War_Manager.Source.Asset.Aircraft_Weapon_Data - WARNING - get_weapon_score - weapon 370gal_tank dict is None, return 0.0
2026-09-12 15:55:56,540 - Code.Dynamic_War_Manager.Source.Asset.Aircraft_Weapon_Data - WARNING - get_weapon_score - weapon 370gal_tank dict is None, return 0.0
2026-09-12 15:55:56,541 - Code.Dynamic_War_Manager.Source.Asset.Aircraft_Weapon_Data - WARNING - get_weapon_score - weapon 267gal_tank dict is None, return 0.0
2026-09-12 15:55:56,541 - Code.Dynamic_War_Manager.Source.Asset.Aircraft_Weapon_Data - WARNING - get_weapon_score - weapon 267gal_tank dict is None, return 0.0
2026-09-12 15:55:56,541 - Code.Dynamic_War_Manager.Source.Asset.Aircraft_Weapon_Data - WARNING - get_weapon_score - weapon 267gal_tank dict is None, return 0.0
2026-09-12 15:55:56,542 - Code.Dynamic_War_Manager.Source.Asset.Aircraft_Weapon_Data - WARNING - get_weapon_score - weapon 267gal_tank dict is None, return 0.0
2026-09-12 15:55:56,542 - Code.Dynamic_War_Manager.Source.Asset.Aircraft_Weapon_Data - WARNING - get_weapon_score - weapon 267gal_tank dict is None, return 0.0
2026-09-12 15:55:56,542 - Code.Dynamic_War_Manager.Source.Asset.Aircraft_Weapon_Data - WARNING - get_weapon_score - weapon 267gal_tank dict is None, return 0.0
2026-09-12 15:55:56,543 - Code.Dynamic_War_Manager.Source.Asset.Aircraft_Weapon_Data - WARNING - get_weapon_score - weapon 267gal_tank dict is None, return 0.0
2026-09-12 15:55:56,543 - Code.Dynamic_War_Manager.Source.Asset.Aircraft_Weapon_Data - WARNING - get_weapon_score - weapon 267gal_tank dict is None, return 0.0
2026-09-12 15:55:56,543 - Code.Dynamic_War_Manager.Source.Asset.Aircraft_Weapon_Data - WARNING - get_weapon_score - weapon 267gal_tank dict is None, return 0.0
2026-09-12 15:55:56,543 - Code.Dynamic_War_Manager.Source.Asset.Aircraft_Weapon_Data - WARNING - get_weapon_score - weapon 267gal_tank dict is None, return 0.0
2026-09-12 15:55:56,544 - Code.Dynamic_War_Manager.Source.Asset.Aircraft_Weapon_Data - WARNING - get_weapon_score - weapon 267gal_tank dict is None, return 0.0
2026-09-12 15:55:56,544 - Code.Dynamic_War_Manager.Source.Asset.Aircraft_Weapon_Data - WARNING - get_weapon_score - weapon 267gal_tank dict is None, return 0.0
2026-09-12 15:55:56,544 - Code.Dynamic_War_Manager.Source.Asset.Aircraft_Weapon_Data - WARNING - get_weapon_score - weapon 267gal_tank dict is None, return 0.0
2026-09-12 15:55:56,545 - Code.Dynamic_War_Manager.Source.Asset.Aircraft_Weapon_Data - WARNING - get_weapon_score - weapon 600gal_tank dict is None, return 0.0
2026-09-12 15:55:56,545 - Code.Dynamic_War_Manager.Source.Asset.Aircraft_Weapon_Data - WARNING - get_weapon_score - weapon 600gal_tank dict is None, return 0.0
2026-09-12 15:55:56,546 - Code.Dynamic_War_Manager.Source.Asset.Aircraft_Weapon_Data - WARNING - get_weapon_score - weapon 600gal_tank dict is None, return 0.0
2026-09-12 15:55:56,546 - Code.Dynamic_War_Manager.Source.Asset.Aircraft_Weapon_Data - WARNING - get_weapon_score - weapon 600gal_tank dict is None, return 0.0
2026-09-12 15:55:56,547 - Code.Dynamic_War_Manager.Source.Asset.Aircraft_Weapon_Data - WARNING - get_weapon_score - weapon 330gal_tank dict is None, return 0.0
2026-09-12 15:55:56,548 - Code.Dynamic_War_Manager.Source.Asset.Aircraft_Weapon_Data - WARNING - get_weapon_score - weapon 330gal_tank dict is None, return 0.0
2026-09-12 15:55:56,548 - Code.Dynamic_War_Manager.Source.Asset.Aircraft_Weapon_Data - WARNING - get_weapon_score - weapon 330gal_tank dict is None, return 0.0
2026-09-12 15:55:56,549 - Code.Dynamic_War_Manager.Source.Asset.Aircraft_Weapon_Data - WARNING - get_weapon_score - weapon 330gal_tank dict is None, return 0.0
2026-09-12 15:55:56,549 - Code.Dynamic_War_Manager.Source.Asset.Aircraft_Weapon_Data - WARNING - get_weapon_score - weapon 330gal_tank dict is None, return 0.0
2026-09-12 15:55:56,549 - Code.Dynamic_War_Manager.Source.Asset.Aircraft_Weapon_Data - WARNING - get_weapon_score - weapon 330gal_tank dict is None, return 0.0
2026-09-12 15:55:56,550 - Code.Dynamic_War_Manager.Source.Asset.Aircraft_Weapon_Data - WARNING - get_weapon_score - weapon 330gal_tank dict is None, return 0.0
2026-09-12 15:55:56,550 - Code.Dynamic_War_Manager.Source.Asset.Aircraft_Weapon_Data - WARNING - get_weapon_score - weapon 330gal_tank dict is None, return 0.0
2026-09-12 15:55:56,551 - Code.Dynamic_War_Manager.Source.Asset.Aircraft_Weapon_Data - WARNING - get_weapon_score - weapon 330gal_tank dict is None, return 0.0
2026-09-12 15:55:56,551 - Code.Dynamic_War_Manager.Source.Asset.Aircraft_Weapon_Data - WARNING - get_weapon_score - weapon 330gal_tank dict is None, return 0.0
2026-09-12 15:55:56,552 - Code.Dynamic_War_Manager.Source.Asset.Aircraft_Weapon_Data - WARNING - get_weapon_score - weapon 330gal_tank dict is None, return 0.0
2026-09-12 15:55:56,552 - Code.Dynamic_War_Manager.Source.Asset.Aircraft_Weapon_Data - WARNING - get_weapon_score - weapon 330gal_tank dict is None, return 0.0
2026-09-12 15:55:56,552 - Code.Dynamic_War_Manager.Source.Asset.Aircraft_Weapon_Data - WARNING - get_weapon_score - weapon 330gal_tank dict is None, return 0.0
2026-09-12 15:55:56,553 - Code.Dynamic_War_Manager.Source.Asset.Aircraft_Weapon_Data - WARNING - get_weapon_score - weapon 330gal_tank dict is None, return 0.0
2026-09-12 15:55:56,553 - Code.Dynamic_War_Manager.Source.Asset.Aircraft_Weapon_Data - WARNING - get_weapon_score - weapon 600gal_tank dict is None, return 0.0
2026-09-12 15:55:56,554 - Code.Dynamic_War_Manager.Source.Asset.Aircraft_Weapon_Data - WARNING - get_weapon_score - weapon 600gal_tank dict is None, return 0.0
2026-09-12 15:55:56,554 - Code.Dynamic_War_Manager.Source.Asset.Aircraft_Weapon_Data - WARNING - get_weapon_score - weapon 275gal_tank dict is None, return 0.0
2026-09-12 15:55:56,555 - Code.Dynamic_War_Manager.Source.Asset.Aircraft_Weapon_Data - WARNING - get_weapon_score - weapon 275gal_tank dict is None, return 0.0
2026-09-12 15:55:56,556 - Code.Dynamic_War_Manager.Source.Asset.Aircraft_Weapon_Data - WARNING - get_weapon_score - weapon 370gal_tank dict is None, return 0.0
2026-09-12 15:55:56,556 - Code.Dynamic_War_Manager.Source.Asset.Aircraft_Weapon_Data - WARNING - get_weapon_score - weapon 370gal_tank dict is None, return 0.0
2026-09-12 15:55:56,557 - Code.Dynamic_War_Manager.Source.Asset.Aircraft_Weapon_Data - WARNING - get_weapon_score - weapon 370gal_tank dict is None, return 0.0
2026-09-12 15:55:56,557 - Code.Dynamic_War_Manager.Source.Asset.Aircraft_Weapon_Data - WARNING - get_weapon_score - weapon 370gal_tank dict is None, return 0.0
2026-09-12 15:55:56,557 - Code.Dynamic_War_Manager.Source.Asset.Aircraft_Weapon_Data - WARNING - get_weapon_score - weapon 370gal_tank dict is None, return 0.0
2026-09-12 15:55:56,558 - Code.Dynamic_War_Manager.Source.Asset.Aircraft_Weapon_Data - WARNING - get_weapon_score - weapon 370gal_tank dict is None, return 0.0
2026-09-12 15:55:56,558 - Code.Dynamic_War_Manager.Source.Asset.Aircraft_Weapon_Data - WARNING - get_weapon_score - weapon 370gal_tank dict is None, return 0.0
2026-09-12 15:55:56,558 - Code.Dynamic_War_Manager.Source.Asset.Aircraft_Weapon_Data - WARNING - get_weapon_score - weapon 370gal_tank dict is None, return 0.0
2026-09-12 15:55:56,559 - Code.Dynamic_War_Manager.Source.Asset.Aircraft_Weapon_Data - WARNING - get_weapon_score - weapon 370gal_tank dict is None, return 0.0
2026-09-12 15:55:56,559 - Code.Dynamic_War_Manager.Source.Asset.Aircraft_Weapon_Data - WARNING - get_weapon_score - weapon 370gal_tank dict is None, return 0.0
2026-09-12 15:55:56,560 - Code.Dynamic_War_Manager.Source.Asset.Aircraft_Weapon_Data - WARNING - get_weapon_score - weapon 370gal_tank dict is None, return 0.0
2026-09-12 15:55:56,560 - Code.Dynamic_War_Manager.Source.Asset.Aircraft_Weapon_Data - WARNING - get_weapon_score - weapon 370gal_tank dict is None, return 0.0
2026-09-12 15:55:56,564 - Code.Dynamic_War_Manager.Source.Asset.Aircraft_Weapon_Data - WARNING - get_weapon_score - weapon 150gal_tank dict is None, return 0.0
2026-09-12 15:55:56,569 - Code.Dynamic_War_Manager.Source.Asset.Aircraft_Weapon_Data - WARNING - get_weapon_score - weapon 1300L_tank dict is None, return 0.0
2026-09-12 15:55:56,570 - Code.Dynamic_War_Manager.Source.Asset.Aircraft_Weapon_Data - WARNING - get_weapon_score - weapon 1300L_tank dict is None, return 0.0
2026-09-12 15:55:56,572 - Code.Dynamic_War_Manager.Source.Asset.Aircraft_Weapon_Data - WARNING - get_weapon_score - weapon 800L_tank dict is None, return 0.0
2026-09-12 15:55:56,572 - Code.Dynamic_War_Manager.Source.Asset.Aircraft_Weapon_Data - WARNING - get_weapon_score - weapon 800L_tank dict is None, return 0.0
2026-09-12 15:55:56,573 - Code.Dynamic_War_Manager.Source.Asset.Aircraft_Weapon_Data - WARNING - get_weapon_score - weapon 800L_tank dict is None, return 0.0
2026-09-12 15:55:56,583 - Code.Dynamic_War_Manager.Source.Asset.Aircraft_Weapon_Data - WARNING - get_weapon_score - weapon PTB-1500 dict is None, return 0.0
2026-09-12 15:55:56,583 - Code.Dynamic_War_Manager.Source.Asset.Aircraft_Weapon_Data - WARNING - get_weapon_score - weapon PTB-1500 dict is None, return 0.0
2026-09-12 15:55:56,584 - Code.Dynamic_War_Manager.Source.Asset.Aircraft_Weapon_Data - WARNING - get_weapon_score - weapon PTB-1500 dict is None, return 0.0
2026-09-12 15:55:56,584 - Code.Dynamic_War_Manager.Source.Asset.Aircraft_Weapon_Data - WARNING - get_weapon_score - weapon PTB-1500 dict is None, return 0.0
2026-09-12 15:55:56,585 - Code.Dynamic_War_Manager.Source.Asset.Aircraft_Weapon_Data - WARNING - get_weapon_score - weapon PTB-1500 dict is None, return 0.0
2026-09-12 15:55:57,730 - Code.Dynamic_War_Manager.Source.Asset.Aircraft_Weapon_Data - WARNING - is_weapon_introduced - weapon 267gal_tank unknow
2026-09-12 15:55:57,730 - Code.Dynamic_War_Manager.Source.Asset.Aircraft_Weapon_Data - WARNING - is_weapon_introduced - weapon 267gal_tank unknow
2026-09-12 15:55:57,730 - Code.Dynamic_War_Manager.Source.Asset.Aircraft_Weapon_Data - WARNING - is_weapon_introduced - weapon 267gal_tank unknow
2026-09-12 15:55:57,730 - Code.Dynamic_War_Manager.Source.Asset.Aircraft_Weapon_Data - WARNING - is_weapon_introduced - weapon 267gal_tank unknow
2026-09-12 15:55:57,732 - Code.Dynamic_War_Manager.Source.Asset.Aircraft_Weapon_Data - WARNING - is_weapon_introduced - weapon 267gal_tank unknow
2026-09-12 15:55:57,732 - Code.Dynamic_War_Manager.Source.Asset.Aircraft_Weapon_Data - WARNING - is_weapon_introduced - weapon 267gal_tank unknow
2026-09-12 15:55:57,732 - Code.Dynamic_War_Manager.Source.Asset.Aircraft_Weapon_Data - WARNING - is_weapon_introduced - weapon 267gal_tank unknow
2026-09-12 15:55:57,732 - Code.Dynamic_War_Manager.Source.Asset.Aircraft_Weapon_Data - WARNING - is_weapon_introduced - weapon 267gal_tank unknow
2026-09-12 16:15:22,947 - Code.Dynamic_War_Manager.Source.Asset.Aircraft_Weapon_Data - WARNING - get_weapon_score - weapon 370gal_tank dict is None, return 0.0
2026-09-12 16:15:22,948 - Code.Dynamic_War_Manager.Source.Asset.Aircraft_Weapon_Data - WARNING - get_weapon_score - weapon 370gal_tank dict is None, return 0.0
2026-09-12 16:15:22,949 - Code.Dynamic_War_Manager.Source.Asset.Aircraft_Weapon_Data - WARNING - get_weapon_score - weapon 370gal_tank dict is None, return 0.0
2026-09-12 16:15:22,949 - Code.Dynamic_War_Manager.Source.Asset.Aircraft_Weapon_Data - WARNING - get_weapon_score - weapon 370gal_tank dict is None, return 0.0
2026-09-12 16:15:22,950 - Code.Dynamic_War_Manager.Source.Asset.Aircraft_Weapon_Data - WARNING - get_weapon_score - weapon 267gal_tank dict is None, return 0.0
2026-09-12 16:15:22,950 - Code.Dynamic_War_Manager.Source.Asset.Aircraft_Weapon_Data - WARNING - get_weapon_score - weapon 267gal_tank dict is None, return 0.0
2026-09-12 16:15:22,950 - Code.Dynamic_War_Manager.Source.Asset.Aircraft_Weapon_Data - WARNING - get_weapon_score - weapon 267gal_tank dict is None, return 0.0
2026-09-12 16:15:22,950 - Code.Dynamic_War_Manager.Source.Asset.Aircraft_Weapon_Data - WARNING - get_weapon_score - weapon 267gal_tank dict is None, return 0.0
2026-09-12 16:15:22,951 - Code.Dynamic_War_Manager.Source.Asset.Aircraft_Weapon_Data - WARNING - get_weapon_score - weapon 267gal_tank dict is None, return 0.0
2026-09-12 16:15:22,951 - Code.Dynamic_War_Manager.Source.Asset.Aircraft_Weapon_Data - WARNING - get_weapon_score - weapon 267gal_tank dict is None, return 0.0
2026-09-12 16:15:22,952 - Code.Dynamic_War_Manager.Source.Asset.Aircraft_Weapon_Data - WARNING - get_weapon_score - weapon 267gal_tank dict is None, return 0.0
2026-09-12 16:15:22,952 - Code.Dynamic_War_Manager.Source.Asset.Aircraft_Weapon_Data - WARNING - get_weapon_score - weapon 267gal_tank dict is None, return 0.0
2026-09-12 16:15:22,952 - Code.Dynamic_War_Manager.Source.Asset.Aircraft_Weapon_Data - WARNING - get_weapon_score - weapon 267gal_tank dict is None, return 0.0
2026-09-12 16:15:22,952 - Code.Dynamic_War_Manager.Source.Asset.Aircraft_Weapon_Data - WARNING - get_weapon_score - weapon 267gal_tank dict is None, return 0.0
2026-09-12 16:15:22,953 - Code.Dynamic_War_Manager.Source.Asset.Aircraft_Weapon_Data - WARNING - get_weapon_score - weapon 267gal_tank dict is None, return 0.0
2026-09-12 16:15:22,953 - Code.Dynamic_War_Manager.Source.Asset.Aircraft_Weapon_Data - WARNING - get_weapon_score - weapon 267gal_tank dict is None, return 0.0
2026-09-12 16:15:22,953 - Code.Dynamic_War_Manager.Source.Asset.Aircraft_Weapon_Data - WARNING - get_weapon_score - weapon 267gal_tank dict is None, return 0.0
2026-09-12 16:15:22,954 - Code.Dynamic_War_Manager.Source.Asset.Aircraft_Weapon_Data - WARNING - get_weapon_score - weapon 600gal_tank dict is None, return 0.0
2026-09-12 16:15:22,954 - Code.Dynamic_War_Manager.Source.Asset.Aircraft_Weapon_Data - WARNING - get_weapon_score - weapon 600gal_tank dict is None, return 0.0
2026-09-12 16:15:22,955 - Code.Dynamic_War_Manager.Source.Asset.Aircraft_Weapon_Data - WARNING - get_weapon_score - weapon 600gal_tank dict is None, return 0.0
2026-09-12 16:15:22,955 - Code.Dynamic_War_Manager.Source.Asset.Aircraft_Weapon_Data - WARNING - get_weapon_score - weapon 600gal_tank dict is None, return 0.0
2026-09-12 16:15:22,956 - Code.Dynamic_War_Manager.Source.Asset.Aircraft_Weapon_Data - WARNING - get_weapon_score - weapon 330gal_tank dict is None, return 0.0
2026-09-12 16:15:22,957 - Code.Dynamic_War_Manager.Source.Asset.Aircraft_Weapon_Data - WARNING - get_weapon_score - weapon 330gal_tank dict is None, return 0.0
2026-09-12 16:15:22,957 - Code.Dynamic_War_Manager.Source.Asset.Aircraft_Weapon_Data - WARNING - get_weapon_score - weapon 330gal_tank dict is None, return 0.0
2026-09-12 16:15:22,958 - Code.Dynamic_War_Manager.Source.Asset.Aircraft_Weapon_Data - WARNING - get_weapon_score - weapon 330gal_tank dict is None, return 0.0
2026-09-12 16:15:22,958 - Code.Dynamic_War_Manager.Source.Asset.Aircraft_Weapon_Data - WARNING - get_weapon_score - weapon 330gal_tank dict is None, return 0.0
2026-09-12 16:15:22,959 - Code.Dynamic_War_Manager.Source.Asset.Aircraft_Weapon_Data - WARNING - get_weapon_score - weapon 330gal_tank dict is None, return 0.0
2026-09-12 16:15:22,959 - Code.Dynamic_War_Manager.Source.Asset.Aircraft_Weapon_Data - WARNING - get_weapon_score - weapon 330gal_tank dict is None, return 0.0
2026-09-12 16:15:22,960 - Code.Dynamic_War_Manager.Source.Asset.Aircraft_Weapon_Data - WARNING - get_weapon_score - weapon 330gal_tank dict is None, return 0.0
2026-09-12 16:15:22,960 - Code.Dynamic_War_Manager.Source.Asset.Aircraft_Weapon_Data - WARNING - get_weapon_score - weapon 330gal_tank dict is None, return 0.0
2026-09-12 16:15:22,960 - Code.Dynamic_War_Manager.Source.Asset.Aircraft_Weapon_Data - WARNING - get_weapon_score - weapon 330gal_tank dict is None, return 0.0
2026-09-12 16:15:22,961 - Code.Dynamic_War_Manager.Source.Asset.Aircraft_Weapon_Data - WARNING - get_weapon_score - weapon 330gal_tank dict is None, return 0.0
2026-09-12 16:15:22,961 - Code.Dynamic_War_Manager.Source.Asset.Aircraft_Weapon_Data - WARNING - get_weapon_score - weapon 330gal_tank dict is None, return 0.0
2026-09-12 16:15:22,961 - Code.Dynamic_War_Manager.Source.Asset.Aircraft_Weapon_Data - WARNING - get_weapon_score - weapon 330gal_tank dict is None, return 0.0
2026-09-12 16:15:22,962 - Code.Dynamic_War_Manager.Source.Asset.Aircraft_Weapon_Data - WARNING - get_weapon_score - weapon 330gal_tank dict is None, return 0.0
2026-09-12 16:15:22,962 - Code.Dynamic_War_Manager.Source.Asset.Aircraft_Weapon_Data - WARNING - get_weapon_score - weapon 600gal_tank dict is None, return 0.0
2026-09-12 16:15:22,963 - Code.Dynamic_War_Manager.Source.Asset.Aircraft_Weapon_Data - WARNING - get_weapon_score - weapon 600gal_tank dict is None, return 0.0
2026-09-12 16:15:22,963 - Code.Dynamic_War_Manager.Source.Asset.Aircraft_Weapon_Data - WARNING - get_weapon_score - weapon 275gal_tank dict is None, return 0.0
2026-09-12 16:15:22,964 - Code.Dynamic_War_Manager.Source.Asset.Aircraft_Weapon_Data - WARNING - get_weapon_score - weapon 275gal_tank dict is None, return 0.0
2026-09-12 16:15:22,965 - Code.Dynamic_War_Manager.Source.Asset.Aircraft_Weapon_Data - WARNING - get_weapon_score - weapon 370gal_tank dict is None, return 0.0
2026-09-12 16:15:22,965 - Code.Dynamic_War_Manager.Source.Asset.Aircraft_Weapon_Data - WARNING - get_weapon_score - weapon 370gal_tank dict is None, return 0.0
2026-09-12 16:15:22,966 - Code.Dynamic_War_Manager.Source.Asset.Aircraft_Weapon_Data - WARNING - get_weapon_score - weapon 370gal_tank dict is None, return 0.0
2026-09-12 16:15:22,966 - Code.Dynamic_War_Manager.Source.Asset.Aircraft_Weapon_Data - WARNING - get_weapon_score - weapon 370gal_tank dict is None, return 0.0
2026-09-12 16:15:22,966 - Code.Dynamic_War_Manager.Source.Asset.Aircraft_Weapon_Data - WARNING - get_weapon_score - weapon 370gal_tank dict is None, return 0.0
2026-09-12 16:15:22,967 - Code.Dynamic_War_Manager.Source.Asset.Aircraft_Weapon_Data - WARNING - get_weapon_score - weapon 370gal_tank dict is None, return 0.0
2026-09-12 16:15:22,967 - Code.Dynamic_War_Manager.Source.Asset.Aircraft_Weapon_Data - WARNING - get_weapon_score - weapon 370gal_tank dict is None, return 0.0
2026-09-12 16:15:22,967 - Code.Dynamic_War_Manager.Source.Asset.Aircraft_Weapon_Data - WARNING - get_weapon_score - weapon 370gal_tank dict is None, return 0.0
2026-09-12 16:15:22,968 - Code.Dynamic_War_Manager.Source.Asset.Aircraft_Weapon_Data - WARNING - get_weapon_score - weapon 370gal_tank dict is None, return 0.0
2026-09-12 16:15:22,968 - Code.Dynamic_War_Manager.Source.Asset.Aircraft_Weapon_Data - WARNING - get_weapon_score - weapon 370gal_tank dict is None, return 0.0
2026-09-12 16:15:22,968 - Code.Dynamic_War_Manager.Source.Asset.Aircraft_Weapon_Data - WARNING - get_weapon_score - weapon 370gal_tank dict is None, return 0.0
2026-09-12 16:15:22,969 - Code.Dynamic_War_Manager.Source.Asset.Aircraft_Weapon_Data - WARNING - get_weapon_score - weapon 370gal_tank dict is None, return 0.0
2026-09-12 16:15:22,973 - Code.Dynamic_War_Manager.Source.Asset.Aircraft_Weapon_Data - WARNING - get_weapon_score - weapon 150gal_tank dict is None, return 0.0
2026-09-12 16:15:22,978 - Code.Dynamic_War_Manager.Source.Asset.Aircraft_Weapon_Data - WARNING - get_weapon_score - weapon 1300L_tank dict is None, return 0.0
2026-09-12 16:15:22,978 - Code.Dynamic_War_Manager.Source.Asset.Aircraft_Weapon_Data - WARNING - get_weapon_score - weapon 1300L_tank dict is None, return 0.0
2026-09-12 16:15:22,980 - Code.Dynamic_War_Manager.Source.Asset.Aircraft_Weapon_Data - WARNING - get_weapon_score - weapon 800L_tank dict is None, return 0.0
2026-09-12 16:15:22,981 - Code.Dynamic_War_Manager.Source.Asset.Aircraft_Weapon_Data - WARNING - get_weapon_score - weapon 800L_tank dict is None, return 0.0
2026-09-12 16:15:22,981 - Code.Dynamic_War_Manager.Source.Asset.Aircraft_Weapon_Data - WARNING - get_weapon_score - weapon 800L_tank dict is None, return 0.0
2026-09-12 16:15:22,991 - Code.Dynamic_War_Manager.Source.Asset.Aircraft_Weapon_Data - WARNING - get_weapon_score - weapon PTB-1500 dict is None, return 0.0
2026-09-12 16:15:22,992 - Code.Dynamic_War_Manager.Source.Asset.Aircraft_Weapon_Data - WARNING - get_weapon_score - weapon PTB-1500 dict is None, return 0.0
2026-09-12 16:15:22,992 - Code.Dynamic_War_Manager.Source.Asset.Aircraft_Weapon_Data - WARNING - get_weapon_score - weapon PTB-1500 dict is None, return 0.0
2026-09-12 16:15:22,992 - Code.Dynamic_War_Manager.Source.Asset.Aircraft_Weapon_Data - WARNING - get_weapon_score - weapon PTB-1500 dict is None, return 0.0
2026-09-12 16:15:22,993 - Code.Dynamic_War_Manager.Source.Asset.Aircraft_Weapon_Data - WARNING - get_weapon_score - weapon PTB-1500 dict is None, return 0.0
2026-09-12 16:16:33,967 - Code.Dynamic_War_Manager.Source.Asset.Aircraft_Weapon_Data - WARNING - get_weapon_score - weapon 370gal_tank dict is None, return 0.0
2026-09-12 16:16:33,967 - Code.Dynamic_War_Manager.Source.Asset.Aircraft_Weapon_Data - WARNING - get_weapon_score - weapon 370gal_tank dict is None, return 0.0
2026-09-12 16:16:33,967 - Code.Dynamic_War_Manager.Source.Asset.Aircraft_Weapon_Data - WARNING - get_weapon_score - weapon 370gal_tank dict is None, return 0.0
2026-09-12 16:16:33,968 - Code.Dynamic_War_Manager.Source.Asset.Aircraft_Weapon_Data - WARNING - get_weapon_score - weapon 370gal_tank dict is None, return 0.0
2026-09-12 16:16:33,968 - Code.Dynamic_War_Manager.Source.Asset.Aircraft_Weapon_Data - WARNING - get_weapon_score - weapon 267gal_tank dict is None, return 0.0
2026-09-12 16:16:33,969 - Code.Dynamic_War_Manager.Source.Asset.Aircraft_Weapon_Data - WARNING - get_weapon_score - weapon 267gal_tank dict is None, return 0.0
2026-09-12 16:16:33,969 - Code.Dynamic_War_Manager.Source.Asset.Aircraft_Weapon_Data - WARNING - get_weapon_score - weapon 267gal_tank dict is None, return 0.0
2026-09-12 16:16:33,969 - Code.Dynamic_War_Manager.Source.Asset.Aircraft_Weapon_Data - WARNING - get_weapon_score - weapon 267gal_tank dict is None, return 0.0
2026-09-12 16:16:33,970 - Code.Dynamic_War_Manager.Source.Asset.Aircraft_Weapon_Data - WARNING - get_weapon_score - weapon 267gal_tank dict is None, return 0.0
2026-09-12 16:16:33,970 - Code.Dynamic_War_Manager.Source.Asset.Aircraft_Weapon_Data - WARNING - get_weapon_score - weapon 267gal_tank dict is None, return 0.0
2026-09-12 16:16:33,970 - Code.Dynamic_War_Manager.Source.Asset.Aircraft_Weapon_Data - WARNING - get_weapon_score - weapon 267gal_tank dict is None, return 0.0
2026-09-12 16:16:33,970 - Code.Dynamic_War_Manager.Source.Asset.Aircraft_Weapon_Data - WARNING - get_weapon_score - weapon 267gal_tank dict is None, return 0.0
2026-09-12 16:16:33,971 - Code.Dynamic_War_Manager.Source.Asset.Aircraft_Weapon_Data - WARNING - get_weapon_score - weapon 267gal_tank dict is None, return 0.0
2026-09-12 16:16:33,971 - Code.Dynamic_War_Manager.Source.Asset.Aircraft_Weapon_Data - WARNING - get_weapon_score - weapon 267gal_tank dict is None, return 0.0
2026-09-12 16:16:33,972 - Code.Dynamic_War_Manager.Source.Asset.Aircraft_Weapon_Data - WARNING - get_weapon_score - weapon 267gal_tank dict is None, return 0.0
2026-09-12 16:16:33,972 - Code.Dynamic_War_Manager.Source.Asset.Aircraft_Weapon_Data - WARNING - get_weapon_score - weapon 267gal_tank dict is None, return 0.0
2026-09-12 16:16:33,972 - Code.Dynamic_War_Manager.Source.Asset.Aircraft_Weapon_Data - WARNING - get_weapon_score - weapon 267gal_tank dict is None, return 0.0
2026-09-12 16:16:33,973 - Code.Dynamic_War_Manager.Source.Asset.Aircraft_Weapon_Data - WARNING - get_weapon_score - weapon 600gal_tank dict is None, return 0.0
2026-09-12 16:16:33,973 - Code.Dynamic_War_Manager.Source.Asset.Aircraft_Weapon_Data - WARNING - get_weapon_score - weapon 600gal_tank dict is None, return 0.0
2026-09-12 16:16:33,974 - Code.Dynamic_War_Manager.Source.Asset.Aircraft_Weapon_Data - WARNING - get_weapon_score - weapon 600gal_tank dict is None, return 0.0
2026-09-12 16:16:33,974 - Code.Dynamic_War_Manager.Source.Asset.Aircraft_Weapon_Data - WARNING - get_weapon_score - weapon 600gal_tank dict is None, return 0.0
2026-09-12 16:16:33,975 - Code.Dynamic_War_Manager.Source.Asset.Aircraft_Weapon_Data - WARNING - get_weapon_score - weapon 330gal_tank dict is None, return 0.0
2026-09-12 16:16:33,975 - Code.Dynamic_War_Manager.Source.Asset.Aircraft_Weapon_Data - WARNING - get_weapon_score - weapon 330gal_tank dict is None, return 0.0
2026-09-12 16:16:33,976 - Code.Dynamic_War_Manager.Source.Asset.Aircraft_Weapon_Data - WARNING - get_weapon_score - weapon 330gal_tank dict is None, return 0.0
2026-09-12 16:16:33,976 - Code.Dynamic_War_Manager.Source.Asset.Aircraft_Weapon_Data - WARNING - get_weapon_score - weapon 330gal_tank dict is None, return 0.0
2026-09-12 16:16:33,977 - Code.Dynamic_War_Manager.Source.Asset.Aircraft_Weapon_Data - WARNING - get_weapon_score - weapon 330gal_tank dict is None, return 0.0
2026-09-12 16:16:33,977 - Code.Dynamic_War_Manager.Source.Asset.Aircraft_Weapon_Data - WARNING - get_weapon_score - weapon 330gal_tank dict is None, return 0.0
2026-09-12 16:16:33,978 - Code.Dynamic_War_Manager.Source.Asset.Aircraft_Weapon_Data - WARNING - get_weapon_score - weapon 330gal_tank dict is None, return 0.0
2026-09-12 16:16:33,978 - Code.Dynamic_War_Manager.Source.Asset.Aircraft_Weapon_Data - WARNING - get_weapon_score - weapon 330gal_tank dict is None, return 0.0
2026-09-12 16:16:33,979 - Code.Dynamic_War_Manager.Source.Asset.Aircraft_Weapon_Data - WARNING - get_weapon_score - weapon 330gal_tank dict is None, return 0.0
2026-09-12 16:16:33,979 - Code.Dynamic_War_Manager.Source.Asset.Aircraft_Weapon_Data - WARNING - get_weapon_score - weapon 330gal_tank dict is None, return 0.0
2026-09-12 16:16:33,979 - Code.Dynamic_War_Manager.Source.Asset.Aircraft_Weapon_Data - WARNING - get_weapon_score - weapon 330gal_tank dict is None, return 0.0
2026-09-12 16:16:33,980 - Code.Dynamic_War_Manager.Source.Asset.Aircraft_Weapon_Data - WARNING - get_weapon_score - weapon 330gal_tank dict is None, return 0.0
2026-09-12 16:16:33,980 - Code.Dynamic_War_Manager.Source.Asset.Aircraft_Weapon_Data - WARNING - get_weapon_score - weapon 330gal_tank dict is None, return 0.0
2026-09-12 16:16:33,980 - Code.Dynamic_War_Manager.Source.Asset.Aircraft_Weapon_Data - WARNING - get_weapon_score - weapon 330gal_tank dict is None, return 0.0
2026-09-12 16:16:33,981 - Code.Dynamic_War_Manager.Source.Asset.Aircraft_Weapon_Data - WARNING - get_weapon_score - weapon 600gal_tank dict is None, return 0.0
2026-09-12 16:16:33,981 - Code.Dynamic_War_Manager.Source.Asset.Aircraft_Weapon_Data - WARNING - get_weapon_score - weapon 600gal_tank dict is None, return 0.0
2026-09-12 16:16:33,982 - Code.Dynamic_War_Manager.Source.Asset.Aircraft_Weapon_Data - WARNING - get_weapon_score - weapon 275gal_tank dict is None, return 0.0
2026-09-12 16:16:33,982 - Code.Dynamic_War_Manager.Source.Asset.Aircraft_Weapon_Data - WARNING - get_weapon_score - weapon 275gal_tank dict is None, return 0.0
2026-09-12 16:16:33,983 - Code.Dynamic_War_Manager.Source.Asset.Aircraft_Weapon_Data - WARNING - get_weapon_score - weapon 370gal_tank dict is None, return 0.0
2026-09-12 16:16:33,984 - Code.Dynamic_War_Manager.Source.Asset.Aircraft_Weapon_Data - WARNING - get_weapon_score - weapon 370gal_tank dict is None, return 0.0
2026-09-12 16:16:33,984 - Code.Dynamic_War_Manager.Source.Asset.Aircraft_Weapon_Data - WARNING - get_weapon_score - weapon 370gal_tank dict is None, return 0.0
2026-09-12 16:16:33,985 - Code.Dynamic_War_Manager.Source.Asset.Aircraft_Weapon_Data - WARNING - get_weapon_score - weapon 370gal_tank dict is None, return 0.0
2026-09-12 16:16:33,985 - Code.Dynamic_War_Manager.Source.Asset.Aircraft_Weapon_Data - WARNING - get_weapon_score - weapon 370gal_tank dict is None, return 0.0
2026-09-12 16:16:33,985 - Code.Dynamic_War_Manager.Source.Asset.Aircraft_Weapon_Data - WARNING - get_weapon_score - weapon 370gal_tank dict is None, return 0.0
2026-09-12 16:16:33,986 - Code.Dynamic_War_Manager.Source.Asset.Aircraft_Weapon_Data - WARNING - get_weapon_score - weapon 370gal_tank dict is None, return 0.0
2026-09-12 16:16:33,986 - Code.Dynamic_War_Manager.Source.Asset.Aircraft_Weapon_Data - WARNING - get_weapon_score - weapon 370gal_tank dict is None, return 0.0
2026-09-12 16:16:33,986 - Code.Dynamic_War_Manager.Source.Asset.Aircraft_Weapon_Data - WARNING - get_weapon_score - weapon 370gal_tank dict is None, return 0.0
2026-09-12 16:16:33,987 - Code.Dynamic_War_Manager.Source.Asset.Aircraft_Weapon_Data - WARNING - get_weapon_score - weapon 370gal_tank dict is None, return 0.0
2026-09-12 16:16:33,987 - Code.Dynamic_War_Manager.Source.Asset.Aircraft_Weapon_Data - WARNING - get_weapon_score - weapon 370gal_tank dict is None, return 0.0
2026-09-12 16:16:33,988 - Code.Dynamic_War_Manager.Source.Asset.Aircraft_Weapon_Data - WARNING - get_weapon_score - weapon 370gal_tank dict is None, return 0.0
2026-09-12 16:16:33,992 - Code.Dynamic_War_Manager.Source.Asset.Aircraft_Weapon_Data - WARNING - get_weapon_score - weapon 150gal_tank dict is None, return 0.0
2026-09-12 16:16:33,997 - Code.Dynamic_War_Manager.Source.Asset.Aircraft_Weapon_Data - WARNING - get_weapon_score - weapon 1300L_tank dict is None, return 0.0
2026-09-12 16:16:33,998 - Code.Dynamic_War_Manager.Source.Asset.Aircraft_Weapon_Data - WARNING - get_weapon_score - weapon 1300L_tank dict is None, return 0.0
2026-09-12 16:16:33,999 - Code.Dynamic_War_Manager.Source.Asset.Aircraft_Weapon_Data - WARNING - get_weapon_score - weapon 800L_tank dict is None, return 0.0
2026-09-12 16:16:34,000 - Code.Dynamic_War_Manager.Source.Asset.Aircraft_Weapon_Data - WARNING - get_weapon_score - weapon 800L_tank dict is None, return 0.0
2026-09-12 16:16:34,000 - Code.Dynamic_War_Manager.Source.Asset.Aircraft_Weapon_Data - WARNING - get_weapon_score - weapon 800L_tank dict is None, return 0.0
2026-09-12 16:16:34,010 - Code.Dynamic_War_Manager.Source.Asset.Aircraft_Weapon_Data - WARNING - get_weapon_score - weapon PTB-1500 dict is None, return 0.0
2026-09-12 16:16:34,011 - Code.Dynamic_War_Manager.Source.Asset.Aircraft_Weapon_Data - WARNING - get_weapon_score - weapon PTB-1500 dict is None, return 0.0
2026-09-12 16:16:34,011 - Code.Dynamic_War_Manager.Source.Asset.Aircraft_Weapon_Data - WARNING - get_weapon_score - weapon PTB-1500 dict is None, return 0.0
2026-09-12 16:16:34,012 - Code.Dynamic_War_Manager.Source.Asset.Aircraft_Weapon_Data - WARNING - get_weapon_score - weapon PTB-1500 dict is None, return 0.0
2026-09-12 16:16:34,013 - Code.Dynamic_War_Manager.Source.Asset.Aircraft_Weapon_Data - WARNING - get_weapon_score - weapon PTB-1500 dict is None, return 0.0
2026-09-12 16:19:04,676 - Code.Dynamic_War_Manager.Source.Asset.Aircraft_Weapon_Data - WARNING - get_weapon_score - weapon 370gal_tank dict is None, return 0.0
2026-09-12 16:19:04,676 - Code.Dynamic_War_Manager.Source.Asset.Aircraft_Weapon_Data - WARNING - get_weapon_score - weapon 370gal_tank dict is None, return 0.0
2026-09-12 16:19:04,677 - Code.Dynamic_War_Manager.Source.Asset.Aircraft_Weapon_Data - WARNING - get_weapon_score - weapon 370gal_tank dict is None, return 0.0
2026-09-12 16:19:04,677 - Code.Dynamic_War_Manager.Source.Asset.Aircraft_Weapon_Data - WARNING - get_weapon_score - weapon 370gal_tank dict is None, return 0.0
2026-09-12 16:19:04,678 - Code.Dynamic_War_Manager.Source.Asset.Aircraft_Weapon_Data - WARNING - get_weapon_score - weapon 267gal_tank dict is None, return 0.0
2026-09-12 16:19:04,678 - Code.Dynamic_War_Manager.Source.Asset.Aircraft_Weapon_Data - WARNING - get_weapon_score - weapon 267gal_tank dict is None, return 0.0
2026-09-12 16:19:04,678 - Code.Dynamic_War_Manager.Source.Asset.Aircraft_Weapon_Data - WARNING - get_weapon_score - weapon 267gal_tank dict is None, return 0.0
2026-09-12 16:19:04,678 - Code.Dynamic_War_Manager.Source.Asset.Aircraft_Weapon_Data - WARNING - get_weapon_score - weapon 267gal_tank dict is None, return 0.0
2026-09-12 16:19:04,679 - Code.Dynamic_War_Manager.Source.Asset.Aircraft_Weapon_Data - WARNING - get_weapon_score - weapon 267gal_tank dict is None, return 0.0
2026-09-12 16:19:04,679 - Code.Dynamic_War_Manager.Source.Asset.Aircraft_Weapon_Data - WARNING - get_weapon_score - weapon 267gal_tank dict is None, return 0.0
2026-09-12 16:19:04,680 - Code.Dynamic_War_Manager.Source.Asset.Aircraft_Weapon_Data - WARNING - get_weapon_score - weapon 267gal_tank dict is None, return 0.0
2026-09-12 16:19:04,680 - Code.Dynamic_War_Manager.Source.Asset.Aircraft_Weapon_Data - WARNING - get_weapon_score - weapon 267gal_tank dict is None, return 0.0
2026-09-12 16:19:04,680 - Code.Dynamic_War_Manager.Source.Asset.Aircraft_Weapon_Data - WARNING - get_weapon_score - weapon 267gal_tank dict is None, return 0.0
2026-09-12 16:19:04,680 - Code.Dynamic_War_Manager.Source.Asset.Aircraft_Weapon_Data - WARNING - get_weapon_score - weapon 267gal_tank dict is None, return 0.0
2026-09-12 16:19:04,681 - Code.Dynamic_War_Manager.Source.Asset.Aircraft_Weapon_Data - WARNING - get_weapon_score - weapon 267gal_tank dict is None, return 0.0
2026-09-12 16:19:04,681 - Code.Dynamic_War_Manager.Source.Asset.Aircraft_Weapon_Data - WARNING - get_weapon_score - weapon 267gal_tank dict is None, return 0.0
2026-09-12 16:19:04,681 - Code.Dynamic_War_Manager.Source.Asset.Aircraft_Weapon_Data - WARNING - get_weapon_score - weapon 267gal_tank dict is None, return 0.0
2026-09-12 16:19:04,682 - Code.Dynamic_War_Manager.Source.Asset.Aircraft_Weapon_Data - WARNING - get_weapon_score - weapon 600gal_tank dict is None, return 0.0
2026-09-12 16:19:04,682 - Code.Dynamic_War_Manager.Source.Asset.Aircraft_Weapon_Data - WARNING - get_weapon_score - weapon 600gal_tank dict is None, return 0.0
2026-09-12 16:19:04,683 - Code.Dynamic_War_Manager.Source.Asset.Aircraft_Weapon_Data - WARNING - get_weapon_score - weapon 600gal_tank dict is None, return 0.0
2026-09-12 16:19:04,683 - Code.Dynamic_War_Manager.Source.Asset.Aircraft_Weapon_Data - WARNING - get_weapon_score - weapon 600gal_tank dict is None, return 0.0
2026-09-12 16:19:04,684 - Code.Dynamic_War_Manager.Source.Asset.Aircraft_Weapon_Data - WARNING - get_weapon_score - weapon 330gal_tank dict is None, return 0.0
2026-09-12 16:19:04,685 - Code.Dynamic_War_Manager.Source.Asset.Aircraft_Weapon_Data - WARNING - get_weapon_score - weapon 330gal_tank dict is None, return 0.0
2026-09-12 16:19:04,685 - Code.Dynamic_War_Manager.Source.Asset.Aircraft_Weapon_Data - WARNING - get_weapon_score - weapon 330gal_tank dict is None, return 0.0
2026-09-12 16:19:04,686 - Code.Dynamic_War_Manager.Source.Asset.Aircraft_Weapon_Data - WARNING - get_weapon_score - weapon 330gal_tank dict is None, return 0.0
2026-09-12 16:19:04,686 - Code.Dynamic_War_Manager.Source.Asset.Aircraft_Weapon_Data - WARNING - get_weapon_score - weapon 330gal_tank dict is None, return 0.0
2026-09-12 16:19:04,686 - Code.Dynamic_War_Manager.Source.Asset.Aircraft_Weapon_Data - WARNING - get_weapon_score - weapon 330gal_tank dict is None, return 0.0
2026-09-12 16:19:04,687 - Code.Dynamic_War_Manager.Source.Asset.Aircraft_Weapon_Data - WARNING - get_weapon_score - weapon 330gal_tank dict is None, return 0.0
2026-09-12 16:19:04,687 - Code.Dynamic_War_Manager.Source.Asset.Aircraft_Weapon_Data - WARNING - get_weapon_score - weapon 330gal_tank dict is None, return 0.0
2026-09-12 16:19:04,688 - Code.Dynamic_War_Manager.Source.Asset.Aircraft_Weapon_Data - WARNING - get_weapon_score - weapon 330gal_tank dict is None, return 0.0
2026-09-12 16:19:04,688 - Code.Dynamic_War_Manager.Source.Asset.Aircraft_Weapon_Data - WARNING - get_weapon_score - weapon 330gal_tank dict is None, return 0.0
2026-09-12 16:19:04,689 - Code.Dynamic_War_Manager.Source.Asset.Aircraft_Weapon_Data - WARNING - get_weapon_score - weapon 330gal_tank dict is None, return 0.0
2026-09-12 16:19:04,689 - Code.Dynamic_War_Manager.Source.Asset.Aircraft_Weapon_Data - WARNING - get_weapon_score - weapon 330gal_tank dict is None, return 0.0
2026-09-12 16:19:04,689 - Code.Dynamic_War_Manager.Source.Asset.Aircraft_Weapon_Data - WARNING - get_weapon_score - weapon 330gal_tank dict is None, return 0.0
2026-09-12 16:19:04,690 - Code.Dynamic_War_Manager.Source.Asset.Aircraft_Weapon_Data - WARNING - get_weapon_score - weapon 330gal_tank dict is None, return 0.0
2026-09-12 16:19:04,690 - Code.Dynamic_War_Manager.Source.Asset.Aircraft_Weapon_Data - WARNING - get_weapon_score - weapon 600gal_tank dict is None, return 0.0
2026-09-12 16:19:04,691 - Code.Dynamic_War_Manager.Source.Asset.Aircraft_Weapon_Data - WARNING - get_weapon_score - weapon 600gal_tank dict is None, return 0.0
2026-09-12 16:19:04,691 - Code.Dynamic_War_Manager.Source.Asset.Aircraft_Weapon_Data - WARNING - get_weapon_score - weapon 275gal_tank dict is None, return 0.0
2026-09-12 16:19:04,692 - Code.Dynamic_War_Manager.Source.Asset.Aircraft_Weapon_Data - WARNING - get_weapon_score - weapon 275gal_tank dict is None, return 0.0
2026-09-12 16:19:04,693 - Code.Dynamic_War_Manager.Source.Asset.Aircraft_Weapon_Data - WARNING - get_weapon_score - weapon 370gal_tank dict is None, return 0.0
2026-09-12 16:19:04,693 - Code.Dynamic_War_Manager.Source.Asset.Aircraft_Weapon_Data - WARNING - get_weapon_score - weapon 370gal_tank dict is None, return 0.0
2026-09-12 16:19:04,694 - Code.Dynamic_War_Manager.Source.Asset.Aircraft_Weapon_Data - WARNING - get_weapon_score - weapon 370gal_tank dict is None, return 0.0
2026-09-12 16:19:04,694 - Code.Dynamic_War_Manager.Source.Asset.Aircraft_Weapon_Data - WARNING - get_weapon_score - weapon 370gal_tank dict is None, return 0.0
2026-09-12 16:19:04,694 - Code.Dynamic_War_Manager.Source.Asset.Aircraft_Weapon_Data - WARNING - get_weapon_score - weapon 370gal_tank dict is None, return 0.0
2026-09-12 16:19:04,695 - Code.Dynamic_War_Manager.Source.Asset.Aircraft_Weapon_Data - WARNING - get_weapon_score - weapon 370gal_tank dict is None, return 0.0
2026-09-12 16:19:04,695 - Code.Dynamic_War_Manager.Source.Asset.Aircraft_Weapon_Data - WARNING - get_weapon_score - weapon 370gal_tank dict is None, return 0.0
2026-09-12 16:19:04,695 - Code.Dynamic_War_Manager.Source.Asset.Aircraft_Weapon_Data - WARNING - get_weapon_score - weapon 370gal_tank dict is None, return 0.0
2026-09-12 16:19:04,696 - Code.Dynamic_War_Manager.Source.Asset.Aircraft_Weapon_Data - WARNING - get_weapon_score - weapon 370gal_tank dict is None, return 0.0
2026-09-12 16:19:04,696 - Code.Dynamic_War_Manager.Source.Asset.Aircraft_Weapon_Data - WARNING - get_weapon_score - weapon 370gal_tank dict is None, return 0.0
2026-09-12 16:19:04,696 - Code.Dynamic_War_Manager.Source.Asset.Aircraft_Weapon_Data - WARNING - get_weapon_score - weapon 370gal_tank dict is None, return 0.0
2026-09-12 16:19:04,697 - Code.Dynamic_War_Manager.Source.Asset.Aircraft_Weapon_Data - WARNING - get_weapon_score - weapon 370gal_tank dict is None, return 0.0
2026-09-12 16:19:04,701 - Code.Dynamic_War_Manager.Source.Asset.Aircraft_Weapon_Data - WARNING - get_weapon_score - weapon 150gal_tank dict is None, return 0.0
2026-09-12 16:19:04,706 - Code.Dynamic_War_Manager.Source.Asset.Aircraft_Weapon_Data - WARNING - get_weapon_score - weapon 1300L_tank dict is None, return 0.0
2026-09-12 16:19:04,707 - Code.Dynamic_War_Manager.Source.Asset.Aircraft_Weapon_Data - WARNING - get_weapon_score - weapon 1300L_tank dict is None, return 0.0
2026-09-12 16:19:04,708 - Code.Dynamic_War_Manager.Source.Asset.Aircraft_Weapon_Data - WARNING - get_weapon_score - weapon 800L_tank dict is None, return 0.0
2026-09-12 16:19:04,709 - Code.Dynamic_War_Manager.Source.Asset.Aircraft_Weapon_Data - WARNING - get_weapon_score - weapon 800L_tank dict is None, return 0.0
2026-09-12 16:19:04,709 - Code.Dynamic_War_Manager.Source.Asset.Aircraft_Weapon_Data - WARNING - get_weapon_score - weapon 800L_tank dict is None, return 0.0
2026-09-12 16:19:04,719 - Code.Dynamic_War_Manager.Source.Asset.Aircraft_Weapon_Data - WARNING - get_weapon_score - weapon PTB-1500 dict is None, return 0.0
2026-09-12 16:19:04,720 - Code.Dynamic_War_Manager.Source.Asset.Aircraft_Weapon_Data - WARNING - get_weapon_score - weapon PTB-1500 dict is None, return 0.0
2026-09-12 16:19:04,720 - Code.Dynamic_War_Manager.Source.Asset.Aircraft_Weapon_Data - WARNING - get_weapon_score - weapon PTB-1500 dict is None, return 0.0
2026-09-12 16:19:04,720 - Code.Dynamic_War_Manager.Source.Asset.Aircraft_Weapon_Data - WARNING - get_weapon_score - weapon PTB-1500 dict is None, return 0.0
2026-09-12 16:19:04,721 - Code.Dynamic_War_Manager.Source.Asset.Aircraft_Weapon_Data - WARNING - get_weapon_score - weapon PTB-1500 dict is None, return 0.0
2026-09-12 16:19:13,828 - Code.Dynamic_War_Manager.Source.Asset.Aircraft_Weapon_Data - WARNING - get_weapon_score - weapon 370gal_tank dict is None, return 0.0
2026-09-12 16:19:13,828 - Code.Dynamic_War_Manager.Source.Asset.Aircraft_Weapon_Data - WARNING - get_weapon_score - weapon 370gal_tank dict is None, return 0.0
2026-09-12 16:19:13,829 - Code.Dynamic_War_Manager.Source.Asset.Aircraft_Weapon_Data - WARNING - get_weapon_score - weapon 370gal_tank dict is None, return 0.0
2026-09-12 16:19:13,829 - Code.Dynamic_War_Manager.Source.Asset.Aircraft_Weapon_Data - WARNING - get_weapon_score - weapon 370gal_tank dict is None, return 0.0
2026-09-12 16:19:13,830 - Code.Dynamic_War_Manager.Source.Asset.Aircraft_Weapon_Data - WARNING - get_weapon_score - weapon 267gal_tank dict is None, return 0.0
2026-09-12 16:19:13,830 - Code.Dynamic_War_Manager.Source.Asset.Aircraft_Weapon_Data - WARNING - get_weapon_score - weapon 267gal_tank dict is None, return 0.0
2026-09-12 16:19:13,830 - Code.Dynamic_War_Manager.Source.Asset.Aircraft_Weapon_Data - WARNING - get_weapon_score - weapon 267gal_tank dict is None, return 0.0
2026-09-12 16:19:13,830 - Code.Dynamic_War_Manager.Source.Asset.Aircraft_Weapon_Data - WARNING - get_weapon_score - weapon 267gal_tank dict is None, return 0.0
2026-09-12 16:19:13,831 - Code.Dynamic_War_Manager.Source.Asset.Aircraft_Weapon_Data - WARNING - get_weapon_score - weapon 267gal_tank dict is None, return 0.0
2026-09-12 16:19:13,831 - Code.Dynamic_War_Manager.Source.Asset.Aircraft_Weapon_Data - WARNING - get_weapon_score - weapon 267gal_tank dict is None, return 0.0
2026-09-12 16:19:13,831 - Code.Dynamic_War_Manager.Source.Asset.Aircraft_Weapon_Data - WARNING - get_weapon_score - weapon 267gal_tank dict is None, return 0.0
2026-09-12 16:19:13,831 - Code.Dynamic_War_Manager.Source.Asset.Aircraft_Weapon_Data - WARNING - get_weapon_score - weapon 267gal_tank dict is None, return 0.0
2026-09-12 16:19:13,832 - Code.Dynamic_War_Manager.Source.Asset.Aircraft_Weapon_Data - WARNING - get_weapon_score - weapon 267gal_tank dict is None, return 0.0
2026-09-12 16:19:13,832 - Code.Dynamic_War_Manager.Source.Asset.Aircraft_Weapon_Data - WARNING - get_weapon_score - weapon 267gal_tank dict is None, return 0.0
2026-09-12 16:19:13,833 - Code.Dynamic_War_Manager.Source.Asset.Aircraft_Weapon_Data - WARNING - get_weapon_score - weapon 267gal_tank dict is None, return 0.0
2026-09-12 16:19:13,833 - Code.Dynamic_War_Manager.Source.Asset.Aircraft_Weapon_Data - WARNING - get_weapon_score - weapon 267gal_tank dict is None, return 0.0
2026-09-12 16:19:13,833 - Code.Dynamic_War_Manager.Source.Asset.Aircraft_Weapon_Data - WARNING - get_weapon_score - weapon 267gal_tank dict is None, return 0.0
2026-09-12 16:19:13,834 - Code.Dynamic_War_Manager.Source.Asset.Aircraft_Weapon_Data - WARNING - get_weapon_score - weapon 600gal_tank dict is None, return 0.0
2026-09-12 16:19:13,834 - Code.Dynamic_War_Manager.Source.Asset.Aircraft_Weapon_Data - WARNING - get_weapon_score - weapon 600gal_tank dict is None, return 0.0
2026-09-12 16:19:13,835 - Code.Dynamic_War_Manager.Source.Asset.Aircraft_Weapon_Data - WARNING - get_weapon_score - weapon 600gal_tank dict is None, return 0.0
2026-09-12 16:19:13,835 - Code.Dynamic_War_Manager.Source.Asset.Aircraft_Weapon_Data - WARNING - get_weapon_score - weapon 600gal_tank dict is None, return 0.0
2026-09-12 16:19:13,836 - Code.Dynamic_War_Manager.Source.Asset.Aircraft_Weapon_Data - WARNING - get_weapon_score - weapon 330gal_tank dict is None, return 0.0
2026-09-12 16:19:13,837 - Code.Dynamic_War_Manager.Source.Asset.Aircraft_Weapon_Data - WARNING - get_weapon_score - weapon 330gal_tank dict is None, return 0.0
2026-09-12 16:19:13,837 - Code.Dynamic_War_Manager.Source.Asset.Aircraft_Weapon_Data - WARNING - get_weapon_score - weapon 330gal_tank dict is None, return 0.0
2026-09-12 16:19:13,838 - Code.Dynamic_War_Manager.Source.Asset.Aircraft_Weapon_Data - WARNING - get_weapon_score - weapon 330gal_tank dict is None, return 0.0
2026-09-12 16:19:13,838 - Code.Dynamic_War_Manager.Source.Asset.Aircraft_Weapon_Data - WARNING - get_weapon_score - weapon 330gal_tank dict is None, return 0.0
2026-09-12 16:19:13,838 - Code.Dynamic_War_Manager.Source.Asset.Aircraft_Weapon_Data - WARNING - get_weapon_score - weapon 330gal_tank dict is None, return 0.0
2026-09-12 16:19:13,839 - Code.Dynamic_War_Manager.Source.Asset.Aircraft_Weapon_Data - WARNING - get_weapon_score - weapon 330gal_tank dict is None, return 0.0
2026-09-12 16:19:13,839 - Code.Dynamic_War_Manager.Source.Asset.Aircraft_Weapon_Data - WARNING - get_weapon_score - weapon 330gal_tank dict is None, return 0.0
2026-09-12 16:19:13,840 - Code.Dynamic_War_Manager.Source.Asset.Aircraft_Weapon_Data - WARNING - get_weapon_score - weapon 330gal_tank dict is None, return 0.0
2026-09-12 16:19:13,840 - Code.Dynamic_War_Manager.Source.Asset.Aircraft_Weapon_Data - WARNING - get_weapon_score - weapon 330gal_tank dict is None, return 0.0
2026-09-12 16:19:13,840 - Code.Dynamic_War_Manager.Source.Asset.Aircraft_Weapon_Data - WARNING - get_weapon_score - weapon 330gal_tank dict is None, return 0.0
2026-09-12 16:19:13,841 - Code.Dynamic_War_Manager.Source.Asset.Aircraft_Weapon_Data - WARNING - get_weapon_score - weapon 330gal_tank dict is None, return 0.0
2026-09-12 16:19:13,841 - Code.Dynamic_War_Manager.Source.Asset.Aircraft_Weapon_Data - WARNING - get_weapon_score - weapon 330gal_tank dict is None, return 0.0
2026-09-12 16:19:13,842 - Code.Dynamic_War_Manager.Source.Asset.Aircraft_Weapon_Data - WARNING - get_weapon_score - weapon 330gal_tank dict is None, return 0.0
2026-09-12 16:19:13,842 - Code.Dynamic_War_Manager.Source.Asset.Aircraft_Weapon_Data - WARNING - get_weapon_score - weapon 600gal_tank dict is None, return 0.0
2026-09-12 16:19:13,843 - Code.Dynamic_War_Manager.Source.Asset.Aircraft_Weapon_Data - WARNING - get_weapon_score - weapon 600gal_tank dict is None, return 0.0
2026-09-12 16:19:13,843 - Code.Dynamic_War_Manager.Source.Asset.Aircraft_Weapon_Data - WARNING - get_weapon_score - weapon 275gal_tank dict is None, return 0.0
2026-09-12 16:19:13,843 - Code.Dynamic_War_Manager.Source.Asset.Aircraft_Weapon_Data - WARNING - get_weapon_score - weapon 275gal_tank dict is None, return 0.0
2026-09-12 16:19:13,845 - Code.Dynamic_War_Manager.Source.Asset.Aircraft_Weapon_Data - WARNING - get_weapon_score - weapon 370gal_tank dict is None, return 0.0
2026-09-12 16:19:13,845 - Code.Dynamic_War_Manager.Source.Asset.Aircraft_Weapon_Data - WARNING - get_weapon_score - weapon 370gal_tank dict is None, return 0.0
2026-09-12 16:19:13,845 - Code.Dynamic_War_Manager.Source.Asset.Aircraft_Weapon_Data - WARNING - get_weapon_score - weapon 370gal_tank dict is None, return 0.0
2026-09-12 16:19:13,846 - Code.Dynamic_War_Manager.Source.Asset.Aircraft_Weapon_Data - WARNING - get_weapon_score - weapon 370gal_tank dict is None, return 0.0
2026-09-12 16:19:13,846 - Code.Dynamic_War_Manager.Source.Asset.Aircraft_Weapon_Data - WARNING - get_weapon_score - weapon 370gal_tank dict is None, return 0.0
2026-09-12 16:19:13,847 - Code.Dynamic_War_Manager.Source.Asset.Aircraft_Weapon_Data - WARNING - get_weapon_score - weapon 370gal_tank dict is None, return 0.0
2026-09-12 16:19:13,847 - Code.Dynamic_War_Manager.Source.Asset.Aircraft_Weapon_Data - WARNING - get_weapon_score - weapon 370gal_tank dict is None, return 0.0
2026-09-12 16:19:13,848 - Code.Dynamic_War_Manager.Source.Asset.Aircraft_Weapon_Data - WARNING - get_weapon_score - weapon 370gal_tank dict is None, return 0.0
2026-09-12 16:19:13,848 - Code.Dynamic_War_Manager.Source.Asset.Aircraft_Weapon_Data - WARNING - get_weapon_score - weapon 370gal_tank dict is None, return 0.0
2026-09-12 16:19:13,849 - Code.Dynamic_War_Manager.Source.Asset.Aircraft_Weapon_Data - WARNING - get_weapon_score - weapon 370gal_tank dict is None, return 0.0
2026-09-12 16:19:13,849 - Code.Dynamic_War_Manager.Source.Asset.Aircraft_Weapon_Data - WARNING - get_weapon_score - weapon 370gal_tank dict is None, return 0.0
2026-09-12 16:19:13,850 - Code.Dynamic_War_Manager.Source.Asset.Aircraft_Weapon_Data - WARNING - get_weapon_score - weapon 370gal_tank dict is None, return 0.0
2026-09-12 16:19:13,854 - Code.Dynamic_War_Manager.Source.Asset.Aircraft_Weapon_Data - WARNING - get_weapon_score - weapon 150gal_tank dict is None, return 0.0
2026-09-12 16:19:13,859 - Code.Dynamic_War_Manager.Source.Asset.Aircraft_Weapon_Data - WARNING - get_weapon_score - weapon 1300L_tank dict is None, return 0.0
2026-09-12 16:19:13,860 - Code.Dynamic_War_Manager.Source.Asset.Aircraft_Weapon_Data - WARNING - get_weapon_score - weapon 1300L_tank dict is None, return 0.0
2026-09-12 16:19:13,861 - Code.Dynamic_War_Manager.Source.Asset.Aircraft_Weapon_Data - WARNING - get_weapon_score - weapon 800L_tank dict is None, return 0.0
2026-09-12 16:19:13,862 - Code.Dynamic_War_Manager.Source.Asset.Aircraft_Weapon_Data - WARNING - get_weapon_score - weapon 800L_tank dict is None, return 0.0
2026-09-12 16:19:13,862 - Code.Dynamic_War_Manager.Source.Asset.Aircraft_Weapon_Data - WARNING - get_weapon_score - weapon 800L_tank dict is None, return 0.0
2026-09-12 16:19:13,872 - Code.Dynamic_War_Manager.Source.Asset.Aircraft_Weapon_Data - WARNING - get_weapon_score - weapon PTB-1500 dict is None, return 0.0
2026-09-12 16:19:13,873 - Code.Dynamic_War_Manager.Source.Asset.Aircraft_Weapon_Data - WARNING - get_weapon_score - weapon PTB-1500 dict is None, return 0.0
2026-09-12 16:19:13,874 - Code.Dynamic_War_Manager.Source.Asset.Aircraft_Weapon_Data - WARNING - get_weapon_score - weapon PTB-1500 dict is None, return 0.0
2026-09-12 16:19:13,874 - Code.Dynamic_War_Manager.Source.Asset.Aircraft_Weapon_Data - WARNING - get_weapon_score - weapon PTB-1500 dict is None, return 0.0
2026-09-12 16:19:13,875 - Code.Dynamic_War_Manager.Source.Asset.Aircraft_Weapon_Data - WARNING - get_weapon_score - weapon PTB-1500 dict is None, return 0.0
2026-09-12 16:19:21,317 - Code.Dynamic_War_Manager.Source.Asset.Aircraft_Weapon_Data - WARNING - get_weapon_score - weapon 370gal_tank dict is None, return 0.0
2026-09-12 16:19:21,317 - Code.Dynamic_War_Manager.Source.Asset.Aircraft_Weapon_Data - WARNING - get_weapon_score - weapon 370gal_tank dict is None, return 0.0
2026-09-12 16:19:21,318 - Code.Dynamic_War_Manager.Source.Asset.Aircraft_Weapon_Data - WARNING - get_weapon_score - weapon 370gal_tank dict is None, return 0.0
2026-09-12 16:19:21,318 - Code.Dynamic_War_Manager.Source.Asset.Aircraft_Weapon_Data - WARNING - get_weapon_score - weapon 370gal_tank dict is None, return 0.0
2026-09-12 16:19:21,319 - Code.Dynamic_War_Manager.Source.Asset.Aircraft_Weapon_Data - WARNING - get_weapon_score - weapon 267gal_tank dict is None, return 0.0
2026-09-12 16:19:21,319 - Code.Dynamic_War_Manager.Source.Asset.Aircraft_Weapon_Data - WARNING - get_weapon_score - weapon 267gal_tank dict is None, return 0.0
2026-09-12 16:19:21,319 - Code.Dynamic_War_Manager.Source.Asset.Aircraft_Weapon_Data - WARNING - get_weapon_score - weapon 267gal_tank dict is None, return 0.0
2026-09-12 16:19:21,319 - Code.Dynamic_War_Manager.Source.Asset.Aircraft_Weapon_Data - WARNING - get_weapon_score - weapon 267gal_tank dict is None, return 0.0
2026-09-12 16:19:21,320 - Code.Dynamic_War_Manager.Source.Asset.Aircraft_Weapon_Data - WARNING - get_weapon_score - weapon 267gal_tank dict is None, return 0.0
2026-09-12 16:19:21,320 - Code.Dynamic_War_Manager.Source.Asset.Aircraft_Weapon_Data - WARNING - get_weapon_score - weapon 267gal_tank dict is None, return 0.0
2026-09-12 16:19:21,320 - Code.Dynamic_War_Manager.Source.Asset.Aircraft_Weapon_Data - WARNING - get_weapon_score - weapon 267gal_tank dict is None, return 0.0
2026-09-12 16:19:21,321 - Code.Dynamic_War_Manager.Source.Asset.Aircraft_Weapon_Data - WARNING - get_weapon_score - weapon 267gal_tank dict is None, return 0.0
2026-09-12 16:19:21,321 - Code.Dynamic_War_Manager.Source.Asset.Aircraft_Weapon_Data - WARNING - get_weapon_score - weapon 267gal_tank dict is None, return 0.0
2026-09-12 16:19:21,321 - Code.Dynamic_War_Manager.Source.Asset.Aircraft_Weapon_Data - WARNING - get_weapon_score - weapon 267gal_tank dict is None, return 0.0
2026-09-12 16:19:21,322 - Code.Dynamic_War_Manager.Source.Asset.Aircraft_Weapon_Data - WARNING - get_weapon_score - weapon 267gal_tank dict is None, return 0.0
2026-09-12 16:19:21,322 - Code.Dynamic_War_Manager.Source.Asset.Aircraft_Weapon_Data - WARNING - get_weapon_score - weapon 267gal_tank dict is None, return 0.0
2026-09-12 16:19:21,322 - Code.Dynamic_War_Manager.Source.Asset.Aircraft_Weapon_Data - WARNING - get_weapon_score - weapon 267gal_tank dict is None, return 0.0
2026-09-12 16:19:21,323 - Code.Dynamic_War_Manager.Source.Asset.Aircraft_Weapon_Data - WARNING - get_weapon_score - weapon 600gal_tank dict is None, return 0.0
2026-09-12 16:19:21,323 - Code.Dynamic_War_Manager.Source.Asset.Aircraft_Weapon_Data - WARNING - get_weapon_score - weapon 600gal_tank dict is None, return 0.0
2026-09-12 16:19:21,324 - Code.Dynamic_War_Manager.Source.Asset.Aircraft_Weapon_Data - WARNING - get_weapon_score - weapon 600gal_tank dict is None, return 0.0
2026-09-12 16:19:21,324 - Code.Dynamic_War_Manager.Source.Asset.Aircraft_Weapon_Data - WARNING - get_weapon_score - weapon 600gal_tank dict is None, return 0.0
2026-09-12 16:19:21,325 - Code.Dynamic_War_Manager.Source.Asset.Aircraft_Weapon_Data - WARNING - get_weapon_score - weapon 330gal_tank dict is None, return 0.0
2026-09-12 16:19:21,326 - Code.Dynamic_War_Manager.Source.Asset.Aircraft_Weapon_Data - WARNING - get_weapon_score - weapon 330gal_tank dict is None, return 0.0
2026-09-12 16:19:21,326 - Code.Dynamic_War_Manager.Source.Asset.Aircraft_Weapon_Data - WARNING - get_weapon_score - weapon 330gal_tank dict is None, return 0.0
2026-09-12 16:19:21,327 - Code.Dynamic_War_Manager.Source.Asset.Aircraft_Weapon_Data - WARNING - get_weapon_score - weapon 330gal_tank dict is None, return 0.0
2026-09-12 16:19:21,327 - Code.Dynamic_War_Manager.Source.Asset.Aircraft_Weapon_Data - WARNING - get_weapon_score - weapon 330gal_tank dict is None, return 0.0
2026-09-12 16:19:21,327 - Code.Dynamic_War_Manager.Source.Asset.Aircraft_Weapon_Data - WARNING - get_weapon_score - weapon 330gal_tank dict is None, return 0.0
2026-09-12 16:19:21,328 - Code.Dynamic_War_Manager.Source.Asset.Aircraft_Weapon_Data - WARNING - get_weapon_score - weapon 330gal_tank dict is None, return 0.0
2026-09-12 16:19:21,328 - Code.Dynamic_War_Manager.Source.Asset.Aircraft_Weapon_Data - WARNING - get_weapon_score - weapon 330gal_tank dict is None, return 0.0
2026-09-12 16:19:21,329 - Code.Dynamic_War_Manager.Source.Asset.Aircraft_Weapon_Data - WARNING - get_weapon_score - weapon 330gal_tank dict is None, return 0.0
2026-09-12 16:19:21,329 - Code.Dynamic_War_Manager.Source.Asset.Aircraft_Weapon_Data - WARNING - get_weapon_score - weapon 330gal_tank dict is None, return 0.0
2026-09-12 16:19:21,329 - Code.Dynamic_War_Manager.Source.Asset.Aircraft_Weapon_Data - WARNING - get_weapon_score - weapon 330gal_tank dict is None, return 0.0
2026-09-12 16:19:21,330 - Code.Dynamic_War_Manager.Source.Asset.Aircraft_Weapon_Data - WARNING - get_weapon_score - weapon 330gal_tank dict is None, return 0.0
2026-09-12 16:19:21,330 - Code.Dynamic_War_Manager.Source.Asset.Aircraft_Weapon_Data - WARNING - get_weapon_score - weapon 330gal_tank dict is None, return 0.0
2026-09-12 16:19:21,330 - Code.Dynamic_War_Manager.Source.Asset.Aircraft_Weapon_Data - WARNING - get_weapon_score - weapon 330gal_tank dict is None, return 0.0
2026-09-12 16:19:21,331 - Code.Dynamic_War_Manager.Source.Asset.Aircraft_Weapon_Data - WARNING - get_weapon_score - weapon 600gal_tank dict is None, return 0.0
2026-09-12 16:19:21,331 - Code.Dynamic_War_Manager.Source.Asset.Aircraft_Weapon_Data - WARNING - get_weapon_score - weapon 600gal_tank dict is None, return 0.0
2026-09-12 16:19:21,332 - Code.Dynamic_War_Manager.Source.Asset.Aircraft_Weapon_Data - WARNING - get_weapon_score - weapon 275gal_tank dict is None, return 0.0
2026-09-12 16:19:21,332 - Code.Dynamic_War_Manager.Source.Asset.Aircraft_Weapon_Data - WARNING - get_weapon_score - weapon 275gal_tank dict is None, return 0.0
2026-09-12 16:19:21,334 - Code.Dynamic_War_Manager.Source.Asset.Aircraft_Weapon_Data - WARNING - get_weapon_score - weapon 370gal_tank dict is None, return 0.0
2026-09-12 16:19:21,334 - Code.Dynamic_War_Manager.Source.Asset.Aircraft_Weapon_Data - WARNING - get_weapon_score - weapon 370gal_tank dict is None, return 0.0
2026-09-12 16:19:21,334 - Code.Dynamic_War_Manager.Source.Asset.Aircraft_Weapon_Data - WARNING - get_weapon_score - weapon 370gal_tank dict is None, return 0.0
2026-09-12 16:19:21,335 - Code.Dynamic_War_Manager.Source.Asset.Aircraft_Weapon_Data - WARNING - get_weapon_score - weapon 370gal_tank dict is None, return 0.0
2026-09-12 16:19:21,335 - Code.Dynamic_War_Manager.Source.Asset.Aircraft_Weapon_Data - WARNING - get_weapon_score - weapon 370gal_tank dict is None, return 0.0
2026-09-12 16:19:21,335 - Code.Dynamic_War_Manager.Source.Asset.Aircraft_Weapon_Data - WARNING - get_weapon_score - weapon 370gal_tank dict is None, return 0.0
2026-09-12 16:19:21,336 - Code.Dynamic_War_Manager.Source.Asset.Aircraft_Weapon_Data - WARNING - get_weapon_score - weapon 370gal_tank dict is None, return 0.0
2026-09-12 16:19:21,336 - Code.Dynamic_War_Manager.Source.Asset.Aircraft_Weapon_Data - WARNING - get_weapon_score - weapon 370gal_tank dict is None, return 0.0
2026-09-12 16:19:21,336 - Code.Dynamic_War_Manager.Source.Asset.Aircraft_Weapon_Data - WARNING - get_weapon_score - weapon 370gal_tank dict is None, return 0.0
2026-09-12 16:19:21,337 - Code.Dynamic_War_Manager.Source.Asset.Aircraft_Weapon_Data - WARNING - get_weapon_score - weapon 370gal_tank dict is None, return 0.0
2026-09-12 16:19:21,337 - Code.Dynamic_War_Manager.Source.Asset.Aircraft_Weapon_Data - WARNING - get_weapon_score - weapon 370gal_tank dict is None, return 0.0
2026-09-12 16:19:21,338 - Code.Dynamic_War_Manager.Source.Asset.Aircraft_Weapon_Data - WARNING - get_weapon_score - weapon 370gal_tank dict is None, return 0.0
2026-09-12 16:19:21,341 - Code.Dynamic_War_Manager.Source.Asset.Aircraft_Weapon_Data - WARNING - get_weapon_score - weapon 150gal_tank dict is None, return 0.0
2026-09-12 16:19:21,347 - Code.Dynamic_War_Manager.Source.Asset.Aircraft_Weapon_Data - WARNING - get_weapon_score - weapon 1300L_tank dict is None, return 0.0
2026-09-12 16:19:21,347 - Code.Dynamic_War_Manager.Source.Asset.Aircraft_Weapon_Data - WARNING - get_weapon_score - weapon 1300L_tank dict is None, return 0.0
2026-09-12 16:19:21,349 - Code.Dynamic_War_Manager.Source.Asset.Aircraft_Weapon_Data - WARNING - get_weapon_score - weapon 800L_tank dict is None, return 0.0
2026-09-12 16:19:21,349 - Code.Dynamic_War_Manager.Source.Asset.Aircraft_Weapon_Data - WARNING - get_weapon_score - weapon 800L_tank dict is None, return 0.0
2026-09-12 16:19:21,350 - Code.Dynamic_War_Manager.Source.Asset.Aircraft_Weapon_Data - WARNING - get_weapon_score - weapon 800L_tank dict is None, return 0.0
2026-09-12 16:19:21,360 - Code.Dynamic_War_Manager.Source.Asset.Aircraft_Weapon_Data - WARNING - get_weapon_score - weapon PTB-1500 dict is None, return 0.0
2026-09-12 16:19:21,361 - Code.Dynamic_War_Manager.Source.Asset.Aircraft_Weapon_Data - WARNING - get_weapon_score - weapon PTB-1500 dict is None, return 0.0
2026-09-12 16:19:21,361 - Code.Dynamic_War_Manager.Source.Asset.Aircraft_Weapon_Data - WARNING - get_weapon_score - weapon PTB-1500 dict is None, return 0.0
2026-09-12 16:19:21,361 - Code.Dynamic_War_Manager.Source.Asset.Aircraft_Weapon_Data - WARNING - get_weapon_score - weapon PTB-1500 dict is None, return 0.0
2026-09-12 16:19:21,362 - Code.Dynamic_War_Manager.Source.Asset.Aircraft_Weapon_Data - WARNING - get_weapon_score - weapon PTB-1500 dict is None, return 0.0
2026-09-12 16:20:13,311 - Code.Dynamic_War_Manager.Source.Asset.Aircraft_Weapon_Data - WARNING - get_weapon_score - weapon 370gal_tank dict is None, return 0.0
2026-09-12 16:20:13,312 - Code.Dynamic_War_Manager.Source.Asset.Aircraft_Weapon_Data - WARNING - get_weapon_score - weapon 370gal_tank dict is None, return 0.0
2026-09-12 16:20:13,312 - Code.Dynamic_War_Manager.Source.Asset.Aircraft_Weapon_Data - WARNING - get_weapon_score - weapon 370gal_tank dict is None, return 0.0
2026-09-12 16:20:13,313 - Code.Dynamic_War_Manager.Source.Asset.Aircraft_Weapon_Data - WARNING - get_weapon_score - weapon 370gal_tank dict is None, return 0.0
2026-09-12 16:20:13,313 - Code.Dynamic_War_Manager.Source.Asset.Aircraft_Weapon_Data - WARNING - get_weapon_score - weapon 267gal_tank dict is None, return 0.0
2026-09-12 16:20:13,313 - Code.Dynamic_War_Manager.Source.Asset.Aircraft_Weapon_Data - WARNING - get_weapon_score - weapon 267gal_tank dict is None, return 0.0
2026-09-12 16:20:13,314 - Code.Dynamic_War_Manager.Source.Asset.Aircraft_Weapon_Data - WARNING - get_weapon_score - weapon 267gal_tank dict is None, return 0.0
2026-09-12 16:20:13,314 - Code.Dynamic_War_Manager.Source.Asset.Aircraft_Weapon_Data - WARNING - get_weapon_score - weapon 267gal_tank dict is None, return 0.0
2026-09-12 16:20:13,314 - Code.Dynamic_War_Manager.Source.Asset.Aircraft_Weapon_Data - WARNING - get_weapon_score - weapon 267gal_tank dict is None, return 0.0
2026-09-12 16:20:13,315 - Code.Dynamic_War_Manager.Source.Asset.Aircraft_Weapon_Data - WARNING - get_weapon_score - weapon 267gal_tank dict is None, return 0.0
2026-09-12 16:20:13,315 - Code.Dynamic_War_Manager.Source.Asset.Aircraft_Weapon_Data - WARNING - get_weapon_score - weapon 267gal_tank dict is None, return 0.0
2026-09-12 16:20:13,315 - Code.Dynamic_War_Manager.Source.Asset.Aircraft_Weapon_Data - WARNING - get_weapon_score - weapon 267gal_tank dict is None, return 0.0
2026-09-12 16:20:13,316 - Code.Dynamic_War_Manager.Source.Asset.Aircraft_Weapon_Data - WARNING - get_weapon_score - weapon 267gal_tank dict is None, return 0.0
2026-09-12 16:20:13,316 - Code.Dynamic_War_Manager.Source.Asset.Aircraft_Weapon_Data - WARNING - get_weapon_score - weapon 267gal_tank dict is None, return 0.0
2026-09-12 16:20:13,316 - Code.Dynamic_War_Manager.Source.Asset.Aircraft_Weapon_Data - WARNING - get_weapon_score - weapon 267gal_tank dict is None, return 0.0
2026-09-12 16:20:13,317 - Code.Dynamic_War_Manager.Source.Asset.Aircraft_Weapon_Data - WARNING - get_weapon_score - weapon 267gal_tank dict is None, return 0.0
2026-09-12 16:20:13,317 - Code.Dynamic_War_Manager.Source.Asset.Aircraft_Weapon_Data - WARNING - get_weapon_score - weapon 267gal_tank dict is None, return 0.0
2026-09-12 16:20:13,318 - Code.Dynamic_War_Manager.Source.Asset.Aircraft_Weapon_Data - WARNING - get_weapon_score - weapon 600gal_tank dict is None, return 0.0
2026-09-12 16:20:13,318 - Code.Dynamic_War_Manager.Source.Asset.Aircraft_Weapon_Data - WARNING - get_weapon_score - weapon 600gal_tank dict is None, return 0.0
2026-09-12 16:20:13,319 - Code.Dynamic_War_Manager.Source.Asset.Aircraft_Weapon_Data - WARNING - get_weapon_score - weapon 600gal_tank dict is None, return 0.0
2026-09-12 16:20:13,319 - Code.Dynamic_War_Manager.Source.Asset.Aircraft_Weapon_Data - WARNING - get_weapon_score - weapon 600gal_tank dict is None, return 0.0
2026-09-12 16:20:13,320 - Code.Dynamic_War_Manager.Source.Asset.Aircraft_Weapon_Data - WARNING - get_weapon_score - weapon 330gal_tank dict is None, return 0.0
2026-09-12 16:20:13,320 - Code.Dynamic_War_Manager.Source.Asset.Aircraft_Weapon_Data - WARNING - get_weapon_score - weapon 330gal_tank dict is None, return 0.0
2026-09-12 16:20:13,321 - Code.Dynamic_War_Manager.Source.Asset.Aircraft_Weapon_Data - WARNING - get_weapon_score - weapon 330gal_tank dict is None, return 0.0
2026-09-12 16:20:13,321 - Code.Dynamic_War_Manager.Source.Asset.Aircraft_Weapon_Data - WARNING - get_weapon_score - weapon 330gal_tank dict is None, return 0.0
2026-09-12 16:20:13,322 - Code.Dynamic_War_Manager.Source.Asset.Aircraft_Weapon_Data - WARNING - get_weapon_score - weapon 330gal_tank dict is None, return 0.0
2026-09-12 16:20:13,322 - Code.Dynamic_War_Manager.Source.Asset.Aircraft_Weapon_Data - WARNING - get_weapon_score - weapon 330gal_tank dict is None, return 0.0
2026-09-12 16:20:13,323 - Code.Dynamic_War_Manager.Source.Asset.Aircraft_Weapon_Data - WARNING - get_weapon_score - weapon 330gal_tank dict is None, return 0.0
2026-09-12 16:20:13,323 - Code.Dynamic_War_Manager.Source.Asset.Aircraft_Weapon_Data - WARNING - get_weapon_score - weapon 330gal_tank dict is None, return 0.0
2026-09-12 16:20:13,324 - Code.Dynamic_War_Manager.Source.Asset.Aircraft_Weapon_Data - WARNING - get_weapon_score - weapon 330gal_tank dict is None, return 0.0
2026-09-12 16:20:13,324 - Code.Dynamic_War_Manager.Source.Asset.Aircraft_Weapon_Data - WARNING - get_weapon_score - weapon 330gal_tank dict is None, return 0.0
2026-09-12 16:20:13,324 - Code.Dynamic_War_Manager.Source.Asset.Aircraft_Weapon_Data - WARNING - get_weapon_score - weapon 330gal_tank dict is None, return 0.0
2026-09-12 16:20:13,325 - Code.Dynamic_War_Manager.Source.Asset.Aircraft_Weapon_Data - WARNING - get_weapon_score - weapon 330gal_tank dict is None, return 0.0
2026-09-12 16:20:13,325 - Code.Dynamic_War_Manager.Source.Asset.Aircraft_Weapon_Data - WARNING - get_weapon_score - weapon 330gal_tank dict is None, return 0.0
2026-09-12 16:20:13,325 - Code.Dynamic_War_Manager.Source.Asset.Aircraft_Weapon_Data - WARNING - get_weapon_score - weapon 330gal_tank dict is None, return 0.0
2026-09-12 16:20:13,326 - Code.Dynamic_War_Manager.Source.Asset.Aircraft_Weapon_Data - WARNING - get_weapon_score - weapon 600gal_tank dict is None, return 0.0
2026-09-12 16:20:13,326 - Code.Dynamic_War_Manager.Source.Asset.Aircraft_Weapon_Data - WARNING - get_weapon_score - weapon 600gal_tank dict is None, return 0.0
2026-09-12 16:20:13,327 - Code.Dynamic_War_Manager.Source.Asset.Aircraft_Weapon_Data - WARNING - get_weapon_score - weapon 275gal_tank dict is None, return 0.0
2026-09-12 16:20:13,327 - Code.Dynamic_War_Manager.Source.Asset.Aircraft_Weapon_Data - WARNING - get_weapon_score - weapon 275gal_tank dict is None, return 0.0
2026-09-12 16:20:13,328 - Code.Dynamic_War_Manager.Source.Asset.Aircraft_Weapon_Data - WARNING - get_weapon_score - weapon 370gal_tank dict is None, return 0.0
2026-09-12 16:20:13,329 - Code.Dynamic_War_Manager.Source.Asset.Aircraft_Weapon_Data - WARNING - get_weapon_score - weapon 370gal_tank dict is None, return 0.0
2026-09-12 16:20:13,329 - Code.Dynamic_War_Manager.Source.Asset.Aircraft_Weapon_Data - WARNING - get_weapon_score - weapon 370gal_tank dict is None, return 0.0
2026-09-12 16:20:13,330 - Code.Dynamic_War_Manager.Source.Asset.Aircraft_Weapon_Data - WARNING - get_weapon_score - weapon 370gal_tank dict is None, return 0.0
2026-09-12 16:20:13,330 - Code.Dynamic_War_Manager.Source.Asset.Aircraft_Weapon_Data - WARNING - get_weapon_score - weapon 370gal_tank dict is None, return 0.0
2026-09-12 16:20:13,330 - Code.Dynamic_War_Manager.Source.Asset.Aircraft_Weapon_Data - WARNING - get_weapon_score - weapon 370gal_tank dict is None, return 0.0
2026-09-12 16:20:13,331 - Code.Dynamic_War_Manager.Source.Asset.Aircraft_Weapon_Data - WARNING - get_weapon_score - weapon 370gal_tank dict is None, return 0.0
2026-09-12 16:20:13,331 - Code.Dynamic_War_Manager.Source.Asset.Aircraft_Weapon_Data - WARNING - get_weapon_score - weapon 370gal_tank dict is None, return 0.0
2026-09-12 16:20:13,331 - Code.Dynamic_War_Manager.Source.Asset.Aircraft_Weapon_Data - WARNING - get_weapon_score - weapon 370gal_tank dict is None, return 0.0
2026-09-12 16:20:13,332 - Code.Dynamic_War_Manager.Source.Asset.Aircraft_Weapon_Data - WARNING - get_weapon_score - weapon 370gal_tank dict is None, return 0.0
2026-09-12 16:20:13,332 - Code.Dynamic_War_Manager.Source.Asset.Aircraft_Weapon_Data - WARNING - get_weapon_score - weapon 370gal_tank dict is None, return 0.0
2026-09-12 16:20:13,333 - Code.Dynamic_War_Manager.Source.Asset.Aircraft_Weapon_Data - WARNING - get_weapon_score - weapon 370gal_tank dict is None, return 0.0
2026-09-12 16:20:13,337 - Code.Dynamic_War_Manager.Source.Asset.Aircraft_Weapon_Data - WARNING - get_weapon_score - weapon 150gal_tank dict is None, return 0.0
2026-09-12 16:20:13,342 - Code.Dynamic_War_Manager.Source.Asset.Aircraft_Weapon_Data - WARNING - get_weapon_score - weapon 1300L_tank dict is None, return 0.0
2026-09-12 16:20:13,342 - Code.Dynamic_War_Manager.Source.Asset.Aircraft_Weapon_Data - WARNING - get_weapon_score - weapon 1300L_tank dict is None, return 0.0
2026-09-12 16:20:13,344 - Code.Dynamic_War_Manager.Source.Asset.Aircraft_Weapon_Data - WARNING - get_weapon_score - weapon 800L_tank dict is None, return 0.0
2026-09-12 16:20:13,344 - Code.Dynamic_War_Manager.Source.Asset.Aircraft_Weapon_Data - WARNING - get_weapon_score - weapon 800L_tank dict is None, return 0.0
2026-09-12 16:20:13,345 - Code.Dynamic_War_Manager.Source.Asset.Aircraft_Weapon_Data - WARNING - get_weapon_score - weapon 800L_tank dict is None, return 0.0
2026-09-12 16:20:13,355 - Code.Dynamic_War_Manager.Source.Asset.Aircraft_Weapon_Data - WARNING - get_weapon_score - weapon PTB-1500 dict is None, return 0.0
2026-09-12 16:20:13,356 - Code.Dynamic_War_Manager.Source.Asset.Aircraft_Weapon_Data - WARNING - get_weapon_score - weapon PTB-1500 dict is None, return 0.0
2026-09-12 16:20:13,356 - Code.Dynamic_War_Manager.Source.Asset.Aircraft_Weapon_Data - WARNING - get_weapon_score - weapon PTB-1500 dict is None, return 0.0
2026-09-12 16:20:13,356 - Code.Dynamic_War_Manager.Source.Asset.Aircraft_Weapon_Data - WARNING - get_weapon_score - weapon PTB-1500 dict is None, return 0.0
2026-09-12 16:20:13,357 - Code.Dynamic_War_Manager.Source.Asset.Aircraft_Weapon_Data - WARNING - get_weapon_score - weapon PTB-1500 dict is None, return 0.0
2026-09-12 16:20:21,644 - Code.Dynamic_War_Manager.Source.Asset.Aircraft_Weapon_Data - WARNING - get_weapon_score - weapon 370gal_tank dict is None, return 0.0
2026-09-12 16:20:21,644 - Code.Dynamic_War_Manager.Source.Asset.Aircraft_Weapon_Data - WARNING - get_weapon_score - weapon 370gal_tank dict is None, return 0.0
2026-09-12 16:20:21,645 - Code.Dynamic_War_Manager.Source.Asset.Aircraft_Weapon_Data - WARNING - get_weapon_score - weapon 370gal_tank dict is None, return 0.0
2026-09-12 16:20:21,645 - Code.Dynamic_War_Manager.Source.Asset.Aircraft_Weapon_Data - WARNING - get_weapon_score - weapon 370gal_tank dict is None, return 0.0
2026-09-12 16:20:21,646 - Code.Dynamic_War_Manager.Source.Asset.Aircraft_Weapon_Data - WARNING - get_weapon_score - weapon 267gal_tank dict is None, return 0.0
2026-09-12 16:20:21,646 - Code.Dynamic_War_Manager.Source.Asset.Aircraft_Weapon_Data - WARNING - get_weapon_score - weapon 267gal_tank dict is None, return 0.0
2026-09-12 16:20:21,646 - Code.Dynamic_War_Manager.Source.Asset.Aircraft_Weapon_Data - WARNING - get_weapon_score - weapon 267gal_tank dict is None, return 0.0
2026-09-12 16:20:21,646 - Code.Dynamic_War_Manager.Source.Asset.Aircraft_Weapon_Data - WARNING - get_weapon_score - weapon 267gal_tank dict is None, return 0.0
2026-09-12 16:20:21,647 - Code.Dynamic_War_Manager.Source.Asset.Aircraft_Weapon_Data - WARNING - get_weapon_score - weapon 267gal_tank dict is None, return 0.0
2026-09-12 16:20:21,647 - Code.Dynamic_War_Manager.Source.Asset.Aircraft_Weapon_Data - WARNING - get_weapon_score - weapon 267gal_tank dict is None, return 0.0
2026-09-12 16:20:21,648 - Code.Dynamic_War_Manager.Source.Asset.Aircraft_Weapon_Data - WARNING - get_weapon_score - weapon 267gal_tank dict is None, return 0.0
2026-09-12 16:20:21,648 - Code.Dynamic_War_Manager.Source.Asset.Aircraft_Weapon_Data - WARNING - get_weapon_score - weapon 267gal_tank dict is None, return 0.0
2026-09-12 16:20:21,648 - Code.Dynamic_War_Manager.Source.Asset.Aircraft_Weapon_Data - WARNING - get_weapon_score - weapon 267gal_tank dict is None, return 0.0
2026-09-12 16:20:21,648 - Code.Dynamic_War_Manager.Source.Asset.Aircraft_Weapon_Data - WARNING - get_weapon_score - weapon 267gal_tank dict is None, return 0.0
2026-09-12 16:20:21,649 - Code.Dynamic_War_Manager.Source.Asset.Aircraft_Weapon_Data - WARNING - get_weapon_score - weapon 267gal_tank dict is None, return 0.0
2026-09-12 16:20:21,649 - Code.Dynamic_War_Manager.Source.Asset.Aircraft_Weapon_Data - WARNING - get_weapon_score - weapon 267gal_tank dict is None, return 0.0
2026-09-12 16:20:21,650 - Code.Dynamic_War_Manager.Source.Asset.Aircraft_Weapon_Data - WARNING - get_weapon_score - weapon 267gal_tank dict is None, return 0.0
2026-09-12 16:20:21,650 - Code.Dynamic_War_Manager.Source.Asset.Aircraft_Weapon_Data - WARNING - get_weapon_score - weapon 600gal_tank dict is None, return 0.0
2026-09-12 16:20:21,650 - Code.Dynamic_War_Manager.Source.Asset.Aircraft_Weapon_Data - WARNING - get_weapon_score - weapon 600gal_tank dict is None, return 0.0
2026-09-12 16:20:21,651 - Code.Dynamic_War_Manager.Source.Asset.Aircraft_Weapon_Data - WARNING - get_weapon_score - weapon 600gal_tank dict is None, return 0.0
2026-09-12 16:20:21,651 - Code.Dynamic_War_Manager.Source.Asset.Aircraft_Weapon_Data - WARNING - get_weapon_score - weapon 600gal_tank dict is None, return 0.0
2026-09-12 16:20:21,653 - Code.Dynamic_War_Manager.Source.Asset.Aircraft_Weapon_Data - WARNING - get_weapon_score - weapon 330gal_tank dict is None, return 0.0
2026-09-12 16:20:21,653 - Code.Dynamic_War_Manager.Source.Asset.Aircraft_Weapon_Data - WARNING - get_weapon_score - weapon 330gal_tank dict is None, return 0.0
2026-09-12 16:20:21,653 - Code.Dynamic_War_Manager.Source.Asset.Aircraft_Weapon_Data - WARNING - get_weapon_score - weapon 330gal_tank dict is None, return 0.0
2026-09-12 16:20:21,654 - Code.Dynamic_War_Manager.Source.Asset.Aircraft_Weapon_Data - WARNING - get_weapon_score - weapon 330gal_tank dict is None, return 0.0
2026-09-12 16:20:21,654 - Code.Dynamic_War_Manager.Source.Asset.Aircraft_Weapon_Data - WARNING - get_weapon_score - weapon 330gal_tank dict is None, return 0.0
2026-09-12 16:20:21,655 - Code.Dynamic_War_Manager.Source.Asset.Aircraft_Weapon_Data - WARNING - get_weapon_score - weapon 330gal_tank dict is None, return 0.0
2026-09-12 16:20:21,655 - Code.Dynamic_War_Manager.Source.Asset.Aircraft_Weapon_Data - WARNING - get_weapon_score - weapon 330gal_tank dict is None, return 0.0
2026-09-12 16:20:21,656 - Code.Dynamic_War_Manager.Source.Asset.Aircraft_Weapon_Data - WARNING - get_weapon_score - weapon 330gal_tank dict is None, return 0.0
2026-09-12 16:20:21,656 - Code.Dynamic_War_Manager.Source.Asset.Aircraft_Weapon_Data - WARNING - get_weapon_score - weapon 330gal_tank dict is None, return 0.0
2026-09-12 16:20:21,656 - Code.Dynamic_War_Manager.Source.Asset.Aircraft_Weapon_Data - WARNING - get_weapon_score - weapon 330gal_tank dict is None, return 0.0
2026-09-12 16:20:21,657 - Code.Dynamic_War_Manager.Source.Asset.Aircraft_Weapon_Data - WARNING - get_weapon_score - weapon 330gal_tank dict is None, return 0.0
2026-09-12 16:20:21,657 - Code.Dynamic_War_Manager.Source.Asset.Aircraft_Weapon_Data - WARNING - get_weapon_score - weapon 330gal_tank dict is None, return 0.0
2026-09-12 16:20:21,657 - Code.Dynamic_War_Manager.Source.Asset.Aircraft_Weapon_Data - WARNING - get_weapon_score - weapon 330gal_tank dict is None, return 0.0
2026-09-12 16:20:21,658 - Code.Dynamic_War_Manager.Source.Asset.Aircraft_Weapon_Data - WARNING - get_weapon_score - weapon 330gal_tank dict is None, return 0.0
2026-09-12 16:20:21,658 - Code.Dynamic_War_Manager.Source.Asset.Aircraft_Weapon_Data - WARNING - get_weapon_score - weapon 600gal_tank dict is None, return 0.0
2026-09-12 16:20:21,659 - Code.Dynamic_War_Manager.Source.Asset.Aircraft_Weapon_Data - WARNING - get_weapon_score - weapon 600gal_tank dict is None, return 0.0
2026-09-12 16:20:21,659 - Code.Dynamic_War_Manager.Source.Asset.Aircraft_Weapon_Data - WARNING - get_weapon_score - weapon 275gal_tank dict is None, return 0.0
2026-09-12 16:20:21,660 - Code.Dynamic_War_Manager.Source.Asset.Aircraft_Weapon_Data - WARNING - get_weapon_score - weapon 275gal_tank dict is None, return 0.0
2026-09-12 16:20:21,661 - Code.Dynamic_War_Manager.Source.Asset.Aircraft_Weapon_Data - WARNING - get_weapon_score - weapon 370gal_tank dict is None, return 0.0
2026-09-12 16:20:21,661 - Code.Dynamic_War_Manager.Source.Asset.Aircraft_Weapon_Data - WARNING - get_weapon_score - weapon 370gal_tank dict is None, return 0.0
2026-09-12 16:20:21,662 - Code.Dynamic_War_Manager.Source.Asset.Aircraft_Weapon_Data - WARNING - get_weapon_score - weapon 370gal_tank dict is None, return 0.0
2026-09-12 16:20:21,662 - Code.Dynamic_War_Manager.Source.Asset.Aircraft_Weapon_Data - WARNING - get_weapon_score - weapon 370gal_tank dict is None, return 0.0
2026-09-12 16:20:21,662 - Code.Dynamic_War_Manager.Source.Asset.Aircraft_Weapon_Data - WARNING - get_weapon_score - weapon 370gal_tank dict is None, return 0.0
2026-09-12 16:20:21,663 - Code.Dynamic_War_Manager.Source.Asset.Aircraft_Weapon_Data - WARNING - get_weapon_score - weapon 370gal_tank dict is None, return 0.0
2026-09-12 16:20:21,663 - Code.Dynamic_War_Manager.Source.Asset.Aircraft_Weapon_Data - WARNING - get_weapon_score - weapon 370gal_tank dict is None, return 0.0
2026-09-12 16:20:21,664 - Code.Dynamic_War_Manager.Source.Asset.Aircraft_Weapon_Data - WARNING - get_weapon_score - weapon 370gal_tank dict is None, return 0.0
2026-09-12 16:20:21,664 - Code.Dynamic_War_Manager.Source.Asset.Aircraft_Weapon_Data - WARNING - get_weapon_score - weapon 370gal_tank dict is None, return 0.0
2026-09-12 16:20:21,664 - Code.Dynamic_War_Manager.Source.Asset.Aircraft_Weapon_Data - WARNING - get_weapon_score - weapon 370gal_tank dict is None, return 0.0
2026-09-12 16:20:21,665 - Code.Dynamic_War_Manager.Source.Asset.Aircraft_Weapon_Data - WARNING - get_weapon_score - weapon 370gal_tank dict is None, return 0.0
2026-09-12 16:20:21,665 - Code.Dynamic_War_Manager.Source.Asset.Aircraft_Weapon_Data - WARNING - get_weapon_score - weapon 370gal_tank dict is None, return 0.0
2026-09-12 16:20:21,669 - Code.Dynamic_War_Manager.Source.Asset.Aircraft_Weapon_Data - WARNING - get_weapon_score - weapon 150gal_tank dict is None, return 0.0
2026-09-12 16:20:21,674 - Code.Dynamic_War_Manager.Source.Asset.Aircraft_Weapon_Data - WARNING - get_weapon_score - weapon 1300L_tank dict is None, return 0.0
2026-09-12 16:20:21,675 - Code.Dynamic_War_Manager.Source.Asset.Aircraft_Weapon_Data - WARNING - get_weapon_score - weapon 1300L_tank dict is None, return 0.0
2026-09-12 16:20:21,677 - Code.Dynamic_War_Manager.Source.Asset.Aircraft_Weapon_Data - WARNING - get_weapon_score - weapon 800L_tank dict is None, return 0.0
2026-09-12 16:20:21,677 - Code.Dynamic_War_Manager.Source.Asset.Aircraft_Weapon_Data - WARNING - get_weapon_score - weapon 800L_tank dict is None, return 0.0
2026-09-12 16:20:21,678 - Code.Dynamic_War_Manager.Source.Asset.Aircraft_Weapon_Data - WARNING - get_weapon_score - weapon 800L_tank dict is None, return 0.0
2026-09-12 16:20:21,687 - Code.Dynamic_War_Manager.Source.Asset.Aircraft_Weapon_Data - WARNING - get_weapon_score - weapon PTB-1500 dict is None, return 0.0
2026-09-12 16:20:21,688 - Code.Dynamic_War_Manager.Source.Asset.Aircraft_Weapon_Data - WARNING - get_weapon_score - weapon PTB-1500 dict is None, return 0.0
2026-09-12 16:20:21,689 - Code.Dynamic_War_Manager.Source.Asset.Aircraft_Weapon_Data - WARNING - get_weapon_score - weapon PTB-1500 dict is None, return 0.0
2026-09-12 16:20:21,689 - Code.Dynamic_War_Manager.Source.Asset.Aircraft_Weapon_Data - WARNING - get_weapon_score - weapon PTB-1500 dict is None, return 0.0
2026-09-12 16:20:21,690 - Code.Dynamic_War_Manager.Source.Asset.Aircraft_Weapon_Data - WARNING - get_weapon_score - weapon PTB-1500 dict is None, return 0.0
2026-09-12 16:20:22,821 - Code.Dynamic_War_Manager.Source.Asset.Aircraft_Weapon_Data - WARNING - is_weapon_introduced - weapon 267gal_tank unknow
2026-09-12 16:20:22,821 - Code.Dynamic_War_Manager.Source.Asset.Aircraft_Weapon_Data - WARNING - is_weapon_introduced - weapon 267gal_tank unknow
2026-09-12 16:20:22,821 - Code.Dynamic_War_Manager.Source.Asset.Aircraft_Weapon_Data - WARNING - is_weapon_introduced - weapon 267gal_tank unknow
2026-09-12 16:20:22,821 - Code.Dynamic_War_Manager.Source.Asset.Aircraft_Weapon_Data - WARNING - is_weapon_introduced - weapon 267gal_tank unknow
2026-09-12 16:20:22,822 - Code.Dynamic_War_Manager.Source.Asset.Aircraft_Weapon_Data - WARNING - is_weapon_introduced - weapon 267gal_tank unknow
2026-09-12 16:20:22,822 - Code.Dynamic_War_Manager.Source.Asset.Aircraft_Weapon_Data - WARNING - is_weapon_introduced - weapon 267gal_tank unknow
2026-09-12 16:20:22,823 - Code.Dynamic_War_Manager.Source.Asset.Aircraft_Weapon_Data - WARNING - is_weapon_introduced - weapon 267gal_tank unknow
2026-09-12 16:20:22,823 - Code.Dynamic_War_Manager.Source.Asset.Aircraft_Weapon_Data - WARNING - is_weapon_introduced - weapon 267gal_tank unknow
2026-09-12 16:57:30,565 - Code.Dynamic_War_Manager.Source.Asset.Aircraft_Weapon_Data - WARNING - get_weapon_score - weapon 370gal_tank dict is None, return 0.0
2026-09-12 16:57:30,569 - Code.Dynamic_War_Manager.Source.Asset.Aircraft_Weapon_Data - WARNING - get_weapon_score - weapon 370gal_tank dict is None, return 0.0
2026-09-12 16:57:30,569 - Code.Dynamic_War_Manager.Source.Asset.Aircraft_Weapon_Data - WARNING - get_weapon_score - weapon 370gal_tank dict is None, return 0.0
2026-09-12 16:57:30,570 - Code.Dynamic_War_Manager.Source.Asset.Aircraft_Weapon_Data - WARNING - get_weapon_score - weapon 370gal_tank dict is None, return 0.0
2026-09-12 16:57:30,570 - Code.Dynamic_War_Manager.Source.Asset.Aircraft_Weapon_Data - WARNING - get_weapon_score - weapon 267gal_tank dict is None, return 0.0
2026-09-12 16:57:30,571 - Code.Dynamic_War_Manager.Source.Asset.Aircraft_Weapon_Data - WARNING - get_weapon_score - weapon 267gal_tank dict is None, return 0.0
2026-09-12 16:57:30,571 - Code.Dynamic_War_Manager.Source.Asset.Aircraft_Weapon_Data - WARNING - get_weapon_score - weapon 267gal_tank dict is None, return 0.0
2026-09-12 16:57:30,571 - Code.Dynamic_War_Manager.Source.Asset.Aircraft_Weapon_Data - WARNING - get_weapon_score - weapon 267gal_tank dict is None, return 0.0
2026-09-12 16:57:30,572 - Code.Dynamic_War_Manager.Source.Asset.Aircraft_Weapon_Data - WARNING - get_weapon_score - weapon 267gal_tank dict is None, return 0.0
2026-09-12 16:57:30,572 - Code.Dynamic_War_Manager.Source.Asset.Aircraft_Weapon_Data - WARNING - get_weapon_score - weapon 267gal_tank dict is None, return 0.0
2026-09-12 16:57:30,572 - Code.Dynamic_War_Manager.Source.Asset.Aircraft_Weapon_Data - WARNING - get_weapon_score - weapon 267gal_tank dict is None, return 0.0
2026-09-12 16:57:30,572 - Code.Dynamic_War_Manager.Source.Asset.Aircraft_Weapon_Data - WARNING - get_weapon_score - weapon 267gal_tank dict is None, return 0.0
2026-09-12 16:57:30,573 - Code.Dynamic_War_Manager.Source.Asset.Aircraft_Weapon_Data - WARNING - get_weapon_score - weapon 267gal_tank dict is None, return 0.0
2026-09-12 16:57:30,573 - Code.Dynamic_War_Manager.Source.Asset.Aircraft_Weapon_Data - WARNING - get_weapon_score - weapon 267gal_tank dict is None, return 0.0
2026-09-12 16:57:30,573 - Code.Dynamic_War_Manager.Source.Asset.Aircraft_Weapon_Data - WARNING - get_weapon_score - weapon 267gal_tank dict is None, return 0.0
2026-09-12 16:57:30,574 - Code.Dynamic_War_Manager.Source.Asset.Aircraft_Weapon_Data - WARNING - get_weapon_score - weapon 267gal_tank dict is None, return 0.0
2026-09-12 16:57:30,574 - Code.Dynamic_War_Manager.Source.Asset.Aircraft_Weapon_Data - WARNING - get_weapon_score - weapon 267gal_tank dict is None, return 0.0
2026-09-12 16:57:30,575 - Code.Dynamic_War_Manager.Source.Asset.Aircraft_Weapon_Data - WARNING - get_weapon_score - weapon 600gal_tank dict is None, return 0.0
2026-09-12 16:57:30,575 - Code.Dynamic_War_Manager.Source.Asset.Aircraft_Weapon_Data - WARNING - get_weapon_score - weapon 600gal_tank dict is None, return 0.0
2026-09-12 16:57:30,576 - Code.Dynamic_War_Manager.Source.Asset.Aircraft_Weapon_Data - WARNING - get_weapon_score - weapon 600gal_tank dict is None, return 0.0
2026-09-12 16:57:30,576 - Code.Dynamic_War_Manager.Source.Asset.Aircraft_Weapon_Data - WARNING - get_weapon_score - weapon 600gal_tank dict is None, return 0.0
2026-09-12 16:57:30,577 - Code.Dynamic_War_Manager.Source.Asset.Aircraft_Weapon_Data - WARNING - get_weapon_score - weapon 330gal_tank dict is None, return 0.0
2026-09-12 16:57:30,577 - Code.Dynamic_War_Manager.Source.Asset.Aircraft_Weapon_Data - WARNING - get_weapon_score - weapon 330gal_tank dict is None, return 0.0
2026-09-12 16:57:30,578 - Code.Dynamic_War_Manager.Source.Asset.Aircraft_Weapon_Data - WARNING - get_weapon_score - weapon 330gal_tank dict is None, return 0.0
2026-09-12 16:57:30,578 - Code.Dynamic_War_Manager.Source.Asset.Aircraft_Weapon_Data - WARNING - get_weapon_score - weapon 330gal_tank dict is None, return 0.0
2026-09-12 16:57:30,579 - Code.Dynamic_War_Manager.Source.Asset.Aircraft_Weapon_Data - WARNING - get_weapon_score - weapon 330gal_tank dict is None, return 0.0
2026-09-12 16:57:30,579 - Code.Dynamic_War_Manager.Source.Asset.Aircraft_Weapon_Data - WARNING - get_weapon_score - weapon 330gal_tank dict is None, return 0.0
2026-09-12 16:57:30,580 - Code.Dynamic_War_Manager.Source.Asset.Aircraft_Weapon_Data - WARNING - get_weapon_score - weapon 330gal_tank dict is None, return 0.0
2026-09-12 16:57:30,580 - Code.Dynamic_War_Manager.Source.Asset.Aircraft_Weapon_Data - WARNING - get_weapon_score - weapon 330gal_tank dict is None, return 0.0
2026-09-12 16:57:30,580 - Code.Dynamic_War_Manager.Source.Asset.Aircraft_Weapon_Data - WARNING - get_weapon_score - weapon 330gal_tank dict is None, return 0.0
2026-09-12 16:57:30,581 - Code.Dynamic_War_Manager.Source.Asset.Aircraft_Weapon_Data - WARNING - get_weapon_score - weapon 330gal_tank dict is None, return 0.0
2026-09-12 16:57:30,581 - Code.Dynamic_War_Manager.Source.Asset.Aircraft_Weapon_Data - WARNING - get_weapon_score - weapon 330gal_tank dict is None, return 0.0
2026-09-12 16:57:30,582 - Code.Dynamic_War_Manager.Source.Asset.Aircraft_Weapon_Data - WARNING - get_weapon_score - weapon 330gal_tank dict is None, return 0.0
2026-09-12 16:57:30,582 - Code.Dynamic_War_Manager.Source.Asset.Aircraft_Weapon_Data - WARNING - get_weapon_score - weapon 330gal_tank dict is None, return 0.0
2026-09-12 16:57:30,582 - Code.Dynamic_War_Manager.Source.Asset.Aircraft_Weapon_Data - WARNING - get_weapon_score - weapon 330gal_tank dict is None, return 0.0
2026-09-12 16:57:30,583 - Code.Dynamic_War_Manager.Source.Asset.Aircraft_Weapon_Data - WARNING - get_weapon_score - weapon 600gal_tank dict is None, return 0.0
2026-09-12 16:57:30,583 - Code.Dynamic_War_Manager.Source.Asset.Aircraft_Weapon_Data - WARNING - get_weapon_score - weapon 600gal_tank dict is None, return 0.0
2026-09-12 16:57:30,584 - Code.Dynamic_War_Manager.Source.Asset.Aircraft_Weapon_Data - WARNING - get_weapon_score - weapon 275gal_tank dict is None, return 0.0
2026-09-12 16:57:30,584 - Code.Dynamic_War_Manager.Source.Asset.Aircraft_Weapon_Data - WARNING - get_weapon_score - weapon 275gal_tank dict is None, return 0.0
2026-09-12 16:57:30,585 - Code.Dynamic_War_Manager.Source.Asset.Aircraft_Weapon_Data - WARNING - get_weapon_score - weapon 370gal_tank dict is None, return 0.0
2026-09-12 16:57:30,586 - Code.Dynamic_War_Manager.Source.Asset.Aircraft_Weapon_Data - WARNING - get_weapon_score - weapon 370gal_tank dict is None, return 0.0
2026-09-12 16:57:30,586 - Code.Dynamic_War_Manager.Source.Asset.Aircraft_Weapon_Data - WARNING - get_weapon_score - weapon 370gal_tank dict is None, return 0.0
2026-09-12 16:57:30,587 - Code.Dynamic_War_Manager.Source.Asset.Aircraft_Weapon_Data - WARNING - get_weapon_score - weapon 370gal_tank dict is None, return 0.0
2026-09-12 16:57:30,587 - Code.Dynamic_War_Manager.Source.Asset.Aircraft_Weapon_Data - WARNING - get_weapon_score - weapon 370gal_tank dict is None, return 0.0
2026-09-12 16:57:30,587 - Code.Dynamic_War_Manager.Source.Asset.Aircraft_Weapon_Data - WARNING - get_weapon_score - weapon 370gal_tank dict is None, return 0.0
2026-09-12 16:57:30,588 - Code.Dynamic_War_Manager.Source.Asset.Aircraft_Weapon_Data - WARNING - get_weapon_score - weapon 370gal_tank dict is None, return 0.0
2026-09-12 16:57:30,588 - Code.Dynamic_War_Manager.Source.Asset.Aircraft_Weapon_Data - WARNING - get_weapon_score - weapon 370gal_tank dict is None, return 0.0
2026-09-12 16:57:30,588 - Code.Dynamic_War_Manager.Source.Asset.Aircraft_Weapon_Data - WARNING - get_weapon_score - weapon 370gal_tank dict is None, return 0.0
2026-09-12 16:57:30,589 - Code.Dynamic_War_Manager.Source.Asset.Aircraft_Weapon_Data - WARNING - get_weapon_score - weapon 370gal_tank dict is None, return 0.0
2026-09-12 16:57:30,589 - Code.Dynamic_War_Manager.Source.Asset.Aircraft_Weapon_Data - WARNING - get_weapon_score - weapon 370gal_tank dict is None, return 0.0
2026-09-12 16:57:30,589 - Code.Dynamic_War_Manager.Source.Asset.Aircraft_Weapon_Data - WARNING - get_weapon_score - weapon 370gal_tank dict is None, return 0.0
2026-09-12 16:57:30,593 - Code.Dynamic_War_Manager.Source.Asset.Aircraft_Weapon_Data - WARNING - get_weapon_score - weapon 150gal_tank dict is None, return 0.0
2026-09-12 16:57:30,599 - Code.Dynamic_War_Manager.Source.Asset.Aircraft_Weapon_Data - WARNING - get_weapon_score - weapon 1300L_tank dict is None, return 0.0
2026-09-12 16:57:30,599 - Code.Dynamic_War_Manager.Source.Asset.Aircraft_Weapon_Data - WARNING - get_weapon_score - weapon 1300L_tank dict is None, return 0.0
2026-09-12 16:57:30,601 - Code.Dynamic_War_Manager.Source.Asset.Aircraft_Weapon_Data - WARNING - get_weapon_score - weapon 800L_tank dict is None, return 0.0
2026-09-12 16:57:30,601 - Code.Dynamic_War_Manager.Source.Asset.Aircraft_Weapon_Data - WARNING - get_weapon_score - weapon 800L_tank dict is None, return 0.0
2026-09-12 16:57:30,602 - Code.Dynamic_War_Manager.Source.Asset.Aircraft_Weapon_Data - WARNING - get_weapon_score - weapon 800L_tank dict is None, return 0.0
2026-09-12 16:57:30,612 - Code.Dynamic_War_Manager.Source.Asset.Aircraft_Weapon_Data - WARNING - get_weapon_score - weapon PTB-1500 dict is None, return 0.0
2026-09-12 16:57:30,613 - Code.Dynamic_War_Manager.Source.Asset.Aircraft_Weapon_Data - WARNING - get_weapon_score - weapon PTB-1500 dict is None, return 0.0
2026-09-12 16:57:30,613 - Code.Dynamic_War_Manager.Source.Asset.Aircraft_Weapon_Data - WARNING - get_weapon_score - weapon PTB-1500 dict is None, return 0.0
2026-09-12 16:57:30,613 - Code.Dynamic_War_Manager.Source.Asset.Aircraft_Weapon_Data - WARNING - get_weapon_score - weapon PTB-1500 dict is None, return 0.0
2026-09-12 16:57:30,614 - Code.Dynamic_War_Manager.Source.Asset.Aircraft_Weapon_Data - WARNING - get_weapon_score - weapon PTB-1500 dict is None, return 0.0
2026-09-12 16:58:17,314 - Code.Dynamic_War_Manager.Source.Asset.Aircraft_Weapon_Data - WARNING - get_weapon_score - weapon 370gal_tank dict is None, return 0.0
2026-09-12 16:58:17,315 - Code.Dynamic_War_Manager.Source.Asset.Aircraft_Weapon_Data - WARNING - get_weapon_score - weapon 370gal_tank dict is None, return 0.0
2026-09-12 16:58:17,315 - Code.Dynamic_War_Manager.Source.Asset.Aircraft_Weapon_Data - WARNING - get_weapon_score - weapon 370gal_tank dict is None, return 0.0
2026-09-12 16:58:17,315 - Code.Dynamic_War_Manager.Source.Asset.Aircraft_Weapon_Data - WARNING - get_weapon_score - weapon 370gal_tank dict is None, return 0.0
2026-09-12 16:58:17,316 - Code.Dynamic_War_Manager.Source.Asset.Aircraft_Weapon_Data - WARNING - get_weapon_score - weapon 267gal_tank dict is None, return 0.0
2026-09-12 16:58:17,316 - Code.Dynamic_War_Manager.Source.Asset.Aircraft_Weapon_Data - WARNING - get_weapon_score - weapon 267gal_tank dict is None, return 0.0
2026-09-12 16:58:17,317 - Code.Dynamic_War_Manager.Source.Asset.Aircraft_Weapon_Data - WARNING - get_weapon_score - weapon 267gal_tank dict is None, return 0.0
2026-09-12 16:58:17,317 - Code.Dynamic_War_Manager.Source.Asset.Aircraft_Weapon_Data - WARNING - get_weapon_score - weapon 267gal_tank dict is None, return 0.0
2026-09-12 16:58:17,317 - Code.Dynamic_War_Manager.Source.Asset.Aircraft_Weapon_Data - WARNING - get_weapon_score - weapon 267gal_tank dict is None, return 0.0
2026-09-12 16:58:17,317 - Code.Dynamic_War_Manager.Source.Asset.Aircraft_Weapon_Data - WARNING - get_weapon_score - weapon 267gal_tank dict is None, return 0.0
2026-09-12 16:58:17,318 - Code.Dynamic_War_Manager.Source.Asset.Aircraft_Weapon_Data - WARNING - get_weapon_score - weapon 267gal_tank dict is None, return 0.0
2026-09-12 16:58:17,318 - Code.Dynamic_War_Manager.Source.Asset.Aircraft_Weapon_Data - WARNING - get_weapon_score - weapon 267gal_tank dict is None, return 0.0
2026-09-12 16:58:17,319 - Code.Dynamic_War_Manager.Source.Asset.Aircraft_Weapon_Data - WARNING - get_weapon_score - weapon 267gal_tank dict is None, return 0.0
2026-09-12 16:58:17,319 - Code.Dynamic_War_Manager.Source.Asset.Aircraft_Weapon_Data - WARNING - get_weapon_score - weapon 267gal_tank dict is None, return 0.0
2026-09-12 16:58:17,319 - Code.Dynamic_War_Manager.Source.Asset.Aircraft_Weapon_Data - WARNING - get_weapon_score - weapon 267gal_tank dict is None, return 0.0
2026-09-12 16:58:17,319 - Code.Dynamic_War_Manager.Source.Asset.Aircraft_Weapon_Data - WARNING - get_weapon_score - weapon 267gal_tank dict is None, return 0.0
2026-09-12 16:58:17,320 - Code.Dynamic_War_Manager.Source.Asset.Aircraft_Weapon_Data - WARNING - get_weapon_score - weapon 267gal_tank dict is None, return 0.0
2026-09-12 16:58:17,320 - Code.Dynamic_War_Manager.Source.Asset.Aircraft_Weapon_Data - WARNING - get_weapon_score - weapon 600gal_tank dict is None, return 0.0
2026-09-12 16:58:17,320 - Code.Dynamic_War_Manager.Source.Asset.Aircraft_Weapon_Data - WARNING - get_weapon_score - weapon 600gal_tank dict is None, return 0.0
2026-09-12 16:58:17,321 - Code.Dynamic_War_Manager.Source.Asset.Aircraft_Weapon_Data - WARNING - get_weapon_score - weapon 600gal_tank dict is None, return 0.0
2026-09-12 16:58:17,321 - Code.Dynamic_War_Manager.Source.Asset.Aircraft_Weapon_Data - WARNING - get_weapon_score - weapon 600gal_tank dict is None, return 0.0
2026-09-12 16:58:17,323 - Code.Dynamic_War_Manager.Source.Asset.Aircraft_Weapon_Data - WARNING - get_weapon_score - weapon 330gal_tank dict is None, return 0.0
2026-09-12 16:58:17,323 - Code.Dynamic_War_Manager.Source.Asset.Aircraft_Weapon_Data - WARNING - get_weapon_score - weapon 330gal_tank dict is None, return 0.0
2026-09-12 16:58:17,324 - Code.Dynamic_War_Manager.Source.Asset.Aircraft_Weapon_Data - WARNING - get_weapon_score - weapon 330gal_tank dict is None, return 0.0
2026-09-12 16:58:17,324 - Code.Dynamic_War_Manager.Source.Asset.Aircraft_Weapon_Data - WARNING - get_weapon_score - weapon 330gal_tank dict is None, return 0.0
2026-09-12 16:58:17,325 - Code.Dynamic_War_Manager.Source.Asset.Aircraft_Weapon_Data - WARNING - get_weapon_score - weapon 330gal_tank dict is None, return 0.0
2026-09-12 16:58:17,325 - Code.Dynamic_War_Manager.Source.Asset.Aircraft_Weapon_Data - WARNING - get_weapon_score - weapon 330gal_tank dict is None, return 0.0
2026-09-12 16:58:17,326 - Code.Dynamic_War_Manager.Source.Asset.Aircraft_Weapon_Data - WARNING - get_weapon_score - weapon 330gal_tank dict is None, return 0.0
2026-09-12 16:58:17,326 - Code.Dynamic_War_Manager.Source.Asset.Aircraft_Weapon_Data - WARNING - get_weapon_score - weapon 330gal_tank dict is None, return 0.0
2026-09-12 16:58:17,326 - Code.Dynamic_War_Manager.Source.Asset.Aircraft_Weapon_Data - WARNING - get_weapon_score - weapon 330gal_tank dict is None, return 0.0
2026-09-12 16:58:17,327 - Code.Dynamic_War_Manager.Source.Asset.Aircraft_Weapon_Data - WARNING - get_weapon_score - weapon 330gal_tank dict is None, return 0.0
2026-09-12 16:58:17,327 - Code.Dynamic_War_Manager.Source.Asset.Aircraft_Weapon_Data - WARNING - get_weapon_score - weapon 330gal_tank dict is None, return 0.0
2026-09-12 16:58:17,327 - Code.Dynamic_War_Manager.Source.Asset.Aircraft_Weapon_Data - WARNING - get_weapon_score - weapon 330gal_tank dict is None, return 0.0
2026-09-12 16:58:17,328 - Code.Dynamic_War_Manager.Source.Asset.Aircraft_Weapon_Data - WARNING - get_weapon_score - weapon 330gal_tank dict is None, return 0.0
2026-09-12 16:58:17,328 - Code.Dynamic_War_Manager.Source.Asset.Aircraft_Weapon_Data - WARNING - get_weapon_score - weapon 330gal_tank dict is None, return 0.0
2026-09-12 16:58:17,328 - Code.Dynamic_War_Manager.Source.Asset.Aircraft_Weapon_Data - WARNING - get_weapon_score - weapon 600gal_tank dict is None, return 0.0
2026-09-12 16:58:17,329 - Code.Dynamic_War_Manager.Source.Asset.Aircraft_Weapon_Data - WARNING - get_weapon_score - weapon 600gal_tank dict is None, return 0.0
2026-09-12 16:58:17,330 - Code.Dynamic_War_Manager.Source.Asset.Aircraft_Weapon_Data - WARNING - get_weapon_score - weapon 275gal_tank dict is None, return 0.0
2026-09-12 16:58:17,330 - Code.Dynamic_War_Manager.Source.Asset.Aircraft_Weapon_Data - WARNING - get_weapon_score - weapon 275gal_tank dict is None, return 0.0
2026-09-12 16:58:17,331 - Code.Dynamic_War_Manager.Source.Asset.Aircraft_Weapon_Data - WARNING - get_weapon_score - weapon 370gal_tank dict is None, return 0.0
2026-09-12 16:58:17,332 - Code.Dynamic_War_Manager.Source.Asset.Aircraft_Weapon_Data - WARNING - get_weapon_score - weapon 370gal_tank dict is None, return 0.0
2026-09-12 16:58:17,332 - Code.Dynamic_War_Manager.Source.Asset.Aircraft_Weapon_Data - WARNING - get_weapon_score - weapon 370gal_tank dict is None, return 0.0
2026-09-12 16:58:17,332 - Code.Dynamic_War_Manager.Source.Asset.Aircraft_Weapon_Data - WARNING - get_weapon_score - weapon 370gal_tank dict is None, return 0.0
2026-09-12 16:58:17,333 - Code.Dynamic_War_Manager.Source.Asset.Aircraft_Weapon_Data - WARNING - get_weapon_score - weapon 370gal_tank dict is None, return 0.0
2026-09-12 16:58:17,333 - Code.Dynamic_War_Manager.Source.Asset.Aircraft_Weapon_Data - WARNING - get_weapon_score - weapon 370gal_tank dict is None, return 0.0
2026-09-12 16:58:17,334 - Code.Dynamic_War_Manager.Source.Asset.Aircraft_Weapon_Data - WARNING - get_weapon_score - weapon 370gal_tank dict is None, return 0.0
2026-09-12 16:58:17,334 - Code.Dynamic_War_Manager.Source.Asset.Aircraft_Weapon_Data - WARNING - get_weapon_score - weapon 370gal_tank dict is None, return 0.0
2026-09-12 16:58:17,334 - Code.Dynamic_War_Manager.Source.Asset.Aircraft_Weapon_Data - WARNING - get_weapon_score - weapon 370gal_tank dict is None, return 0.0
2026-09-12 16:58:17,335 - Code.Dynamic_War_Manager.Source.Asset.Aircraft_Weapon_Data - WARNING - get_weapon_score - weapon 370gal_tank dict is None, return 0.0
2026-09-12 16:58:17,335 - Code.Dynamic_War_Manager.Source.Asset.Aircraft_Weapon_Data - WARNING - get_weapon_score - weapon 370gal_tank dict is None, return 0.0
2026-09-12 16:58:17,335 - Code.Dynamic_War_Manager.Source.Asset.Aircraft_Weapon_Data - WARNING - get_weapon_score - weapon 370gal_tank dict is None, return 0.0
2026-09-12 16:58:17,339 - Code.Dynamic_War_Manager.Source.Asset.Aircraft_Weapon_Data - WARNING - get_weapon_score - weapon 150gal_tank dict is None, return 0.0
2026-09-12 16:58:17,344 - Code.Dynamic_War_Manager.Source.Asset.Aircraft_Weapon_Data - WARNING - get_weapon_score - weapon 1300L_tank dict is None, return 0.0
2026-09-12 16:58:17,345 - Code.Dynamic_War_Manager.Source.Asset.Aircraft_Weapon_Data - WARNING - get_weapon_score - weapon 1300L_tank dict is None, return 0.0
2026-09-12 16:58:17,347 - Code.Dynamic_War_Manager.Source.Asset.Aircraft_Weapon_Data - WARNING - get_weapon_score - weapon 800L_tank dict is None, return 0.0
2026-09-12 16:58:17,347 - Code.Dynamic_War_Manager.Source.Asset.Aircraft_Weapon_Data - WARNING - get_weapon_score - weapon 800L_tank dict is None, return 0.0
2026-09-12 16:58:17,348 - Code.Dynamic_War_Manager.Source.Asset.Aircraft_Weapon_Data - WARNING - get_weapon_score - weapon 800L_tank dict is None, return 0.0
2026-09-12 16:58:17,358 - Code.Dynamic_War_Manager.Source.Asset.Aircraft_Weapon_Data - WARNING - get_weapon_score - weapon PTB-1500 dict is None, return 0.0
2026-09-12 16:58:17,359 - Code.Dynamic_War_Manager.Source.Asset.Aircraft_Weapon_Data - WARNING - get_weapon_score - weapon PTB-1500 dict is None, return 0.0
2026-09-12 16:58:17,359 - Code.Dynamic_War_Manager.Source.Asset.Aircraft_Weapon_Data - WARNING - get_weapon_score - weapon PTB-1500 dict is None, return 0.0
2026-09-12 16:58:17,359 - Code.Dynamic_War_Manager.Source.Asset.Aircraft_Weapon_Data - WARNING - get_weapon_score - weapon PTB-1500 dict is None, return 0.0
2026-09-12 16:58:17,360 - Code.Dynamic_War_Manager.Source.Asset.Aircraft_Weapon_Data - WARNING - get_weapon_score - weapon PTB-1500 dict is None, return 0.0
2026-09-12 16:58:33,658 - Code.Dynamic_War_Manager.Source.Asset.Aircraft_Weapon_Data - WARNING - get_weapon_score - weapon 370gal_tank dict is None, return 0.0
2026-09-12 16:58:33,659 - Code.Dynamic_War_Manager.Source.Asset.Aircraft_Weapon_Data - WARNING - get_weapon_score - weapon 370gal_tank dict is None, return 0.0
2026-09-12 16:58:33,659 - Code.Dynamic_War_Manager.Source.Asset.Aircraft_Weapon_Data - WARNING - get_weapon_score - weapon 370gal_tank dict is None, return 0.0
2026-09-12 16:58:33,660 - Code.Dynamic_War_Manager.Source.Asset.Aircraft_Weapon_Data - WARNING - get_weapon_score - weapon 370gal_tank dict is None, return 0.0
2026-09-12 16:58:33,660 - Code.Dynamic_War_Manager.Source.Asset.Aircraft_Weapon_Data - WARNING - get_weapon_score - weapon 267gal_tank dict is None, return 0.0
2026-09-12 16:58:33,660 - Code.Dynamic_War_Manager.Source.Asset.Aircraft_Weapon_Data - WARNING - get_weapon_score - weapon 267gal_tank dict is None, return 0.0
2026-09-12 16:58:33,661 - Code.Dynamic_War_Manager.Source.Asset.Aircraft_Weapon_Data - WARNING - get_weapon_score - weapon 267gal_tank dict is None, return 0.0
2026-09-12 16:58:33,661 - Code.Dynamic_War_Manager.Source.Asset.Aircraft_Weapon_Data - WARNING - get_weapon_score - weapon 267gal_tank dict is None, return 0.0
2026-09-12 16:58:33,661 - Code.Dynamic_War_Manager.Source.Asset.Aircraft_Weapon_Data - WARNING - get_weapon_score - weapon 267gal_tank dict is None, return 0.0
2026-09-12 16:58:33,661 - Code.Dynamic_War_Manager.Source.Asset.Aircraft_Weapon_Data - WARNING - get_weapon_score - weapon 267gal_tank dict is None, return 0.0
2026-09-12 16:58:33,662 - Code.Dynamic_War_Manager.Source.Asset.Aircraft_Weapon_Data - WARNING - get_weapon_score - weapon 267gal_tank dict is None, return 0.0
2026-09-12 16:58:33,662 - Code.Dynamic_War_Manager.Source.Asset.Aircraft_Weapon_Data - WARNING - get_weapon_score - weapon 267gal_tank dict is None, return 0.0
2026-09-12 16:58:33,663 - Code.Dynamic_War_Manager.Source.Asset.Aircraft_Weapon_Data - WARNING - get_weapon_score - weapon 267gal_tank dict is None, return 0.0
2026-09-12 16:58:33,663 - Code.Dynamic_War_Manager.Source.Asset.Aircraft_Weapon_Data - WARNING - get_weapon_score - weapon 267gal_tank dict is None, return 0.0
2026-09-12 16:58:33,663 - Code.Dynamic_War_Manager.Source.Asset.Aircraft_Weapon_Data - WARNING - get_weapon_score - weapon 267gal_tank dict is None, return 0.0
2026-09-12 16:58:33,663 - Code.Dynamic_War_Manager.Source.Asset.Aircraft_Weapon_Data - WARNING - get_weapon_score - weapon 267gal_tank dict is None, return 0.0
2026-09-12 16:58:33,664 - Code.Dynamic_War_Manager.Source.Asset.Aircraft_Weapon_Data - WARNING - get_weapon_score - weapon 267gal_tank dict is None, return 0.0
2026-09-12 16:58:33,664 - Code.Dynamic_War_Manager.Source.Asset.Aircraft_Weapon_Data - WARNING - get_weapon_score - weapon 600gal_tank dict is None, return 0.0
2026-09-12 16:58:33,664 - Code.Dynamic_War_Manager.Source.Asset.Aircraft_Weapon_Data - WARNING - get_weapon_score - weapon 600gal_tank dict is None, return 0.0
2026-09-12 16:58:33,665 - Code.Dynamic_War_Manager.Source.Asset.Aircraft_Weapon_Data - WARNING - get_weapon_score - weapon 600gal_tank dict is None, return 0.0
2026-09-12 16:58:33,665 - Code.Dynamic_War_Manager.Source.Asset.Aircraft_Weapon_Data - WARNING - get_weapon_score - weapon 600gal_tank dict is None, return 0.0
2026-09-12 16:58:33,667 - Code.Dynamic_War_Manager.Source.Asset.Aircraft_Weapon_Data - WARNING - get_weapon_score - weapon 330gal_tank dict is None, return 0.0
2026-09-12 16:58:33,667 - Code.Dynamic_War_Manager.Source.Asset.Aircraft_Weapon_Data - WARNING - get_weapon_score - weapon 330gal_tank dict is None, return 0.0
2026-09-12 16:58:33,668 - Code.Dynamic_War_Manager.Source.Asset.Aircraft_Weapon_Data - WARNING - get_weapon_score - weapon 330gal_tank dict is None, return 0.0
2026-09-12 16:58:33,668 - Code.Dynamic_War_Manager.Source.Asset.Aircraft_Weapon_Data - WARNING - get_weapon_score - weapon 330gal_tank dict is None, return 0.0
2026-09-12 16:58:33,669 - Code.Dynamic_War_Manager.Source.Asset.Aircraft_Weapon_Data - WARNING - get_weapon_score - weapon 330gal_tank dict is None, return 0.0
2026-09-12 16:58:33,669 - Code.Dynamic_War_Manager.Source.Asset.Aircraft_Weapon_Data - WARNING - get_weapon_score - weapon 330gal_tank dict is None, return 0.0
2026-09-12 16:58:33,670 - Code.Dynamic_War_Manager.Source.Asset.Aircraft_Weapon_Data - WARNING - get_weapon_score - weapon 330gal_tank dict is None, return 0.0
2026-09-12 16:58:33,670 - Code.Dynamic_War_Manager.Source.Asset.Aircraft_Weapon_Data - WARNING - get_weapon_score - weapon 330gal_tank dict is None, return 0.0
2026-09-12 16:58:33,670 - Code.Dynamic_War_Manager.Source.Asset.Aircraft_Weapon_Data - WARNING - get_weapon_score - weapon 330gal_tank dict is None, return 0.0
2026-09-12 16:58:33,671 - Code.Dynamic_War_Manager.Source.Asset.Aircraft_Weapon_Data - WARNING - get_weapon_score - weapon 330gal_tank dict is None, return 0.0
2026-09-12 16:58:33,671 - Code.Dynamic_War_Manager.Source.Asset.Aircraft_Weapon_Data - WARNING - get_weapon_score - weapon 330gal_tank dict is None, return 0.0
2026-09-12 16:58:33,671 - Code.Dynamic_War_Manager.Source.Asset.Aircraft_Weapon_Data - WARNING - get_weapon_score - weapon 330gal_tank dict is None, return 0.0
2026-09-12 16:58:33,672 - Code.Dynamic_War_Manager.Source.Asset.Aircraft_Weapon_Data - WARNING - get_weapon_score - weapon 330gal_tank dict is None, return 0.0
2026-09-12 16:58:33,672 - Code.Dynamic_War_Manager.Source.Asset.Aircraft_Weapon_Data - WARNING - get_weapon_score - weapon 330gal_tank dict is None, return 0.0
2026-09-12 16:58:33,673 - Code.Dynamic_War_Manager.Source.Asset.Aircraft_Weapon_Data - WARNING - get_weapon_score - weapon 600gal_tank dict is None, return 0.0
2026-09-12 16:58:33,673 - Code.Dynamic_War_Manager.Source.Asset.Aircraft_Weapon_Data - WARNING - get_weapon_score - weapon 600gal_tank dict is None, return 0.0
2026-09-12 16:58:33,674 - Code.Dynamic_War_Manager.Source.Asset.Aircraft_Weapon_Data - WARNING - get_weapon_score - weapon 275gal_tank dict is None, return 0.0
2026-09-12 16:58:33,674 - Code.Dynamic_War_Manager.Source.Asset.Aircraft_Weapon_Data - WARNING - get_weapon_score - weapon 275gal_tank dict is None, return 0.0
2026-09-12 16:58:33,675 - Code.Dynamic_War_Manager.Source.Asset.Aircraft_Weapon_Data - WARNING - get_weapon_score - weapon 370gal_tank dict is None, return 0.0
2026-09-12 16:58:33,676 - Code.Dynamic_War_Manager.Source.Asset.Aircraft_Weapon_Data - WARNING - get_weapon_score - weapon 370gal_tank dict is None, return 0.0
2026-09-12 16:58:33,676 - Code.Dynamic_War_Manager.Source.Asset.Aircraft_Weapon_Data - WARNING - get_weapon_score - weapon 370gal_tank dict is None, return 0.0
2026-09-12 16:58:33,676 - Code.Dynamic_War_Manager.Source.Asset.Aircraft_Weapon_Data - WARNING - get_weapon_score - weapon 370gal_tank dict is None, return 0.0
2026-09-12 16:58:33,677 - Code.Dynamic_War_Manager.Source.Asset.Aircraft_Weapon_Data - WARNING - get_weapon_score - weapon 370gal_tank dict is None, return 0.0
2026-09-12 16:58:33,677 - Code.Dynamic_War_Manager.Source.Asset.Aircraft_Weapon_Data - WARNING - get_weapon_score - weapon 370gal_tank dict is None, return 0.0
2026-09-12 16:58:33,678 - Code.Dynamic_War_Manager.Source.Asset.Aircraft_Weapon_Data - WARNING - get_weapon_score - weapon 370gal_tank dict is None, return 0.0
2026-09-12 16:58:33,678 - Code.Dynamic_War_Manager.Source.Asset.Aircraft_Weapon_Data - WARNING - get_weapon_score - weapon 370gal_tank dict is None, return 0.0
2026-09-12 16:58:33,678 - Code.Dynamic_War_Manager.Source.Asset.Aircraft_Weapon_Data - WARNING - get_weapon_score - weapon 370gal_tank dict is None, return 0.0
2026-09-12 16:58:33,679 - Code.Dynamic_War_Manager.Source.Asset.Aircraft_Weapon_Data - WARNING - get_weapon_score - weapon 370gal_tank dict is None, return 0.0
2026-09-12 16:58:33,679 - Code.Dynamic_War_Manager.Source.Asset.Aircraft_Weapon_Data - WARNING - get_weapon_score - weapon 370gal_tank dict is None, return 0.0
2026-09-12 16:58:33,679 - Code.Dynamic_War_Manager.Source.Asset.Aircraft_Weapon_Data - WARNING - get_weapon_score - weapon 370gal_tank dict is None, return 0.0
2026-09-12 16:58:33,683 - Code.Dynamic_War_Manager.Source.Asset.Aircraft_Weapon_Data - WARNING - get_weapon_score - weapon 150gal_tank dict is None, return 0.0
2026-09-12 16:58:33,689 - Code.Dynamic_War_Manager.Source.Asset.Aircraft_Weapon_Data - WARNING - get_weapon_score - weapon 1300L_tank dict is None, return 0.0
2026-09-12 16:58:33,690 - Code.Dynamic_War_Manager.Source.Asset.Aircraft_Weapon_Data - WARNING - get_weapon_score - weapon 1300L_tank dict is None, return 0.0
2026-09-12 16:58:33,691 - Code.Dynamic_War_Manager.Source.Asset.Aircraft_Weapon_Data - WARNING - get_weapon_score - weapon 800L_tank dict is None, return 0.0
2026-09-12 16:58:33,692 - Code.Dynamic_War_Manager.Source.Asset.Aircraft_Weapon_Data - WARNING - get_weapon_score - weapon 800L_tank dict is None, return 0.0
2026-09-12 16:58:33,692 - Code.Dynamic_War_Manager.Source.Asset.Aircraft_Weapon_Data - WARNING - get_weapon_score - weapon 800L_tank dict is None, return 0.0
2026-09-12 16:58:33,702 - Code.Dynamic_War_Manager.Source.Asset.Aircraft_Weapon_Data - WARNING - get_weapon_score - weapon PTB-1500 dict is None, return 0.0
2026-09-12 16:58:33,703 - Code.Dynamic_War_Manager.Source.Asset.Aircraft_Weapon_Data - WARNING - get_weapon_score - weapon PTB-1500 dict is None, return 0.0
2026-09-12 16:58:33,703 - Code.Dynamic_War_Manager.Source.Asset.Aircraft_Weapon_Data - WARNING - get_weapon_score - weapon PTB-1500 dict is None, return 0.0
2026-09-12 16:58:33,704 - Code.Dynamic_War_Manager.Source.Asset.Aircraft_Weapon_Data - WARNING - get_weapon_score - weapon PTB-1500 dict is None, return 0.0
2026-09-12 16:58:33,705 - Code.Dynamic_War_Manager.Source.Asset.Aircraft_Weapon_Data - WARNING - get_weapon_score - weapon PTB-1500 dict is None, return 0.0
2026-09-12 16:58:34,805 - Code.Dynamic_War_Manager.Source.Asset.Aircraft_Weapon_Data - WARNING - is_weapon_introduced - weapon 267gal_tank unknow
2026-09-12 16:58:34,805 - Code.Dynamic_War_Manager.Source.Asset.Aircraft_Weapon_Data - WARNING - is_weapon_introduced - weapon 267gal_tank unknow
2026-09-12 16:58:34,805 - Code.Dynamic_War_Manager.Source.Asset.Aircraft_Weapon_Data - WARNING - is_weapon_introduced - weapon 267gal_tank unknow
2026-09-12 16:58:34,805 - Code.Dynamic_War_Manager.Source.Asset.Aircraft_Weapon_Data - WARNING - is_weapon_introduced - weapon 267gal_tank unknow
2026-09-12 16:58:34,806 - Code.Dynamic_War_Manager.Source.Asset.Aircraft_Weapon_Data - WARNING - is_weapon_introduced - weapon 267gal_tank unknow
2026-09-12 16:58:34,806 - Code.Dynamic_War_Manager.Source.Asset.Aircraft_Weapon_Data - WARNING - is_weapon_introduced - weapon 267gal_tank unknow
2026-09-12 16:58:34,807 - Code.Dynamic_War_Manager.Source.Asset.Aircraft_Weapon_Data - WARNING - is_weapon_introduced - weapon 267gal_tank unknow
2026-09-12 16:58:34,807 - Code.Dynamic_War_Manager.Source.Asset.Aircraft_Weapon_Data - WARNING - is_weapon_introduced - weapon 267gal_tank unknow
