2025-07-28 14:53:40,669 - Code.Dynamic_War_Manager.Source.Context.Region - DEBUG - _invalidate_caches - Caches for Region Test Region invalidated (all).
2025-07-28 14:53:40,669 - Code.Dynamic_War_Manager.Source.Context.Region - DEBUG - _invalidate_caches - Caches for Region Test Region invalidated (all).
2025-07-28 14:53:40,669 - Code.Dynamic_War_Manager.Source.Context.Region - DEBUG - _invalidate_caches - Caches for Region Test Region invalidated (all).
2025-07-28 14:53:40,671 - Code.Dynamic_War_Manager.Source.Context.Region - DEBUG - _invalidate_caches - Caches for Region Test Region invalidated (all).
2025-07-28 14:53:40,682 - Code.Dynamic_War_Manager.Source.Context.Region - DEBUG - _invalidate_caches - Caches for Region Test Region invalidated (all).
2025-07-28 14:53:40,683 - Code.Dynamic_War_Manager.Source.Context.Region - DEBUG - _invalidate_caches - Caches for Region Test Region invalidated (all).
2025-07-28 14:53:40,683 - Code.Dynamic_War_Manager.Source.Context.Region - DEBUG - _invalidate_caches - Caches for Region Test Region invalidated (all).
2025-07-28 14:53:40,695 - Code.Dynamic_War_Manager.Source.Context.Region - DEBUG - _invalidate_caches - Caches for Region Test Region invalidated (all).
2025-07-28 14:53:40,696 - Code.Dynamic_War_Manager.Source.Context.Region - DEBUG - _invalidate_caches - Caches for Region Test Region invalidated (all).
2025-07-28 14:53:40,696 - Code.Dynamic_War_Manager.Source.Context.Region - DEBUG - _invalidate_caches - Caches for Region Test Region invalidated (all).
2025-07-28 14:53:40,707 - Code.Dynamic_War_Manager.Source.Context.Region - DEBUG - _invalidate_caches - Caches for Region Test Region invalidated (all).
2025-07-28 14:53:40,707 - Code.Dynamic_War_Manager.Source.Context.Region - DEBUG - _invalidate_caches - Caches for Region Test Region invalidated (all).
2025-07-28 14:53:40,707 - Code.Dynamic_War_Manager.Source.Context.Region - DEBUG - _invalidate_caches - Caches for Region Test Region invalidated (all).
2025-07-28 14:53:40,718 - Code.Dynamic_War_Manager.Source.Context.Region - DEBUG - _invalidate_caches - Caches for Region Test Region invalidated (all).
2025-07-28 14:53:40,718 - Code.Dynamic_War_Manager.Source.Context.Region - DEBUG - _invalidate_caches - Caches for Region Test Region invalidated (all).
2025-07-28 14:53:40,719 - Code.Dynamic_War_Manager.Source.Context.Region - DEBUG - _invalidate_caches - Caches for Region Test Region invalidated (all).
2025-07-28 14:53:40,729 - Code.Dynamic_War_Manager.Source.Context.Region - DEBUG - _invalidate_caches - Caches for Region Test Region invalidated (all).
2025-07-28 14:53:40,729 - Code.Dynamic_War_Manager.Source.Context.Region - DEBUG - _invalidate_caches - Caches for Region Test Region invalidated (all).
2025-07-28 14:53:40,729 - Code.Dynamic_War_Manager.Source.Context.Region - DEBUG - _invalidate_caches - Caches for Region Test Region invalidated (all).
2025-07-28 14:53:40,740 - Code.Dynamic_War_Manager.Source.Context.Region - DEBUG - _invalidate_caches - Caches for Region Test Region invalidated (all).
2025-07-28 14:53:40,741 - Code.Dynamic_War_Manager.Source.Context.Region - DEBUG - _invalidate_caches - Caches for Region Test Region invalidated (all).
2025-07-28 14:53:40,741 - Code.Dynamic_War_Manager.Source.Context.Region - DEBUG - _invalidate_caches - Caches for Region Test Region invalidated (all).
2025-07-28 14:53:40,754 - Code.Dynamic_War_Manager.Source.Context.Region - DEBUG - _invalidate_caches - Caches for Region Test Region invalidated (all).
2025-07-28 14:53:40,755 - Code.Dynamic_War_Manager.Source.Context.Region - DEBUG - _invalidate_caches - Caches for Region Test Region invalidated (all).
2025-07-28 14:53:40,755 - Code.Dynamic_War_Manager.Source.Context.Region - DEBUG - _invalidate_caches - Caches for Region Test Region invalidated (all).
2025-07-28 14:53:40,765 - Code.Dynamic_War_Manager.Source.Context.Region - DEBUG - _invalidate_caches - Caches for Region Test Region invalidated (all).
2025-07-28 14:53:40,766 - Code.Dynamic_War_Manager.Source.Context.Region - DEBUG - _invalidate_caches - Caches for Region Test Region invalidated (all).
2025-07-28 14:53:40,766 - Code.Dynamic_War_Manager.Source.Context.Region - DEBUG - _invalidate_caches - Caches for Region Test Region invalidated (all).
2025-07-28 14:53:40,777 - Code.Dynamic_War_Manager.Source.Context.Region - DEBUG - _invalidate_caches - Caches for Region Test Region invalidated (all).
2025-07-28 14:53:40,777 - Code.Dynamic_War_Manager.Source.Context.Region - DEBUG - _invalidate_caches - Caches for Region Test Region invalidated (all).
2025-07-28 14:53:40,777 - Code.Dynamic_War_Manager.Source.Context.Region - DEBUG - _invalidate_caches - Caches for Region Test Region invalidated (all).
2025-07-28 14:53:40,788 - Code.Dynamic_War_Manager.Source.Context.Region - DEBUG - _invalidate_caches - Caches for Region Test Region invalidated (all).
2025-07-28 14:53:40,788 - Code.Dynamic_War_Manager.Source.Context.Region - DEBUG - _invalidate_caches - Caches for Region Test Region invalidated (all).
2025-07-28 14:53:40,788 - Code.Dynamic_War_Manager.Source.Context.Region - DEBUG - _invalidate_caches - Caches for Region Test Region invalidated (all).
2025-07-28 14:53:40,798 - Code.Dynamic_War_Manager.Source.Context.Region - DEBUG - _invalidate_caches - Caches for Region Test Region invalidated (all).
2025-07-28 14:53:40,798 - Code.Dynamic_War_Manager.Source.Context.Region - DEBUG - _invalidate_caches - Caches for Region Test Region invalidated (all).
2025-07-28 14:53:40,798 - Code.Dynamic_War_Manager.Source.Context.Region - DEBUG - _invalidate_caches - Caches for Region Test Region invalidated (all).
2025-07-28 14:53:40,809 - Code.Dynamic_War_Manager.Source.Context.Region - DEBUG - _invalidate_caches - Caches for Region Test Region invalidated (all).
2025-07-28 14:53:40,809 - Code.Dynamic_War_Manager.Source.Context.Region - DEBUG - _invalidate_caches - Caches for Region Test Region invalidated (all).
2025-07-28 14:53:40,809 - Code.Dynamic_War_Manager.Source.Context.Region - DEBUG - _invalidate_caches - Caches for Region Test Region invalidated (all).
2025-07-28 14:53:40,819 - Code.Dynamic_War_Manager.Source.Context.Region - DEBUG - _invalidate_caches - Caches for Region Test Region invalidated (all).
2025-07-28 14:53:40,820 - Code.Dynamic_War_Manager.Source.Context.Region - DEBUG - _invalidate_caches - Caches for Region Test Region invalidated (all).
2025-07-28 14:53:40,820 - Code.Dynamic_War_Manager.Source.Context.Region - DEBUG - _invalidate_caches - Caches for Region Test Region invalidated (all).
2025-07-28 14:53:40,820 - Code.Dynamic_War_Manager.Source.Context.Region - DEBUG - _invalidate_caches - Caches for Region Test Region invalidated (all).
2025-07-28 14:53:40,833 - Code.Dynamic_War_Manager.Source.Context.Region - DEBUG - _invalidate_caches - Caches for Region Test Region invalidated (all).
2025-07-28 14:53:40,834 - Code.Dynamic_War_Manager.Source.Context.Region - DEBUG - _invalidate_caches - Caches for Region Test Region invalidated (all).
2025-07-28 14:53:40,834 - Code.Dynamic_War_Manager.Source.Context.Region - DEBUG - _invalidate_caches - Caches for Region Test Region invalidated (all).
2025-07-28 14:53:40,846 - Code.Dynamic_War_Manager.Source.Context.Region - DEBUG - _invalidate_caches - Caches for Region Test Region invalidated (all).
2025-07-28 14:53:40,846 - Code.Dynamic_War_Manager.Source.Context.Region - DEBUG - _invalidate_caches - Caches for Region Test Region invalidated (all).
2025-07-28 14:53:40,847 - Code.Dynamic_War_Manager.Source.Context.Region - DEBUG - _invalidate_caches - Caches for Region Test Region invalidated (all).
2025-07-28 14:53:40,859 - Code.Dynamic_War_Manager.Source.Context.Region - DEBUG - _invalidate_caches - Caches for Region Test Region invalidated (all).
2025-07-28 14:53:40,859 - Code.Dynamic_War_Manager.Source.Context.Region - DEBUG - _invalidate_caches - Caches for Region Test Region invalidated (all).
2025-07-28 14:53:40,859 - Code.Dynamic_War_Manager.Source.Context.Region - DEBUG - _invalidate_caches - Caches for Region Test Region invalidated (all).
2025-07-28 14:53:40,862 - Code.Dynamic_War_Manager.Source.Context.Region - DEBUG - _invalidate_caches - Caches for Region Test Region invalidated (all).
2025-07-28 14:53:40,874 - Code.Dynamic_War_Manager.Source.Context.Region - DEBUG - _invalidate_caches - Caches for Region Test Region invalidated (all).
2025-07-28 14:53:40,875 - Code.Dynamic_War_Manager.Source.Context.Region - DEBUG - _invalidate_caches - Caches for Region Test Region invalidated (all).
2025-07-28 14:53:40,875 - Code.Dynamic_War_Manager.Source.Context.Region - DEBUG - _invalidate_caches - Caches for Region Test Region invalidated (all).
2025-07-28 14:55:50,339 - Code.Dynamic_War_Manager.Source.Context.Region - DEBUG - _invalidate_caches - Caches for Region Test Region invalidated (all).
2025-07-28 14:55:50,339 - Code.Dynamic_War_Manager.Source.Context.Region - DEBUG - _invalidate_caches - Caches for Region Test Region invalidated (all).
2025-07-28 14:55:50,340 - Code.Dynamic_War_Manager.Source.Context.Region - DEBUG - _invalidate_caches - Caches for Region Test Region invalidated (all).
2025-07-28 14:55:50,341 - Code.Dynamic_War_Manager.Source.Context.Region - DEBUG - _invalidate_caches - Caches for Region Test Region invalidated (all).
2025-07-28 14:55:50,342 - Code.Dynamic_War_Manager.Source.Context.Region - INFO - add_block - Block <MagicMock name='mock.name' id='124383800213376'> added to region Test Region
2025-07-28 14:55:50,353 - Code.Dynamic_War_Manager.Source.Context.Region - DEBUG - _invalidate_caches - Caches for Region Test Region invalidated (all).
2025-07-28 14:55:50,354 - Code.Dynamic_War_Manager.Source.Context.Region - DEBUG - _invalidate_caches - Caches for Region Test Region invalidated (all).
2025-07-28 14:55:50,354 - Code.Dynamic_War_Manager.Source.Context.Region - DEBUG - _invalidate_caches - Caches for Region Test Region invalidated (all).
2025-07-28 14:55:50,355 - Code.Dynamic_War_Manager.Source.Context.Region - INFO - add_route - Route new_route added to region Test Region
2025-07-28 14:55:50,355 - Code.Dynamic_War_Manager.Source.Context.Region - DEBUG - _invalidate_caches - Caches for Region Test Region invalidated (all).
2025-07-28 14:55:50,365 - Code.Dynamic_War_Manager.Source.Context.Region - DEBUG - _invalidate_caches - Caches for Region Test Region invalidated (all).
2025-07-28 14:55:50,366 - Code.Dynamic_War_Manager.Source.Context.Region - DEBUG - _invalidate_caches - Caches for Region Test Region invalidated (all).
2025-07-28 14:55:50,366 - Code.Dynamic_War_Manager.Source.Context.Region - DEBUG - _invalidate_caches - Caches for Region Test Region invalidated (all).
2025-07-28 14:55:50,378 - Code.Dynamic_War_Manager.Source.Context.Region - DEBUG - _invalidate_caches - Caches for Region Test Region invalidated (all).
2025-07-28 14:55:50,379 - Code.Dynamic_War_Manager.Source.Context.Region - DEBUG - _invalidate_caches - Caches for Region Test Region invalidated (all).
2025-07-28 14:55:50,379 - Code.Dynamic_War_Manager.Source.Context.Region - DEBUG - _invalidate_caches - Caches for Region Test Region invalidated (all).
2025-07-28 14:55:50,391 - Code.Dynamic_War_Manager.Source.Context.Region - DEBUG - _invalidate_caches - Caches for Region Test Region invalidated (all).
2025-07-28 14:55:50,391 - Code.Dynamic_War_Manager.Source.Context.Region - DEBUG - _invalidate_caches - Caches for Region Test Region invalidated (all).
2025-07-28 14:55:50,392 - Code.Dynamic_War_Manager.Source.Context.Region - DEBUG - _invalidate_caches - Caches for Region Test Region invalidated (all).
2025-07-28 14:55:50,403 - Code.Dynamic_War_Manager.Source.Context.Region - DEBUG - _invalidate_caches - Caches for Region Test Region invalidated (all).
2025-07-28 14:55:50,404 - Code.Dynamic_War_Manager.Source.Context.Region - DEBUG - _invalidate_caches - Caches for Region Test Region invalidated (all).
2025-07-28 14:55:50,405 - Code.Dynamic_War_Manager.Source.Context.Region - DEBUG - _invalidate_caches - Caches for Region Test Region invalidated (all).
2025-07-28 14:55:50,419 - Code.Dynamic_War_Manager.Source.Context.Region - DEBUG - _invalidate_caches - Caches for Region Test Region invalidated (all).
2025-07-28 14:55:50,419 - Code.Dynamic_War_Manager.Source.Context.Region - DEBUG - _invalidate_caches - Caches for Region Test Region invalidated (all).
2025-07-28 14:55:50,420 - Code.Dynamic_War_Manager.Source.Context.Region - DEBUG - _invalidate_caches - Caches for Region Test Region invalidated (all).
2025-07-28 14:55:50,435 - Code.Dynamic_War_Manager.Source.Context.Region - DEBUG - _invalidate_caches - Caches for Region Test Region invalidated (all).
2025-07-28 14:55:50,436 - Code.Dynamic_War_Manager.Source.Context.Region - DEBUG - _invalidate_caches - Caches for Region Test Region invalidated (all).
2025-07-28 14:55:50,436 - Code.Dynamic_War_Manager.Source.Context.Region - DEBUG - _invalidate_caches - Caches for Region Test Region invalidated (all).
2025-07-28 14:55:50,449 - Code.Dynamic_War_Manager.Source.Context.Region - DEBUG - _invalidate_caches - Caches for Region Test Region invalidated (all).
2025-07-28 14:55:50,449 - Code.Dynamic_War_Manager.Source.Context.Region - DEBUG - _invalidate_caches - Caches for Region Test Region invalidated (all).
2025-07-28 14:55:50,449 - Code.Dynamic_War_Manager.Source.Context.Region - DEBUG - _invalidate_caches - Caches for Region Test Region invalidated (all).
2025-07-28 14:55:50,460 - Code.Dynamic_War_Manager.Source.Context.Region - DEBUG - _invalidate_caches - Caches for Region Test Region invalidated (all).
2025-07-28 14:55:50,461 - Code.Dynamic_War_Manager.Source.Context.Region - DEBUG - _invalidate_caches - Caches for Region Test Region invalidated (all).
2025-07-28 14:55:50,461 - Code.Dynamic_War_Manager.Source.Context.Region - DEBUG - _invalidate_caches - Caches for Region Test Region invalidated (all).
2025-07-28 14:55:50,473 - Code.Dynamic_War_Manager.Source.Context.Region - DEBUG - _invalidate_caches - Caches for Region Test Region invalidated (all).
2025-07-28 14:55:50,474 - Code.Dynamic_War_Manager.Source.Context.Region - DEBUG - _invalidate_caches - Caches for Region Test Region invalidated (all).
2025-07-28 14:55:50,474 - Code.Dynamic_War_Manager.Source.Context.Region - DEBUG - _invalidate_caches - Caches for Region Test Region invalidated (all).
2025-07-28 14:55:50,487 - Code.Dynamic_War_Manager.Source.Context.Region - DEBUG - _invalidate_caches - Caches for Region Test Region invalidated (all).
2025-07-28 14:55:50,488 - Code.Dynamic_War_Manager.Source.Context.Region - DEBUG - _invalidate_caches - Caches for Region Test Region invalidated (all).
2025-07-28 14:55:50,488 - Code.Dynamic_War_Manager.Source.Context.Region - DEBUG - _invalidate_caches - Caches for Region Test Region invalidated (all).
2025-07-28 14:55:50,498 - Code.Dynamic_War_Manager.Source.Context.Region - DEBUG - _invalidate_caches - Caches for Region Test Region invalidated (all).
2025-07-28 14:55:50,499 - Code.Dynamic_War_Manager.Source.Context.Region - DEBUG - _invalidate_caches - Caches for Region Test Region invalidated (all).
2025-07-28 14:55:50,499 - Code.Dynamic_War_Manager.Source.Context.Region - DEBUG - _invalidate_caches - Caches for Region Test Region invalidated (all).
2025-07-28 14:55:50,510 - Code.Dynamic_War_Manager.Source.Context.Region - DEBUG - _invalidate_caches - Caches for Region Test Region invalidated (all).
2025-07-28 14:55:50,511 - Code.Dynamic_War_Manager.Source.Context.Region - DEBUG - _invalidate_caches - Caches for Region Test Region invalidated (all).
2025-07-28 14:55:50,511 - Code.Dynamic_War_Manager.Source.Context.Region - DEBUG - _invalidate_caches - Caches for Region Test Region invalidated (all).
2025-07-28 14:55:50,511 - Code.Dynamic_War_Manager.Source.Context.Region - DEBUG - _invalidate_caches - Caches for Region Test Region invalidated (all).
2025-07-28 14:55:50,511 - Code.Dynamic_War_Manager.Source.Context.Region - INFO - remove_block - Block military1 removed from region Test Region
2025-07-28 14:55:50,525 - Code.Dynamic_War_Manager.Source.Context.Region - DEBUG - _invalidate_caches - Caches for Region Test Region invalidated (all).
2025-07-28 14:55:50,525 - Code.Dynamic_War_Manager.Source.Context.Region - DEBUG - _invalidate_caches - Caches for Region Test Region invalidated (all).
2025-07-28 14:55:50,525 - Code.Dynamic_War_Manager.Source.Context.Region - DEBUG - _invalidate_caches - Caches for Region Test Region invalidated (all).
2025-07-28 14:55:50,537 - Code.Dynamic_War_Manager.Source.Context.Region - DEBUG - _invalidate_caches - Caches for Region Test Region invalidated (all).
2025-07-28 14:55:50,537 - Code.Dynamic_War_Manager.Source.Context.Region - DEBUG - _invalidate_caches - Caches for Region Test Region invalidated (all).
2025-07-28 14:55:50,538 - Code.Dynamic_War_Manager.Source.Context.Region - DEBUG - _invalidate_caches - Caches for Region Test Region invalidated (all).
2025-07-28 14:55:50,549 - Code.Dynamic_War_Manager.Source.Context.Region - DEBUG - _invalidate_caches - Caches for Region Test Region invalidated (all).
2025-07-28 14:55:50,550 - Code.Dynamic_War_Manager.Source.Context.Region - DEBUG - _invalidate_caches - Caches for Region Test Region invalidated (all).
2025-07-28 14:55:50,550 - Code.Dynamic_War_Manager.Source.Context.Region - DEBUG - _invalidate_caches - Caches for Region Test Region invalidated (all).
2025-07-28 14:55:50,553 - Code.Dynamic_War_Manager.Source.Context.Region - DEBUG - _invalidate_caches - Caches for Region Test Region invalidated (all).
2025-07-28 14:55:50,565 - Code.Dynamic_War_Manager.Source.Context.Region - DEBUG - _invalidate_caches - Caches for Region Test Region invalidated (all).
2025-07-28 14:55:50,565 - Code.Dynamic_War_Manager.Source.Context.Region - DEBUG - _invalidate_caches - Caches for Region Test Region invalidated (all).
2025-07-28 14:55:50,565 - Code.Dynamic_War_Manager.Source.Context.Region - DEBUG - _invalidate_caches - Caches for Region Test Region invalidated (all).
2026-05-05 10:47:29,815 - Code.Dynamic_War_Manager.Source.Context.Region - WARNING - get_block_morale - Invalid morale value for block Base_mil1: 'invalid'
2026-05-05 10:47:29,819 - Code.Dynamic_War_Manager.Source.Context.Region - WARNING - get_block_morale - Block with ID does_not_exist not found in region Metric Region
2026-05-05 10:47:29,829 - Code.Dynamic_War_Manager.Source.Context.Region - WARNING - get_recon_reports - Invalid recon report for block Base_mil1: 'bad'
2026-05-05 10:47:29,829 - Code.Dynamic_War_Manager.Source.Context.Region - WARNING - get_recon_reports - Invalid recon report for block Base_mil2: 42
2026-05-05 10:47:29,836 - Code.Dynamic_War_Manager.Source.Context.Region - WARNING - get_recon_reports - Invalid recon report for block Base_mil2: None
2026-05-05 10:50:39,176 - Code.Dynamic_War_Manager.Source.Context.Region - WARNING - get_block_morale - Invalid morale value for block Base_mil1: 'invalid'
2026-05-05 10:50:39,182 - Code.Dynamic_War_Manager.Source.Context.Region - WARNING - get_block_morale - Block with ID does_not_exist not found in region Metric Region
2026-05-05 10:50:39,193 - Code.Dynamic_War_Manager.Source.Context.Region - WARNING - get_recon_reports - Invalid recon report for block Base_mil1: 'bad'
2026-05-05 10:50:39,193 - Code.Dynamic_War_Manager.Source.Context.Region - WARNING - get_recon_reports - Invalid recon report for block Base_mil2: 42
2026-05-05 10:50:39,205 - Code.Dynamic_War_Manager.Source.Context.Region - WARNING - get_recon_reports - Invalid recon report for block Base_mil2: None
2026-05-05 11:24:10,093 - Code.Dynamic_War_Manager.Source.Context.Region - WARNING - get_block_morale - Invalid morale value for block Base_mil1: 'invalid'
2026-05-05 11:24:10,095 - Code.Dynamic_War_Manager.Source.Context.Region - WARNING - get_block_morale - Block with ID does_not_exist not found in region Metric Region
2026-05-05 11:24:10,108 - Code.Dynamic_War_Manager.Source.Context.Region - WARNING - get_recon_reports - Invalid recon report for block Base_mil1: 'bad'
2026-05-05 11:24:10,108 - Code.Dynamic_War_Manager.Source.Context.Region - WARNING - get_recon_reports - Invalid recon report for block Base_mil2: 42
2026-05-05 11:24:10,117 - Code.Dynamic_War_Manager.Source.Context.Region - WARNING - get_recon_reports - Invalid recon report for block Base_mil2: None
2026-05-05 11:24:30,399 - Code.Dynamic_War_Manager.Source.Context.Region - WARNING - get_block_morale - Invalid morale value for block Base_mil1: 'invalid'
2026-05-05 11:24:30,401 - Code.Dynamic_War_Manager.Source.Context.Region - WARNING - get_block_morale - Block with ID does_not_exist not found in region Metric Region
2026-05-05 11:24:30,409 - Code.Dynamic_War_Manager.Source.Context.Region - WARNING - get_recon_reports - Invalid recon report for block Base_mil1: 'bad'
2026-05-05 11:24:30,410 - Code.Dynamic_War_Manager.Source.Context.Region - WARNING - get_recon_reports - Invalid recon report for block Base_mil2: 42
2026-05-05 11:24:30,420 - Code.Dynamic_War_Manager.Source.Context.Region - WARNING - get_recon_reports - Invalid recon report for block Base_mil2: None
2026-05-05 11:49:38,615 - Code.Dynamic_War_Manager.Source.Context.Region - WARNING - get_block_morale - Invalid morale value for block Base_mil1: 'invalid'
2026-05-05 11:49:38,618 - Code.Dynamic_War_Manager.Source.Context.Region - WARNING - get_block_morale - Block with ID does_not_exist not found in region Metric Region
2026-05-05 11:49:38,632 - Code.Dynamic_War_Manager.Source.Context.Region - WARNING - get_recon_reports - Invalid recon report for block Base_mil1: 'bad'
2026-05-05 11:49:38,632 - Code.Dynamic_War_Manager.Source.Context.Region - WARNING - get_recon_reports - Invalid recon report for block Base_mil2: 42
2026-05-05 11:49:38,643 - Code.Dynamic_War_Manager.Source.Context.Region - WARNING - get_recon_reports - Invalid recon report for block Base_mil2: None
2026-05-06 14:50:30,649 - Code.Dynamic_War_Manager.Source.Context.Region - WARNING - get_block_morale - Invalid morale value for block Base_mil1: 'invalid'
2026-05-06 14:50:30,657 - Code.Dynamic_War_Manager.Source.Context.Region - WARNING - get_block_morale - Block with ID does_not_exist not found in region Metric Region
2026-05-06 14:50:30,724 - Code.Dynamic_War_Manager.Source.Context.Region - WARNING - get_recon_reports - Invalid recon report for block Base_mil1: 'bad'
2026-05-06 14:50:30,727 - Code.Dynamic_War_Manager.Source.Context.Region - WARNING - get_recon_reports - Invalid recon report for block Base_mil2: 42
2026-05-06 14:50:30,937 - Code.Dynamic_War_Manager.Source.Context.Region - WARNING - get_recon_reports - Invalid recon report for block Base_mil2: None
2026-05-06 14:52:40,130 - Code.Dynamic_War_Manager.Source.Context.Region - WARNING - get_block_morale - Invalid morale value for block Base_mil1: 'invalid'
2026-05-06 14:52:40,154 - Code.Dynamic_War_Manager.Source.Context.Region - WARNING - get_block_morale - Block with ID does_not_exist not found in region Metric Region
2026-05-06 14:52:40,269 - Code.Dynamic_War_Manager.Source.Context.Region - WARNING - get_recon_reports - Invalid recon report for block Base_mil1: 'bad'
2026-05-06 14:52:40,271 - Code.Dynamic_War_Manager.Source.Context.Region - WARNING - get_recon_reports - Invalid recon report for block Base_mil2: 42
2026-05-06 14:52:40,463 - Code.Dynamic_War_Manager.Source.Context.Region - WARNING - get_recon_reports - Invalid recon report for block Base_mil2: None
2026-05-06 14:53:05,550 - Code.Dynamic_War_Manager.Source.Context.Region - WARNING - get_block_morale - Invalid morale value for block Base_mil1: 'invalid'
2026-05-06 14:53:05,555 - Code.Dynamic_War_Manager.Source.Context.Region - WARNING - get_block_morale - Block with ID does_not_exist not found in region Metric Region
2026-05-06 14:53:05,580 - Code.Dynamic_War_Manager.Source.Context.Region - WARNING - get_recon_reports - Invalid recon report for block Base_mil1: 'bad'
2026-05-06 14:53:05,581 - Code.Dynamic_War_Manager.Source.Context.Region - WARNING - get_recon_reports - Invalid recon report for block Base_mil2: 42
2026-05-06 14:53:05,737 - Code.Dynamic_War_Manager.Source.Context.Region - WARNING - get_recon_reports - Invalid recon report for block Base_mil2: None
2026-05-06 14:59:11,916 - Code.Dynamic_War_Manager.Source.Context.Region - WARNING - get_block_morale - Invalid morale value for block Base_mil1: 'invalid'
2026-05-06 14:59:11,922 - Code.Dynamic_War_Manager.Source.Context.Region - WARNING - get_block_morale - Block with ID does_not_exist not found in region Metric Region
2026-05-06 14:59:11,956 - Code.Dynamic_War_Manager.Source.Context.Region - WARNING - get_recon_reports - Invalid recon report for block Base_mil1: 'bad'
2026-05-06 14:59:11,957 - Code.Dynamic_War_Manager.Source.Context.Region - WARNING - get_recon_reports - Invalid recon report for block Base_mil2: 42
2026-05-06 14:59:12,117 - Code.Dynamic_War_Manager.Source.Context.Region - WARNING - get_recon_reports - Invalid recon report for block Base_mil2: None
2026-05-06 15:55:04,790 - Code.Dynamic_War_Manager.Source.Context.Region - WARNING - get_block_morale - Invalid morale value for block Base_mil1: 'invalid'
2026-05-06 15:55:04,805 - Code.Dynamic_War_Manager.Source.Context.Region - WARNING - get_block_morale - Block with ID does_not_exist not found in region Metric Region
2026-05-06 15:55:04,870 - Code.Dynamic_War_Manager.Source.Context.Region - WARNING - get_recon_reports - Invalid recon report for block Base_mil1: 'bad'
2026-05-06 15:55:04,871 - Code.Dynamic_War_Manager.Source.Context.Region - WARNING - get_recon_reports - Invalid recon report for block Base_mil2: 42
2026-05-06 15:55:04,909 - Code.Dynamic_War_Manager.Source.Context.Region - WARNING - get_recon_reports - Invalid recon report for block Base_mil2: None
2026-05-06 15:57:51,591 - Code.Dynamic_War_Manager.Source.Context.Region - WARNING - get_block_morale - Invalid morale value for block Base_mil1: 'invalid'
2026-05-06 15:57:51,596 - Code.Dynamic_War_Manager.Source.Context.Region - WARNING - get_block_morale - Block with ID does_not_exist not found in region Metric Region
2026-05-06 15:57:51,622 - Code.Dynamic_War_Manager.Source.Context.Region - WARNING - get_recon_reports - Invalid recon report for block Base_mil1: 'bad'
2026-05-06 15:57:51,623 - Code.Dynamic_War_Manager.Source.Context.Region - WARNING - get_recon_reports - Invalid recon report for block Base_mil2: 42
2026-05-06 15:57:51,654 - Code.Dynamic_War_Manager.Source.Context.Region - WARNING - get_recon_reports - Invalid recon report for block Base_mil2: None
2026-05-07 11:53:11,265 - Code.Dynamic_War_Manager.Source.Context.Region - WARNING - get_target_classification_report - No target classification found for asset type: Tank. Skipping.
2026-05-07 11:53:11,265 - Code.Dynamic_War_Manager.Source.Context.Region - WARNING - get_target_classification_report - No target classification found for asset type: Motorized. Skipping.
2026-05-07 11:53:11,266 - Code.Dynamic_War_Manager.Source.Context.Region - WARNING - get_target_classification_report - No target classification found for asset type: Artillery. Skipping.
2026-05-07 11:53:11,267 - Code.Dynamic_War_Manager.Source.Context.Region - WARNING - get_target_classification_report - No operative assets found in report for target classification.
2026-05-07 11:53:11,267 - Code.Dynamic_War_Manager.Source.Context.Region - WARNING - get_target_classification_report - No operative assets found in report for target classification.
2026-05-07 11:53:11,267 - Code.Dynamic_War_Manager.Source.Context.Region - WARNING - get_target_classification_report - No operative assets found in report for target classification.
2026-05-07 11:53:11,267 - Code.Dynamic_War_Manager.Source.Context.Region - WARNING - get_target_classification_report - No operative assets found in report for target classification.
2026-05-07 11:53:11,268 - Code.Dynamic_War_Manager.Source.Context.Region - WARNING - get_target_classification_report - No operative assets found in report for target classification.
2026-05-07 11:53:11,443 - Code.Dynamic_War_Manager.Source.Context.Region - WARNING - get_block_morale - Invalid morale value for block Base_mil1: 'invalid'
2026-05-07 11:53:11,445 - Code.Dynamic_War_Manager.Source.Context.Region - WARNING - get_block_morale - Block with ID does_not_exist not found in region Metric Region
2026-05-07 11:53:11,455 - Code.Dynamic_War_Manager.Source.Context.Region - WARNING - get_recon_reports - Invalid recon report for block Base_mil1: 'bad'
2026-05-07 11:53:11,455 - Code.Dynamic_War_Manager.Source.Context.Region - WARNING - get_recon_reports - Invalid recon report for block Base_mil2: 42
2026-05-07 11:53:11,465 - Code.Dynamic_War_Manager.Source.Context.Region - WARNING - get_recon_reports - Invalid recon report for block Base_mil2: None
2026-05-07 11:58:43,215 - Code.Dynamic_War_Manager.Source.Context.Region - WARNING - get_target_classification_report - No target classification found for asset type: Tank. Skipping.
2026-05-07 11:58:43,216 - Code.Dynamic_War_Manager.Source.Context.Region - WARNING - get_target_classification_report - No target classification found for asset type: Motorized. Skipping.
2026-05-07 11:58:43,217 - Code.Dynamic_War_Manager.Source.Context.Region - WARNING - get_target_classification_report - No target classification found for asset type: Artillery. Skipping.
2026-05-07 11:58:43,219 - Code.Dynamic_War_Manager.Source.Context.Region - WARNING - get_target_classification_report - No operative assets found in report for target classification.
2026-05-07 11:58:43,219 - Code.Dynamic_War_Manager.Source.Context.Region - WARNING - get_target_classification_report - No operative assets found in report for target classification.
2026-05-07 11:58:43,219 - Code.Dynamic_War_Manager.Source.Context.Region - WARNING - get_target_classification_report - No operative assets found in report for target classification.
2026-05-07 11:58:43,219 - Code.Dynamic_War_Manager.Source.Context.Region - WARNING - get_target_classification_report - No operative assets found in report for target classification.
2026-05-07 11:58:43,220 - Code.Dynamic_War_Manager.Source.Context.Region - WARNING - get_target_classification_report - No operative assets found in report for target classification.
2026-05-07 11:58:43,416 - Code.Dynamic_War_Manager.Source.Context.Region - WARNING - get_block_morale - Invalid morale value for block Base_mil1: 'invalid'
2026-05-07 11:58:43,418 - Code.Dynamic_War_Manager.Source.Context.Region - WARNING - get_block_morale - Block with ID does_not_exist not found in region Metric Region
2026-05-07 11:58:43,429 - Code.Dynamic_War_Manager.Source.Context.Region - WARNING - get_recon_reports - Invalid recon report for block Base_mil1: 'bad'
2026-05-07 11:58:43,429 - Code.Dynamic_War_Manager.Source.Context.Region - WARNING - get_recon_reports - Invalid recon report for block Base_mil2: 42
2026-05-07 11:58:43,446 - Code.Dynamic_War_Manager.Source.Context.Region - WARNING - get_recon_reports - Invalid recon report for block Base_mil2: None
2026-05-07 12:05:39,897 - Code.Dynamic_War_Manager.Source.Context.Region - WARNING - get_target_classification_report - No target classification found for asset type: Tank. Skipping.
2026-05-07 12:05:39,898 - Code.Dynamic_War_Manager.Source.Context.Region - WARNING - get_target_classification_report - No target classification found for asset type: Motorized. Skipping.
2026-05-07 12:05:39,900 - Code.Dynamic_War_Manager.Source.Context.Region - WARNING - get_target_classification_report - No target classification found for asset type: Artillery. Skipping.
2026-05-07 12:05:39,908 - Code.Dynamic_War_Manager.Source.Context.Region - WARNING - get_target_classification_report - No operative assets found in report for target classification.
2026-05-07 12:05:39,910 - Code.Dynamic_War_Manager.Source.Context.Region - WARNING - get_target_classification_report - No operative assets found in report for target classification.
2026-05-07 12:05:39,911 - Code.Dynamic_War_Manager.Source.Context.Region - WARNING - get_target_classification_report - No operative assets found in report for target classification.
2026-05-07 12:05:39,911 - Code.Dynamic_War_Manager.Source.Context.Region - WARNING - get_target_classification_report - No operative assets found in report for target classification.
2026-05-07 12:05:39,912 - Code.Dynamic_War_Manager.Source.Context.Region - WARNING - get_target_classification_report - No operative assets found in report for target classification.
2026-05-07 12:05:40,317 - Code.Dynamic_War_Manager.Source.Context.Region - WARNING - get_block_morale - Invalid morale value for block Base_mil1: 'invalid'
2026-05-07 12:05:40,321 - Code.Dynamic_War_Manager.Source.Context.Region - WARNING - get_block_morale - Block with ID does_not_exist not found in region Metric Region
2026-05-07 12:05:40,330 - Code.Dynamic_War_Manager.Source.Context.Region - WARNING - get_recon_reports - Invalid recon report for block Base_mil1: 'bad'
2026-05-07 12:05:40,330 - Code.Dynamic_War_Manager.Source.Context.Region - WARNING - get_recon_reports - Invalid recon report for block Base_mil2: 42
2026-05-07 12:05:40,346 - Code.Dynamic_War_Manager.Source.Context.Region - WARNING - get_recon_reports - Invalid recon report for block Base_mil2: None
2026-05-08 10:35:51,880 - Code.Dynamic_War_Manager.Source.Context.Region - WARNING - get_target_report - No target classification found for asset type: Tank. Skipping.
2026-05-08 10:35:51,880 - Code.Dynamic_War_Manager.Source.Context.Region - WARNING - get_target_report - No target classification found for asset type: Motorized. Skipping.
2026-05-08 10:35:51,881 - Code.Dynamic_War_Manager.Source.Context.Region - WARNING - get_target_report - No target classification found for asset type: Artillery. Skipping.
2026-05-08 10:35:51,883 - Code.Dynamic_War_Manager.Source.Context.Region - WARNING - get_target_report - No operative assets found in report for target classification.
2026-05-08 10:35:51,884 - Code.Dynamic_War_Manager.Source.Context.Region - WARNING - get_target_report - No operative assets found in report for target classification.
2026-05-08 10:35:51,884 - Code.Dynamic_War_Manager.Source.Context.Region - WARNING - get_target_report - No operative assets found in report for target classification.
2026-05-08 10:35:51,884 - Code.Dynamic_War_Manager.Source.Context.Region - WARNING - get_target_report - No operative assets found in report for target classification.
2026-05-08 10:35:51,885 - Code.Dynamic_War_Manager.Source.Context.Region - WARNING - get_target_report - No operative assets found in report for target classification.
2026-05-08 10:35:52,406 - Code.Dynamic_War_Manager.Source.Context.Region - WARNING - get_block_morale - Invalid morale value for block Base_mil1: 'invalid'
2026-05-08 10:35:52,412 - Code.Dynamic_War_Manager.Source.Context.Region - WARNING - get_block_morale - Block with ID does_not_exist not found in region Metric Region
2026-05-08 10:35:52,549 - Code.Dynamic_War_Manager.Source.Context.Region - WARNING - get_recon_reports - Invalid recon report for block Base_mil1: 'bad'
2026-05-08 10:35:52,549 - Code.Dynamic_War_Manager.Source.Context.Region - WARNING - get_recon_reports - Invalid recon report for block Base_mil2: 42
2026-05-08 10:35:52,571 - Code.Dynamic_War_Manager.Source.Context.Region - WARNING - get_recon_reports - Invalid recon report for block Base_mil2: None
2026-08-16 17:52:10,247 - Code.Dynamic_War_Manager.Source.Context.Region - WARNING - get_target_report - No target classification found for asset type: Tank. Skipping.
2026-08-16 17:52:10,251 - Code.Dynamic_War_Manager.Source.Context.Region - WARNING - get_target_report - No target classification found for asset type: Motorized. Skipping.
2026-08-16 17:52:10,251 - Code.Dynamic_War_Manager.Source.Context.Region - WARNING - get_target_report - No target classification found for asset type: Artillery. Skipping.
2026-08-16 17:52:10,252 - Code.Dynamic_War_Manager.Source.Context.Region - WARNING - get_target_report - No operative assets found in report for target classification.
2026-08-16 17:52:10,252 - Code.Dynamic_War_Manager.Source.Context.Region - WARNING - get_target_report - No operative assets found in report for target classification.
2026-08-16 17:52:10,252 - Code.Dynamic_War_Manager.Source.Context.Region - WARNING - get_target_report - No operative assets found in report for target classification.
2026-08-16 17:52:10,252 - Code.Dynamic_War_Manager.Source.Context.Region - WARNING - get_target_report - No operative assets found in report for target classification.
2026-08-16 17:52:10,252 - Code.Dynamic_War_Manager.Source.Context.Region - WARNING - get_target_report - No operative assets found in report for target classification.
2026-08-16 17:52:10,288 - Code.Dynamic_War_Manager.Source.Context.Region - WARNING - get_block_morale - Invalid morale value for block Base_mil1: 'invalid'
2026-08-16 17:52:10,289 - Code.Dynamic_War_Manager.Source.Context.Region - WARNING - get_block_morale - Block with ID does_not_exist not found in region Metric Region
2026-08-16 17:52:10,292 - Code.Dynamic_War_Manager.Source.Context.Region - WARNING - get_recon_reports - Invalid recon report for block Base_mil1: 'bad'
2026-08-16 17:52:10,292 - Code.Dynamic_War_Manager.Source.Context.Region - WARNING - get_recon_reports - Invalid recon report for block Base_mil2: 42
2026-08-16 17:52:10,295 - Code.Dynamic_War_Manager.Source.Context.Region - WARNING - get_recon_reports - Invalid recon report for block Base_mil2: None
2026-08-16 17:53:47,511 - Code.Dynamic_War_Manager.Source.Context.Region - WARNING - get_target_report - No target classification found for asset type: Tank. Skipping.
2026-08-16 17:53:47,511 - Code.Dynamic_War_Manager.Source.Context.Region - WARNING - get_target_report - No target classification found for asset type: Motorized. Skipping.
2026-08-16 17:53:47,511 - Code.Dynamic_War_Manager.Source.Context.Region - WARNING - get_target_report - No target classification found for asset type: Artillery. Skipping.
2026-08-16 17:53:47,512 - Code.Dynamic_War_Manager.Source.Context.Region - WARNING - get_target_report - No operative assets found in report for target classification.
2026-08-16 17:53:47,512 - Code.Dynamic_War_Manager.Source.Context.Region - WARNING - get_target_report - No operative assets found in report for target classification.
2026-08-16 17:53:47,512 - Code.Dynamic_War_Manager.Source.Context.Region - WARNING - get_target_report - No operative assets found in report for target classification.
2026-08-16 17:53:47,512 - Code.Dynamic_War_Manager.Source.Context.Region - WARNING - get_target_report - No operative assets found in report for target classification.
2026-08-16 17:53:47,512 - Code.Dynamic_War_Manager.Source.Context.Region - WARNING - get_target_report - No operative assets found in report for target classification.
2026-08-16 17:53:47,547 - Code.Dynamic_War_Manager.Source.Context.Region - WARNING - get_block_morale - Invalid morale value for block Base_mil1: 'invalid'
2026-08-16 17:53:47,548 - Code.Dynamic_War_Manager.Source.Context.Region - WARNING - get_block_morale - Block with ID does_not_exist not found in region Metric Region
2026-08-16 17:53:47,551 - Code.Dynamic_War_Manager.Source.Context.Region - WARNING - get_recon_reports - Invalid recon report for block Base_mil1: 'bad'
2026-08-16 17:53:47,551 - Code.Dynamic_War_Manager.Source.Context.Region - WARNING - get_recon_reports - Invalid recon report for block Base_mil2: 42
2026-08-16 17:53:47,554 - Code.Dynamic_War_Manager.Source.Context.Region - WARNING - get_recon_reports - Invalid recon report for block Base_mil2: None
2026-08-16 18:12:57,921 - Code.Dynamic_War_Manager.Source.Context.Region - WARNING - get_target_report - No target classification found for asset type: Tank. Skipping.
2026-08-16 18:12:57,921 - Code.Dynamic_War_Manager.Source.Context.Region - WARNING - get_target_report - No target classification found for asset type: Motorized. Skipping.
2026-08-16 18:12:57,921 - Code.Dynamic_War_Manager.Source.Context.Region - WARNING - get_target_report - No target classification found for asset type: Artillery. Skipping.
2026-08-16 18:12:57,922 - Code.Dynamic_War_Manager.Source.Context.Region - WARNING - get_target_report - No operative assets found in report for target classification.
2026-08-16 18:12:57,922 - Code.Dynamic_War_Manager.Source.Context.Region - WARNING - get_target_report - No operative assets found in report for target classification.
2026-08-16 18:12:57,922 - Code.Dynamic_War_Manager.Source.Context.Region - WARNING - get_target_report - No operative assets found in report for target classification.
2026-08-16 18:12:57,922 - Code.Dynamic_War_Manager.Source.Context.Region - WARNING - get_target_report - No operative assets found in report for target classification.
2026-08-16 18:12:57,922 - Code.Dynamic_War_Manager.Source.Context.Region - WARNING - get_target_report - No operative assets found in report for target classification.
2026-08-16 18:12:58,026 - Code.Dynamic_War_Manager.Source.Context.Region - WARNING - get_block_morale - Invalid morale value for block Base_mil1: 'invalid'
2026-08-16 18:12:58,027 - Code.Dynamic_War_Manager.Source.Context.Region - WARNING - get_block_morale - Block with ID does_not_exist not found in region Metric Region
2026-08-16 18:12:58,030 - Code.Dynamic_War_Manager.Source.Context.Region - WARNING - get_recon_reports - Invalid recon report for block Base_mil1: 'bad'
2026-08-16 18:12:58,030 - Code.Dynamic_War_Manager.Source.Context.Region - WARNING - get_recon_reports - Invalid recon report for block Base_mil2: 42
2026-08-16 18:12:58,034 - Code.Dynamic_War_Manager.Source.Context.Region - WARNING - get_recon_reports - Invalid recon report for block Base_mil2: None
2026-08-17 09:48:59,394 - Code.Dynamic_War_Manager.Source.Context.Region - WARNING - get_target_report - No target classification found for asset type: Tank. Skipping.
2026-08-17 09:48:59,394 - Code.Dynamic_War_Manager.Source.Context.Region - WARNING - get_target_report - No target classification found for asset type: Motorized. Skipping.
2026-08-17 09:48:59,394 - Code.Dynamic_War_Manager.Source.Context.Region - WARNING - get_target_report - No target classification found for asset type: Artillery. Skipping.
2026-08-17 09:48:59,395 - Code.Dynamic_War_Manager.Source.Context.Region - WARNING - get_target_report - No operative assets found in report for target classification.
2026-08-17 09:48:59,395 - Code.Dynamic_War_Manager.Source.Context.Region - WARNING - get_target_report - No operative assets found in report for target classification.
2026-08-17 09:48:59,395 - Code.Dynamic_War_Manager.Source.Context.Region - WARNING - get_target_report - No operative assets found in report for target classification.
2026-08-17 09:48:59,395 - Code.Dynamic_War_Manager.Source.Context.Region - WARNING - get_target_report - No operative assets found in report for target classification.
2026-08-17 09:48:59,395 - Code.Dynamic_War_Manager.Source.Context.Region - WARNING - get_target_report - No operative assets found in report for target classification.
2026-08-17 09:48:59,429 - Code.Dynamic_War_Manager.Source.Context.Region - WARNING - get_block_morale - Invalid morale value for block Base_mil1: 'invalid'
2026-08-17 09:48:59,430 - Code.Dynamic_War_Manager.Source.Context.Region - WARNING - get_block_morale - Block with ID does_not_exist not found in region Metric Region
2026-08-17 09:48:59,433 - Code.Dynamic_War_Manager.Source.Context.Region - WARNING - get_recon_reports - Invalid recon report for block Base_mil1: 'bad'
2026-08-17 09:48:59,433 - Code.Dynamic_War_Manager.Source.Context.Region - WARNING - get_recon_reports - Invalid recon report for block Base_mil2: 42
2026-08-17 09:48:59,437 - Code.Dynamic_War_Manager.Source.Context.Region - WARNING - get_recon_reports - Invalid recon report for block Base_mil2: None
2026-08-17 09:50:41,665 - Code.Dynamic_War_Manager.Source.Context.Region - WARNING - get_target_report - No target classification found for asset type: Tank. Skipping.
2026-08-17 09:50:41,665 - Code.Dynamic_War_Manager.Source.Context.Region - WARNING - get_target_report - No target classification found for asset type: Motorized. Skipping.
2026-08-17 09:50:41,665 - Code.Dynamic_War_Manager.Source.Context.Region - WARNING - get_target_report - No target classification found for asset type: Artillery. Skipping.
2026-08-17 09:50:41,665 - Code.Dynamic_War_Manager.Source.Context.Region - WARNING - get_target_report - No operative assets found in report for target classification.
2026-08-17 09:50:41,665 - Code.Dynamic_War_Manager.Source.Context.Region - WARNING - get_target_report - No operative assets found in report for target classification.
2026-08-17 09:50:41,666 - Code.Dynamic_War_Manager.Source.Context.Region - WARNING - get_target_report - No operative assets found in report for target classification.
2026-08-17 09:50:41,666 - Code.Dynamic_War_Manager.Source.Context.Region - WARNING - get_target_report - No operative assets found in report for target classification.
2026-08-17 09:50:41,666 - Code.Dynamic_War_Manager.Source.Context.Region - WARNING - get_target_report - No operative assets found in report for target classification.
2026-08-17 09:50:41,703 - Code.Dynamic_War_Manager.Source.Context.Region - WARNING - get_block_morale - Invalid morale value for block Base_mil1: 'invalid'
2026-08-17 09:50:41,704 - Code.Dynamic_War_Manager.Source.Context.Region - WARNING - get_block_morale - Block with ID does_not_exist not found in region Metric Region
2026-08-17 09:50:41,707 - Code.Dynamic_War_Manager.Source.Context.Region - WARNING - get_recon_reports - Invalid recon report for block Base_mil1: 'bad'
2026-08-17 09:50:41,707 - Code.Dynamic_War_Manager.Source.Context.Region - WARNING - get_recon_reports - Invalid recon report for block Base_mil2: 42
2026-08-17 09:50:41,710 - Code.Dynamic_War_Manager.Source.Context.Region - WARNING - get_recon_reports - Invalid recon report for block Base_mil2: None
2026-08-17 10:52:47,701 - Code.Dynamic_War_Manager.Source.Context.Region - WARNING - get_target_report - No target classification found for asset type: Tank. Skipping.
2026-08-17 10:52:47,728 - Code.Dynamic_War_Manager.Source.Context.Region - WARNING - get_target_report - No target classification found for asset type: Motorized. Skipping.
2026-08-17 10:52:47,728 - Code.Dynamic_War_Manager.Source.Context.Region - WARNING - get_target_report - No target classification found for asset type: Artillery. Skipping.
2026-08-17 10:52:47,729 - Code.Dynamic_War_Manager.Source.Context.Region - WARNING - get_target_report - No operative assets found in report for target classification.
2026-08-17 10:52:47,729 - Code.Dynamic_War_Manager.Source.Context.Region - WARNING - get_target_report - No operative assets found in report for target classification.
2026-08-17 10:52:47,729 - Code.Dynamic_War_Manager.Source.Context.Region - WARNING - get_target_report - No operative assets found in report for target classification.
2026-08-17 10:52:47,729 - Code.Dynamic_War_Manager.Source.Context.Region - WARNING - get_target_report - No operative assets found in report for target classification.
2026-08-17 10:52:47,729 - Code.Dynamic_War_Manager.Source.Context.Region - WARNING - get_target_report - No operative assets found in report for target classification.
2026-08-17 10:52:47,763 - Code.Dynamic_War_Manager.Source.Context.Region - WARNING - get_block_morale - Invalid morale value for block Base_mil1: 'invalid'
2026-08-17 10:52:47,764 - Code.Dynamic_War_Manager.Source.Context.Region - WARNING - get_block_morale - Block with ID does_not_exist not found in region Metric Region
2026-08-17 10:52:47,766 - Code.Dynamic_War_Manager.Source.Context.Region - WARNING - get_recon_reports - Invalid recon report for block Base_mil1: 'bad'
2026-08-17 10:52:47,767 - Code.Dynamic_War_Manager.Source.Context.Region - WARNING - get_recon_reports - Invalid recon report for block Base_mil2: 42
2026-08-17 10:52:47,769 - Code.Dynamic_War_Manager.Source.Context.Region - WARNING - get_recon_reports - Invalid recon report for block Base_mil2: None
2026-08-17 10:58:17,369 - Code.Dynamic_War_Manager.Source.Context.Region - WARNING - get_target_report - No target classification found for asset type: Tank. Skipping.
2026-08-17 10:58:17,369 - Code.Dynamic_War_Manager.Source.Context.Region - WARNING - get_target_report - No target classification found for asset type: Motorized. Skipping.
2026-08-17 10:58:17,369 - Code.Dynamic_War_Manager.Source.Context.Region - WARNING - get_target_report - No target classification found for asset type: Artillery. Skipping.
2026-08-17 10:58:17,369 - Code.Dynamic_War_Manager.Source.Context.Region - WARNING - get_target_report - No operative assets found in report for target classification.
2026-08-17 10:58:17,370 - Code.Dynamic_War_Manager.Source.Context.Region - WARNING - get_target_report - No operative assets found in report for target classification.
2026-08-17 10:58:17,370 - Code.Dynamic_War_Manager.Source.Context.Region - WARNING - get_target_report - No operative assets found in report for target classification.
2026-08-17 10:58:17,370 - Code.Dynamic_War_Manager.Source.Context.Region - WARNING - get_target_report - No operative assets found in report for target classification.
2026-08-17 10:58:17,370 - Code.Dynamic_War_Manager.Source.Context.Region - WARNING - get_target_report - No operative assets found in report for target classification.
2026-08-17 10:58:17,501 - Code.Dynamic_War_Manager.Source.Context.Region - WARNING - get_block_morale - Invalid morale value for block Base_mil1: 'invalid'
2026-08-17 10:58:17,501 - Code.Dynamic_War_Manager.Source.Context.Region - WARNING - get_block_morale - Block with ID does_not_exist not found in region Metric Region
2026-08-17 10:58:17,503 - Code.Dynamic_War_Manager.Source.Context.Region - WARNING - get_recon_reports - Invalid recon report for block Base_mil1: 'bad'
2026-08-17 10:58:17,503 - Code.Dynamic_War_Manager.Source.Context.Region - WARNING - get_recon_reports - Invalid recon report for block Base_mil2: 42
2026-08-17 10:58:17,506 - Code.Dynamic_War_Manager.Source.Context.Region - WARNING - get_recon_reports - Invalid recon report for block Base_mil2: None
2026-08-17 11:05:21,923 - Code.Dynamic_War_Manager.Source.Context.Region - WARNING - get_target_report - No target classification found for asset type: Tank. Skipping.
2026-08-17 11:05:21,924 - Code.Dynamic_War_Manager.Source.Context.Region - WARNING - get_target_report - No target classification found for asset type: Motorized. Skipping.
2026-08-17 11:05:21,924 - Code.Dynamic_War_Manager.Source.Context.Region - WARNING - get_target_report - No target classification found for asset type: Artillery. Skipping.
2026-08-17 11:05:21,924 - Code.Dynamic_War_Manager.Source.Context.Region - WARNING - get_target_report - No operative assets found in report for target classification.
2026-08-17 11:05:21,924 - Code.Dynamic_War_Manager.Source.Context.Region - WARNING - get_target_report - No operative assets found in report for target classification.
2026-08-17 11:05:21,924 - Code.Dynamic_War_Manager.Source.Context.Region - WARNING - get_target_report - No operative assets found in report for target classification.
2026-08-17 11:05:21,924 - Code.Dynamic_War_Manager.Source.Context.Region - WARNING - get_target_report - No operative assets found in report for target classification.
2026-08-17 11:05:21,924 - Code.Dynamic_War_Manager.Source.Context.Region - WARNING - get_target_report - No operative assets found in report for target classification.
2026-08-17 11:05:21,955 - Code.Dynamic_War_Manager.Source.Context.Region - WARNING - get_block_morale - Invalid morale value for block Base_mil1: 'invalid'
2026-08-17 11:05:21,955 - Code.Dynamic_War_Manager.Source.Context.Region - WARNING - get_block_morale - Block with ID does_not_exist not found in region Metric Region
2026-08-17 11:05:21,958 - Code.Dynamic_War_Manager.Source.Context.Region - WARNING - get_recon_reports - Invalid recon report for block Base_mil1: 'bad'
2026-08-17 11:05:21,958 - Code.Dynamic_War_Manager.Source.Context.Region - WARNING - get_recon_reports - Invalid recon report for block Base_mil2: 42
2026-08-17 11:05:22,062 - Code.Dynamic_War_Manager.Source.Context.Region - WARNING - get_recon_reports - Invalid recon report for block Base_mil2: None
2026-08-17 11:10:43,297 - Code.Dynamic_War_Manager.Source.Context.Region - WARNING - get_target_report - No target classification found for asset type: Tank. Skipping.
2026-08-17 11:10:43,297 - Code.Dynamic_War_Manager.Source.Context.Region - WARNING - get_target_report - No target classification found for asset type: Motorized. Skipping.
2026-08-17 11:10:43,297 - Code.Dynamic_War_Manager.Source.Context.Region - WARNING - get_target_report - No target classification found for asset type: Artillery. Skipping.
2026-08-17 11:10:43,298 - Code.Dynamic_War_Manager.Source.Context.Region - WARNING - get_target_report - No operative assets found in report for target classification.
2026-08-17 11:10:43,298 - Code.Dynamic_War_Manager.Source.Context.Region - WARNING - get_target_report - No operative assets found in report for target classification.
2026-08-17 11:10:43,298 - Code.Dynamic_War_Manager.Source.Context.Region - WARNING - get_target_report - No operative assets found in report for target classification.
2026-08-17 11:10:43,298 - Code.Dynamic_War_Manager.Source.Context.Region - WARNING - get_target_report - No operative assets found in report for target classification.
2026-08-17 11:10:43,298 - Code.Dynamic_War_Manager.Source.Context.Region - WARNING - get_target_report - No operative assets found in report for target classification.
2026-08-17 11:10:43,328 - Code.Dynamic_War_Manager.Source.Context.Region - WARNING - get_block_morale - Invalid morale value for block Base_mil1: 'invalid'
2026-08-17 11:10:43,329 - Code.Dynamic_War_Manager.Source.Context.Region - WARNING - get_block_morale - Block with ID does_not_exist not found in region Metric Region
2026-08-17 11:10:43,331 - Code.Dynamic_War_Manager.Source.Context.Region - WARNING - get_recon_reports - Invalid recon report for block Base_mil1: 'bad'
2026-08-17 11:10:43,331 - Code.Dynamic_War_Manager.Source.Context.Region - WARNING - get_recon_reports - Invalid recon report for block Base_mil2: 42
2026-08-17 11:10:43,333 - Code.Dynamic_War_Manager.Source.Context.Region - WARNING - get_recon_reports - Invalid recon report for block Base_mil2: None
2026-08-21 10:42:04,572 - Code.Dynamic_War_Manager.Source.Context.Region - WARNING - get_target_report - No target classification found for asset type: Tank. Skipping.
2026-08-21 10:42:04,575 - Code.Dynamic_War_Manager.Source.Context.Region - WARNING - get_target_report - No target classification found for asset type: Motorized. Skipping.
2026-08-21 10:42:04,575 - Code.Dynamic_War_Manager.Source.Context.Region - WARNING - get_target_report - No target classification found for asset type: Artillery. Skipping.
2026-08-21 10:42:04,575 - Code.Dynamic_War_Manager.Source.Context.Region - WARNING - get_target_report - No operative assets found in report for target classification.
2026-08-21 10:42:04,576 - Code.Dynamic_War_Manager.Source.Context.Region - WARNING - get_target_report - No operative assets found in report for target classification.
2026-08-21 10:42:04,576 - Code.Dynamic_War_Manager.Source.Context.Region - WARNING - get_target_report - No operative assets found in report for target classification.
2026-08-21 10:42:04,576 - Code.Dynamic_War_Manager.Source.Context.Region - WARNING - get_target_report - No operative assets found in report for target classification.
2026-08-21 10:42:04,576 - Code.Dynamic_War_Manager.Source.Context.Region - WARNING - get_target_report - No operative assets found in report for target classification.
2026-08-21 10:42:04,612 - Code.Dynamic_War_Manager.Source.Context.Region - WARNING - get_block_morale - Invalid morale value for block Base_mil1: 'invalid'
2026-08-21 10:42:04,613 - Code.Dynamic_War_Manager.Source.Context.Region - WARNING - get_block_morale - Block with ID does_not_exist not found in region Metric Region
2026-08-21 10:42:04,616 - Code.Dynamic_War_Manager.Source.Context.Region - WARNING - get_recon_reports - Invalid recon report for block Base_mil1: 'bad'
2026-08-21 10:42:04,616 - Code.Dynamic_War_Manager.Source.Context.Region - WARNING - get_recon_reports - Invalid recon report for block Base_mil2: 42
2026-08-21 10:42:04,620 - Code.Dynamic_War_Manager.Source.Context.Region - WARNING - get_recon_reports - Invalid recon report for block Base_mil2: None
2026-08-21 11:51:32,194 - Code.Dynamic_War_Manager.Source.Context.Region - WARNING - get_target_report - No target classification found for asset type: Tank. Skipping.
2026-08-21 11:51:32,195 - Code.Dynamic_War_Manager.Source.Context.Region - WARNING - get_target_report - No target classification found for asset type: Motorized. Skipping.
2026-08-21 11:51:32,195 - Code.Dynamic_War_Manager.Source.Context.Region - WARNING - get_target_report - No target classification found for asset type: Artillery. Skipping.
2026-08-21 11:51:32,196 - Code.Dynamic_War_Manager.Source.Context.Region - WARNING - get_target_report - No operative assets found in report for target classification.
2026-08-21 11:51:32,196 - Code.Dynamic_War_Manager.Source.Context.Region - WARNING - get_target_report - No operative assets found in report for target classification.
2026-08-21 11:51:32,196 - Code.Dynamic_War_Manager.Source.Context.Region - WARNING - get_target_report - No operative assets found in report for target classification.
2026-08-21 11:51:32,196 - Code.Dynamic_War_Manager.Source.Context.Region - WARNING - get_target_report - No operative assets found in report for target classification.
2026-08-21 11:51:32,197 - Code.Dynamic_War_Manager.Source.Context.Region - WARNING - get_target_report - No operative assets found in report for target classification.
2026-08-21 11:51:32,306 - Code.Dynamic_War_Manager.Source.Context.Region - WARNING - get_block_morale - Invalid morale value for block Base_mil1: 'invalid'
2026-08-21 11:51:32,307 - Code.Dynamic_War_Manager.Source.Context.Region - WARNING - get_block_morale - Block with ID does_not_exist not found in region Metric Region
2026-08-21 11:51:32,311 - Code.Dynamic_War_Manager.Source.Context.Region - WARNING - get_recon_reports - Invalid recon report for block Base_mil1: 'bad'
2026-08-21 11:51:32,311 - Code.Dynamic_War_Manager.Source.Context.Region - WARNING - get_recon_reports - Invalid recon report for block Base_mil2: 42
2026-08-21 11:51:32,314 - Code.Dynamic_War_Manager.Source.Context.Region - WARNING - get_recon_reports - Invalid recon report for block Base_mil2: None
2026-08-21 11:53:03,155 - Code.Dynamic_War_Manager.Source.Context.Region - WARNING - get_target_report - No target classification found for asset type: Tank. Skipping.
2026-08-21 11:53:03,156 - Code.Dynamic_War_Manager.Source.Context.Region - WARNING - get_target_report - No target classification found for asset type: Motorized. Skipping.
2026-08-21 11:53:03,156 - Code.Dynamic_War_Manager.Source.Context.Region - WARNING - get_target_report - No target classification found for asset type: Artillery. Skipping.
2026-08-21 11:53:03,156 - Code.Dynamic_War_Manager.Source.Context.Region - WARNING - get_target_report - No operative assets found in report for target classification.
2026-08-21 11:53:03,156 - Code.Dynamic_War_Manager.Source.Context.Region - WARNING - get_target_report - No operative assets found in report for target classification.
2026-08-21 11:53:03,157 - Code.Dynamic_War_Manager.Source.Context.Region - WARNING - get_target_report - No operative assets found in report for target classification.
2026-08-21 11:53:03,157 - Code.Dynamic_War_Manager.Source.Context.Region - WARNING - get_target_report - No operative assets found in report for target classification.
2026-08-21 11:53:03,157 - Code.Dynamic_War_Manager.Source.Context.Region - WARNING - get_target_report - No operative assets found in report for target classification.
2026-08-21 11:53:03,192 - Code.Dynamic_War_Manager.Source.Context.Region - WARNING - get_block_morale - Invalid morale value for block Base_mil1: 'invalid'
2026-08-21 11:53:03,193 - Code.Dynamic_War_Manager.Source.Context.Region - WARNING - get_block_morale - Block with ID does_not_exist not found in region Metric Region
2026-08-21 11:53:03,196 - Code.Dynamic_War_Manager.Source.Context.Region - WARNING - get_recon_reports - Invalid recon report for block Base_mil1: 'bad'
2026-08-21 11:53:03,196 - Code.Dynamic_War_Manager.Source.Context.Region - WARNING - get_recon_reports - Invalid recon report for block Base_mil2: 42
2026-08-21 11:53:03,199 - Code.Dynamic_War_Manager.Source.Context.Region - WARNING - get_recon_reports - Invalid recon report for block Base_mil2: None
2026-08-21 14:29:47,801 - Code.Dynamic_War_Manager.Source.Context.Region - WARNING - get_target_report - No target classification found for asset type: Tank. Skipping.
2026-08-21 14:29:47,803 - Code.Dynamic_War_Manager.Source.Context.Region - WARNING - get_target_report - No target classification found for asset type: Motorized. Skipping.
2026-08-21 14:29:47,803 - Code.Dynamic_War_Manager.Source.Context.Region - WARNING - get_target_report - No target classification found for asset type: Artillery. Skipping.
2026-08-21 14:29:47,804 - Code.Dynamic_War_Manager.Source.Context.Region - WARNING - get_target_report - No operative assets found in report for target classification.
2026-08-21 14:29:47,804 - Code.Dynamic_War_Manager.Source.Context.Region - WARNING - get_target_report - No operative assets found in report for target classification.
2026-08-21 14:29:47,804 - Code.Dynamic_War_Manager.Source.Context.Region - WARNING - get_target_report - No operative assets found in report for target classification.
2026-08-21 14:29:47,804 - Code.Dynamic_War_Manager.Source.Context.Region - WARNING - get_target_report - No operative assets found in report for target classification.
2026-08-21 14:29:47,804 - Code.Dynamic_War_Manager.Source.Context.Region - WARNING - get_target_report - No operative assets found in report for target classification.
2026-08-21 14:29:47,840 - Code.Dynamic_War_Manager.Source.Context.Region - WARNING - get_block_morale - Invalid morale value for block Base_mil1: 'invalid'
2026-08-21 14:29:47,840 - Code.Dynamic_War_Manager.Source.Context.Region - WARNING - get_block_morale - Block with ID does_not_exist not found in region Metric Region
2026-08-21 14:29:47,843 - Code.Dynamic_War_Manager.Source.Context.Region - WARNING - get_recon_reports - Invalid recon report for block Base_mil1: 'bad'
2026-08-21 14:29:47,844 - Code.Dynamic_War_Manager.Source.Context.Region - WARNING - get_recon_reports - Invalid recon report for block Base_mil2: 42
2026-08-21 14:29:47,847 - Code.Dynamic_War_Manager.Source.Context.Region - WARNING - get_recon_reports - Invalid recon report for block Base_mil2: None
2026-08-21 14:31:35,062 - Code.Dynamic_War_Manager.Source.Context.Region - WARNING - get_target_report - No target classification found for asset type: Tank. Skipping.
2026-08-21 14:31:35,063 - Code.Dynamic_War_Manager.Source.Context.Region - WARNING - get_target_report - No target classification found for asset type: Motorized. Skipping.
2026-08-21 14:31:35,063 - Code.Dynamic_War_Manager.Source.Context.Region - WARNING - get_target_report - No target classification found for asset type: Artillery. Skipping.
2026-08-21 14:31:35,063 - Code.Dynamic_War_Manager.Source.Context.Region - WARNING - get_target_report - No operative assets found in report for target classification.
2026-08-21 14:31:35,063 - Code.Dynamic_War_Manager.Source.Context.Region - WARNING - get_target_report - No operative assets found in report for target classification.
2026-08-21 14:31:35,063 - Code.Dynamic_War_Manager.Source.Context.Region - WARNING - get_target_report - No operative assets found in report for target classification.
2026-08-21 14:31:35,063 - Code.Dynamic_War_Manager.Source.Context.Region - WARNING - get_target_report - No operative assets found in report for target classification.
2026-08-21 14:31:35,063 - Code.Dynamic_War_Manager.Source.Context.Region - WARNING - get_target_report - No operative assets found in report for target classification.
2026-08-21 14:31:35,101 - Code.Dynamic_War_Manager.Source.Context.Region - WARNING - get_block_morale - Invalid morale value for block Base_mil1: 'invalid'
2026-08-21 14:31:35,102 - Code.Dynamic_War_Manager.Source.Context.Region - WARNING - get_block_morale - Block with ID does_not_exist not found in region Metric Region
2026-08-21 14:31:35,105 - Code.Dynamic_War_Manager.Source.Context.Region - WARNING - get_recon_reports - Invalid recon report for block Base_mil1: 'bad'
2026-08-21 14:31:35,105 - Code.Dynamic_War_Manager.Source.Context.Region - WARNING - get_recon_reports - Invalid recon report for block Base_mil2: 42
2026-08-21 14:31:35,108 - Code.Dynamic_War_Manager.Source.Context.Region - WARNING - get_recon_reports - Invalid recon report for block Base_mil2: None
2026-08-21 15:35:05,364 - Code.Dynamic_War_Manager.Source.Context.Region - WARNING - get_target_report - No target classification found for asset type: Tank. Skipping.
2026-08-21 15:35:05,366 - Code.Dynamic_War_Manager.Source.Context.Region - WARNING - get_target_report - No target classification found for asset type: Motorized. Skipping.
2026-08-21 15:35:05,366 - Code.Dynamic_War_Manager.Source.Context.Region - WARNING - get_target_report - No target classification found for asset type: Artillery. Skipping.
2026-08-21 15:35:05,367 - Code.Dynamic_War_Manager.Source.Context.Region - WARNING - get_target_report - No operative assets found in report for target classification.
2026-08-21 15:35:05,367 - Code.Dynamic_War_Manager.Source.Context.Region - WARNING - get_target_report - No operative assets found in report for target classification.
2026-08-21 15:35:05,367 - Code.Dynamic_War_Manager.Source.Context.Region - WARNING - get_target_report - No operative assets found in report for target classification.
2026-08-21 15:35:05,367 - Code.Dynamic_War_Manager.Source.Context.Region - WARNING - get_target_report - No operative assets found in report for target classification.
2026-08-21 15:35:05,367 - Code.Dynamic_War_Manager.Source.Context.Region - WARNING - get_target_report - No operative assets found in report for target classification.
2026-08-21 15:35:05,403 - Code.Dynamic_War_Manager.Source.Context.Region - WARNING - get_block_morale - Invalid morale value for block Base_mil1: 'invalid'
2026-08-21 15:35:05,403 - Code.Dynamic_War_Manager.Source.Context.Region - WARNING - get_block_morale - Block with ID does_not_exist not found in region Metric Region
2026-08-21 15:35:05,406 - Code.Dynamic_War_Manager.Source.Context.Region - WARNING - get_recon_reports - Invalid recon report for block Base_mil1: 'bad'
2026-08-21 15:35:05,406 - Code.Dynamic_War_Manager.Source.Context.Region - WARNING - get_recon_reports - Invalid recon report for block Base_mil2: 42
2026-08-21 15:35:05,410 - Code.Dynamic_War_Manager.Source.Context.Region - WARNING - get_recon_reports - Invalid recon report for block Base_mil2: None
2026-08-21 15:45:51,328 - Code.Dynamic_War_Manager.Source.Context.Region - WARNING - get_target_report - No target classification found for asset type: Tank. Skipping.
2026-08-21 15:45:51,329 - Code.Dynamic_War_Manager.Source.Context.Region - WARNING - get_target_report - No target classification found for asset type: Motorized. Skipping.
2026-08-21 15:45:51,329 - Code.Dynamic_War_Manager.Source.Context.Region - WARNING - get_target_report - No target classification found for asset type: Artillery. Skipping.
2026-08-21 15:45:51,329 - Code.Dynamic_War_Manager.Source.Context.Region - WARNING - get_target_report - No operative assets found in report for target classification.
2026-08-21 15:45:51,329 - Code.Dynamic_War_Manager.Source.Context.Region - WARNING - get_target_report - No operative assets found in report for target classification.
2026-08-21 15:45:51,330 - Code.Dynamic_War_Manager.Source.Context.Region - WARNING - get_target_report - No operative assets found in report for target classification.
2026-08-21 15:45:51,330 - Code.Dynamic_War_Manager.Source.Context.Region - WARNING - get_target_report - No operative assets found in report for target classification.
2026-08-21 15:45:51,330 - Code.Dynamic_War_Manager.Source.Context.Region - WARNING - get_target_report - No operative assets found in report for target classification.
2026-08-21 15:45:51,367 - Code.Dynamic_War_Manager.Source.Context.Region - WARNING - get_block_morale - Invalid morale value for block Base_mil1: 'invalid'
2026-08-21 15:45:51,368 - Code.Dynamic_War_Manager.Source.Context.Region - WARNING - get_block_morale - Block with ID does_not_exist not found in region Metric Region
2026-08-21 15:45:51,371 - Code.Dynamic_War_Manager.Source.Context.Region - WARNING - get_recon_reports - Invalid recon report for block Base_mil1: 'bad'
2026-08-21 15:45:51,371 - Code.Dynamic_War_Manager.Source.Context.Region - WARNING - get_recon_reports - Invalid recon report for block Base_mil2: 42
2026-08-21 15:45:51,374 - Code.Dynamic_War_Manager.Source.Context.Region - WARNING - get_recon_reports - Invalid recon report for block Base_mil2: None
2026-08-26 19:10:01,039 - Code.Dynamic_War_Manager.Source.Context.Region - WARNING - get_target_report - No target classification found for asset type: Tank. Skipping.
2026-08-26 19:10:01,063 - Code.Dynamic_War_Manager.Source.Context.Region - WARNING - get_target_report - No target classification found for asset type: Motorized. Skipping.
2026-08-26 19:10:01,064 - Code.Dynamic_War_Manager.Source.Context.Region - WARNING - get_target_report - No target classification found for asset type: Artillery. Skipping.
2026-08-26 19:10:01,065 - Code.Dynamic_War_Manager.Source.Context.Region - WARNING - get_target_report - No operative assets found in report for target classification.
2026-08-26 19:10:01,065 - Code.Dynamic_War_Manager.Source.Context.Region - WARNING - get_target_report - No operative assets found in report for target classification.
2026-08-26 19:10:01,065 - Code.Dynamic_War_Manager.Source.Context.Region - WARNING - get_target_report - No operative assets found in report for target classification.
2026-08-26 19:10:01,065 - Code.Dynamic_War_Manager.Source.Context.Region - WARNING - get_target_report - No operative assets found in report for target classification.
2026-08-26 19:10:01,065 - Code.Dynamic_War_Manager.Source.Context.Region - WARNING - get_target_report - No operative assets found in report for target classification.
2026-08-26 19:10:01,104 - Code.Dynamic_War_Manager.Source.Context.Region - WARNING - get_block_morale - Invalid morale value for block Base_mil1: 'invalid'
2026-08-26 19:10:01,105 - Code.Dynamic_War_Manager.Source.Context.Region - WARNING - get_block_morale - Block with ID does_not_exist not found in region Metric Region
2026-08-26 19:10:01,108 - Code.Dynamic_War_Manager.Source.Context.Region - WARNING - get_recon_reports - Invalid recon report for block Base_mil1: 'bad'
2026-08-26 19:10:01,108 - Code.Dynamic_War_Manager.Source.Context.Region - WARNING - get_recon_reports - Invalid recon report for block Base_mil2: 42
2026-08-26 19:10:01,111 - Code.Dynamic_War_Manager.Source.Context.Region - WARNING - get_recon_reports - Invalid recon report for block Base_mil2: None
2026-09-11 16:08:26,303 - Code.Dynamic_War_Manager.Source.Context.Region - WARNING - get_target_report - No target classification found for asset type: Tank. Skipping.
2026-09-11 16:08:26,304 - Code.Dynamic_War_Manager.Source.Context.Region - WARNING - get_target_report - No target classification found for asset type: Motorized. Skipping.
2026-09-11 16:08:26,304 - Code.Dynamic_War_Manager.Source.Context.Region - WARNING - get_target_report - No target classification found for asset type: Artillery. Skipping.
2026-09-11 16:08:26,305 - Code.Dynamic_War_Manager.Source.Context.Region - WARNING - get_target_report - No operative assets found in report for target classification.
2026-09-11 16:08:26,305 - Code.Dynamic_War_Manager.Source.Context.Region - WARNING - get_target_report - No operative assets found in report for target classification.
2026-09-11 16:08:26,305 - Code.Dynamic_War_Manager.Source.Context.Region - WARNING - get_target_report - No operative assets found in report for target classification.
2026-09-11 16:08:26,305 - Code.Dynamic_War_Manager.Source.Context.Region - WARNING - get_target_report - No operative assets found in report for target classification.
2026-09-11 16:08:26,305 - Code.Dynamic_War_Manager.Source.Context.Region - WARNING - get_target_report - No operative assets found in report for target classification.
2026-09-11 16:08:26,424 - Code.Dynamic_War_Manager.Source.Context.Region - WARNING - get_block_morale - Invalid morale value for block Base_mil1: 'invalid'
2026-09-11 16:08:26,425 - Code.Dynamic_War_Manager.Source.Context.Region - WARNING - get_block_morale - Block with ID does_not_exist not found in region Metric Region
2026-09-11 16:08:26,428 - Code.Dynamic_War_Manager.Source.Context.Region - WARNING - get_recon_reports - Invalid recon report for block Base_mil1: 'bad'
2026-09-11 16:08:26,428 - Code.Dynamic_War_Manager.Source.Context.Region - WARNING - get_recon_reports - Invalid recon report for block Base_mil2: 42
2026-09-11 16:08:26,432 - Code.Dynamic_War_Manager.Source.Context.Region - WARNING - get_recon_reports - Invalid recon report for block Base_mil2: None
2026-09-11 16:16:43,842 - Code.Dynamic_War_Manager.Source.Context.Region - WARNING - get_target_report - No target classification found for asset type: Tank. Skipping.
2026-09-11 16:16:43,842 - Code.Dynamic_War_Manager.Source.Context.Region - WARNING - get_target_report - No target classification found for asset type: Motorized. Skipping.
2026-09-11 16:16:43,842 - Code.Dynamic_War_Manager.Source.Context.Region - WARNING - get_target_report - No target classification found for asset type: Artillery. Skipping.
2026-09-11 16:16:43,843 - Code.Dynamic_War_Manager.Source.Context.Region - WARNING - get_target_report - No operative assets found in report for target classification.
2026-09-11 16:16:43,843 - Code.Dynamic_War_Manager.Source.Context.Region - WARNING - get_target_report - No operative assets found in report for target classification.
2026-09-11 16:16:43,843 - Code.Dynamic_War_Manager.Source.Context.Region - WARNING - get_target_report - No operative assets found in report for target classification.
2026-09-11 16:16:43,843 - Code.Dynamic_War_Manager.Source.Context.Region - WARNING - get_target_report - No operative assets found in report for target classification.
2026-09-11 16:16:43,843 - Code.Dynamic_War_Manager.Source.Context.Region - WARNING - get_target_report - No operative assets found in report for target classification.
2026-09-11 16:16:43,954 - Code.Dynamic_War_Manager.Source.Context.Region - WARNING - get_block_morale - Invalid morale value for block Base_mil1: 'invalid'
2026-09-11 16:16:43,955 - Code.Dynamic_War_Manager.Source.Context.Region - WARNING - get_block_morale - Block with ID does_not_exist not found in region Metric Region
2026-09-11 16:16:43,959 - Code.Dynamic_War_Manager.Source.Context.Region - WARNING - get_recon_reports - Invalid recon report for block Base_mil1: 'bad'
2026-09-11 16:16:43,959 - Code.Dynamic_War_Manager.Source.Context.Region - WARNING - get_recon_reports - Invalid recon report for block Base_mil2: 42
2026-09-11 16:16:43,963 - Code.Dynamic_War_Manager.Source.Context.Region - WARNING - get_recon_reports - Invalid recon report for block Base_mil2: None
2026-09-11 16:18:39,307 - Code.Dynamic_War_Manager.Source.Context.Region - WARNING - get_target_report - No target classification found for asset type: Tank. Skipping.
2026-09-11 16:18:39,307 - Code.Dynamic_War_Manager.Source.Context.Region - WARNING - get_target_report - No target classification found for asset type: Motorized. Skipping.
2026-09-11 16:18:39,308 - Code.Dynamic_War_Manager.Source.Context.Region - WARNING - get_target_report - No target classification found for asset type: Artillery. Skipping.
2026-09-11 16:18:39,308 - Code.Dynamic_War_Manager.Source.Context.Region - WARNING - get_target_report - No operative assets found in report for target classification.
2026-09-11 16:18:39,308 - Code.Dynamic_War_Manager.Source.Context.Region - WARNING - get_target_report - No operative assets found in report for target classification.
2026-09-11 16:18:39,308 - Code.Dynamic_War_Manager.Source.Context.Region - WARNING - get_target_report - No operative assets found in report for target classification.
2026-09-11 16:18:39,309 - Code.Dynamic_War_Manager.Source.Context.Region - WARNING - get_target_report - No operative assets found in report for target classification.
2026-09-11 16:18:39,309 - Code.Dynamic_War_Manager.Source.Context.Region - WARNING - get_target_report - No operative assets found in report for target classification.
2026-09-11 16:18:39,451 - Code.Dynamic_War_Manager.Source.Context.Region - WARNING - get_block_morale - Invalid morale value for block Base_mil1: 'invalid'
2026-09-11 16:18:39,452 - Code.Dynamic_War_Manager.Source.Context.Region - WARNING - get_block_morale - Block with ID does_not_exist not found in region Metric Region
2026-09-11 16:18:39,456 - Code.Dynamic_War_Manager.Source.Context.Region - WARNING - get_recon_reports - Invalid recon report for block Base_mil1: 'bad'
2026-09-11 16:18:39,456 - Code.Dynamic_War_Manager.Source.Context.Region - WARNING - get_recon_reports - Invalid recon report for block Base_mil2: 42
2026-09-11 16:18:39,459 - Code.Dynamic_War_Manager.Source.Context.Region - WARNING - get_recon_reports - Invalid recon report for block Base_mil2: None
2026-09-11 17:34:59,397 - Code.Dynamic_War_Manager.Source.Context.Region - WARNING - get_target_report - No target classification found for asset type: Tank. Skipping.
2026-09-11 17:34:59,397 - Code.Dynamic_War_Manager.Source.Context.Region - WARNING - get_target_report - No target classification found for asset type: Motorized. Skipping.
2026-09-11 17:34:59,398 - Code.Dynamic_War_Manager.Source.Context.Region - WARNING - get_target_report - No target classification found for asset type: Artillery. Skipping.
2026-09-11 17:34:59,398 - Code.Dynamic_War_Manager.Source.Context.Region - WARNING - get_target_report - No operative assets found in report for target classification.
2026-09-11 17:34:59,398 - Code.Dynamic_War_Manager.Source.Context.Region - WARNING - get_target_report - No operative assets found in report for target classification.
2026-09-11 17:34:59,398 - Code.Dynamic_War_Manager.Source.Context.Region - WARNING - get_target_report - No operative assets found in report for target classification.
2026-09-11 17:34:59,398 - Code.Dynamic_War_Manager.Source.Context.Region - WARNING - get_target_report - No operative assets found in report for target classification.
2026-09-11 17:34:59,398 - Code.Dynamic_War_Manager.Source.Context.Region - WARNING - get_target_report - No operative assets found in report for target classification.
2026-09-11 17:34:59,539 - Code.Dynamic_War_Manager.Source.Context.Region - WARNING - get_block_morale - Invalid morale value for block Base_mil1: 'invalid'
2026-09-11 17:34:59,540 - Code.Dynamic_War_Manager.Source.Context.Region - WARNING - get_block_morale - Block with ID does_not_exist not found in region Metric Region
2026-09-11 17:34:59,544 - Code.Dynamic_War_Manager.Source.Context.Region - WARNING - get_recon_reports - Invalid recon report for block Base_mil1: 'bad'
2026-09-11 17:34:59,544 - Code.Dynamic_War_Manager.Source.Context.Region - WARNING - get_recon_reports - Invalid recon report for block Base_mil2: 42
2026-09-11 17:34:59,548 - Code.Dynamic_War_Manager.Source.Context.Region - WARNING - get_recon_reports - Invalid recon report for block Base_mil2: None
2026-09-11 17:36:46,221 - Code.Dynamic_War_Manager.Source.Context.Region - WARNING - get_target_report - No target classification found for asset type: Tank. Skipping.
2026-09-11 17:36:46,221 - Code.Dynamic_War_Manager.Source.Context.Region - WARNING - get_target_report - No target classification found for asset type: Motorized. Skipping.
2026-09-11 17:36:46,221 - Code.Dynamic_War_Manager.Source.Context.Region - WARNING - get_target_report - No target classification found for asset type: Artillery. Skipping.
2026-09-11 17:36:46,221 - Code.Dynamic_War_Manager.Source.Context.Region - WARNING - get_target_report - No operative assets found in report for target classification.
2026-09-11 17:36:46,222 - Code.Dynamic_War_Manager.Source.Context.Region - WARNING - get_target_report - No operative assets found in report for target classification.
2026-09-11 17:36:46,222 - Code.Dynamic_War_Manager.Source.Context.Region - WARNING - get_target_report - No operative assets found in report for target classification.
2026-09-11 17:36:46,222 - Code.Dynamic_War_Manager.Source.Context.Region - WARNING - get_target_report - No operative assets found in report for target classification.
2026-09-11 17:36:46,222 - Code.Dynamic_War_Manager.Source.Context.Region - WARNING - get_target_report - No operative assets found in report for target classification.
2026-09-11 17:36:46,361 - Code.Dynamic_War_Manager.Source.Context.Region - WARNING - get_block_morale - Invalid morale value for block Base_mil1: 'invalid'
2026-09-11 17:36:46,362 - Code.Dynamic_War_Manager.Source.Context.Region - WARNING - get_block_morale - Block with ID does_not_exist not found in region Metric Region
2026-09-11 17:36:46,365 - Code.Dynamic_War_Manager.Source.Context.Region - WARNING - get_recon_reports - Invalid recon report for block Base_mil1: 'bad'
2026-09-11 17:36:46,366 - Code.Dynamic_War_Manager.Source.Context.Region - WARNING - get_recon_reports - Invalid recon report for block Base_mil2: 42
2026-09-11 17:36:46,369 - Code.Dynamic_War_Manager.Source.Context.Region - WARNING - get_recon_reports - Invalid recon report for block Base_mil2: None
2026-09-11 17:38:48,242 - Code.Dynamic_War_Manager.Source.Context.Region - WARNING - get_target_report - No target classification found for asset type: Tank. Skipping.
2026-09-11 17:38:48,242 - Code.Dynamic_War_Manager.Source.Context.Region - WARNING - get_target_report - No target classification found for asset type: Motorized. Skipping.
2026-09-11 17:38:48,242 - Code.Dynamic_War_Manager.Source.Context.Region - WARNING - get_target_report - No target classification found for asset type: Artillery. Skipping.
2026-09-11 17:38:48,243 - Code.Dynamic_War_Manager.Source.Context.Region - WARNING - get_target_report - No operative assets found in report for target classification.
2026-09-11 17:38:48,243 - Code.Dynamic_War_Manager.Source.Context.Region - WARNING - get_target_report - No operative assets found in report for target classification.
2026-09-11 17:38:48,243 - Code.Dynamic_War_Manager.Source.Context.Region - WARNING - get_target_report - No operative assets found in report for target classification.
2026-09-11 17:38:48,243 - Code.Dynamic_War_Manager.Source.Context.Region - WARNING - get_target_report - No operative assets found in report for target classification.
2026-09-11 17:38:48,243 - Code.Dynamic_War_Manager.Source.Context.Region - WARNING - get_target_report - No operative assets found in report for target classification.
2026-09-11 17:38:48,384 - Code.Dynamic_War_Manager.Source.Context.Region - WARNING - get_block_morale - Invalid morale value for block Base_mil1: 'invalid'
2026-09-11 17:38:48,385 - Code.Dynamic_War_Manager.Source.Context.Region - WARNING - get_block_morale - Block with ID does_not_exist not found in region Metric Region
2026-09-11 17:38:48,388 - Code.Dynamic_War_Manager.Source.Context.Region - WARNING - get_recon_reports - Invalid recon report for block Base_mil1: 'bad'
2026-09-11 17:38:48,388 - Code.Dynamic_War_Manager.Source.Context.Region - WARNING - get_recon_reports - Invalid recon report for block Base_mil2: 42
2026-09-11 17:38:48,391 - Code.Dynamic_War_Manager.Source.Context.Region - WARNING - get_recon_reports - Invalid recon report for block Base_mil2: None
2026-09-11 18:32:33,085 - Code.Dynamic_War_Manager.Source.Context.Region - WARNING - get_target_report - No target classification found for asset type: Tank. Skipping.
2026-09-11 18:32:33,085 - Code.Dynamic_War_Manager.Source.Context.Region - WARNING - get_target_report - No target classification found for asset type: Motorized. Skipping.
2026-09-11 18:32:33,086 - Code.Dynamic_War_Manager.Source.Context.Region - WARNING - get_target_report - No target classification found for asset type: Artillery. Skipping.
2026-09-11 18:32:33,086 - Code.Dynamic_War_Manager.Source.Context.Region - WARNING - get_target_report - No operative assets found in report for target classification.
2026-09-11 18:32:33,086 - Code.Dynamic_War_Manager.Source.Context.Region - WARNING - get_target_report - No operative assets found in report for target classification.
2026-09-11 18:32:33,087 - Code.Dynamic_War_Manager.Source.Context.Region - WARNING - get_target_report - No operative assets found in report for target classification.
2026-09-11 18:32:33,087 - Code.Dynamic_War_Manager.Source.Context.Region - WARNING - get_target_report - No operative assets found in report for target classification.
2026-09-11 18:32:33,087 - Code.Dynamic_War_Manager.Source.Context.Region - WARNING - get_target_report - No operative assets found in report for target classification.
2026-09-11 18:32:33,228 - Code.Dynamic_War_Manager.Source.Context.Region - WARNING - get_block_morale - Invalid morale value for block Base_mil1: 'invalid'
2026-09-11 18:32:33,229 - Code.Dynamic_War_Manager.Source.Context.Region - WARNING - get_block_morale - Block with ID does_not_exist not found in region Metric Region
2026-09-11 18:32:33,232 - Code.Dynamic_War_Manager.Source.Context.Region - WARNING - get_recon_reports - Invalid recon report for block Base_mil1: 'bad'
2026-09-11 18:32:33,232 - Code.Dynamic_War_Manager.Source.Context.Region - WARNING - get_recon_reports - Invalid recon report for block Base_mil2: 42
2026-09-11 18:32:33,236 - Code.Dynamic_War_Manager.Source.Context.Region - WARNING - get_recon_reports - Invalid recon report for block Base_mil2: None
2026-09-11 18:40:48,186 - Code.Dynamic_War_Manager.Source.Context.Region - WARNING - get_target_report - No target classification found for asset type: Tank. Skipping.
2026-09-11 18:40:48,186 - Code.Dynamic_War_Manager.Source.Context.Region - WARNING - get_target_report - No target classification found for asset type: Motorized. Skipping.
2026-09-11 18:40:48,186 - Code.Dynamic_War_Manager.Source.Context.Region - WARNING - get_target_report - No target classification found for asset type: Artillery. Skipping.
2026-09-11 18:40:48,187 - Code.Dynamic_War_Manager.Source.Context.Region - WARNING - get_target_report - No operative assets found in report for target classification.
2026-09-11 18:40:48,187 - Code.Dynamic_War_Manager.Source.Context.Region - WARNING - get_target_report - No operative assets found in report for target classification.
2026-09-11 18:40:48,187 - Code.Dynamic_War_Manager.Source.Context.Region - WARNING - get_target_report - No operative assets found in report for target classification.
2026-09-11 18:40:48,187 - Code.Dynamic_War_Manager.Source.Context.Region - WARNING - get_target_report - No operative assets found in report for target classification.
2026-09-11 18:40:48,187 - Code.Dynamic_War_Manager.Source.Context.Region - WARNING - get_target_report - No operative assets found in report for target classification.
2026-09-11 18:40:48,223 - Code.Dynamic_War_Manager.Source.Context.Region - WARNING - get_block_morale - Invalid morale value for block Base_mil1: 'invalid'
2026-09-11 18:40:48,224 - Code.Dynamic_War_Manager.Source.Context.Region - WARNING - get_block_morale - Block with ID does_not_exist not found in region Metric Region
2026-09-11 18:40:48,227 - Code.Dynamic_War_Manager.Source.Context.Region - WARNING - get_recon_reports - Invalid recon report for block Base_mil1: 'bad'
2026-09-11 18:40:48,227 - Code.Dynamic_War_Manager.Source.Context.Region - WARNING - get_recon_reports - Invalid recon report for block Base_mil2: 42
2026-09-11 18:40:48,230 - Code.Dynamic_War_Manager.Source.Context.Region - WARNING - get_recon_reports - Invalid recon report for block Base_mil2: None
2026-09-11 19:29:29,704 - Code.Dynamic_War_Manager.Source.Context.Region - WARNING - get_target_report - No target classification found for asset type: Tank. Skipping.
2026-09-11 19:29:29,704 - Code.Dynamic_War_Manager.Source.Context.Region - WARNING - get_target_report - No target classification found for asset type: Motorized. Skipping.
2026-09-11 19:29:29,704 - Code.Dynamic_War_Manager.Source.Context.Region - WARNING - get_target_report - No target classification found for asset type: Artillery. Skipping.
2026-09-11 19:29:29,705 - Code.Dynamic_War_Manager.Source.Context.Region - WARNING - get_target_report - No operative assets found in report for target classification.
2026-09-11 19:29:29,705 - Code.Dynamic_War_Manager.Source.Context.Region - WARNING - get_target_report - No operative assets found in report for target classification.
2026-09-11 19:29:29,705 - Code.Dynamic_War_Manager.Source.Context.Region - WARNING - get_target_report - No operative assets found in report for target classification.
2026-09-11 19:29:29,705 - Code.Dynamic_War_Manager.Source.Context.Region - WARNING - get_target_report - No operative assets found in report for target classification.
2026-09-11 19:29:29,705 - Code.Dynamic_War_Manager.Source.Context.Region - WARNING - get_target_report - No operative assets found in report for target classification.
2026-09-11 19:29:29,840 - Code.Dynamic_War_Manager.Source.Context.Region - WARNING - get_block_morale - Invalid morale value for block Base_mil1: 'invalid'
2026-09-11 19:29:29,841 - Code.Dynamic_War_Manager.Source.Context.Region - WARNING - get_block_morale - Block with ID does_not_exist not found in region Metric Region
2026-09-11 19:29:29,844 - Code.Dynamic_War_Manager.Source.Context.Region - WARNING - get_recon_reports - Invalid recon report for block Base_mil1: 'bad'
2026-09-11 19:29:29,844 - Code.Dynamic_War_Manager.Source.Context.Region - WARNING - get_recon_reports - Invalid recon report for block Base_mil2: 42
2026-09-11 19:29:29,848 - Code.Dynamic_War_Manager.Source.Context.Region - WARNING - get_recon_reports - Invalid recon report for block Base_mil2: None
2026-09-11 20:03:36,566 - Code.Dynamic_War_Manager.Source.Context.Region - WARNING - get_target_report - No target classification found for asset type: Tank. Skipping.
2026-09-11 20:03:36,566 - Code.Dynamic_War_Manager.Source.Context.Region - WARNING - get_target_report - No target classification found for asset type: Motorized. Skipping.
2026-09-11 20:03:36,566 - Code.Dynamic_War_Manager.Source.Context.Region - WARNING - get_target_report - No target classification found for asset type: Artillery. Skipping.
2026-09-11 20:03:36,567 - Code.Dynamic_War_Manager.Source.Context.Region - WARNING - get_target_report - No operative assets found in report for target classification.
2026-09-11 20:03:36,567 - Code.Dynamic_War_Manager.Source.Context.Region - WARNING - get_target_report - No operative assets found in report for target classification.
2026-09-11 20:03:36,567 - Code.Dynamic_War_Manager.Source.Context.Region - WARNING - get_target_report - No operative assets found in report for target classification.
2026-09-11 20:03:36,567 - Code.Dynamic_War_Manager.Source.Context.Region - WARNING - get_target_report - No operative assets found in report for target classification.
2026-09-11 20:03:36,567 - Code.Dynamic_War_Manager.Source.Context.Region - WARNING - get_target_report - No operative assets found in report for target classification.
2026-09-11 20:03:36,605 - Code.Dynamic_War_Manager.Source.Context.Region - WARNING - get_block_morale - Invalid morale value for block Base_mil1: 'invalid'
2026-09-11 20:03:36,606 - Code.Dynamic_War_Manager.Source.Context.Region - WARNING - get_block_morale - Block with ID does_not_exist not found in region Metric Region
2026-09-11 20:03:36,609 - Code.Dynamic_War_Manager.Source.Context.Region - WARNING - get_recon_reports - Invalid recon report for block Base_mil1: 'bad'
2026-09-11 20:03:36,610 - Code.Dynamic_War_Manager.Source.Context.Region - WARNING - get_recon_reports - Invalid recon report for block Base_mil2: 42
2026-09-11 20:03:36,613 - Code.Dynamic_War_Manager.Source.Context.Region - WARNING - get_recon_reports - Invalid recon report for block Base_mil2: None
2026-09-12 09:28:30,335 - Code.Dynamic_War_Manager.Source.Context.Region - WARNING - get_target_report - No target classification found for asset type: Tank. Skipping.
2026-09-12 09:28:30,362 - Code.Dynamic_War_Manager.Source.Context.Region - WARNING - get_target_report - No target classification found for asset type: Motorized. Skipping.
2026-09-12 09:28:30,362 - Code.Dynamic_War_Manager.Source.Context.Region - WARNING - get_target_report - No target classification found for asset type: Artillery. Skipping.
2026-09-12 09:28:30,363 - Code.Dynamic_War_Manager.Source.Context.Region - WARNING - get_target_report - No operative assets found in report for target classification.
2026-09-12 09:28:30,364 - Code.Dynamic_War_Manager.Source.Context.Region - WARNING - get_target_report - No operative assets found in report for target classification.
2026-09-12 09:28:30,364 - Code.Dynamic_War_Manager.Source.Context.Region - WARNING - get_target_report - No operative assets found in report for target classification.
2026-09-12 09:28:30,364 - Code.Dynamic_War_Manager.Source.Context.Region - WARNING - get_target_report - No operative assets found in report for target classification.
2026-09-12 09:28:30,376 - Code.Dynamic_War_Manager.Source.Context.Region - WARNING - get_target_report - No operative assets found in report for target classification.
2026-09-12 09:28:30,525 - Code.Dynamic_War_Manager.Source.Context.Region - WARNING - get_block_morale - Invalid morale value for block Base_mil1: 'invalid'
2026-09-12 09:28:30,525 - Code.Dynamic_War_Manager.Source.Context.Region - WARNING - get_block_morale - Block with ID does_not_exist not found in region Metric Region
2026-09-12 09:28:30,528 - Code.Dynamic_War_Manager.Source.Context.Region - WARNING - get_recon_reports - Invalid recon report for block Base_mil1: 'bad'
2026-09-12 09:28:30,529 - Code.Dynamic_War_Manager.Source.Context.Region - WARNING - get_recon_reports - Invalid recon report for block Base_mil2: 42
2026-09-12 09:28:30,532 - Code.Dynamic_War_Manager.Source.Context.Region - WARNING - get_recon_reports - Invalid recon report for block Base_mil2: None
2026-09-12 09:30:28,380 - Code.Dynamic_War_Manager.Source.Context.Region - WARNING - get_target_report - No target classification found for asset type: Tank. Skipping.
2026-09-12 09:30:28,380 - Code.Dynamic_War_Manager.Source.Context.Region - WARNING - get_target_report - No target classification found for asset type: Motorized. Skipping.
2026-09-12 09:30:28,380 - Code.Dynamic_War_Manager.Source.Context.Region - WARNING - get_target_report - No target classification found for asset type: Artillery. Skipping.
2026-09-12 09:30:28,380 - Code.Dynamic_War_Manager.Source.Context.Region - WARNING - get_target_report - No operative assets found in report for target classification.
2026-09-12 09:30:28,381 - Code.Dynamic_War_Manager.Source.Context.Region - WARNING - get_target_report - No operative assets found in report for target classification.
2026-09-12 09:30:28,381 - Code.Dynamic_War_Manager.Source.Context.Region - WARNING - get_target_report - No operative assets found in report for target classification.
2026-09-12 09:30:28,381 - Code.Dynamic_War_Manager.Source.Context.Region - WARNING - get_target_report - No operative assets found in report for target classification.
2026-09-12 09:30:28,381 - Code.Dynamic_War_Manager.Source.Context.Region - WARNING - get_target_report - No operative assets found in report for target classification.
2026-09-12 09:30:28,427 - Code.Dynamic_War_Manager.Source.Context.Region - WARNING - get_block_morale - Invalid morale value for block Base_mil1: 'invalid'
2026-09-12 09:30:28,429 - Code.Dynamic_War_Manager.Source.Context.Region - WARNING - get_block_morale - Block with ID does_not_exist not found in region Metric Region
2026-09-12 09:30:28,432 - Code.Dynamic_War_Manager.Source.Context.Region - WARNING - get_recon_reports - Invalid recon report for block Base_mil1: 'bad'
2026-09-12 09:30:28,432 - Code.Dynamic_War_Manager.Source.Context.Region - WARNING - get_recon_reports - Invalid recon report for block Base_mil2: 42
2026-09-12 09:30:28,435 - Code.Dynamic_War_Manager.Source.Context.Region - WARNING - get_recon_reports - Invalid recon report for block Base_mil2: None
2026-09-12 14:45:18,489 - Code.Dynamic_War_Manager.Source.Context.Region - WARNING - get_target_report - No target classification found for asset type: Tank. Skipping.
2026-09-12 14:45:18,489 - Code.Dynamic_War_Manager.Source.Context.Region - WARNING - get_target_report - No target classification found for asset type: Motorized. Skipping.
2026-09-12 14:45:18,489 - Code.Dynamic_War_Manager.Source.Context.Region - WARNING - get_target_report - No target classification found for asset type: Artillery. Skipping.
2026-09-12 14:45:18,490 - Code.Dynamic_War_Manager.Source.Context.Region - WARNING - get_target_report - No operative assets found in report for target classification.
2026-09-12 14:45:18,490 - Code.Dynamic_War_Manager.Source.Context.Region - WARNING - get_target_report - No operative assets found in report for target classification.
2026-09-12 14:45:18,490 - Code.Dynamic_War_Manager.Source.Context.Region - WARNING - get_target_report - No operative assets found in report for target classification.
2026-09-12 14:45:18,490 - Code.Dynamic_War_Manager.Source.Context.Region - WARNING - get_target_report - No operative assets found in report for target classification.
2026-09-12 14:45:18,490 - Code.Dynamic_War_Manager.Source.Context.Region - WARNING - get_target_report - No operative assets found in report for target classification.
2026-09-12 14:45:18,602 - Code.Dynamic_War_Manager.Source.Context.Region - WARNING - get_block_morale - Invalid morale value for block Base_mil1: 'invalid'
2026-09-12 14:45:18,603 - Code.Dynamic_War_Manager.Source.Context.Region - WARNING - get_block_morale - Block with ID does_not_exist not found in region Metric Region
2026-09-12 14:45:18,606 - Code.Dynamic_War_Manager.Source.Context.Region - WARNING - get_recon_reports - Invalid recon report for block Base_mil1: 'bad'
2026-09-12 14:45:18,606 - Code.Dynamic_War_Manager.Source.Context.Region - WARNING - get_recon_reports - Invalid recon report for block Base_mil2: 42
2026-09-12 14:45:18,609 - Code.Dynamic_War_Manager.Source.Context.Region - WARNING - get_recon_reports - Invalid recon report for block Base_mil2: None
2026-09-12 14:45:18,634 - Code.Dynamic_War_Manager.Source.Context.Region - WARNING - _target_profile_from_block - Category not found for aircraft asset id: Fighter-mock. Skipping for target profile.
2026-09-12 14:45:18,635 - Code.Dynamic_War_Manager.Source.Context.Region - WARNING - _target_profile_from_block - Asset type not found or invalid for asset id: None-mock. Skipping for target profile.
2026-09-12 14:45:18,638 - Code.Dynamic_War_Manager.Source.Context.Region - WARNING - _target_profile_from_block - Asset type not found or invalid for asset id: NotARealAssetType-mock. Skipping for target profile.
2026-09-12 14:45:18,639 - Code.Dynamic_War_Manager.Source.Context.Region - WARNING - _target_profile_from_block - Physical characteristics not found for asset class: Vehicle, asset id: Tank-mock. Skipping for target profile.
2026-09-12 14:45:18,639 - Code.Dynamic_War_Manager.Source.Context.Region - WARNING - get_target_report - No operative assets found in report for target classification.
2026-09-12 14:45:46,510 - Code.Dynamic_War_Manager.Source.Context.Region - WARNING - get_target_report - No target classification found for asset type: Tank. Skipping.
2026-09-12 14:45:46,510 - Code.Dynamic_War_Manager.Source.Context.Region - WARNING - get_target_report - No target classification found for asset type: Motorized. Skipping.
2026-09-12 14:45:46,510 - Code.Dynamic_War_Manager.Source.Context.Region - WARNING - get_target_report - No target classification found for asset type: Artillery. Skipping.
2026-09-12 14:45:46,511 - Code.Dynamic_War_Manager.Source.Context.Region - WARNING - get_target_report - No operative assets found in report for target classification.
2026-09-12 14:45:46,511 - Code.Dynamic_War_Manager.Source.Context.Region - WARNING - get_target_report - No operative assets found in report for target classification.
2026-09-12 14:45:46,511 - Code.Dynamic_War_Manager.Source.Context.Region - WARNING - get_target_report - No operative assets found in report for target classification.
2026-09-12 14:45:46,511 - Code.Dynamic_War_Manager.Source.Context.Region - WARNING - get_target_report - No operative assets found in report for target classification.
2026-09-12 14:45:46,512 - Code.Dynamic_War_Manager.Source.Context.Region - WARNING - get_target_report - No operative assets found in report for target classification.
2026-09-12 14:45:46,609 - Code.Dynamic_War_Manager.Source.Context.Region - WARNING - get_block_morale - Invalid morale value for block Base_mil1: 'invalid'
2026-09-12 14:45:46,610 - Code.Dynamic_War_Manager.Source.Context.Region - WARNING - get_block_morale - Block with ID does_not_exist not found in region Metric Region
2026-09-12 14:45:46,613 - Code.Dynamic_War_Manager.Source.Context.Region - WARNING - get_recon_reports - Invalid recon report for block Base_mil1: 'bad'
2026-09-12 14:45:46,613 - Code.Dynamic_War_Manager.Source.Context.Region - WARNING - get_recon_reports - Invalid recon report for block Base_mil2: 42
2026-09-12 14:45:46,616 - Code.Dynamic_War_Manager.Source.Context.Region - WARNING - get_recon_reports - Invalid recon report for block Base_mil2: None
2026-09-12 14:45:46,637 - Code.Dynamic_War_Manager.Source.Context.Region - WARNING - _target_profile_from_block - Category not found for aircraft asset id: Fighter-mock. Skipping for target profile.
2026-09-12 14:45:46,638 - Code.Dynamic_War_Manager.Source.Context.Region - WARNING - _target_profile_from_block - Asset type not found or invalid for asset id: None-mock. Skipping for target profile.
2026-09-12 14:45:46,641 - Code.Dynamic_War_Manager.Source.Context.Region - WARNING - _target_profile_from_block - Asset type not found or invalid for asset id: NotARealAssetType-mock. Skipping for target profile.
2026-09-12 14:45:46,641 - Code.Dynamic_War_Manager.Source.Context.Region - WARNING - _target_profile_from_block - Physical characteristics not found for asset class: Vehicle, asset id: Tank-mock. Skipping for target profile.
2026-09-12 14:45:46,641 - Code.Dynamic_War_Manager.Source.Context.Region - WARNING - get_target_report - No operative assets found in report for target classification.
2026-09-12 14:47:24,529 - Code.Dynamic_War_Manager.Source.Context.Region - WARNING - get_target_report - No target classification found for asset type: Tank. Skipping.
2026-09-12 14:47:24,529 - Code.Dynamic_War_Manager.Source.Context.Region - WARNING - get_target_report - No target classification found for asset type: Motorized. Skipping.
2026-09-12 14:47:24,529 - Code.Dynamic_War_Manager.Source.Context.Region - WARNING - get_target_report - No target classification found for asset type: Artillery. Skipping.
2026-09-12 14:47:24,530 - Code.Dynamic_War_Manager.Source.Context.Region - WARNING - get_target_report - No operative assets found in report for target classification.
2026-09-12 14:47:24,530 - Code.Dynamic_War_Manager.Source.Context.Region - WARNING - get_target_report - No operative assets found in report for target classification.
2026-09-12 14:47:24,530 - Code.Dynamic_War_Manager.Source.Context.Region - WARNING - get_target_report - No operative assets found in report for target classification.
2026-09-12 14:47:24,530 - Code.Dynamic_War_Manager.Source.Context.Region - WARNING - get_target_report - No operative assets found in report for target classification.
2026-09-12 14:47:24,530 - Code.Dynamic_War_Manager.Source.Context.Region - WARNING - get_target_report - No operative assets found in report for target classification.
2026-09-12 14:47:24,673 - Code.Dynamic_War_Manager.Source.Context.Region - WARNING - get_block_morale - Invalid morale value for block Base_mil1: 'invalid'
2026-09-12 14:47:24,674 - Code.Dynamic_War_Manager.Source.Context.Region - WARNING - get_block_morale - Block with ID does_not_exist not found in region Metric Region
2026-09-12 14:47:24,677 - Code.Dynamic_War_Manager.Source.Context.Region - WARNING - get_recon_reports - Invalid recon report for block Base_mil1: 'bad'
2026-09-12 14:47:24,677 - Code.Dynamic_War_Manager.Source.Context.Region - WARNING - get_recon_reports - Invalid recon report for block Base_mil2: 42
2026-09-12 14:47:24,680 - Code.Dynamic_War_Manager.Source.Context.Region - WARNING - get_recon_reports - Invalid recon report for block Base_mil2: None
2026-09-12 14:47:24,703 - Code.Dynamic_War_Manager.Source.Context.Region - WARNING - _target_profile_from_block - Category not found for aircraft asset id: Fighter-mock. Skipping for target profile.
2026-09-12 14:47:24,703 - Code.Dynamic_War_Manager.Source.Context.Region - WARNING - _target_profile_from_block - Asset type not found or invalid for asset id: None-mock. Skipping for target profile.
2026-09-12 14:47:24,706 - Code.Dynamic_War_Manager.Source.Context.Region - WARNING - _target_profile_from_block - Asset type not found or invalid for asset id: NotARealAssetType-mock. Skipping for target profile.
2026-09-12 14:47:24,707 - Code.Dynamic_War_Manager.Source.Context.Region - WARNING - _target_profile_from_block - Physical characteristics not found for asset class: Vehicle, asset id: Tank-mock. Skipping for target profile.
2026-09-12 14:47:24,707 - Code.Dynamic_War_Manager.Source.Context.Region - WARNING - get_target_report - No operative assets found in report for target classification.
2026-09-12 14:49:14,758 - Code.Dynamic_War_Manager.Source.Context.Region - WARNING - get_target_report - No target classification found for asset type: Tank. Skipping.
2026-09-12 14:49:14,759 - Code.Dynamic_War_Manager.Source.Context.Region - WARNING - get_target_report - No target classification found for asset type: Motorized. Skipping.
2026-09-12 14:49:14,759 - Code.Dynamic_War_Manager.Source.Context.Region - WARNING - get_target_report - No target classification found for asset type: Artillery. Skipping.
2026-09-12 14:49:14,759 - Code.Dynamic_War_Manager.Source.Context.Region - WARNING - get_target_report - No operative assets found in report for target classification.
2026-09-12 14:49:14,759 - Code.Dynamic_War_Manager.Source.Context.Region - WARNING - get_target_report - No operative assets found in report for target classification.
2026-09-12 14:49:14,760 - Code.Dynamic_War_Manager.Source.Context.Region - WARNING - get_target_report - No operative assets found in report for target classification.
2026-09-12 14:49:14,760 - Code.Dynamic_War_Manager.Source.Context.Region - WARNING - get_target_report - No operative assets found in report for target classification.
2026-09-12 14:49:14,760 - Code.Dynamic_War_Manager.Source.Context.Region - WARNING - get_target_report - No operative assets found in report for target classification.
2026-09-12 14:49:14,907 - Code.Dynamic_War_Manager.Source.Context.Region - WARNING - get_block_morale - Invalid morale value for block Base_mil1: 'invalid'
2026-09-12 14:49:14,908 - Code.Dynamic_War_Manager.Source.Context.Region - WARNING - get_block_morale - Block with ID does_not_exist not found in region Metric Region
2026-09-12 14:49:14,911 - Code.Dynamic_War_Manager.Source.Context.Region - WARNING - get_recon_reports - Invalid recon report for block Base_mil1: 'bad'
2026-09-12 14:49:14,911 - Code.Dynamic_War_Manager.Source.Context.Region - WARNING - get_recon_reports - Invalid recon report for block Base_mil2: 42
2026-09-12 14:49:14,914 - Code.Dynamic_War_Manager.Source.Context.Region - WARNING - get_recon_reports - Invalid recon report for block Base_mil2: None
2026-09-12 14:49:14,937 - Code.Dynamic_War_Manager.Source.Context.Region - WARNING - _target_profile_from_block - Category not found for aircraft asset id: Fighter-mock. Skipping for target profile.
2026-09-12 14:49:14,937 - Code.Dynamic_War_Manager.Source.Context.Region - WARNING - _target_profile_from_block - Asset type not found or invalid for asset id: None-mock. Skipping for target profile.
2026-09-12 14:49:14,940 - Code.Dynamic_War_Manager.Source.Context.Region - WARNING - _target_profile_from_block - Asset type not found or invalid for asset id: NotARealAssetType-mock. Skipping for target profile.
2026-09-12 14:49:14,940 - Code.Dynamic_War_Manager.Source.Context.Region - WARNING - _target_profile_from_block - Physical characteristics not found for asset class: Vehicle, asset id: Tank-mock. Skipping for target profile.
2026-09-12 14:49:14,941 - Code.Dynamic_War_Manager.Source.Context.Region - WARNING - get_target_report - No operative assets found in report for target classification.
2026-09-12 15:57:26,685 - Code.Dynamic_War_Manager.Source.Context.Region - WARNING - get_target_report - No target classification found for asset type: Tank. Skipping.
2026-09-12 15:57:26,686 - Code.Dynamic_War_Manager.Source.Context.Region - WARNING - get_target_report - No target classification found for asset type: Motorized. Skipping.
2026-09-12 15:57:26,686 - Code.Dynamic_War_Manager.Source.Context.Region - WARNING - get_target_report - No target classification found for asset type: Artillery. Skipping.
2026-09-12 15:57:26,687 - Code.Dynamic_War_Manager.Source.Context.Region - WARNING - get_target_report - No operative assets found in report for target classification.
2026-09-12 15:57:26,687 - Code.Dynamic_War_Manager.Source.Context.Region - WARNING - get_target_report - No operative assets found in report for target classification.
2026-09-12 15:57:26,687 - Code.Dynamic_War_Manager.Source.Context.Region - WARNING - get_target_report - No operative assets found in report for target classification.
2026-09-12 15:57:26,687 - Code.Dynamic_War_Manager.Source.Context.Region - WARNING - get_target_report - No operative assets found in report for target classification.
2026-09-12 15:57:26,687 - Code.Dynamic_War_Manager.Source.Context.Region - WARNING - get_target_report - No operative assets found in report for target classification.
2026-09-12 15:57:26,816 - Code.Dynamic_War_Manager.Source.Context.Region - WARNING - get_block_morale - Invalid morale value for block Base_mil1: 'invalid'
2026-09-12 15:57:26,817 - Code.Dynamic_War_Manager.Source.Context.Region - WARNING - get_block_morale - Block with ID does_not_exist not found in region Metric Region
2026-09-12 15:57:26,821 - Code.Dynamic_War_Manager.Source.Context.Region - WARNING - get_recon_reports - Invalid recon report for block Base_mil1: 'bad'
2026-09-12 15:57:26,821 - Code.Dynamic_War_Manager.Source.Context.Region - WARNING - get_recon_reports - Invalid recon report for block Base_mil2: 42
2026-09-12 15:57:26,824 - Code.Dynamic_War_Manager.Source.Context.Region - WARNING - get_recon_reports - Invalid recon report for block Base_mil2: None
2026-09-12 15:57:26,845 - Code.Dynamic_War_Manager.Source.Context.Region - WARNING - _target_profile_from_block - Category not found for aircraft asset id: Fighter-mock. Skipping for target profile.
2026-09-12 15:57:26,846 - Code.Dynamic_War_Manager.Source.Context.Region - WARNING - _target_profile_from_block - Asset type not found or invalid for asset id: None-mock. Skipping for target profile.
2026-09-12 15:57:26,848 - Code.Dynamic_War_Manager.Source.Context.Region - WARNING - _target_profile_from_block - Asset type not found or invalid for asset id: NotARealAssetType-mock. Skipping for target profile.
2026-09-12 15:57:26,849 - Code.Dynamic_War_Manager.Source.Context.Region - WARNING - _target_profile_from_block - Physical characteristics not found for asset class: Vehicle, asset id: Tank-mock. Skipping for target profile.
2026-09-12 15:57:26,849 - Code.Dynamic_War_Manager.Source.Context.Region - WARNING - get_target_report - No operative assets found in report for target classification.
2026-09-12 16:16:34,020 - Code.Dynamic_War_Manager.Source.Context.Region - WARNING - get_target_report - No target classification found for asset type: Tank. Skipping.
2026-09-12 16:16:34,021 - Code.Dynamic_War_Manager.Source.Context.Region - WARNING - get_target_report - No target classification found for asset type: Motorized. Skipping.
2026-09-12 16:16:34,021 - Code.Dynamic_War_Manager.Source.Context.Region - WARNING - get_target_report - No target classification found for asset type: Artillery. Skipping.
2026-09-12 16:16:34,021 - Code.Dynamic_War_Manager.Source.Context.Region - WARNING - get_target_report - No operative assets found in report for target classification.
2026-09-12 16:16:34,022 - Code.Dynamic_War_Manager.Source.Context.Region - WARNING - get_target_report - No operative assets found in report for target classification.
2026-09-12 16:16:34,022 - Code.Dynamic_War_Manager.Source.Context.Region - WARNING - get_target_report - No operative assets found in report for target classification.
2026-09-12 16:16:34,022 - Code.Dynamic_War_Manager.Source.Context.Region - WARNING - get_target_report - No operative assets found in report for target classification.
2026-09-12 16:16:34,022 - Code.Dynamic_War_Manager.Source.Context.Region - WARNING - get_target_report - No operative assets found in report for target classification.
2026-09-12 16:16:34,127 - Code.Dynamic_War_Manager.Source.Context.Region - WARNING - get_block_morale - Invalid morale value for block Base_mil1: 'invalid'
2026-09-12 16:16:34,128 - Code.Dynamic_War_Manager.Source.Context.Region - WARNING - get_block_morale - Block with ID does_not_exist not found in region Metric Region
2026-09-12 16:16:34,131 - Code.Dynamic_War_Manager.Source.Context.Region - WARNING - get_recon_reports - Invalid recon report for block Base_mil1: 'bad'
2026-09-12 16:16:34,131 - Code.Dynamic_War_Manager.Source.Context.Region - WARNING - get_recon_reports - Invalid recon report for block Base_mil2: 42
2026-09-12 16:16:34,134 - Code.Dynamic_War_Manager.Source.Context.Region - WARNING - get_recon_reports - Invalid recon report for block Base_mil2: None
2026-09-12 16:16:34,156 - Code.Dynamic_War_Manager.Source.Context.Region - WARNING - _target_profile_from_block - Category not found for aircraft asset id: Fighter-mock. Skipping for target profile.
2026-09-12 16:16:34,157 - Code.Dynamic_War_Manager.Source.Context.Region - WARNING - _target_profile_from_block - Asset type not found or invalid for asset id: None-mock. Skipping for target profile.
2026-09-12 16:16:34,160 - Code.Dynamic_War_Manager.Source.Context.Region - WARNING - _target_profile_from_block - Asset type not found or invalid for asset id: NotARealAssetType-mock. Skipping for target profile.
2026-09-12 16:16:34,160 - Code.Dynamic_War_Manager.Source.Context.Region - WARNING - _target_profile_from_block - Physical characteristics not found for asset class: Vehicle, asset id: Tank-mock. Skipping for target profile.
2026-09-12 16:16:34,161 - Code.Dynamic_War_Manager.Source.Context.Region - WARNING - get_target_report - No operative assets found in report for target classification.
2026-09-12 16:19:04,735 - Code.Dynamic_War_Manager.Source.Context.Region - WARNING - get_target_report - No target classification found for asset type: Tank. Skipping.
2026-09-12 16:19:04,735 - Code.Dynamic_War_Manager.Source.Context.Region - WARNING - get_target_report - No target classification found for asset type: Motorized. Skipping.
2026-09-12 16:19:04,735 - Code.Dynamic_War_Manager.Source.Context.Region - WARNING - get_target_report - No target classification found for asset type: Artillery. Skipping.
2026-09-12 16:19:04,736 - Code.Dynamic_War_Manager.Source.Context.Region - WARNING - get_target_report - No operative assets found in report for target classification.
2026-09-12 16:19:04,736 - Code.Dynamic_War_Manager.Source.Context.Region - WARNING - get_target_report - No operative assets found in report for target classification.
2026-09-12 16:19:04,736 - Code.Dynamic_War_Manager.Source.Context.Region - WARNING - get_target_report - No operative assets found in report for target classification.
2026-09-12 16:19:04,736 - Code.Dynamic_War_Manager.Source.Context.Region - WARNING - get_target_report - No operative assets found in report for target classification.
2026-09-12 16:19:04,736 - Code.Dynamic_War_Manager.Source.Context.Region - WARNING - get_target_report - No operative assets found in report for target classification.
2026-09-12 16:19:04,841 - Code.Dynamic_War_Manager.Source.Context.Region - WARNING - get_block_morale - Invalid morale value for block Base_mil1: 'invalid'
2026-09-12 16:19:04,842 - Code.Dynamic_War_Manager.Source.Context.Region - WARNING - get_block_morale - Block with ID does_not_exist not found in region Metric Region
2026-09-12 16:19:04,846 - Code.Dynamic_War_Manager.Source.Context.Region - WARNING - get_recon_reports - Invalid recon report for block Base_mil1: 'bad'
2026-09-12 16:19:04,846 - Code.Dynamic_War_Manager.Source.Context.Region - WARNING - get_recon_reports - Invalid recon report for block Base_mil2: 42
2026-09-12 16:19:04,849 - Code.Dynamic_War_Manager.Source.Context.Region - WARNING - get_recon_reports - Invalid recon report for block Base_mil2: None
2026-09-12 16:19:04,885 - Code.Dynamic_War_Manager.Source.Context.Region - WARNING - _target_profile_from_block - Category not found for aircraft asset id: Fighter-mock. Skipping for target profile.
2026-09-12 16:19:04,886 - Code.Dynamic_War_Manager.Source.Context.Region - WARNING - _target_profile_from_block - Asset type not found or invalid for asset id: None-mock. Skipping for target profile.
2026-09-12 16:19:04,889 - Code.Dynamic_War_Manager.Source.Context.Region - WARNING - _target_profile_from_block - Asset type not found or invalid for asset id: NotARealAssetType-mock. Skipping for target profile.
2026-09-12 16:19:04,889 - Code.Dynamic_War_Manager.Source.Context.Region - WARNING - _target_profile_from_block - Physical characteristics not found for asset class: Vehicle, asset id: Tank-mock. Skipping for target profile.
2026-09-12 16:19:04,890 - Code.Dynamic_War_Manager.Source.Context.Region - WARNING - get_target_report - No operative assets found in report for target classification.
2026-09-12 16:19:13,888 - Code.Dynamic_War_Manager.Source.Context.Region - WARNING - get_target_report - No target classification found for asset type: Tank. Skipping.
2026-09-12 16:19:13,888 - Code.Dynamic_War_Manager.Source.Context.Region - WARNING - get_target_report - No target classification found for asset type: Motorized. Skipping.
2026-09-12 16:19:13,888 - Code.Dynamic_War_Manager.Source.Context.Region - WARNING - get_target_report - No target classification found for asset type: Artillery. Skipping.
2026-09-12 16:19:13,889 - Code.Dynamic_War_Manager.Source.Context.Region - WARNING - get_target_report - No operative assets found in report for target classification.
2026-09-12 16:19:13,889 - Code.Dynamic_War_Manager.Source.Context.Region - WARNING - get_target_report - No operative assets found in report for target classification.
2026-09-12 16:19:13,889 - Code.Dynamic_War_Manager.Source.Context.Region - WARNING - get_target_report - No operative assets found in report for target classification.
2026-09-12 16:19:13,889 - Code.Dynamic_War_Manager.Source.Context.Region - WARNING - get_target_report - No operative assets found in report for target classification.
2026-09-12 16:19:13,890 - Code.Dynamic_War_Manager.Source.Context.Region - WARNING - get_target_report - No operative assets found in report for target classification.
2026-09-12 16:19:14,003 - Code.Dynamic_War_Manager.Source.Context.Region - WARNING - get_block_morale - Invalid morale value for block Base_mil1: 'invalid'
2026-09-12 16:19:14,003 - Code.Dynamic_War_Manager.Source.Context.Region - WARNING - get_block_morale - Block with ID does_not_exist not found in region Metric Region
2026-09-12 16:19:14,007 - Code.Dynamic_War_Manager.Source.Context.Region - WARNING - get_recon_reports - Invalid recon report for block Base_mil1: 'bad'
2026-09-12 16:19:14,007 - Code.Dynamic_War_Manager.Source.Context.Region - WARNING - get_recon_reports - Invalid recon report for block Base_mil2: 42
2026-09-12 16:19:14,010 - Code.Dynamic_War_Manager.Source.Context.Region - WARNING - get_recon_reports - Invalid recon report for block Base_mil2: None
2026-09-12 16:19:14,042 - Code.Dynamic_War_Manager.Source.Context.Region - WARNING - _target_profile_from_block - Category not found for aircraft asset id: Fighter-mock. Skipping for target profile.
2026-09-12 16:19:14,042 - Code.Dynamic_War_Manager.Source.Context.Region - WARNING - _target_profile_from_block - Asset type not found or invalid for asset id: None-mock. Skipping for target profile.
2026-09-12 16:19:14,045 - Code.Dynamic_War_Manager.Source.Context.Region - WARNING - _target_profile_from_block - Asset type not found or invalid for asset id: NotARealAssetType-mock. Skipping for target profile.
2026-09-12 16:19:14,046 - Code.Dynamic_War_Manager.Source.Context.Region - WARNING - _target_profile_from_block - Physical characteristics not found for asset class: Vehicle, asset id: Tank-mock. Skipping for target profile.
2026-09-12 16:19:14,046 - Code.Dynamic_War_Manager.Source.Context.Region - WARNING - get_target_report - No operative assets found in report for target classification.
2026-09-12 16:20:13,371 - Code.Dynamic_War_Manager.Source.Context.Region - WARNING - get_target_report - No target classification found for asset type: Tank. Skipping.
2026-09-12 16:20:13,371 - Code.Dynamic_War_Manager.Source.Context.Region - WARNING - get_target_report - No target classification found for asset type: Motorized. Skipping.
2026-09-12 16:20:13,371 - Code.Dynamic_War_Manager.Source.Context.Region - WARNING - get_target_report - No target classification found for asset type: Artillery. Skipping.
2026-09-12 16:20:13,372 - Code.Dynamic_War_Manager.Source.Context.Region - WARNING - get_target_report - No operative assets found in report for target classification.
2026-09-12 16:20:13,372 - Code.Dynamic_War_Manager.Source.Context.Region - WARNING - get_target_report - No operative assets found in report for target classification.
2026-09-12 16:20:13,372 - Code.Dynamic_War_Manager.Source.Context.Region - WARNING - get_target_report - No operative assets found in report for target classification.
2026-09-12 16:20:13,372 - Code.Dynamic_War_Manager.Source.Context.Region - WARNING - get_target_report - No operative assets found in report for target classification.
2026-09-12 16:20:13,372 - Code.Dynamic_War_Manager.Source.Context.Region - WARNING - get_target_report - No operative assets found in report for target classification.
2026-09-12 16:20:13,479 - Code.Dynamic_War_Manager.Source.Context.Region - WARNING - get_block_morale - Invalid morale value for block Base_mil1: 'invalid'
2026-09-12 16:20:13,480 - Code.Dynamic_War_Manager.Source.Context.Region - WARNING - get_block_morale - Block with ID does_not_exist not found in region Metric Region
2026-09-12 16:20:13,483 - Code.Dynamic_War_Manager.Source.Context.Region - WARNING - get_recon_reports - Invalid recon report for block Base_mil1: 'bad'
2026-09-12 16:20:13,483 - Code.Dynamic_War_Manager.Source.Context.Region - WARNING - get_recon_reports - Invalid recon report for block Base_mil2: 42
2026-09-12 16:20:13,486 - Code.Dynamic_War_Manager.Source.Context.Region - WARNING - get_recon_reports - Invalid recon report for block Base_mil2: None
2026-09-12 16:20:13,518 - Code.Dynamic_War_Manager.Source.Context.Region - WARNING - _target_profile_from_block - Category not found for aircraft asset id: Fighter-mock. Skipping for target profile.
2026-09-12 16:20:13,519 - Code.Dynamic_War_Manager.Source.Context.Region - WARNING - _target_profile_from_block - Asset type not found or invalid for asset id: None-mock. Skipping for target profile.
2026-09-12 16:20:13,522 - Code.Dynamic_War_Manager.Source.Context.Region - WARNING - _target_profile_from_block - Asset type not found or invalid for asset id: NotARealAssetType-mock. Skipping for target profile.
2026-09-12 16:20:13,522 - Code.Dynamic_War_Manager.Source.Context.Region - WARNING - _target_profile_from_block - Physical characteristics not found for asset class: Vehicle, asset id: Tank-mock. Skipping for target profile.
2026-09-12 16:20:13,523 - Code.Dynamic_War_Manager.Source.Context.Region - WARNING - get_target_report - No operative assets found in report for target classification.
2026-09-12 16:21:52,211 - Code.Dynamic_War_Manager.Source.Context.Region - WARNING - get_target_report - No target classification found for asset type: Tank. Skipping.
2026-09-12 16:21:52,211 - Code.Dynamic_War_Manager.Source.Context.Region - WARNING - get_target_report - No target classification found for asset type: Motorized. Skipping.
2026-09-12 16:21:52,211 - Code.Dynamic_War_Manager.Source.Context.Region - WARNING - get_target_report - No target classification found for asset type: Artillery. Skipping.
2026-09-12 16:21:52,212 - Code.Dynamic_War_Manager.Source.Context.Region - WARNING - get_target_report - No operative assets found in report for target classification.
2026-09-12 16:21:52,212 - Code.Dynamic_War_Manager.Source.Context.Region - WARNING - get_target_report - No operative assets found in report for target classification.
2026-09-12 16:21:52,212 - Code.Dynamic_War_Manager.Source.Context.Region - WARNING - get_target_report - No operative assets found in report for target classification.
2026-09-12 16:21:52,212 - Code.Dynamic_War_Manager.Source.Context.Region - WARNING - get_target_report - No operative assets found in report for target classification.
2026-09-12 16:21:52,212 - Code.Dynamic_War_Manager.Source.Context.Region - WARNING - get_target_report - No operative assets found in report for target classification.
2026-09-12 16:21:52,348 - Code.Dynamic_War_Manager.Source.Context.Region - WARNING - get_block_morale - Invalid morale value for block Base_mil1: 'invalid'
2026-09-12 16:21:52,349 - Code.Dynamic_War_Manager.Source.Context.Region - WARNING - get_block_morale - Block with ID does_not_exist not found in region Metric Region
2026-09-12 16:21:52,352 - Code.Dynamic_War_Manager.Source.Context.Region - WARNING - get_recon_reports - Invalid recon report for block Base_mil1: 'bad'
2026-09-12 16:21:52,352 - Code.Dynamic_War_Manager.Source.Context.Region - WARNING - get_recon_reports - Invalid recon report for block Base_mil2: 42
2026-09-12 16:21:52,356 - Code.Dynamic_War_Manager.Source.Context.Region - WARNING - get_recon_reports - Invalid recon report for block Base_mil2: None
2026-09-12 16:21:52,386 - Code.Dynamic_War_Manager.Source.Context.Region - WARNING - _target_profile_from_block - Category not found for aircraft asset id: Fighter-mock. Skipping for target profile.
2026-09-12 16:21:52,386 - Code.Dynamic_War_Manager.Source.Context.Region - WARNING - _target_profile_from_block - Asset type not found or invalid for asset id: None-mock. Skipping for target profile.
2026-09-12 16:21:52,389 - Code.Dynamic_War_Manager.Source.Context.Region - WARNING - _target_profile_from_block - Asset type not found or invalid for asset id: NotARealAssetType-mock. Skipping for target profile.
2026-09-12 16:21:52,390 - Code.Dynamic_War_Manager.Source.Context.Region - WARNING - _target_profile_from_block - Physical characteristics not found for asset class: Vehicle, asset id: Tank-mock. Skipping for target profile.
2026-09-12 16:21:52,390 - Code.Dynamic_War_Manager.Source.Context.Region - WARNING - get_target_report - No operative assets found in report for target classification.
2026-09-12 16:58:17,373 - Code.Dynamic_War_Manager.Source.Context.Region - WARNING - get_target_report - No target classification found for asset type: Tank. Skipping.
2026-09-12 16:58:17,373 - Code.Dynamic_War_Manager.Source.Context.Region - WARNING - get_target_report - No target classification found for asset type: Motorized. Skipping.
2026-09-12 16:58:17,374 - Code.Dynamic_War_Manager.Source.Context.Region - WARNING - get_target_report - No target classification found for asset type: Artillery. Skipping.
2026-09-12 16:58:17,374 - Code.Dynamic_War_Manager.Source.Context.Region - WARNING - get_target_report - No operative assets found in report for target classification.
2026-09-12 16:58:17,374 - Code.Dynamic_War_Manager.Source.Context.Region - WARNING - get_target_report - No operative assets found in report for target classification.
2026-09-12 16:58:17,374 - Code.Dynamic_War_Manager.Source.Context.Region - WARNING - get_target_report - No operative assets found in report for target classification.
2026-09-12 16:58:17,374 - Code.Dynamic_War_Manager.Source.Context.Region - WARNING - get_target_report - No operative assets found in report for target classification.
2026-09-12 16:58:17,375 - Code.Dynamic_War_Manager.Source.Context.Region - WARNING - get_target_report - No operative assets found in report for target classification.
2026-09-12 16:58:17,488 - Code.Dynamic_War_Manager.Source.Context.Region - WARNING - get_block_morale - Invalid morale value for block Base_mil1: 'invalid'
2026-09-12 16:58:17,488 - Code.Dynamic_War_Manager.Source.Context.Region - WARNING - get_block_morale - Block with ID does_not_exist not found in region Metric Region
2026-09-12 16:58:17,492 - Code.Dynamic_War_Manager.Source.Context.Region - WARNING - get_recon_reports - Invalid recon report for block Base_mil1: 'bad'
2026-09-12 16:58:17,492 - Code.Dynamic_War_Manager.Source.Context.Region - WARNING - get_recon_reports - Invalid recon report for block Base_mil2: 42
2026-09-12 16:58:17,495 - Code.Dynamic_War_Manager.Source.Context.Region - WARNING - get_recon_reports - Invalid recon report for block Base_mil2: None
2026-09-12 16:58:17,529 - Code.Dynamic_War_Manager.Source.Context.Region - WARNING - _target_profile_from_block - Category not found for aircraft asset id: Fighter-mock. Skipping for target profile.
2026-09-12 16:58:17,530 - Code.Dynamic_War_Manager.Source.Context.Region - WARNING - _target_profile_from_block - Asset type not found or invalid for asset id: None-mock. Skipping for target profile.
2026-09-12 16:58:17,533 - Code.Dynamic_War_Manager.Source.Context.Region - WARNING - _target_profile_from_block - Asset type not found or invalid for asset id: NotARealAssetType-mock. Skipping for target profile.
2026-09-12 16:58:17,533 - Code.Dynamic_War_Manager.Source.Context.Region - WARNING - _target_profile_from_block - Physical characteristics not found for asset class: Vehicle, asset id: Tank-mock. Skipping for target profile.
2026-09-12 16:58:17,534 - Code.Dynamic_War_Manager.Source.Context.Region - WARNING - get_target_report - No operative assets found in report for target classification.
2026-09-12 17:00:03,530 - Code.Dynamic_War_Manager.Source.Context.Region - WARNING - get_target_report - No target classification found for asset type: Tank. Skipping.
2026-09-12 17:00:03,530 - Code.Dynamic_War_Manager.Source.Context.Region - WARNING - get_target_report - No target classification found for asset type: Motorized. Skipping.
2026-09-12 17:00:03,530 - Code.Dynamic_War_Manager.Source.Context.Region - WARNING - get_target_report - No target classification found for asset type: Artillery. Skipping.
2026-09-12 17:00:03,531 - Code.Dynamic_War_Manager.Source.Context.Region - WARNING - get_target_report - No operative assets found in report for target classification.
2026-09-12 17:00:03,531 - Code.Dynamic_War_Manager.Source.Context.Region - WARNING - get_target_report - No operative assets found in report for target classification.
2026-09-12 17:00:03,531 - Code.Dynamic_War_Manager.Source.Context.Region - WARNING - get_target_report - No operative assets found in report for target classification.
2026-09-12 17:00:03,531 - Code.Dynamic_War_Manager.Source.Context.Region - WARNING - get_target_report - No operative assets found in report for target classification.
2026-09-12 17:00:03,531 - Code.Dynamic_War_Manager.Source.Context.Region - WARNING - get_target_report - No operative assets found in report for target classification.
2026-09-12 17:00:03,668 - Code.Dynamic_War_Manager.Source.Context.Region - WARNING - get_block_morale - Invalid morale value for block Base_mil1: 'invalid'
2026-09-12 17:00:03,668 - Code.Dynamic_War_Manager.Source.Context.Region - WARNING - get_block_morale - Block with ID does_not_exist not found in region Metric Region
2026-09-12 17:00:03,672 - Code.Dynamic_War_Manager.Source.Context.Region - WARNING - get_recon_reports - Invalid recon report for block Base_mil1: 'bad'
2026-09-12 17:00:03,672 - Code.Dynamic_War_Manager.Source.Context.Region - WARNING - get_recon_reports - Invalid recon report for block Base_mil2: 42
2026-09-12 17:00:03,675 - Code.Dynamic_War_Manager.Source.Context.Region - WARNING - get_recon_reports - Invalid recon report for block Base_mil2: None
2026-09-12 17:00:03,705 - Code.Dynamic_War_Manager.Source.Context.Region - WARNING - _target_profile_from_block - Category not found for aircraft asset id: Fighter-mock. Skipping for target profile.
2026-09-12 17:00:03,706 - Code.Dynamic_War_Manager.Source.Context.Region - WARNING - _target_profile_from_block - Asset type not found or invalid for asset id: None-mock. Skipping for target profile.
2026-09-12 17:00:03,709 - Code.Dynamic_War_Manager.Source.Context.Region - WARNING - _target_profile_from_block - Asset type not found or invalid for asset id: NotARealAssetType-mock. Skipping for target profile.
2026-09-12 17:00:03,709 - Code.Dynamic_War_Manager.Source.Context.Region - WARNING - _target_profile_from_block - Physical characteristics not found for asset class: Vehicle, asset id: Tank-mock. Skipping for target profile.
2026-09-12 17:00:03,710 - Code.Dynamic_War_Manager.Source.Context.Region - WARNING - get_target_report - No operative assets found in report for target classification.
2026-09-12 17:17:52,190 - Code.Dynamic_War_Manager.Source.Context.Region - WARNING - get_target_report - No target classification found for asset type: Tank. Skipping.
2026-09-12 17:17:52,190 - Code.Dynamic_War_Manager.Source.Context.Region - WARNING - get_target_report - No target classification found for asset type: Motorized. Skipping.
2026-09-12 17:17:52,190 - Code.Dynamic_War_Manager.Source.Context.Region - WARNING - get_target_report - No target classification found for asset type: Artillery. Skipping.
2026-09-12 17:17:52,191 - Code.Dynamic_War_Manager.Source.Context.Region - WARNING - get_target_report - No operative assets found in report for target classification.
2026-09-12 17:17:52,191 - Code.Dynamic_War_Manager.Source.Context.Region - WARNING - get_target_report - No operative assets found in report for target classification.
2026-09-12 17:17:52,191 - Code.Dynamic_War_Manager.Source.Context.Region - WARNING - get_target_report - No operative assets found in report for target classification.
2026-09-12 17:17:52,191 - Code.Dynamic_War_Manager.Source.Context.Region - WARNING - get_target_report - No operative assets found in report for target classification.
2026-09-12 17:17:52,191 - Code.Dynamic_War_Manager.Source.Context.Region - WARNING - get_target_report - No operative assets found in report for target classification.
2026-09-12 17:17:52,286 - Code.Dynamic_War_Manager.Source.Context.Region - WARNING - get_block_morale - Invalid morale value for block Base_mil1: 'invalid'
2026-09-12 17:17:52,287 - Code.Dynamic_War_Manager.Source.Context.Region - WARNING - get_block_morale - Block with ID does_not_exist not found in region Metric Region
2026-09-12 17:17:52,290 - Code.Dynamic_War_Manager.Source.Context.Region - WARNING - get_recon_reports - Invalid recon report for block Base_mil1: 'bad'
2026-09-12 17:17:52,290 - Code.Dynamic_War_Manager.Source.Context.Region - WARNING - get_recon_reports - Invalid recon report for block Base_mil2: 42
2026-09-12 17:17:52,293 - Code.Dynamic_War_Manager.Source.Context.Region - WARNING - get_recon_reports - Invalid recon report for block Base_mil2: None
2026-09-12 17:17:52,326 - Code.Dynamic_War_Manager.Source.Context.Region - WARNING - _target_profile_from_block - Category not found for aircraft asset id: Fighter-mock. Skipping for target profile.
2026-09-12 17:17:52,326 - Code.Dynamic_War_Manager.Source.Context.Region - WARNING - _target_profile_from_block - Asset type not found or invalid for asset id: None-mock. Skipping for target profile.
2026-09-12 17:17:52,331 - Code.Dynamic_War_Manager.Source.Context.Region - WARNING - _target_profile_from_block - Asset type not found or invalid for asset id: NotARealAssetType-mock. Skipping for target profile.
2026-09-12 17:17:52,331 - Code.Dynamic_War_Manager.Source.Context.Region - WARNING - _target_profile_from_block - Physical characteristics not found for asset class: Vehicle, asset id: Tank-mock. Skipping for target profile.
2026-09-12 17:17:52,332 - Code.Dynamic_War_Manager.Source.Context.Region - WARNING - get_target_report - No operative assets found in report for target classification.
2026-09-12 17:19:12,259 - Code.Dynamic_War_Manager.Source.Context.Region - WARNING - get_target_report - No target classification found for asset type: Tank. Skipping.
2026-09-12 17:19:12,259 - Code.Dynamic_War_Manager.Source.Context.Region - WARNING - get_target_report - No target classification found for asset type: Motorized. Skipping.
2026-09-12 17:19:12,260 - Code.Dynamic_War_Manager.Source.Context.Region - WARNING - get_target_report - No target classification found for asset type: Artillery. Skipping.
2026-09-12 17:19:12,260 - Code.Dynamic_War_Manager.Source.Context.Region - WARNING - get_target_report - No operative assets found in report for target classification.
2026-09-12 17:19:12,260 - Code.Dynamic_War_Manager.Source.Context.Region - WARNING - get_target_report - No operative assets found in report for target classification.
2026-09-12 17:19:12,260 - Code.Dynamic_War_Manager.Source.Context.Region - WARNING - get_target_report - No operative assets found in report for target classification.
2026-09-12 17:19:12,261 - Code.Dynamic_War_Manager.Source.Context.Region - WARNING - get_target_report - No operative assets found in report for target classification.
2026-09-12 17:19:12,261 - Code.Dynamic_War_Manager.Source.Context.Region - WARNING - get_target_report - No operative assets found in report for target classification.
2026-09-12 17:19:12,359 - Code.Dynamic_War_Manager.Source.Context.Region - WARNING - get_block_morale - Invalid morale value for block Base_mil1: 'invalid'
2026-09-12 17:19:12,360 - Code.Dynamic_War_Manager.Source.Context.Region - WARNING - get_block_morale - Block with ID does_not_exist not found in region Metric Region
2026-09-12 17:19:12,363 - Code.Dynamic_War_Manager.Source.Context.Region - WARNING - get_recon_reports - Invalid recon report for block Base_mil1: 'bad'
2026-09-12 17:19:12,363 - Code.Dynamic_War_Manager.Source.Context.Region - WARNING - get_recon_reports - Invalid recon report for block Base_mil2: 42
2026-09-12 17:19:12,366 - Code.Dynamic_War_Manager.Source.Context.Region - WARNING - get_recon_reports - Invalid recon report for block Base_mil2: None
2026-09-12 17:19:12,398 - Code.Dynamic_War_Manager.Source.Context.Region - WARNING - _target_profile_from_block - Category not found for aircraft asset id: Fighter-mock. Skipping for target profile.
2026-09-12 17:19:12,398 - Code.Dynamic_War_Manager.Source.Context.Region - WARNING - _target_profile_from_block - Asset type not found or invalid for asset id: None-mock. Skipping for target profile.
2026-09-12 17:19:12,401 - Code.Dynamic_War_Manager.Source.Context.Region - WARNING - _target_profile_from_block - Asset type not found or invalid for asset id: NotARealAssetType-mock. Skipping for target profile.
2026-09-12 17:19:12,402 - Code.Dynamic_War_Manager.Source.Context.Region - WARNING - _target_profile_from_block - Physical characteristics not found for asset class: Vehicle, asset id: Tank-mock. Skipping for target profile.
2026-09-12 17:19:12,402 - Code.Dynamic_War_Manager.Source.Context.Region - WARNING - get_target_report - No operative assets found in report for target classification.
2026-09-14 15:04:29,608 - Code.Dynamic_War_Manager.Source.Context.Region - WARNING - get_target_report - No target classification found for asset type: Tank. Skipping.
2026-09-14 15:04:29,609 - Code.Dynamic_War_Manager.Source.Context.Region - WARNING - get_target_report - No target classification found for asset type: Motorized. Skipping.
2026-09-14 15:04:29,610 - Code.Dynamic_War_Manager.Source.Context.Region - WARNING - get_target_report - No target classification found for asset type: Artillery. Skipping.
2026-09-14 15:04:29,610 - Code.Dynamic_War_Manager.Source.Context.Region - WARNING - get_target_report - No operative assets found in report for target classification.
2026-09-14 15:04:29,610 - Code.Dynamic_War_Manager.Source.Context.Region - WARNING - get_target_report - No operative assets found in report for target classification.
2026-09-14 15:04:29,611 - Code.Dynamic_War_Manager.Source.Context.Region - WARNING - get_target_report - No operative assets found in report for target classification.
2026-09-14 15:04:29,611 - Code.Dynamic_War_Manager.Source.Context.Region - WARNING - get_target_report - No operative assets found in report for target classification.
2026-09-14 15:04:29,611 - Code.Dynamic_War_Manager.Source.Context.Region - WARNING - get_target_report - No operative assets found in report for target classification.
2026-09-14 15:04:29,718 - Code.Dynamic_War_Manager.Source.Context.Region - WARNING - get_block_morale - Invalid morale value for block Base_mil1: 'invalid'
2026-09-14 15:04:29,719 - Code.Dynamic_War_Manager.Source.Context.Region - WARNING - get_block_morale - Block with ID does_not_exist not found in region Metric Region
2026-09-14 15:04:29,722 - Code.Dynamic_War_Manager.Source.Context.Region - WARNING - get_recon_reports - Invalid recon report for block Base_mil1: 'bad'
2026-09-14 15:04:29,722 - Code.Dynamic_War_Manager.Source.Context.Region - WARNING - get_recon_reports - Invalid recon report for block Base_mil2: 42
2026-09-14 15:04:29,725 - Code.Dynamic_War_Manager.Source.Context.Region - WARNING - get_recon_reports - Invalid recon report for block Base_mil2: None
2026-09-14 15:04:29,762 - Code.Dynamic_War_Manager.Source.Context.Region - WARNING - _target_profile_from_block - Category not found for aircraft asset id: Fighter-mock. Skipping for target profile.
2026-09-14 15:04:29,763 - Code.Dynamic_War_Manager.Source.Context.Region - WARNING - _target_profile_from_block - Asset type not found or invalid for asset id: None-mock. Skipping for target profile.
2026-09-14 15:04:29,766 - Code.Dynamic_War_Manager.Source.Context.Region - WARNING - _target_profile_from_block - Asset type not found or invalid for asset id: NotARealAssetType-mock. Skipping for target profile.
2026-09-14 15:04:29,767 - Code.Dynamic_War_Manager.Source.Context.Region - WARNING - _target_profile_from_block - Physical characteristics not found for asset class: Vehicle, asset id: Tank-mock. Skipping for target profile.
2026-09-14 15:04:29,767 - Code.Dynamic_War_Manager.Source.Context.Region - WARNING - get_target_report - No operative assets found in report for target classification.
2026-09-14 15:04:35,269 - Code.Dynamic_War_Manager.Source.Context.Region - WARNING - get_target_report - No target classification found for asset type: Tank. Skipping.
2026-09-14 15:04:35,270 - Code.Dynamic_War_Manager.Source.Context.Region - WARNING - get_target_report - No target classification found for asset type: Motorized. Skipping.
2026-09-14 15:04:35,270 - Code.Dynamic_War_Manager.Source.Context.Region - WARNING - get_target_report - No target classification found for asset type: Artillery. Skipping.
2026-09-14 15:04:35,270 - Code.Dynamic_War_Manager.Source.Context.Region - WARNING - get_target_report - No operative assets found in report for target classification.
2026-09-14 15:04:35,270 - Code.Dynamic_War_Manager.Source.Context.Region - WARNING - get_target_report - No operative assets found in report for target classification.
2026-09-14 15:04:35,270 - Code.Dynamic_War_Manager.Source.Context.Region - WARNING - get_target_report - No operative assets found in report for target classification.
2026-09-14 15:04:35,270 - Code.Dynamic_War_Manager.Source.Context.Region - WARNING - get_target_report - No operative assets found in report for target classification.
2026-09-14 15:04:35,270 - Code.Dynamic_War_Manager.Source.Context.Region - WARNING - get_target_report - No operative assets found in report for target classification.
2026-09-14 15:04:35,368 - Code.Dynamic_War_Manager.Source.Context.Region - WARNING - get_block_morale - Invalid morale value for block Base_mil1: 'invalid'
2026-09-14 15:04:35,368 - Code.Dynamic_War_Manager.Source.Context.Region - WARNING - get_block_morale - Block with ID does_not_exist not found in region Metric Region
2026-09-14 15:04:35,370 - Code.Dynamic_War_Manager.Source.Context.Region - WARNING - get_recon_reports - Invalid recon report for block Base_mil1: 'bad'
2026-09-14 15:04:35,370 - Code.Dynamic_War_Manager.Source.Context.Region - WARNING - get_recon_reports - Invalid recon report for block Base_mil2: 42
2026-09-14 15:04:35,373 - Code.Dynamic_War_Manager.Source.Context.Region - WARNING - get_recon_reports - Invalid recon report for block Base_mil2: None
2026-09-14 15:04:35,397 - Code.Dynamic_War_Manager.Source.Context.Region - WARNING - _target_profile_from_block - Category not found for aircraft asset id: Fighter-mock. Skipping for target profile.
2026-09-14 15:04:35,397 - Code.Dynamic_War_Manager.Source.Context.Region - WARNING - _target_profile_from_block - Asset type not found or invalid for asset id: None-mock. Skipping for target profile.
2026-09-14 15:04:35,400 - Code.Dynamic_War_Manager.Source.Context.Region - WARNING - _target_profile_from_block - Asset type not found or invalid for asset id: NotARealAssetType-mock. Skipping for target profile.
2026-09-14 15:04:35,400 - Code.Dynamic_War_Manager.Source.Context.Region - WARNING - _target_profile_from_block - Physical characteristics not found for asset class: Vehicle, asset id: Tank-mock. Skipping for target profile.
2026-09-14 15:04:35,400 - Code.Dynamic_War_Manager.Source.Context.Region - WARNING - get_target_report - No operative assets found in report for target classification.
2026-09-14 15:06:24,933 - Code.Dynamic_War_Manager.Source.Context.Region - WARNING - get_target_report - No target classification found for asset type: Tank. Skipping.
2026-09-14 15:06:24,933 - Code.Dynamic_War_Manager.Source.Context.Region - WARNING - get_target_report - No target classification found for asset type: Motorized. Skipping.
2026-09-14 15:06:24,933 - Code.Dynamic_War_Manager.Source.Context.Region - WARNING - get_target_report - No target classification found for asset type: Artillery. Skipping.
2026-09-14 15:06:24,934 - Code.Dynamic_War_Manager.Source.Context.Region - WARNING - get_target_report - No operative assets found in report for target classification.
2026-09-14 15:06:24,934 - Code.Dynamic_War_Manager.Source.Context.Region - WARNING - get_target_report - No operative assets found in report for target classification.
2026-09-14 15:06:24,934 - Code.Dynamic_War_Manager.Source.Context.Region - WARNING - get_target_report - No operative assets found in report for target classification.
2026-09-14 15:06:24,934 - Code.Dynamic_War_Manager.Source.Context.Region - WARNING - get_target_report - No operative assets found in report for target classification.
2026-09-14 15:06:24,934 - Code.Dynamic_War_Manager.Source.Context.Region - WARNING - get_target_report - No operative assets found in report for target classification.
2026-09-14 15:06:25,063 - Code.Dynamic_War_Manager.Source.Context.Region - WARNING - get_block_morale - Invalid morale value for block Base_mil1: 'invalid'
2026-09-14 15:06:25,064 - Code.Dynamic_War_Manager.Source.Context.Region - WARNING - get_block_morale - Block with ID does_not_exist not found in region Metric Region
2026-09-14 15:06:25,066 - Code.Dynamic_War_Manager.Source.Context.Region - WARNING - get_recon_reports - Invalid recon report for block Base_mil1: 'bad'
2026-09-14 15:06:25,066 - Code.Dynamic_War_Manager.Source.Context.Region - WARNING - get_recon_reports - Invalid recon report for block Base_mil2: 42
2026-09-14 15:06:25,069 - Code.Dynamic_War_Manager.Source.Context.Region - WARNING - get_recon_reports - Invalid recon report for block Base_mil2: None
2026-09-14 15:06:25,091 - Code.Dynamic_War_Manager.Source.Context.Region - WARNING - _target_profile_from_block - Category not found for aircraft asset id: Fighter-mock. Skipping for target profile.
2026-09-14 15:06:25,092 - Code.Dynamic_War_Manager.Source.Context.Region - WARNING - _target_profile_from_block - Asset type not found or invalid for asset id: None-mock. Skipping for target profile.
2026-09-14 15:06:25,094 - Code.Dynamic_War_Manager.Source.Context.Region - WARNING - _target_profile_from_block - Asset type not found or invalid for asset id: NotARealAssetType-mock. Skipping for target profile.
2026-09-14 15:06:25,094 - Code.Dynamic_War_Manager.Source.Context.Region - WARNING - _target_profile_from_block - Physical characteristics not found for asset class: Vehicle, asset id: Tank-mock. Skipping for target profile.
2026-09-14 15:06:25,095 - Code.Dynamic_War_Manager.Source.Context.Region - WARNING - get_target_report - No operative assets found in report for target classification.
2026-09-14 16:32:32,149 - Code.Dynamic_War_Manager.Source.Context.Region - WARNING - get_target_report - No target classification found for asset type: Tank. Skipping.
2026-09-14 16:32:32,152 - Code.Dynamic_War_Manager.Source.Context.Region - WARNING - get_target_report - No target classification found for asset type: Motorized. Skipping.
2026-09-14 16:32:32,152 - Code.Dynamic_War_Manager.Source.Context.Region - WARNING - get_target_report - Operative asset counts all zero (no detection this report) -- no visibility for target classification.
2026-09-14 16:32:32,154 - Code.Dynamic_War_Manager.Source.Context.Region - WARNING - get_target_report - No target classification found for asset type: Artillery. Skipping.
2026-09-14 16:32:32,155 - Code.Dynamic_War_Manager.Source.Context.Region - WARNING - get_target_report - No operative assets found in report for target classification.
2026-09-14 16:32:32,155 - Code.Dynamic_War_Manager.Source.Context.Region - WARNING - get_target_report - No operative assets found in report for target classification.
2026-09-14 16:32:32,155 - Code.Dynamic_War_Manager.Source.Context.Region - WARNING - get_target_report - No operative assets found in report for target classification.
2026-09-14 16:32:32,155 - Code.Dynamic_War_Manager.Source.Context.Region - WARNING - get_target_report - No operative assets found in report for target classification.
2026-09-14 16:32:32,155 - Code.Dynamic_War_Manager.Source.Context.Region - WARNING - get_target_report - No operative assets found in report for target classification.
2026-09-14 16:32:32,194 - Code.Dynamic_War_Manager.Source.Context.Region - WARNING - get_block_morale - Invalid morale value for block Base_mil1: 'invalid'
2026-09-14 16:32:32,195 - Code.Dynamic_War_Manager.Source.Context.Region - WARNING - get_block_morale - Block with ID does_not_exist not found in region Metric Region
2026-09-14 16:32:32,198 - Code.Dynamic_War_Manager.Source.Context.Region - WARNING - get_recon_reports - Invalid recon report for block Base_mil1: 'bad'
2026-09-14 16:32:32,198 - Code.Dynamic_War_Manager.Source.Context.Region - WARNING - get_recon_reports - Invalid recon report for block Base_mil2: 42
2026-09-14 16:32:32,201 - Code.Dynamic_War_Manager.Source.Context.Region - WARNING - get_recon_reports - Invalid recon report for block Base_mil2: None
2026-09-14 16:32:32,233 - Code.Dynamic_War_Manager.Source.Context.Region - WARNING - _target_profile_from_block - Asset not classifiable for target profile (asset id: Fighter-mock, asset type: Fighter). Skipping.
2026-09-14 16:32:32,233 - Code.Dynamic_War_Manager.Source.Context.Region - WARNING - _target_profile_from_block - Asset not classifiable for target profile (asset id: None-mock, asset type: None). Skipping.
2026-09-14 16:32:32,236 - Code.Dynamic_War_Manager.Source.Context.Region - WARNING - _target_profile_from_block - Asset not classifiable for target profile (asset id: NotARealAssetType-mock, asset type: NotARealAssetType). Skipping.
2026-09-14 16:32:32,237 - Code.Dynamic_War_Manager.Source.Context.Region - WARNING - _target_profile_from_block - Asset not classifiable for target profile (asset id: Tank-mock, asset type: Tank). Skipping.
2026-09-14 16:32:32,237 - Code.Dynamic_War_Manager.Source.Context.Region - WARNING - get_target_report - No operative assets found in report for target classification.
2026-09-14 16:34:19,240 - Code.Dynamic_War_Manager.Source.Context.Region - WARNING - get_target_report - No target classification found for asset type: Tank. Skipping.
2026-09-14 16:34:19,240 - Code.Dynamic_War_Manager.Source.Context.Region - WARNING - get_target_report - No target classification found for asset type: Motorized. Skipping.
2026-09-14 16:34:19,240 - Code.Dynamic_War_Manager.Source.Context.Region - WARNING - get_target_report - Operative asset counts all zero (no detection this report) -- no visibility for target classification.
2026-09-14 16:34:19,241 - Code.Dynamic_War_Manager.Source.Context.Region - WARNING - get_target_report - No target classification found for asset type: Artillery. Skipping.
2026-09-14 16:34:19,241 - Code.Dynamic_War_Manager.Source.Context.Region - WARNING - get_target_report - No operative assets found in report for target classification.
2026-09-14 16:34:19,241 - Code.Dynamic_War_Manager.Source.Context.Region - WARNING - get_target_report - No operative assets found in report for target classification.
2026-09-14 16:34:19,241 - Code.Dynamic_War_Manager.Source.Context.Region - WARNING - get_target_report - No operative assets found in report for target classification.
2026-09-14 16:34:19,242 - Code.Dynamic_War_Manager.Source.Context.Region - WARNING - get_target_report - No operative assets found in report for target classification.
2026-09-14 16:34:19,242 - Code.Dynamic_War_Manager.Source.Context.Region - WARNING - get_target_report - No operative assets found in report for target classification.
2026-09-14 16:34:19,381 - Code.Dynamic_War_Manager.Source.Context.Region - WARNING - get_block_morale - Invalid morale value for block Base_mil1: 'invalid'
2026-09-14 16:34:19,382 - Code.Dynamic_War_Manager.Source.Context.Region - WARNING - get_block_morale - Block with ID does_not_exist not found in region Metric Region
2026-09-14 16:34:19,385 - Code.Dynamic_War_Manager.Source.Context.Region - WARNING - get_recon_reports - Invalid recon report for block Base_mil1: 'bad'
2026-09-14 16:34:19,385 - Code.Dynamic_War_Manager.Source.Context.Region - WARNING - get_recon_reports - Invalid recon report for block Base_mil2: 42
2026-09-14 16:34:19,388 - Code.Dynamic_War_Manager.Source.Context.Region - WARNING - get_recon_reports - Invalid recon report for block Base_mil2: None
2026-09-14 16:34:19,418 - Code.Dynamic_War_Manager.Source.Context.Region - WARNING - _target_profile_from_block - Asset not classifiable for target profile (asset id: Fighter-mock, asset type: Fighter). Skipping.
2026-09-14 16:34:19,418 - Code.Dynamic_War_Manager.Source.Context.Region - WARNING - _target_profile_from_block - Asset not classifiable for target profile (asset id: None-mock, asset type: None). Skipping.
2026-09-14 16:34:19,421 - Code.Dynamic_War_Manager.Source.Context.Region - WARNING - _target_profile_from_block - Asset not classifiable for target profile (asset id: NotARealAssetType-mock, asset type: NotARealAssetType). Skipping.
2026-09-14 16:34:19,421 - Code.Dynamic_War_Manager.Source.Context.Region - WARNING - _target_profile_from_block - Asset not classifiable for target profile (asset id: Tank-mock, asset type: Tank). Skipping.
2026-09-14 16:34:19,422 - Code.Dynamic_War_Manager.Source.Context.Region - WARNING - get_target_report - No operative assets found in report for target classification.
2026-09-14 16:36:10,210 - Code.Dynamic_War_Manager.Source.Context.Region - WARNING - get_target_report - No target classification found for asset type: Tank. Skipping.
2026-09-14 16:36:10,210 - Code.Dynamic_War_Manager.Source.Context.Region - WARNING - get_target_report - No target classification found for asset type: Motorized. Skipping.
2026-09-14 16:36:10,210 - Code.Dynamic_War_Manager.Source.Context.Region - WARNING - get_target_report - Operative asset counts all zero (no detection this report) -- no visibility for target classification.
2026-09-14 16:36:10,211 - Code.Dynamic_War_Manager.Source.Context.Region - WARNING - get_target_report - No target classification found for asset type: Artillery. Skipping.
2026-09-14 16:36:10,212 - Code.Dynamic_War_Manager.Source.Context.Region - WARNING - get_target_report - No operative assets found in report for target classification.
2026-09-14 16:36:10,212 - Code.Dynamic_War_Manager.Source.Context.Region - WARNING - get_target_report - No operative assets found in report for target classification.
2026-09-14 16:36:10,212 - Code.Dynamic_War_Manager.Source.Context.Region - WARNING - get_target_report - No operative assets found in report for target classification.
2026-09-14 16:36:10,212 - Code.Dynamic_War_Manager.Source.Context.Region - WARNING - get_target_report - No operative assets found in report for target classification.
2026-09-14 16:36:10,212 - Code.Dynamic_War_Manager.Source.Context.Region - WARNING - get_target_report - No operative assets found in report for target classification.
2026-09-14 16:36:10,360 - Code.Dynamic_War_Manager.Source.Context.Region - WARNING - get_block_morale - Invalid morale value for block Base_mil1: 'invalid'
2026-09-14 16:36:10,361 - Code.Dynamic_War_Manager.Source.Context.Region - WARNING - get_block_morale - Block with ID does_not_exist not found in region Metric Region
2026-09-14 16:36:10,364 - Code.Dynamic_War_Manager.Source.Context.Region - WARNING - get_recon_reports - Invalid recon report for block Base_mil1: 'bad'
2026-09-14 16:36:10,364 - Code.Dynamic_War_Manager.Source.Context.Region - WARNING - get_recon_reports - Invalid recon report for block Base_mil2: 42
2026-09-14 16:36:10,368 - Code.Dynamic_War_Manager.Source.Context.Region - WARNING - get_recon_reports - Invalid recon report for block Base_mil2: None
2026-09-14 16:36:10,399 - Code.Dynamic_War_Manager.Source.Context.Region - WARNING - _target_profile_from_block - Asset not classifiable for target profile (asset id: Fighter-mock, asset type: Fighter). Skipping.
2026-09-14 16:36:10,400 - Code.Dynamic_War_Manager.Source.Context.Region - WARNING - _target_profile_from_block - Asset not classifiable for target profile (asset id: None-mock, asset type: None). Skipping.
2026-09-14 16:36:10,403 - Code.Dynamic_War_Manager.Source.Context.Region - WARNING - _target_profile_from_block - Asset not classifiable for target profile (asset id: NotARealAssetType-mock, asset type: NotARealAssetType). Skipping.
2026-09-14 16:36:10,403 - Code.Dynamic_War_Manager.Source.Context.Region - WARNING - _target_profile_from_block - Asset not classifiable for target profile (asset id: Tank-mock, asset type: Tank). Skipping.
2026-09-14 16:36:10,404 - Code.Dynamic_War_Manager.Source.Context.Region - WARNING - get_target_report - No operative assets found in report for target classification.
2026-09-14 16:38:50,085 - Code.Dynamic_War_Manager.Source.Context.Region - WARNING - get_target_report - No target classification found for asset type: Tank. Skipping.
2026-09-14 16:38:50,085 - Code.Dynamic_War_Manager.Source.Context.Region - WARNING - get_target_report - No target classification found for asset type: Motorized. Skipping.
2026-09-14 16:38:50,086 - Code.Dynamic_War_Manager.Source.Context.Region - WARNING - get_target_report - No target classification found for asset type: Artillery. Skipping.
2026-09-14 16:38:50,086 - Code.Dynamic_War_Manager.Source.Context.Region - WARNING - get_target_report - No operative assets found in report for target classification.
2026-09-14 16:38:50,086 - Code.Dynamic_War_Manager.Source.Context.Region - WARNING - get_target_report - No operative assets found in report for target classification.
2026-09-14 16:38:50,087 - Code.Dynamic_War_Manager.Source.Context.Region - WARNING - get_target_report - No operative assets found in report for target classification.
2026-09-14 16:38:50,087 - Code.Dynamic_War_Manager.Source.Context.Region - WARNING - get_target_report - No operative assets found in report for target classification.
2026-09-14 16:38:50,087 - Code.Dynamic_War_Manager.Source.Context.Region - WARNING - get_target_report - No operative assets found in report for target classification.
2026-09-14 16:38:50,230 - Code.Dynamic_War_Manager.Source.Context.Region - WARNING - get_block_morale - Invalid morale value for block Base_mil1: 'invalid'
2026-09-14 16:38:50,230 - Code.Dynamic_War_Manager.Source.Context.Region - WARNING - get_block_morale - Block with ID does_not_exist not found in region Metric Region
2026-09-14 16:38:50,233 - Code.Dynamic_War_Manager.Source.Context.Region - WARNING - get_recon_reports - Invalid recon report for block Base_mil1: 'bad'
2026-09-14 16:38:50,234 - Code.Dynamic_War_Manager.Source.Context.Region - WARNING - get_recon_reports - Invalid recon report for block Base_mil2: 42
2026-09-14 16:38:50,237 - Code.Dynamic_War_Manager.Source.Context.Region - WARNING - get_recon_reports - Invalid recon report for block Base_mil2: None
2026-09-14 16:38:50,266 - Code.Dynamic_War_Manager.Source.Context.Region - WARNING - _target_profile_from_block - Asset not classifiable for target profile (asset id: Fighter-mock, asset type: Fighter). Skipping.
2026-09-14 16:38:50,267 - Code.Dynamic_War_Manager.Source.Context.Region - WARNING - _target_profile_from_block - Asset not classifiable for target profile (asset id: None-mock, asset type: None). Skipping.
2026-09-14 16:38:50,270 - Code.Dynamic_War_Manager.Source.Context.Region - WARNING - _target_profile_from_block - Asset not classifiable for target profile (asset id: NotARealAssetType-mock, asset type: NotARealAssetType). Skipping.
2026-09-14 16:38:50,271 - Code.Dynamic_War_Manager.Source.Context.Region - WARNING - _target_profile_from_block - Asset not classifiable for target profile (asset id: Tank-mock, asset type: Tank). Skipping.
2026-09-14 16:38:50,271 - Code.Dynamic_War_Manager.Source.Context.Region - WARNING - get_target_report - No operative assets found in report for target classification.
2026-09-14 16:41:32,966 - Code.Dynamic_War_Manager.Source.Context.Region - WARNING - get_target_report - No target classification found for asset type: Tank. Skipping.
2026-09-14 16:41:32,966 - Code.Dynamic_War_Manager.Source.Context.Region - WARNING - get_target_report - No target classification found for asset type: Motorized. Skipping.
2026-09-14 16:41:32,966 - Code.Dynamic_War_Manager.Source.Context.Region - WARNING - get_target_report - Operative asset counts all zero (no detection this report) -- no visibility for target classification.
2026-09-14 16:41:32,966 - Code.Dynamic_War_Manager.Source.Context.Region - WARNING - get_target_report - No target classification found for asset type: Artillery. Skipping.
2026-09-14 16:41:32,967 - Code.Dynamic_War_Manager.Source.Context.Region - WARNING - get_target_report - No operative assets found in report for target classification.
2026-09-14 16:41:32,967 - Code.Dynamic_War_Manager.Source.Context.Region - WARNING - get_target_report - No operative assets found in report for target classification.
2026-09-14 16:41:32,967 - Code.Dynamic_War_Manager.Source.Context.Region - WARNING - get_target_report - Operative asset counts all zero (no detection this report) -- no visibility for target classification.
2026-09-14 16:41:32,967 - Code.Dynamic_War_Manager.Source.Context.Region - WARNING - get_target_report - No operative assets found in report for target classification.
2026-09-14 16:41:32,968 - Code.Dynamic_War_Manager.Source.Context.Region - WARNING - get_target_report - No operative assets found in report for target classification.
2026-09-14 16:41:32,968 - Code.Dynamic_War_Manager.Source.Context.Region - WARNING - get_target_report - No operative assets found in report for target classification.
2026-09-14 16:41:33,105 - Code.Dynamic_War_Manager.Source.Context.Region - WARNING - get_block_morale - Invalid morale value for block Base_mil1: 'invalid'
2026-09-14 16:41:33,106 - Code.Dynamic_War_Manager.Source.Context.Region - WARNING - get_block_morale - Block with ID does_not_exist not found in region Metric Region
2026-09-14 16:41:33,109 - Code.Dynamic_War_Manager.Source.Context.Region - WARNING - get_recon_reports - Invalid recon report for block Base_mil1: 'bad'
2026-09-14 16:41:33,109 - Code.Dynamic_War_Manager.Source.Context.Region - WARNING - get_recon_reports - Invalid recon report for block Base_mil2: 42
2026-09-14 16:41:33,112 - Code.Dynamic_War_Manager.Source.Context.Region - WARNING - get_recon_reports - Invalid recon report for block Base_mil2: None
2026-09-14 16:41:33,143 - Code.Dynamic_War_Manager.Source.Context.Region - WARNING - _target_profile_from_block - Asset not classifiable for target profile (asset id: Fighter-mock, asset type: Fighter). Skipping.
2026-09-14 16:41:33,143 - Code.Dynamic_War_Manager.Source.Context.Region - WARNING - _target_profile_from_block - Asset not classifiable for target profile (asset id: None-mock, asset type: None). Skipping.
2026-09-14 16:41:33,146 - Code.Dynamic_War_Manager.Source.Context.Region - WARNING - _target_profile_from_block - Asset not classifiable for target profile (asset id: NotARealAssetType-mock, asset type: NotARealAssetType). Skipping.
2026-09-14 16:41:33,147 - Code.Dynamic_War_Manager.Source.Context.Region - WARNING - _target_profile_from_block - Asset not classifiable for target profile (asset id: Tank-mock, asset type: Tank). Skipping.
2026-09-14 16:41:33,147 - Code.Dynamic_War_Manager.Source.Context.Region - WARNING - get_target_report - No operative assets found in report for target classification.
2026-09-14 16:43:18,553 - Code.Dynamic_War_Manager.Source.Context.Region - WARNING - get_target_report - No target classification found for asset type: Tank. Skipping.
2026-09-14 16:43:18,553 - Code.Dynamic_War_Manager.Source.Context.Region - WARNING - get_target_report - No target classification found for asset type: Motorized. Skipping.
2026-09-14 16:43:18,553 - Code.Dynamic_War_Manager.Source.Context.Region - WARNING - get_target_report - Operative asset counts all zero (no detection this report) -- no visibility for target classification.
2026-09-14 16:43:18,554 - Code.Dynamic_War_Manager.Source.Context.Region - WARNING - get_target_report - No target classification found for asset type: Artillery. Skipping.
2026-09-14 16:43:18,554 - Code.Dynamic_War_Manager.Source.Context.Region - WARNING - get_target_report - No operative assets found in report for target classification.
2026-09-14 16:43:18,554 - Code.Dynamic_War_Manager.Source.Context.Region - WARNING - get_target_report - No operative assets found in report for target classification.
2026-09-14 16:43:18,554 - Code.Dynamic_War_Manager.Source.Context.Region - WARNING - get_target_report - Operative asset counts all zero (no detection this report) -- no visibility for target classification.
2026-09-14 16:43:18,555 - Code.Dynamic_War_Manager.Source.Context.Region - WARNING - get_target_report - No operative assets found in report for target classification.
2026-09-14 16:43:18,555 - Code.Dynamic_War_Manager.Source.Context.Region - WARNING - get_target_report - No operative assets found in report for target classification.
2026-09-14 16:43:18,555 - Code.Dynamic_War_Manager.Source.Context.Region - WARNING - get_target_report - No operative assets found in report for target classification.
2026-09-14 16:43:18,684 - Code.Dynamic_War_Manager.Source.Context.Region - WARNING - get_block_morale - Invalid morale value for block Base_mil1: 'invalid'
2026-09-14 16:43:18,685 - Code.Dynamic_War_Manager.Source.Context.Region - WARNING - get_block_morale - Block with ID does_not_exist not found in region Metric Region
2026-09-14 16:43:18,688 - Code.Dynamic_War_Manager.Source.Context.Region - WARNING - get_recon_reports - Invalid recon report for block Base_mil1: 'bad'
2026-09-14 16:43:18,688 - Code.Dynamic_War_Manager.Source.Context.Region - WARNING - get_recon_reports - Invalid recon report for block Base_mil2: 42
2026-09-14 16:43:18,691 - Code.Dynamic_War_Manager.Source.Context.Region - WARNING - get_recon_reports - Invalid recon report for block Base_mil2: None
2026-09-14 16:43:18,720 - Code.Dynamic_War_Manager.Source.Context.Region - WARNING - _target_profile_from_block - Asset not classifiable for target profile (asset id: Fighter-mock, asset type: Fighter). Skipping.
2026-09-14 16:43:18,720 - Code.Dynamic_War_Manager.Source.Context.Region - WARNING - _target_profile_from_block - Asset not classifiable for target profile (asset id: None-mock, asset type: None). Skipping.
2026-09-14 16:43:18,724 - Code.Dynamic_War_Manager.Source.Context.Region - WARNING - _target_profile_from_block - Asset not classifiable for target profile (asset id: NotARealAssetType-mock, asset type: NotARealAssetType). Skipping.
2026-09-14 16:43:18,724 - Code.Dynamic_War_Manager.Source.Context.Region - WARNING - _target_profile_from_block - Asset not classifiable for target profile (asset id: Tank-mock, asset type: Tank). Skipping.
2026-09-14 16:43:18,724 - Code.Dynamic_War_Manager.Source.Context.Region - WARNING - get_target_report - No operative assets found in report for target classification.
2026-09-14 16:45:05,379 - Code.Dynamic_War_Manager.Source.Context.Region - WARNING - get_target_report - No target classification found for asset type: Tank. Skipping.
2026-09-14 16:45:05,379 - Code.Dynamic_War_Manager.Source.Context.Region - WARNING - get_target_report - No target classification found for asset type: Motorized. Skipping.
2026-09-14 16:45:05,379 - Code.Dynamic_War_Manager.Source.Context.Region - WARNING - get_target_report - Operative asset counts all zero (no detection this report) -- no visibility for target classification.
2026-09-14 16:45:05,379 - Code.Dynamic_War_Manager.Source.Context.Region - WARNING - get_target_report - No target classification found for asset type: Artillery. Skipping.
2026-09-14 16:45:05,380 - Code.Dynamic_War_Manager.Source.Context.Region - WARNING - get_target_report - No operative assets found in report for target classification.
2026-09-14 16:45:05,380 - Code.Dynamic_War_Manager.Source.Context.Region - WARNING - get_target_report - No operative assets found in report for target classification.
2026-09-14 16:45:05,380 - Code.Dynamic_War_Manager.Source.Context.Region - WARNING - get_target_report - Operative asset counts all zero (no detection this report) -- no visibility for target classification.
2026-09-14 16:45:05,380 - Code.Dynamic_War_Manager.Source.Context.Region - WARNING - get_target_report - No operative assets found in report for target classification.
2026-09-14 16:45:05,380 - Code.Dynamic_War_Manager.Source.Context.Region - WARNING - get_target_report - No operative assets found in report for target classification.
2026-09-14 16:45:05,381 - Code.Dynamic_War_Manager.Source.Context.Region - WARNING - get_target_report - No operative assets found in report for target classification.
2026-09-14 16:45:05,515 - Code.Dynamic_War_Manager.Source.Context.Region - WARNING - get_block_morale - Invalid morale value for block Base_mil1: 'invalid'
2026-09-14 16:45:05,516 - Code.Dynamic_War_Manager.Source.Context.Region - WARNING - get_block_morale - Block with ID does_not_exist not found in region Metric Region
2026-09-14 16:45:05,519 - Code.Dynamic_War_Manager.Source.Context.Region - WARNING - get_recon_reports - Invalid recon report for block Base_mil1: 'bad'
2026-09-14 16:45:05,520 - Code.Dynamic_War_Manager.Source.Context.Region - WARNING - get_recon_reports - Invalid recon report for block Base_mil2: 42
2026-09-14 16:45:05,523 - Code.Dynamic_War_Manager.Source.Context.Region - WARNING - get_recon_reports - Invalid recon report for block Base_mil2: None
2026-09-14 16:45:05,553 - Code.Dynamic_War_Manager.Source.Context.Region - WARNING - _target_profile_from_block - Asset not classifiable for target profile (asset id: Fighter-mock, asset type: Fighter). Skipping.
2026-09-14 16:45:05,553 - Code.Dynamic_War_Manager.Source.Context.Region - WARNING - _target_profile_from_block - Asset not classifiable for target profile (asset id: None-mock, asset type: None). Skipping.
2026-09-14 16:45:05,556 - Code.Dynamic_War_Manager.Source.Context.Region - WARNING - _target_profile_from_block - Asset not classifiable for target profile (asset id: NotARealAssetType-mock, asset type: NotARealAssetType). Skipping.
2026-09-14 16:45:05,557 - Code.Dynamic_War_Manager.Source.Context.Region - WARNING - _target_profile_from_block - Asset not classifiable for target profile (asset id: Tank-mock, asset type: Tank). Skipping.
2026-09-14 16:45:05,557 - Code.Dynamic_War_Manager.Source.Context.Region - WARNING - get_target_report - No operative assets found in report for target classification.
2026-09-14 16:48:02,710 - Code.Dynamic_War_Manager.Source.Context.Region - WARNING - get_target_report - No target classification found for asset type: Tank. Skipping.
2026-09-14 16:48:02,710 - Code.Dynamic_War_Manager.Source.Context.Region - WARNING - get_target_report - No target classification found for asset type: Motorized. Skipping.
2026-09-14 16:48:02,710 - Code.Dynamic_War_Manager.Source.Context.Region - WARNING - get_target_report - Operative asset counts all zero (no detection this report) -- no visibility for target classification.
2026-09-14 16:48:02,711 - Code.Dynamic_War_Manager.Source.Context.Region - WARNING - get_target_report - No target classification found for asset type: Artillery. Skipping.
2026-09-14 16:48:02,711 - Code.Dynamic_War_Manager.Source.Context.Region - WARNING - get_target_report - No operative assets found in report for target classification.
2026-09-14 16:48:02,711 - Code.Dynamic_War_Manager.Source.Context.Region - WARNING - get_target_report - No operative assets found in report for target classification.
2026-09-14 16:48:02,712 - Code.Dynamic_War_Manager.Source.Context.Region - WARNING - get_target_report - Operative asset counts all zero (no detection this report) -- no visibility for target classification.
2026-09-14 16:48:02,712 - Code.Dynamic_War_Manager.Source.Context.Region - WARNING - get_target_report - No operative assets found in report for target classification.
2026-09-14 16:48:02,712 - Code.Dynamic_War_Manager.Source.Context.Region - WARNING - get_target_report - No operative assets found in report for target classification.
2026-09-14 16:48:02,712 - Code.Dynamic_War_Manager.Source.Context.Region - WARNING - get_target_report - No operative assets found in report for target classification.
2026-09-14 16:48:02,852 - Code.Dynamic_War_Manager.Source.Context.Region - WARNING - get_block_morale - Invalid morale value for block Base_mil1: 'invalid'
2026-09-14 16:48:02,852 - Code.Dynamic_War_Manager.Source.Context.Region - WARNING - get_block_morale - Block with ID does_not_exist not found in region Metric Region
2026-09-14 16:48:02,855 - Code.Dynamic_War_Manager.Source.Context.Region - WARNING - get_recon_reports - Invalid recon report for block Base_mil1: 'bad'
2026-09-14 16:48:02,855 - Code.Dynamic_War_Manager.Source.Context.Region - WARNING - get_recon_reports - Invalid recon report for block Base_mil2: 42
2026-09-14 16:48:02,859 - Code.Dynamic_War_Manager.Source.Context.Region - WARNING - get_recon_reports - Invalid recon report for block Base_mil2: None
2026-09-14 16:48:02,888 - Code.Dynamic_War_Manager.Source.Context.Region - WARNING - _target_profile_from_block - Asset not classifiable for target profile (asset id: Fighter-mock, asset type: Fighter). Skipping.
2026-09-14 16:48:02,889 - Code.Dynamic_War_Manager.Source.Context.Region - WARNING - _target_profile_from_block - Asset not classifiable for target profile (asset id: None-mock, asset type: None). Skipping.
2026-09-14 16:48:02,892 - Code.Dynamic_War_Manager.Source.Context.Region - WARNING - _target_profile_from_block - Asset not classifiable for target profile (asset id: NotARealAssetType-mock, asset type: NotARealAssetType). Skipping.
2026-09-14 16:48:02,892 - Code.Dynamic_War_Manager.Source.Context.Region - WARNING - _target_profile_from_block - Asset not classifiable for target profile (asset id: Tank-mock, asset type: Tank). Skipping.
2026-09-14 16:48:02,893 - Code.Dynamic_War_Manager.Source.Context.Region - WARNING - get_target_report - No operative assets found in report for target classification.
