2026-08-16 17:50:17,641 - Code.Dynamic_War_Manager.Source.Context.Campaign_State - DEBUG - add_region_snapshot - Region snapshot added: mission=M001 region=Donbas
2026-08-16 17:50:17,642 - Code.Dynamic_War_Manager.Source.Context.Campaign_State - DEBUG - add_region_snapshot - Region snapshot added: mission=M001 region=Donbas
2026-08-16 17:50:17,642 - Code.Dynamic_War_Manager.Source.Context.Campaign_State - DEBUG - add_region_snapshot - Region snapshot added: mission=M002 region=Donbas
2026-08-16 17:50:17,642 - Code.Dynamic_War_Manager.Source.Context.Campaign_State - INFO - save - CampaignState saved to /tmp/tmpcmiqslm5.json (2 missions).
2026-08-16 17:50:17,642 - Code.Dynamic_War_Manager.Source.Context.Campaign_State - INFO - load - CampaignState loaded from /tmp/tmpcmiqslm5.json (2 missions).
2026-08-16 17:50:17,643 - Code.Dynamic_War_Manager.Source.Context.Campaign_State - DEBUG - add_region_snapshot - Region snapshot added: mission=M001 region=Donbas
2026-08-16 17:50:17,643 - Code.Dynamic_War_Manager.Source.Context.Campaign_State - INFO - save - CampaignState saved to /tmp/tmpl48a14xi.json (1 missions).
2026-08-16 17:50:17,643 - Code.Dynamic_War_Manager.Source.Context.Campaign_State - DEBUG - add_region_snapshot - Region snapshot added: mission=M001 region=Donbas
2026-08-16 17:50:17,643 - Code.Dynamic_War_Manager.Source.Context.Campaign_State - DEBUG - add_region_snapshot - Region snapshot added: mission=M001 region=Donbas
2026-08-16 17:50:17,643 - Code.Dynamic_War_Manager.Source.Context.Campaign_State - INFO - save - CampaignState saved to /tmp/tmp6kv4sqa8.json (1 missions).
2026-08-16 17:50:17,643 - Code.Dynamic_War_Manager.Source.Context.Campaign_State - INFO - load - CampaignState loaded from /tmp/tmp6kv4sqa8.json (1 missions).
2026-08-16 17:50:17,643 - Code.Dynamic_War_Manager.Source.Context.Campaign_State - DEBUG - add_region_snapshot - Region snapshot added: mission=M001 region=Donbas
2026-08-16 17:50:17,644 - Code.Dynamic_War_Manager.Source.Context.Campaign_State - INFO - save - CampaignState saved to /tmp/tmpys4zn5_1.json (1 missions).
2026-08-16 17:50:17,644 - Code.Dynamic_War_Manager.Source.Context.Campaign_State - INFO - load - CampaignState loaded from /tmp/tmpys4zn5_1.json (1 missions).
2026-08-16 17:50:17,644 - Code.Dynamic_War_Manager.Source.Context.Campaign_State - DEBUG - add_region_snapshot - Region snapshot added: mission=M001 region=Donbas
2026-08-16 17:50:17,644 - Code.Dynamic_War_Manager.Source.Context.Campaign_State - DEBUG - add_region_snapshot - Region snapshot added: mission=M001 region=Donbas
2026-08-16 17:50:17,644 - Code.Dynamic_War_Manager.Source.Context.Campaign_State - DEBUG - add_region_snapshot - Region snapshot added: mission=M002 region=Donbas
2026-08-16 17:50:17,644 - Code.Dynamic_War_Manager.Source.Context.Campaign_State - DEBUG - add_region_snapshot - Region snapshot added: mission=M001 region=Donbas
2026-08-16 17:50:17,644 - Code.Dynamic_War_Manager.Source.Context.Campaign_State - DEBUG - add_region_snapshot - Region snapshot added: mission=M001 region=Donbas
2026-08-16 17:50:17,644 - Code.Dynamic_War_Manager.Source.Context.Campaign_State - DEBUG - add_region_snapshot - Region snapshot added: mission=M002 region=Donbas
2026-08-16 17:50:17,644 - Code.Dynamic_War_Manager.Source.Context.Campaign_State - DEBUG - add_region_snapshot - Region snapshot added: mission=M001 region=Donbas
2026-08-16 17:50:17,644 - Code.Dynamic_War_Manager.Source.Context.Campaign_State - DEBUG - add_region_snapshot - Region snapshot added: mission=M001 region=Donbas
2026-08-16 17:50:17,645 - Code.Dynamic_War_Manager.Source.Context.Campaign_State - DEBUG - add_region_snapshot - Region snapshot added: mission=M001 region=Donbas
2026-08-16 17:50:17,645 - Code.Dynamic_War_Manager.Source.Context.Campaign_State - DEBUG - add_region_snapshot - Region snapshot added: mission=M001 region=Donbas
2026-08-16 17:50:17,645 - Code.Dynamic_War_Manager.Source.Context.Campaign_State - DEBUG - add_region_snapshot - Region snapshot added: mission=M001 region=Donbas
2026-08-16 17:50:17,645 - Code.Dynamic_War_Manager.Source.Context.Campaign_State - DEBUG - add_region_snapshot - Region snapshot added: mission=M002 region=Donbas
2026-08-16 17:50:17,645 - Code.Dynamic_War_Manager.Source.Context.Campaign_State - DEBUG - add_region_snapshot - Region snapshot added: mission=M001 region=Donbas
2026-08-16 17:50:17,645 - Code.Dynamic_War_Manager.Source.Context.Campaign_State - DEBUG - add_region_snapshot - Region snapshot added: mission=M001 region=Donbas
2026-08-16 17:50:17,645 - Code.Dynamic_War_Manager.Source.Context.Campaign_State - DEBUG - add_region_snapshot - Region snapshot added: mission=M001 region=Donbas
2026-08-16 17:50:17,645 - Code.Dynamic_War_Manager.Source.Context.Campaign_State - DEBUG - add_region_snapshot - Region snapshot added: mission=M001 region=Donbas
2026-08-16 17:50:17,645 - Code.Dynamic_War_Manager.Source.Context.Campaign_State - DEBUG - add_region_snapshot - Region snapshot added: mission=M001 region=Donbas
2026-08-16 17:50:17,645 - Code.Dynamic_War_Manager.Source.Context.Campaign_State - DEBUG - add_region_snapshot - Region snapshot added: mission=M001 region=Donbas
2026-08-16 17:50:17,645 - Code.Dynamic_War_Manager.Source.Context.Campaign_State - DEBUG - add_region_snapshot - Region snapshot added: mission=M002 region=Donbas
2026-08-16 17:50:17,646 - Code.Dynamic_War_Manager.Source.Context.Campaign_State - DEBUG - add_region_snapshot - Region snapshot added: mission=M001 region=Donbas
2026-08-16 17:50:17,646 - Code.Dynamic_War_Manager.Source.Context.Campaign_State - DEBUG - add_region_snapshot - Region snapshot added: mission=M002 region=Donbas
2026-08-16 17:50:17,646 - Code.Dynamic_War_Manager.Source.Context.Campaign_State - DEBUG - add_region_snapshot - Region snapshot added: mission=M001 region=Donbas
2026-08-16 17:50:17,646 - Code.Dynamic_War_Manager.Source.Context.Campaign_State - DEBUG - add_region_snapshot - Region snapshot added: mission=M001 region=Donbas
2026-08-16 17:50:17,646 - Code.Dynamic_War_Manager.Source.Context.Campaign_State - DEBUG - add_region_snapshot - Region snapshot added: mission=M001 region=Donbas
2026-08-16 17:50:17,646 - Code.Dynamic_War_Manager.Source.Context.Campaign_State - DEBUG - add_region_snapshot - Region snapshot added: mission=M001 region=Donbas
2026-08-16 17:50:17,646 - Code.Dynamic_War_Manager.Source.Context.Campaign_State - DEBUG - add_region_snapshot - Region snapshot added: mission=M001 region=Donbas
2026-08-16 17:50:17,647 - Code.Dynamic_War_Manager.Source.Context.Campaign_State - DEBUG - add_region_snapshot - Region snapshot added: mission=M001 region=Donbas
2026-08-16 17:50:17,647 - Code.Dynamic_War_Manager.Source.Context.Campaign_State - DEBUG - add_region_snapshot - Region snapshot added: mission=M001 region=Donbas
2026-08-16 17:50:17,647 - Code.Dynamic_War_Manager.Source.Context.Campaign_State - DEBUG - add_region_snapshot - Region snapshot added: mission=M001 region=Donbas
2026-08-16 17:50:17,647 - Code.Dynamic_War_Manager.Source.Context.Campaign_State - DEBUG - add_region_snapshot - Region snapshot added: mission=M001 region=Donbas
2026-08-16 17:50:17,647 - Code.Dynamic_War_Manager.Source.Context.Campaign_State - DEBUG - add_region_snapshot - Region snapshot added: mission=M001 region=Donbas
2026-08-16 17:50:17,647 - Code.Dynamic_War_Manager.Source.Context.Campaign_State - DEBUG - add_region_snapshot - Region snapshot added: mission=M001 region=Donbas
2026-08-16 17:50:17,647 - Code.Dynamic_War_Manager.Source.Context.Campaign_State - WARNING - restore - Region 'NonExistent' not in snapshot for mission 'M001'. Skipped.
2026-08-16 17:50:17,647 - Code.Dynamic_War_Manager.Source.Context.Campaign_State - DEBUG - add_region_snapshot - Region snapshot added: mission=M001 region=Donbas
2026-08-16 17:50:17,647 - Code.Dynamic_War_Manager.Source.Context.Campaign_State - DEBUG - add_region_snapshot - Region snapshot added: mission=M001 region=Donbas
2026-08-16 17:50:17,647 - Code.Dynamic_War_Manager.Source.Context.Campaign_State - DEBUG - add_region_snapshot - Region snapshot added: mission=M001 region=Donbas
2026-08-16 17:50:17,647 - Code.Dynamic_War_Manager.Source.Context.Campaign_State - DEBUG - add_region_snapshot - Region snapshot added: mission=M001 region=Donbas
2026-08-16 17:50:17,648 - Code.Dynamic_War_Manager.Source.Context.Campaign_State - DEBUG - add_region_snapshot - Region snapshot added: mission=M_SR region=Donbas
2026-08-16 17:50:17,648 - Code.Dynamic_War_Manager.Source.Context.Campaign_State - DEBUG - add_region_snapshot - Region snapshot added: mission=M001 region=Donbas
2026-08-16 17:50:17,648 - Code.Dynamic_War_Manager.Source.Context.Campaign_State - DEBUG - add_region_snapshot - Region snapshot added: mission=M001 region=Donbas
2026-08-16 17:50:17,648 - Code.Dynamic_War_Manager.Source.Context.Campaign_State - DEBUG - add_region_snapshot - Region snapshot added: mission=M001 region=Donbas
2026-08-16 17:50:17,648 - Code.Dynamic_War_Manager.Source.Context.Campaign_State - DEBUG - add_region_snapshot - Region snapshot added: mission=M003 region=Donbas
2026-08-16 17:50:17,648 - Code.Dynamic_War_Manager.Source.Context.Campaign_State - DEBUG - add_region_snapshot - Region snapshot added: mission=M001 region=Donbas
2026-08-16 17:50:17,648 - Code.Dynamic_War_Manager.Source.Context.Campaign_State - DEBUG - add_region_snapshot - Region snapshot added: mission=M001 region=Donbas
2026-08-16 17:50:17,648 - Code.Dynamic_War_Manager.Source.Context.Campaign_State - DEBUG - add_region_snapshot - Region snapshot added: mission=M001 region=Donbas
2026-08-16 17:50:17,648 - Code.Dynamic_War_Manager.Source.Context.Campaign_State - DEBUG - add_region_snapshot - Region snapshot added: mission=M001 region=Donbas
2026-08-16 17:50:17,648 - Code.Dynamic_War_Manager.Source.Context.Campaign_State - DEBUG - add_region_snapshot - Region snapshot added: mission=M001 region=Donbas
2026-08-16 17:50:17,648 - Code.Dynamic_War_Manager.Source.Context.Campaign_State - DEBUG - add_region_snapshot - Region snapshot added: mission=M001 region=Donbas
2026-08-16 17:50:17,648 - Code.Dynamic_War_Manager.Source.Context.Campaign_State - DEBUG - add_region_snapshot - Region snapshot added: mission=M001 region=Donbas
2026-08-16 17:50:17,649 - Code.Dynamic_War_Manager.Source.Context.Campaign_State - DEBUG - add_region_snapshot - Region snapshot added: mission=M001 region=Donbas
2026-08-16 17:50:17,649 - Code.Dynamic_War_Manager.Source.Context.Campaign_State - DEBUG - add_region_snapshot - Region snapshot added: mission=M002 region=Donbas
2026-08-16 17:50:17,649 - Code.Dynamic_War_Manager.Source.Context.Campaign_State - DEBUG - add_region_snapshot - Region snapshot added: mission=M001 region=Donbas
2026-08-16 17:50:17,649 - Code.Dynamic_War_Manager.Source.Context.Campaign_State - DEBUG - add_region_snapshot - Region snapshot added: mission=M001 region=Donbas
2026-08-16 17:50:17,649 - Code.Dynamic_War_Manager.Source.Context.Campaign_State - DEBUG - add_region_snapshot - Region snapshot added: mission=M001 region=Donbas
2026-08-16 17:50:17,649 - Code.Dynamic_War_Manager.Source.Context.Campaign_State - DEBUG - add_block_snapshot - Block snapshot added: mission=M001 region=North block=B1
2026-08-16 17:50:17,649 - Code.Dynamic_War_Manager.Source.Context.Campaign_State - DEBUG - add_block_snapshot - Block snapshot added: mission=M001 region=North block=B1
2026-08-16 17:50:17,650 - Code.Dynamic_War_Manager.Source.Context.Campaign_State - DEBUG - add_block_snapshot - Block snapshot added: mission=M001 region=North block=BLK_001
2026-08-16 17:50:17,650 - Code.Dynamic_War_Manager.Source.Context.Campaign_State - DEBUG - add_block_snapshot - Block snapshot added: mission=M001 region=South block=BLK_001
2026-08-16 17:50:17,650 - Code.Dynamic_War_Manager.Source.Context.Campaign_State - DEBUG - add_block_snapshot - Block snapshot added: mission=M001 region=North block=BLK_001
2026-08-16 17:50:17,650 - Code.Dynamic_War_Manager.Source.Context.Campaign_State - DEBUG - add_block_snapshot - Block snapshot added: mission=M001 region=North block=BLK_001
2026-08-16 17:50:17,650 - Code.Dynamic_War_Manager.Source.Context.Campaign_State - DEBUG - add_block_snapshot - Block snapshot added: mission=M001 region=North block=BLK_001
2026-08-16 17:50:17,650 - Code.Dynamic_War_Manager.Source.Context.Campaign_State - DEBUG - add_block_snapshot - Block snapshot added: mission=M001 region=North block=BLK_002
2026-08-16 17:50:17,651 - Code.Dynamic_War_Manager.Source.Context.Campaign_State - DEBUG - add_block_snapshot - Block snapshot added: mission=M001 region=North block=BLK_001
2026-08-16 17:50:17,651 - Code.Dynamic_War_Manager.Source.Context.Campaign_State - DEBUG - add_region_snapshot - Region snapshot added: mission=M001 region=Donbas
2026-08-16 17:50:17,651 - Code.Dynamic_War_Manager.Source.Context.Campaign_State - DEBUG - add_region_snapshot - Region snapshot added: mission=M001 region=Crimea
2026-08-16 17:50:17,651 - Code.Dynamic_War_Manager.Source.Context.Campaign_State - DEBUG - add_region_snapshot - Region snapshot added: mission=M001 region=Donbas
2026-08-16 17:50:17,651 - Code.Dynamic_War_Manager.Source.Context.Campaign_State - DEBUG - add_region_snapshot - Region snapshot added: mission=M001 region=Donbas
2026-08-16 17:50:17,651 - Code.Dynamic_War_Manager.Source.Context.Campaign_State - DEBUG - add_region_snapshot - Region snapshot added: mission=M001 region=Donbas
2026-08-16 17:52:09,567 - Code.Dynamic_War_Manager.Source.Context.Campaign_State - DEBUG - add_region_snapshot - Region snapshot added: mission=M001 region=Donbas
2026-08-16 17:52:09,568 - Code.Dynamic_War_Manager.Source.Context.Campaign_State - DEBUG - add_region_snapshot - Region snapshot added: mission=M001 region=Donbas
2026-08-16 17:52:09,568 - Code.Dynamic_War_Manager.Source.Context.Campaign_State - DEBUG - add_region_snapshot - Region snapshot added: mission=M002 region=Donbas
2026-08-16 17:52:09,568 - Code.Dynamic_War_Manager.Source.Context.Campaign_State - INFO - save - CampaignState saved to /tmp/tmpsmay8hlw.json (2 missions).
2026-08-16 17:52:09,568 - Code.Dynamic_War_Manager.Source.Context.Campaign_State - INFO - load - CampaignState loaded from /tmp/tmpsmay8hlw.json (2 missions).
2026-08-16 17:52:09,569 - Code.Dynamic_War_Manager.Source.Context.Campaign_State - DEBUG - add_region_snapshot - Region snapshot added: mission=M001 region=Donbas
2026-08-16 17:52:09,569 - Code.Dynamic_War_Manager.Source.Context.Campaign_State - INFO - save - CampaignState saved to /tmp/tmpukyzlm8a.json (1 missions).
2026-08-16 17:52:09,569 - Code.Dynamic_War_Manager.Source.Context.Campaign_State - DEBUG - add_region_snapshot - Region snapshot added: mission=M001 region=Donbas
2026-08-16 17:52:09,569 - Code.Dynamic_War_Manager.Source.Context.Campaign_State - DEBUG - add_region_snapshot - Region snapshot added: mission=M001 region=Donbas
2026-08-16 17:52:09,569 - Code.Dynamic_War_Manager.Source.Context.Campaign_State - INFO - save - CampaignState saved to /tmp/tmp7i0vqc65.json (1 missions).
2026-08-16 17:52:09,569 - Code.Dynamic_War_Manager.Source.Context.Campaign_State - INFO - load - CampaignState loaded from /tmp/tmp7i0vqc65.json (1 missions).
2026-08-16 17:52:09,570 - Code.Dynamic_War_Manager.Source.Context.Campaign_State - DEBUG - add_region_snapshot - Region snapshot added: mission=M001 region=Donbas
2026-08-16 17:52:09,570 - Code.Dynamic_War_Manager.Source.Context.Campaign_State - INFO - save - CampaignState saved to /tmp/tmps8h1z_zr.json (1 missions).
2026-08-16 17:52:09,570 - Code.Dynamic_War_Manager.Source.Context.Campaign_State - INFO - load - CampaignState loaded from /tmp/tmps8h1z_zr.json (1 missions).
2026-08-16 17:52:09,570 - Code.Dynamic_War_Manager.Source.Context.Campaign_State - DEBUG - add_region_snapshot - Region snapshot added: mission=M001 region=Donbas
2026-08-16 17:52:09,570 - Code.Dynamic_War_Manager.Source.Context.Campaign_State - DEBUG - add_region_snapshot - Region snapshot added: mission=M001 region=Donbas
2026-08-16 17:52:09,570 - Code.Dynamic_War_Manager.Source.Context.Campaign_State - DEBUG - add_region_snapshot - Region snapshot added: mission=M002 region=Donbas
2026-08-16 17:52:09,570 - Code.Dynamic_War_Manager.Source.Context.Campaign_State - DEBUG - add_region_snapshot - Region snapshot added: mission=M001 region=Donbas
2026-08-16 17:52:09,570 - Code.Dynamic_War_Manager.Source.Context.Campaign_State - DEBUG - add_region_snapshot - Region snapshot added: mission=M001 region=Donbas
2026-08-16 17:52:09,571 - Code.Dynamic_War_Manager.Source.Context.Campaign_State - DEBUG - add_region_snapshot - Region snapshot added: mission=M002 region=Donbas
2026-08-16 17:52:09,571 - Code.Dynamic_War_Manager.Source.Context.Campaign_State - DEBUG - add_region_snapshot - Region snapshot added: mission=M001 region=Donbas
2026-08-16 17:52:09,571 - Code.Dynamic_War_Manager.Source.Context.Campaign_State - DEBUG - add_region_snapshot - Region snapshot added: mission=M001 region=Donbas
2026-08-16 17:52:09,571 - Code.Dynamic_War_Manager.Source.Context.Campaign_State - DEBUG - add_region_snapshot - Region snapshot added: mission=M001 region=Donbas
2026-08-16 17:52:09,571 - Code.Dynamic_War_Manager.Source.Context.Campaign_State - DEBUG - add_region_snapshot - Region snapshot added: mission=M001 region=Donbas
2026-08-16 17:52:09,571 - Code.Dynamic_War_Manager.Source.Context.Campaign_State - DEBUG - add_region_snapshot - Region snapshot added: mission=M001 region=Donbas
2026-08-16 17:52:09,571 - Code.Dynamic_War_Manager.Source.Context.Campaign_State - DEBUG - add_region_snapshot - Region snapshot added: mission=M002 region=Donbas
2026-08-16 17:52:09,571 - Code.Dynamic_War_Manager.Source.Context.Campaign_State - DEBUG - add_region_snapshot - Region snapshot added: mission=M001 region=Donbas
2026-08-16 17:52:09,571 - Code.Dynamic_War_Manager.Source.Context.Campaign_State - DEBUG - add_region_snapshot - Region snapshot added: mission=M001 region=Donbas
2026-08-16 17:52:09,572 - Code.Dynamic_War_Manager.Source.Context.Campaign_State - DEBUG - add_region_snapshot - Region snapshot added: mission=M001 region=Donbas
2026-08-16 17:52:09,572 - Code.Dynamic_War_Manager.Source.Context.Campaign_State - DEBUG - add_region_snapshot - Region snapshot added: mission=M001 region=Donbas
2026-08-16 17:52:09,572 - Code.Dynamic_War_Manager.Source.Context.Campaign_State - DEBUG - add_region_snapshot - Region snapshot added: mission=M001 region=Donbas
2026-08-16 17:52:09,572 - Code.Dynamic_War_Manager.Source.Context.Campaign_State - DEBUG - add_region_snapshot - Region snapshot added: mission=M001 region=Donbas
2026-08-16 17:52:09,572 - Code.Dynamic_War_Manager.Source.Context.Campaign_State - DEBUG - add_region_snapshot - Region snapshot added: mission=M002 region=Donbas
2026-08-16 17:52:09,572 - Code.Dynamic_War_Manager.Source.Context.Campaign_State - DEBUG - add_region_snapshot - Region snapshot added: mission=M001 region=Donbas
2026-08-16 17:52:09,572 - Code.Dynamic_War_Manager.Source.Context.Campaign_State - DEBUG - add_region_snapshot - Region snapshot added: mission=M002 region=Donbas
2026-08-16 17:52:09,572 - Code.Dynamic_War_Manager.Source.Context.Campaign_State - DEBUG - add_region_snapshot - Region snapshot added: mission=M001 region=Donbas
2026-08-16 17:52:09,573 - Code.Dynamic_War_Manager.Source.Context.Campaign_State - DEBUG - add_region_snapshot - Region snapshot added: mission=M001 region=Donbas
2026-08-16 17:52:09,573 - Code.Dynamic_War_Manager.Source.Context.Campaign_State - DEBUG - add_region_snapshot - Region snapshot added: mission=M001 region=Donbas
2026-08-16 17:52:09,573 - Code.Dynamic_War_Manager.Source.Context.Campaign_State - DEBUG - add_region_snapshot - Region snapshot added: mission=M001 region=Donbas
2026-08-16 17:52:09,573 - Code.Dynamic_War_Manager.Source.Context.Campaign_State - DEBUG - add_region_snapshot - Region snapshot added: mission=M001 region=Donbas
2026-08-16 17:52:09,573 - Code.Dynamic_War_Manager.Source.Context.Campaign_State - DEBUG - add_region_snapshot - Region snapshot added: mission=M001 region=Donbas
2026-08-16 17:52:09,573 - Code.Dynamic_War_Manager.Source.Context.Campaign_State - DEBUG - add_region_snapshot - Region snapshot added: mission=M001 region=Donbas
2026-08-16 17:52:09,573 - Code.Dynamic_War_Manager.Source.Context.Campaign_State - DEBUG - add_region_snapshot - Region snapshot added: mission=M001 region=Donbas
2026-08-16 17:52:09,573 - Code.Dynamic_War_Manager.Source.Context.Campaign_State - DEBUG - add_region_snapshot - Region snapshot added: mission=M001 region=Donbas
2026-08-16 17:52:09,574 - Code.Dynamic_War_Manager.Source.Context.Campaign_State - DEBUG - add_region_snapshot - Region snapshot added: mission=M001 region=Donbas
2026-08-16 17:52:09,574 - Code.Dynamic_War_Manager.Source.Context.Campaign_State - DEBUG - add_region_snapshot - Region snapshot added: mission=M001 region=Donbas
2026-08-16 17:52:09,574 - Code.Dynamic_War_Manager.Source.Context.Campaign_State - WARNING - restore - Region 'NonExistent' not in snapshot for mission 'M001'. Skipped.
2026-08-16 17:52:09,574 - Code.Dynamic_War_Manager.Source.Context.Campaign_State - DEBUG - add_region_snapshot - Region snapshot added: mission=M001 region=Donbas
2026-08-16 17:52:09,574 - Code.Dynamic_War_Manager.Source.Context.Campaign_State - DEBUG - add_region_snapshot - Region snapshot added: mission=M001 region=Donbas
2026-08-16 17:52:09,574 - Code.Dynamic_War_Manager.Source.Context.Campaign_State - DEBUG - add_region_snapshot - Region snapshot added: mission=M001 region=Donbas
2026-08-16 17:52:09,574 - Code.Dynamic_War_Manager.Source.Context.Campaign_State - DEBUG - add_region_snapshot - Region snapshot added: mission=M001 region=Donbas
2026-08-16 17:52:09,574 - Code.Dynamic_War_Manager.Source.Context.Campaign_State - DEBUG - add_region_snapshot - Region snapshot added: mission=M_SR region=Donbas
2026-08-16 17:52:09,574 - Code.Dynamic_War_Manager.Source.Context.Campaign_State - DEBUG - add_region_snapshot - Region snapshot added: mission=M001 region=Donbas
2026-08-16 17:52:09,575 - Code.Dynamic_War_Manager.Source.Context.Campaign_State - DEBUG - add_region_snapshot - Region snapshot added: mission=M001 region=Donbas
2026-08-16 17:52:09,575 - Code.Dynamic_War_Manager.Source.Context.Campaign_State - DEBUG - add_region_snapshot - Region snapshot added: mission=M001 region=Donbas
2026-08-16 17:52:09,575 - Code.Dynamic_War_Manager.Source.Context.Campaign_State - DEBUG - add_region_snapshot - Region snapshot added: mission=M003 region=Donbas
2026-08-16 17:52:09,575 - Code.Dynamic_War_Manager.Source.Context.Campaign_State - DEBUG - add_region_snapshot - Region snapshot added: mission=M001 region=Donbas
2026-08-16 17:52:09,575 - Code.Dynamic_War_Manager.Source.Context.Campaign_State - DEBUG - add_region_snapshot - Region snapshot added: mission=M001 region=Donbas
2026-08-16 17:52:09,575 - Code.Dynamic_War_Manager.Source.Context.Campaign_State - DEBUG - add_region_snapshot - Region snapshot added: mission=M001 region=Donbas
2026-08-16 17:52:09,575 - Code.Dynamic_War_Manager.Source.Context.Campaign_State - DEBUG - add_region_snapshot - Region snapshot added: mission=M001 region=Donbas
2026-08-16 17:52:09,575 - Code.Dynamic_War_Manager.Source.Context.Campaign_State - DEBUG - add_region_snapshot - Region snapshot added: mission=M001 region=Donbas
2026-08-16 17:52:09,575 - Code.Dynamic_War_Manager.Source.Context.Campaign_State - DEBUG - add_region_snapshot - Region snapshot added: mission=M001 region=Donbas
2026-08-16 17:52:09,575 - Code.Dynamic_War_Manager.Source.Context.Campaign_State - DEBUG - add_region_snapshot - Region snapshot added: mission=M001 region=Donbas
2026-08-16 17:52:09,576 - Code.Dynamic_War_Manager.Source.Context.Campaign_State - DEBUG - add_region_snapshot - Region snapshot added: mission=M001 region=Donbas
2026-08-16 17:52:09,576 - Code.Dynamic_War_Manager.Source.Context.Campaign_State - DEBUG - add_region_snapshot - Region snapshot added: mission=M002 region=Donbas
2026-08-16 17:52:09,576 - Code.Dynamic_War_Manager.Source.Context.Campaign_State - DEBUG - add_region_snapshot - Region snapshot added: mission=M001 region=Donbas
2026-08-16 17:52:09,576 - Code.Dynamic_War_Manager.Source.Context.Campaign_State - DEBUG - add_region_snapshot - Region snapshot added: mission=M001 region=Donbas
2026-08-16 17:52:09,576 - Code.Dynamic_War_Manager.Source.Context.Campaign_State - DEBUG - add_region_snapshot - Region snapshot added: mission=M001 region=Donbas
2026-08-16 17:52:09,576 - Code.Dynamic_War_Manager.Source.Context.Campaign_State - DEBUG - add_block_snapshot - Block snapshot added: mission=M001 region=North block=B1
2026-08-16 17:52:09,576 - Code.Dynamic_War_Manager.Source.Context.Campaign_State - DEBUG - add_block_snapshot - Block snapshot added: mission=M001 region=North block=B1
2026-08-16 17:52:09,577 - Code.Dynamic_War_Manager.Source.Context.Campaign_State - DEBUG - add_block_snapshot - Block snapshot added: mission=M001 region=North block=BLK_001
2026-08-16 17:52:09,577 - Code.Dynamic_War_Manager.Source.Context.Campaign_State - DEBUG - add_block_snapshot - Block snapshot added: mission=M001 region=South block=BLK_001
2026-08-16 17:52:09,577 - Code.Dynamic_War_Manager.Source.Context.Campaign_State - DEBUG - add_block_snapshot - Block snapshot added: mission=M001 region=North block=BLK_001
2026-08-16 17:52:09,577 - Code.Dynamic_War_Manager.Source.Context.Campaign_State - DEBUG - add_block_snapshot - Block snapshot added: mission=M001 region=North block=BLK_001
2026-08-16 17:52:09,577 - Code.Dynamic_War_Manager.Source.Context.Campaign_State - DEBUG - add_block_snapshot - Block snapshot added: mission=M001 region=North block=BLK_001
2026-08-16 17:52:09,577 - Code.Dynamic_War_Manager.Source.Context.Campaign_State - DEBUG - add_block_snapshot - Block snapshot added: mission=M001 region=North block=BLK_002
2026-08-16 17:52:09,577 - Code.Dynamic_War_Manager.Source.Context.Campaign_State - DEBUG - add_block_snapshot - Block snapshot added: mission=M001 region=North block=BLK_001
2026-08-16 17:52:09,577 - Code.Dynamic_War_Manager.Source.Context.Campaign_State - DEBUG - add_region_snapshot - Region snapshot added: mission=M001 region=Donbas
2026-08-16 17:52:09,578 - Code.Dynamic_War_Manager.Source.Context.Campaign_State - DEBUG - add_region_snapshot - Region snapshot added: mission=M001 region=Crimea
2026-08-16 17:52:09,578 - Code.Dynamic_War_Manager.Source.Context.Campaign_State - DEBUG - add_region_snapshot - Region snapshot added: mission=M001 region=Donbas
2026-08-16 17:52:09,578 - Code.Dynamic_War_Manager.Source.Context.Campaign_State - DEBUG - add_region_snapshot - Region snapshot added: mission=M001 region=Donbas
2026-08-16 17:52:09,578 - Code.Dynamic_War_Manager.Source.Context.Campaign_State - DEBUG - add_region_snapshot - Region snapshot added: mission=M001 region=Donbas
2026-08-16 17:53:46,834 - Code.Dynamic_War_Manager.Source.Context.Campaign_State - DEBUG - add_region_snapshot - Region snapshot added: mission=M001 region=Donbas
2026-08-16 17:53:46,835 - Code.Dynamic_War_Manager.Source.Context.Campaign_State - DEBUG - add_region_snapshot - Region snapshot added: mission=M001 region=Donbas
2026-08-16 17:53:46,835 - Code.Dynamic_War_Manager.Source.Context.Campaign_State - DEBUG - add_region_snapshot - Region snapshot added: mission=M002 region=Donbas
2026-08-16 17:53:46,835 - Code.Dynamic_War_Manager.Source.Context.Campaign_State - INFO - save - CampaignState saved to /tmp/tmpg92y3kdl.json (2 missions).
2026-08-16 17:53:46,835 - Code.Dynamic_War_Manager.Source.Context.Campaign_State - INFO - load - CampaignState loaded from /tmp/tmpg92y3kdl.json (2 missions).
2026-08-16 17:53:46,835 - Code.Dynamic_War_Manager.Source.Context.Campaign_State - DEBUG - add_region_snapshot - Region snapshot added: mission=M001 region=Donbas
2026-08-16 17:53:46,836 - Code.Dynamic_War_Manager.Source.Context.Campaign_State - INFO - save - CampaignState saved to /tmp/tmp031qetfz.json (1 missions).
2026-08-16 17:53:46,836 - Code.Dynamic_War_Manager.Source.Context.Campaign_State - DEBUG - add_region_snapshot - Region snapshot added: mission=M001 region=Donbas
2026-08-16 17:53:46,836 - Code.Dynamic_War_Manager.Source.Context.Campaign_State - DEBUG - add_region_snapshot - Region snapshot added: mission=M001 region=Donbas
2026-08-16 17:53:46,836 - Code.Dynamic_War_Manager.Source.Context.Campaign_State - INFO - save - CampaignState saved to /tmp/tmp21kl_4p_.json (1 missions).
2026-08-16 17:53:46,836 - Code.Dynamic_War_Manager.Source.Context.Campaign_State - INFO - load - CampaignState loaded from /tmp/tmp21kl_4p_.json (1 missions).
2026-08-16 17:53:46,836 - Code.Dynamic_War_Manager.Source.Context.Campaign_State - DEBUG - add_region_snapshot - Region snapshot added: mission=M001 region=Donbas
2026-08-16 17:53:46,837 - Code.Dynamic_War_Manager.Source.Context.Campaign_State - INFO - save - CampaignState saved to /tmp/tmpat5vjkwf.json (1 missions).
2026-08-16 17:53:46,837 - Code.Dynamic_War_Manager.Source.Context.Campaign_State - INFO - load - CampaignState loaded from /tmp/tmpat5vjkwf.json (1 missions).
2026-08-16 17:53:46,837 - Code.Dynamic_War_Manager.Source.Context.Campaign_State - DEBUG - add_region_snapshot - Region snapshot added: mission=M001 region=Donbas
2026-08-16 17:53:46,837 - Code.Dynamic_War_Manager.Source.Context.Campaign_State - DEBUG - add_region_snapshot - Region snapshot added: mission=M001 region=Donbas
2026-08-16 17:53:46,837 - Code.Dynamic_War_Manager.Source.Context.Campaign_State - DEBUG - add_region_snapshot - Region snapshot added: mission=M002 region=Donbas
2026-08-16 17:53:46,837 - Code.Dynamic_War_Manager.Source.Context.Campaign_State - DEBUG - add_region_snapshot - Region snapshot added: mission=M001 region=Donbas
2026-08-16 17:53:46,837 - Code.Dynamic_War_Manager.Source.Context.Campaign_State - DEBUG - add_region_snapshot - Region snapshot added: mission=M001 region=Donbas
2026-08-16 17:53:46,837 - Code.Dynamic_War_Manager.Source.Context.Campaign_State - DEBUG - add_region_snapshot - Region snapshot added: mission=M002 region=Donbas
2026-08-16 17:53:46,837 - Code.Dynamic_War_Manager.Source.Context.Campaign_State - DEBUG - add_region_snapshot - Region snapshot added: mission=M001 region=Donbas
2026-08-16 17:53:46,838 - Code.Dynamic_War_Manager.Source.Context.Campaign_State - DEBUG - add_region_snapshot - Region snapshot added: mission=M001 region=Donbas
2026-08-16 17:53:46,838 - Code.Dynamic_War_Manager.Source.Context.Campaign_State - DEBUG - add_region_snapshot - Region snapshot added: mission=M001 region=Donbas
2026-08-16 17:53:46,838 - Code.Dynamic_War_Manager.Source.Context.Campaign_State - DEBUG - add_region_snapshot - Region snapshot added: mission=M001 region=Donbas
2026-08-16 17:53:46,838 - Code.Dynamic_War_Manager.Source.Context.Campaign_State - DEBUG - add_region_snapshot - Region snapshot added: mission=M001 region=Donbas
2026-08-16 17:53:46,838 - Code.Dynamic_War_Manager.Source.Context.Campaign_State - DEBUG - add_region_snapshot - Region snapshot added: mission=M002 region=Donbas
2026-08-16 17:53:46,838 - Code.Dynamic_War_Manager.Source.Context.Campaign_State - DEBUG - add_region_snapshot - Region snapshot added: mission=M001 region=Donbas
2026-08-16 17:53:46,838 - Code.Dynamic_War_Manager.Source.Context.Campaign_State - DEBUG - add_region_snapshot - Region snapshot added: mission=M001 region=Donbas
2026-08-16 17:53:46,838 - Code.Dynamic_War_Manager.Source.Context.Campaign_State - DEBUG - add_region_snapshot - Region snapshot added: mission=M001 region=Donbas
2026-08-16 17:53:46,838 - Code.Dynamic_War_Manager.Source.Context.Campaign_State - DEBUG - add_region_snapshot - Region snapshot added: mission=M001 region=Donbas
2026-08-16 17:53:46,839 - Code.Dynamic_War_Manager.Source.Context.Campaign_State - DEBUG - add_region_snapshot - Region snapshot added: mission=M001 region=Donbas
2026-08-16 17:53:46,839 - Code.Dynamic_War_Manager.Source.Context.Campaign_State - DEBUG - add_region_snapshot - Region snapshot added: mission=M001 region=Donbas
2026-08-16 17:53:46,839 - Code.Dynamic_War_Manager.Source.Context.Campaign_State - DEBUG - add_region_snapshot - Region snapshot added: mission=M002 region=Donbas
2026-08-16 17:53:46,839 - Code.Dynamic_War_Manager.Source.Context.Campaign_State - DEBUG - add_region_snapshot - Region snapshot added: mission=M001 region=Donbas
2026-08-16 17:53:46,839 - Code.Dynamic_War_Manager.Source.Context.Campaign_State - DEBUG - add_region_snapshot - Region snapshot added: mission=M002 region=Donbas
2026-08-16 17:53:46,839 - Code.Dynamic_War_Manager.Source.Context.Campaign_State - DEBUG - add_region_snapshot - Region snapshot added: mission=M001 region=Donbas
2026-08-16 17:53:46,839 - Code.Dynamic_War_Manager.Source.Context.Campaign_State - DEBUG - add_region_snapshot - Region snapshot added: mission=M001 region=Donbas
2026-08-16 17:53:46,839 - Code.Dynamic_War_Manager.Source.Context.Campaign_State - DEBUG - add_region_snapshot - Region snapshot added: mission=M001 region=Donbas
2026-08-16 17:53:46,840 - Code.Dynamic_War_Manager.Source.Context.Campaign_State - DEBUG - add_region_snapshot - Region snapshot added: mission=M001 region=Donbas
2026-08-16 17:53:46,840 - Code.Dynamic_War_Manager.Source.Context.Campaign_State - DEBUG - add_region_snapshot - Region snapshot added: mission=M001 region=Donbas
2026-08-16 17:53:46,840 - Code.Dynamic_War_Manager.Source.Context.Campaign_State - DEBUG - add_region_snapshot - Region snapshot added: mission=M001 region=Donbas
2026-08-16 17:53:46,840 - Code.Dynamic_War_Manager.Source.Context.Campaign_State - DEBUG - add_region_snapshot - Region snapshot added: mission=M001 region=Donbas
2026-08-16 17:53:46,840 - Code.Dynamic_War_Manager.Source.Context.Campaign_State - DEBUG - add_region_snapshot - Region snapshot added: mission=M001 region=Donbas
2026-08-16 17:53:46,840 - Code.Dynamic_War_Manager.Source.Context.Campaign_State - DEBUG - add_region_snapshot - Region snapshot added: mission=M001 region=Donbas
2026-08-16 17:53:46,840 - Code.Dynamic_War_Manager.Source.Context.Campaign_State - DEBUG - add_region_snapshot - Region snapshot added: mission=M001 region=Donbas
2026-08-16 17:53:46,840 - Code.Dynamic_War_Manager.Source.Context.Campaign_State - DEBUG - add_region_snapshot - Region snapshot added: mission=M001 region=Donbas
2026-08-16 17:53:46,840 - Code.Dynamic_War_Manager.Source.Context.Campaign_State - WARNING - restore - Region 'NonExistent' not in snapshot for mission 'M001'. Skipped.
2026-08-16 17:53:46,841 - Code.Dynamic_War_Manager.Source.Context.Campaign_State - DEBUG - add_region_snapshot - Region snapshot added: mission=M001 region=Donbas
2026-08-16 17:53:46,841 - Code.Dynamic_War_Manager.Source.Context.Campaign_State - DEBUG - add_region_snapshot - Region snapshot added: mission=M001 region=Donbas
2026-08-16 17:53:46,841 - Code.Dynamic_War_Manager.Source.Context.Campaign_State - DEBUG - add_region_snapshot - Region snapshot added: mission=M001 region=Donbas
2026-08-16 17:53:46,841 - Code.Dynamic_War_Manager.Source.Context.Campaign_State - DEBUG - add_region_snapshot - Region snapshot added: mission=M001 region=Donbas
2026-08-16 17:53:46,841 - Code.Dynamic_War_Manager.Source.Context.Campaign_State - DEBUG - add_region_snapshot - Region snapshot added: mission=M_SR region=Donbas
2026-08-16 17:53:46,841 - Code.Dynamic_War_Manager.Source.Context.Campaign_State - DEBUG - add_region_snapshot - Region snapshot added: mission=M001 region=Donbas
2026-08-16 17:53:46,841 - Code.Dynamic_War_Manager.Source.Context.Campaign_State - DEBUG - add_region_snapshot - Region snapshot added: mission=M001 region=Donbas
2026-08-16 17:53:46,841 - Code.Dynamic_War_Manager.Source.Context.Campaign_State - DEBUG - add_region_snapshot - Region snapshot added: mission=M001 region=Donbas
2026-08-16 17:53:46,842 - Code.Dynamic_War_Manager.Source.Context.Campaign_State - DEBUG - add_region_snapshot - Region snapshot added: mission=M003 region=Donbas
2026-08-16 17:53:46,842 - Code.Dynamic_War_Manager.Source.Context.Campaign_State - DEBUG - add_region_snapshot - Region snapshot added: mission=M001 region=Donbas
2026-08-16 17:53:46,842 - Code.Dynamic_War_Manager.Source.Context.Campaign_State - DEBUG - add_region_snapshot - Region snapshot added: mission=M001 region=Donbas
2026-08-16 17:53:46,842 - Code.Dynamic_War_Manager.Source.Context.Campaign_State - DEBUG - add_region_snapshot - Region snapshot added: mission=M001 region=Donbas
2026-08-16 17:53:46,842 - Code.Dynamic_War_Manager.Source.Context.Campaign_State - DEBUG - add_region_snapshot - Region snapshot added: mission=M001 region=Donbas
2026-08-16 17:53:46,842 - Code.Dynamic_War_Manager.Source.Context.Campaign_State - DEBUG - add_region_snapshot - Region snapshot added: mission=M001 region=Donbas
2026-08-16 17:53:46,842 - Code.Dynamic_War_Manager.Source.Context.Campaign_State - DEBUG - add_region_snapshot - Region snapshot added: mission=M001 region=Donbas
2026-08-16 17:53:46,842 - Code.Dynamic_War_Manager.Source.Context.Campaign_State - DEBUG - add_region_snapshot - Region snapshot added: mission=M001 region=Donbas
2026-08-16 17:53:46,842 - Code.Dynamic_War_Manager.Source.Context.Campaign_State - DEBUG - add_region_snapshot - Region snapshot added: mission=M001 region=Donbas
2026-08-16 17:53:46,843 - Code.Dynamic_War_Manager.Source.Context.Campaign_State - DEBUG - add_region_snapshot - Region snapshot added: mission=M002 region=Donbas
2026-08-16 17:53:46,843 - Code.Dynamic_War_Manager.Source.Context.Campaign_State - DEBUG - add_region_snapshot - Region snapshot added: mission=M001 region=Donbas
2026-08-16 17:53:46,843 - Code.Dynamic_War_Manager.Source.Context.Campaign_State - DEBUG - add_region_snapshot - Region snapshot added: mission=M001 region=Donbas
2026-08-16 17:53:46,843 - Code.Dynamic_War_Manager.Source.Context.Campaign_State - DEBUG - add_region_snapshot - Region snapshot added: mission=M001 region=Donbas
2026-08-16 17:53:46,843 - Code.Dynamic_War_Manager.Source.Context.Campaign_State - DEBUG - add_block_snapshot - Block snapshot added: mission=M001 region=North block=B1
2026-08-16 17:53:46,843 - Code.Dynamic_War_Manager.Source.Context.Campaign_State - DEBUG - add_block_snapshot - Block snapshot added: mission=M001 region=North block=B1
2026-08-16 17:53:46,844 - Code.Dynamic_War_Manager.Source.Context.Campaign_State - DEBUG - add_block_snapshot - Block snapshot added: mission=M001 region=North block=BLK_001
2026-08-16 17:53:46,844 - Code.Dynamic_War_Manager.Source.Context.Campaign_State - DEBUG - add_block_snapshot - Block snapshot added: mission=M001 region=South block=BLK_001
2026-08-16 17:53:46,844 - Code.Dynamic_War_Manager.Source.Context.Campaign_State - DEBUG - add_block_snapshot - Block snapshot added: mission=M001 region=North block=BLK_001
2026-08-16 17:53:46,844 - Code.Dynamic_War_Manager.Source.Context.Campaign_State - DEBUG - add_block_snapshot - Block snapshot added: mission=M001 region=North block=BLK_001
2026-08-16 17:53:46,844 - Code.Dynamic_War_Manager.Source.Context.Campaign_State - DEBUG - add_block_snapshot - Block snapshot added: mission=M001 region=North block=BLK_001
2026-08-16 17:53:46,844 - Code.Dynamic_War_Manager.Source.Context.Campaign_State - DEBUG - add_block_snapshot - Block snapshot added: mission=M001 region=North block=BLK_002
2026-08-16 17:53:46,844 - Code.Dynamic_War_Manager.Source.Context.Campaign_State - DEBUG - add_block_snapshot - Block snapshot added: mission=M001 region=North block=BLK_001
2026-08-16 17:53:46,844 - Code.Dynamic_War_Manager.Source.Context.Campaign_State - DEBUG - add_region_snapshot - Region snapshot added: mission=M001 region=Donbas
2026-08-16 17:53:46,845 - Code.Dynamic_War_Manager.Source.Context.Campaign_State - DEBUG - add_region_snapshot - Region snapshot added: mission=M001 region=Crimea
2026-08-16 17:53:46,845 - Code.Dynamic_War_Manager.Source.Context.Campaign_State - DEBUG - add_region_snapshot - Region snapshot added: mission=M001 region=Donbas
2026-08-16 17:53:46,845 - Code.Dynamic_War_Manager.Source.Context.Campaign_State - DEBUG - add_region_snapshot - Region snapshot added: mission=M001 region=Donbas
2026-08-16 17:53:46,845 - Code.Dynamic_War_Manager.Source.Context.Campaign_State - DEBUG - add_region_snapshot - Region snapshot added: mission=M001 region=Donbas
2026-08-16 18:13:04,749 - Code.Dynamic_War_Manager.Source.Context.Campaign_State - DEBUG - add_region_snapshot - Region snapshot added: mission=M001 region=Donbas
2026-08-16 18:13:04,749 - Code.Dynamic_War_Manager.Source.Context.Campaign_State - DEBUG - add_region_snapshot - Region snapshot added: mission=M001 region=Donbas
2026-08-16 18:13:04,749 - Code.Dynamic_War_Manager.Source.Context.Campaign_State - DEBUG - add_region_snapshot - Region snapshot added: mission=M002 region=Donbas
2026-08-16 18:13:04,749 - Code.Dynamic_War_Manager.Source.Context.Campaign_State - INFO - save - CampaignState saved to /tmp/tmp7nhi8ndv.json (2 missions).
2026-08-16 18:13:04,749 - Code.Dynamic_War_Manager.Source.Context.Campaign_State - INFO - load - CampaignState loaded from /tmp/tmp7nhi8ndv.json (2 missions).
2026-08-16 18:13:04,750 - Code.Dynamic_War_Manager.Source.Context.Campaign_State - DEBUG - add_region_snapshot - Region snapshot added: mission=M001 region=Donbas
2026-08-16 18:13:04,750 - Code.Dynamic_War_Manager.Source.Context.Campaign_State - INFO - save - CampaignState saved to /tmp/tmp_fjhzyur.json (1 missions).
2026-08-16 18:13:04,750 - Code.Dynamic_War_Manager.Source.Context.Campaign_State - DEBUG - add_region_snapshot - Region snapshot added: mission=M001 region=Donbas
2026-08-16 18:13:04,750 - Code.Dynamic_War_Manager.Source.Context.Campaign_State - DEBUG - add_region_snapshot - Region snapshot added: mission=M001 region=Donbas
2026-08-16 18:13:04,750 - Code.Dynamic_War_Manager.Source.Context.Campaign_State - INFO - save - CampaignState saved to /tmp/tmp4ddw59xc.json (1 missions).
2026-08-16 18:13:04,750 - Code.Dynamic_War_Manager.Source.Context.Campaign_State - INFO - load - CampaignState loaded from /tmp/tmp4ddw59xc.json (1 missions).
2026-08-16 18:13:04,751 - Code.Dynamic_War_Manager.Source.Context.Campaign_State - DEBUG - add_region_snapshot - Region snapshot added: mission=M001 region=Donbas
2026-08-16 18:13:04,751 - Code.Dynamic_War_Manager.Source.Context.Campaign_State - INFO - save - CampaignState saved to /tmp/tmpv7j7p43r.json (1 missions).
2026-08-16 18:13:04,751 - Code.Dynamic_War_Manager.Source.Context.Campaign_State - INFO - load - CampaignState loaded from /tmp/tmpv7j7p43r.json (1 missions).
2026-08-16 18:13:04,751 - Code.Dynamic_War_Manager.Source.Context.Campaign_State - DEBUG - add_region_snapshot - Region snapshot added: mission=M001 region=Donbas
2026-08-16 18:13:04,751 - Code.Dynamic_War_Manager.Source.Context.Campaign_State - DEBUG - add_region_snapshot - Region snapshot added: mission=M001 region=Donbas
2026-08-16 18:13:04,751 - Code.Dynamic_War_Manager.Source.Context.Campaign_State - DEBUG - add_region_snapshot - Region snapshot added: mission=M002 region=Donbas
2026-08-16 18:13:04,751 - Code.Dynamic_War_Manager.Source.Context.Campaign_State - DEBUG - add_region_snapshot - Region snapshot added: mission=M001 region=Donbas
2026-08-16 18:13:04,752 - Code.Dynamic_War_Manager.Source.Context.Campaign_State - DEBUG - add_region_snapshot - Region snapshot added: mission=M001 region=Donbas
2026-08-16 18:13:04,752 - Code.Dynamic_War_Manager.Source.Context.Campaign_State - DEBUG - add_region_snapshot - Region snapshot added: mission=M002 region=Donbas
2026-08-16 18:13:04,752 - Code.Dynamic_War_Manager.Source.Context.Campaign_State - DEBUG - add_region_snapshot - Region snapshot added: mission=M001 region=Donbas
2026-08-16 18:13:04,752 - Code.Dynamic_War_Manager.Source.Context.Campaign_State - DEBUG - add_region_snapshot - Region snapshot added: mission=M001 region=Donbas
2026-08-16 18:13:04,752 - Code.Dynamic_War_Manager.Source.Context.Campaign_State - DEBUG - add_region_snapshot - Region snapshot added: mission=M001 region=Donbas
2026-08-16 18:13:04,752 - Code.Dynamic_War_Manager.Source.Context.Campaign_State - DEBUG - add_region_snapshot - Region snapshot added: mission=M001 region=Donbas
2026-08-16 18:13:04,752 - Code.Dynamic_War_Manager.Source.Context.Campaign_State - DEBUG - add_region_snapshot - Region snapshot added: mission=M001 region=Donbas
2026-08-16 18:13:04,752 - Code.Dynamic_War_Manager.Source.Context.Campaign_State - DEBUG - add_region_snapshot - Region snapshot added: mission=M002 region=Donbas
2026-08-16 18:13:04,752 - Code.Dynamic_War_Manager.Source.Context.Campaign_State - DEBUG - add_region_snapshot - Region snapshot added: mission=M001 region=Donbas
2026-08-16 18:13:04,753 - Code.Dynamic_War_Manager.Source.Context.Campaign_State - DEBUG - add_region_snapshot - Region snapshot added: mission=M001 region=Donbas
2026-08-16 18:13:04,753 - Code.Dynamic_War_Manager.Source.Context.Campaign_State - DEBUG - add_region_snapshot - Region snapshot added: mission=M001 region=Donbas
2026-08-16 18:13:04,753 - Code.Dynamic_War_Manager.Source.Context.Campaign_State - DEBUG - add_region_snapshot - Region snapshot added: mission=M001 region=Donbas
2026-08-16 18:13:04,753 - Code.Dynamic_War_Manager.Source.Context.Campaign_State - DEBUG - add_region_snapshot - Region snapshot added: mission=M001 region=Donbas
2026-08-16 18:13:04,753 - Code.Dynamic_War_Manager.Source.Context.Campaign_State - DEBUG - add_region_snapshot - Region snapshot added: mission=M001 region=Donbas
2026-08-16 18:13:04,753 - Code.Dynamic_War_Manager.Source.Context.Campaign_State - DEBUG - add_region_snapshot - Region snapshot added: mission=M002 region=Donbas
2026-08-16 18:13:04,753 - Code.Dynamic_War_Manager.Source.Context.Campaign_State - DEBUG - add_region_snapshot - Region snapshot added: mission=M001 region=Donbas
2026-08-16 18:13:04,753 - Code.Dynamic_War_Manager.Source.Context.Campaign_State - DEBUG - add_region_snapshot - Region snapshot added: mission=M002 region=Donbas
2026-08-16 18:13:04,753 - Code.Dynamic_War_Manager.Source.Context.Campaign_State - DEBUG - add_region_snapshot - Region snapshot added: mission=M001 region=Donbas
2026-08-16 18:13:04,754 - Code.Dynamic_War_Manager.Source.Context.Campaign_State - DEBUG - add_region_snapshot - Region snapshot added: mission=M001 region=Donbas
2026-08-16 18:13:04,754 - Code.Dynamic_War_Manager.Source.Context.Campaign_State - DEBUG - add_region_snapshot - Region snapshot added: mission=M001 region=Donbas
2026-08-16 18:13:04,754 - Code.Dynamic_War_Manager.Source.Context.Campaign_State - DEBUG - add_region_snapshot - Region snapshot added: mission=M001 region=Donbas
2026-08-16 18:13:04,754 - Code.Dynamic_War_Manager.Source.Context.Campaign_State - DEBUG - add_region_snapshot - Region snapshot added: mission=M001 region=Donbas
2026-08-16 18:13:04,754 - Code.Dynamic_War_Manager.Source.Context.Campaign_State - DEBUG - add_region_snapshot - Region snapshot added: mission=M001 region=Donbas
2026-08-16 18:13:04,754 - Code.Dynamic_War_Manager.Source.Context.Campaign_State - DEBUG - add_region_snapshot - Region snapshot added: mission=M001 region=Donbas
2026-08-16 18:13:04,754 - Code.Dynamic_War_Manager.Source.Context.Campaign_State - DEBUG - add_region_snapshot - Region snapshot added: mission=M001 region=Donbas
2026-08-16 18:13:04,755 - Code.Dynamic_War_Manager.Source.Context.Campaign_State - DEBUG - add_region_snapshot - Region snapshot added: mission=M001 region=Donbas
2026-08-16 18:13:04,755 - Code.Dynamic_War_Manager.Source.Context.Campaign_State - DEBUG - add_region_snapshot - Region snapshot added: mission=M001 region=Donbas
2026-08-16 18:13:04,755 - Code.Dynamic_War_Manager.Source.Context.Campaign_State - DEBUG - add_region_snapshot - Region snapshot added: mission=M001 region=Donbas
2026-08-16 18:13:04,755 - Code.Dynamic_War_Manager.Source.Context.Campaign_State - WARNING - restore - Region 'NonExistent' not in snapshot for mission 'M001'. Skipped.
2026-08-16 18:13:04,755 - Code.Dynamic_War_Manager.Source.Context.Campaign_State - DEBUG - add_region_snapshot - Region snapshot added: mission=M001 region=Donbas
2026-08-16 18:13:04,755 - Code.Dynamic_War_Manager.Source.Context.Campaign_State - DEBUG - add_region_snapshot - Region snapshot added: mission=M001 region=Donbas
2026-08-16 18:13:04,755 - Code.Dynamic_War_Manager.Source.Context.Campaign_State - DEBUG - add_region_snapshot - Region snapshot added: mission=M001 region=Donbas
2026-08-16 18:13:04,755 - Code.Dynamic_War_Manager.Source.Context.Campaign_State - DEBUG - add_region_snapshot - Region snapshot added: mission=M001 region=Donbas
2026-08-16 18:13:04,756 - Code.Dynamic_War_Manager.Source.Context.Campaign_State - DEBUG - add_region_snapshot - Region snapshot added: mission=M_SR region=Donbas
2026-08-16 18:13:04,756 - Code.Dynamic_War_Manager.Source.Context.Campaign_State - DEBUG - add_region_snapshot - Region snapshot added: mission=M001 region=Donbas
2026-08-16 18:13:04,756 - Code.Dynamic_War_Manager.Source.Context.Campaign_State - DEBUG - add_region_snapshot - Region snapshot added: mission=M001 region=Donbas
2026-08-16 18:13:04,756 - Code.Dynamic_War_Manager.Source.Context.Campaign_State - DEBUG - add_region_snapshot - Region snapshot added: mission=M001 region=Donbas
2026-08-16 18:13:04,756 - Code.Dynamic_War_Manager.Source.Context.Campaign_State - DEBUG - add_region_snapshot - Region snapshot added: mission=M003 region=Donbas
2026-08-16 18:13:04,756 - Code.Dynamic_War_Manager.Source.Context.Campaign_State - DEBUG - add_region_snapshot - Region snapshot added: mission=M001 region=Donbas
2026-08-16 18:13:04,756 - Code.Dynamic_War_Manager.Source.Context.Campaign_State - DEBUG - add_region_snapshot - Region snapshot added: mission=M001 region=Donbas
2026-08-16 18:13:04,756 - Code.Dynamic_War_Manager.Source.Context.Campaign_State - DEBUG - add_region_snapshot - Region snapshot added: mission=M001 region=Donbas
2026-08-16 18:13:04,756 - Code.Dynamic_War_Manager.Source.Context.Campaign_State - DEBUG - add_region_snapshot - Region snapshot added: mission=M001 region=Donbas
2026-08-16 18:13:04,756 - Code.Dynamic_War_Manager.Source.Context.Campaign_State - DEBUG - add_region_snapshot - Region snapshot added: mission=M001 region=Donbas
2026-08-16 18:13:04,757 - Code.Dynamic_War_Manager.Source.Context.Campaign_State - DEBUG - add_region_snapshot - Region snapshot added: mission=M001 region=Donbas
2026-08-16 18:13:04,757 - Code.Dynamic_War_Manager.Source.Context.Campaign_State - DEBUG - add_region_snapshot - Region snapshot added: mission=M001 region=Donbas
2026-08-16 18:13:04,757 - Code.Dynamic_War_Manager.Source.Context.Campaign_State - DEBUG - add_region_snapshot - Region snapshot added: mission=M001 region=Donbas
2026-08-16 18:13:04,757 - Code.Dynamic_War_Manager.Source.Context.Campaign_State - DEBUG - add_region_snapshot - Region snapshot added: mission=M002 region=Donbas
2026-08-16 18:13:04,757 - Code.Dynamic_War_Manager.Source.Context.Campaign_State - DEBUG - add_region_snapshot - Region snapshot added: mission=M001 region=Donbas
2026-08-16 18:13:04,757 - Code.Dynamic_War_Manager.Source.Context.Campaign_State - DEBUG - add_region_snapshot - Region snapshot added: mission=M001 region=Donbas
2026-08-16 18:13:04,757 - Code.Dynamic_War_Manager.Source.Context.Campaign_State - DEBUG - add_region_snapshot - Region snapshot added: mission=M001 region=Donbas
2026-08-16 18:13:04,757 - Code.Dynamic_War_Manager.Source.Context.Campaign_State - DEBUG - add_block_snapshot - Block snapshot added: mission=M001 region=North block=B1
2026-08-16 18:13:04,758 - Code.Dynamic_War_Manager.Source.Context.Campaign_State - DEBUG - add_block_snapshot - Block snapshot added: mission=M001 region=North block=B1
2026-08-16 18:13:04,758 - Code.Dynamic_War_Manager.Source.Context.Campaign_State - DEBUG - add_block_snapshot - Block snapshot added: mission=M001 region=North block=BLK_001
2026-08-16 18:13:04,758 - Code.Dynamic_War_Manager.Source.Context.Campaign_State - DEBUG - add_block_snapshot - Block snapshot added: mission=M001 region=South block=BLK_001
2026-08-16 18:13:04,758 - Code.Dynamic_War_Manager.Source.Context.Campaign_State - DEBUG - add_block_snapshot - Block snapshot added: mission=M001 region=North block=BLK_001
2026-08-16 18:13:04,758 - Code.Dynamic_War_Manager.Source.Context.Campaign_State - DEBUG - add_block_snapshot - Block snapshot added: mission=M001 region=North block=BLK_001
2026-08-16 18:13:04,759 - Code.Dynamic_War_Manager.Source.Context.Campaign_State - DEBUG - add_block_snapshot - Block snapshot added: mission=M001 region=North block=BLK_001
2026-08-16 18:13:04,759 - Code.Dynamic_War_Manager.Source.Context.Campaign_State - DEBUG - add_block_snapshot - Block snapshot added: mission=M001 region=North block=BLK_002
2026-08-16 18:13:04,759 - Code.Dynamic_War_Manager.Source.Context.Campaign_State - DEBUG - add_block_snapshot - Block snapshot added: mission=M001 region=North block=BLK_001
2026-08-16 18:13:04,759 - Code.Dynamic_War_Manager.Source.Context.Campaign_State - DEBUG - add_region_snapshot - Region snapshot added: mission=M001 region=Donbas
2026-08-16 18:13:04,759 - Code.Dynamic_War_Manager.Source.Context.Campaign_State - DEBUG - add_region_snapshot - Region snapshot added: mission=M001 region=Crimea
2026-08-16 18:13:04,759 - Code.Dynamic_War_Manager.Source.Context.Campaign_State - DEBUG - add_region_snapshot - Region snapshot added: mission=M001 region=Donbas
2026-08-16 18:13:04,759 - Code.Dynamic_War_Manager.Source.Context.Campaign_State - DEBUG - add_region_snapshot - Region snapshot added: mission=M001 region=Donbas
2026-08-16 18:13:04,759 - Code.Dynamic_War_Manager.Source.Context.Campaign_State - DEBUG - add_region_snapshot - Region snapshot added: mission=M001 region=Donbas
2026-08-17 09:48:58,609 - Code.Dynamic_War_Manager.Source.Context.Campaign_State - DEBUG - add_region_snapshot - Region snapshot added: mission=M001 region=Donbas
2026-08-17 09:48:58,631 - Code.Dynamic_War_Manager.Source.Context.Campaign_State - DEBUG - add_region_snapshot - Region snapshot added: mission=M001 region=Donbas
2026-08-17 09:48:58,631 - Code.Dynamic_War_Manager.Source.Context.Campaign_State - DEBUG - add_region_snapshot - Region snapshot added: mission=M002 region=Donbas
2026-08-17 09:48:58,632 - Code.Dynamic_War_Manager.Source.Context.Campaign_State - INFO - save - CampaignState saved to /tmp/tmp53smkzq0.json (2 missions).
2026-08-17 09:48:58,632 - Code.Dynamic_War_Manager.Source.Context.Campaign_State - INFO - load - CampaignState loaded from /tmp/tmp53smkzq0.json (2 missions).
2026-08-17 09:48:58,632 - Code.Dynamic_War_Manager.Source.Context.Campaign_State - DEBUG - add_region_snapshot - Region snapshot added: mission=M001 region=Donbas
2026-08-17 09:48:58,632 - Code.Dynamic_War_Manager.Source.Context.Campaign_State - INFO - save - CampaignState saved to /tmp/tmp6e84ibbq.json (1 missions).
2026-08-17 09:48:58,633 - Code.Dynamic_War_Manager.Source.Context.Campaign_State - DEBUG - add_region_snapshot - Region snapshot added: mission=M001 region=Donbas
2026-08-17 09:48:58,633 - Code.Dynamic_War_Manager.Source.Context.Campaign_State - DEBUG - add_region_snapshot - Region snapshot added: mission=M001 region=Donbas
2026-08-17 09:48:58,633 - Code.Dynamic_War_Manager.Source.Context.Campaign_State - INFO - save - CampaignState saved to /tmp/tmp7akzdqbz.json (1 missions).
2026-08-17 09:48:58,633 - Code.Dynamic_War_Manager.Source.Context.Campaign_State - INFO - load - CampaignState loaded from /tmp/tmp7akzdqbz.json (1 missions).
2026-08-17 09:48:58,633 - Code.Dynamic_War_Manager.Source.Context.Campaign_State - DEBUG - add_region_snapshot - Region snapshot added: mission=M001 region=Donbas
2026-08-17 09:48:58,633 - Code.Dynamic_War_Manager.Source.Context.Campaign_State - INFO - save - CampaignState saved to /tmp/tmp7p_kz_lb.json (1 missions).
2026-08-17 09:48:58,633 - Code.Dynamic_War_Manager.Source.Context.Campaign_State - INFO - load - CampaignState loaded from /tmp/tmp7p_kz_lb.json (1 missions).
2026-08-17 09:48:58,634 - Code.Dynamic_War_Manager.Source.Context.Campaign_State - DEBUG - add_region_snapshot - Region snapshot added: mission=M001 region=Donbas
2026-08-17 09:48:58,634 - Code.Dynamic_War_Manager.Source.Context.Campaign_State - DEBUG - add_region_snapshot - Region snapshot added: mission=M001 region=Donbas
2026-08-17 09:48:58,634 - Code.Dynamic_War_Manager.Source.Context.Campaign_State - DEBUG - add_region_snapshot - Region snapshot added: mission=M002 region=Donbas
2026-08-17 09:48:58,634 - Code.Dynamic_War_Manager.Source.Context.Campaign_State - DEBUG - add_region_snapshot - Region snapshot added: mission=M001 region=Donbas
2026-08-17 09:48:58,634 - Code.Dynamic_War_Manager.Source.Context.Campaign_State - DEBUG - add_region_snapshot - Region snapshot added: mission=M001 region=Donbas
2026-08-17 09:48:58,634 - Code.Dynamic_War_Manager.Source.Context.Campaign_State - DEBUG - add_region_snapshot - Region snapshot added: mission=M002 region=Donbas
2026-08-17 09:48:58,634 - Code.Dynamic_War_Manager.Source.Context.Campaign_State - DEBUG - add_region_snapshot - Region snapshot added: mission=M001 region=Donbas
2026-08-17 09:48:58,634 - Code.Dynamic_War_Manager.Source.Context.Campaign_State - DEBUG - add_region_snapshot - Region snapshot added: mission=M001 region=Donbas
2026-08-17 09:48:58,634 - Code.Dynamic_War_Manager.Source.Context.Campaign_State - DEBUG - add_region_snapshot - Region snapshot added: mission=M001 region=Donbas
2026-08-17 09:48:58,635 - Code.Dynamic_War_Manager.Source.Context.Campaign_State - DEBUG - add_region_snapshot - Region snapshot added: mission=M001 region=Donbas
2026-08-17 09:48:58,635 - Code.Dynamic_War_Manager.Source.Context.Campaign_State - DEBUG - add_region_snapshot - Region snapshot added: mission=M001 region=Donbas
2026-08-17 09:48:58,635 - Code.Dynamic_War_Manager.Source.Context.Campaign_State - DEBUG - add_region_snapshot - Region snapshot added: mission=M002 region=Donbas
2026-08-17 09:48:58,635 - Code.Dynamic_War_Manager.Source.Context.Campaign_State - DEBUG - add_region_snapshot - Region snapshot added: mission=M001 region=Donbas
2026-08-17 09:48:58,635 - Code.Dynamic_War_Manager.Source.Context.Campaign_State - DEBUG - add_region_snapshot - Region snapshot added: mission=M001 region=Donbas
2026-08-17 09:48:58,635 - Code.Dynamic_War_Manager.Source.Context.Campaign_State - DEBUG - add_region_snapshot - Region snapshot added: mission=M001 region=Donbas
2026-08-17 09:48:58,635 - Code.Dynamic_War_Manager.Source.Context.Campaign_State - DEBUG - add_region_snapshot - Region snapshot added: mission=M001 region=Donbas
2026-08-17 09:48:58,635 - Code.Dynamic_War_Manager.Source.Context.Campaign_State - DEBUG - add_region_snapshot - Region snapshot added: mission=M001 region=Donbas
2026-08-17 09:48:58,636 - Code.Dynamic_War_Manager.Source.Context.Campaign_State - DEBUG - add_region_snapshot - Region snapshot added: mission=M001 region=Donbas
2026-08-17 09:48:58,636 - Code.Dynamic_War_Manager.Source.Context.Campaign_State - DEBUG - add_region_snapshot - Region snapshot added: mission=M002 region=Donbas
2026-08-17 09:48:58,636 - Code.Dynamic_War_Manager.Source.Context.Campaign_State - DEBUG - add_region_snapshot - Region snapshot added: mission=M001 region=Donbas
2026-08-17 09:48:58,636 - Code.Dynamic_War_Manager.Source.Context.Campaign_State - DEBUG - add_region_snapshot - Region snapshot added: mission=M002 region=Donbas
2026-08-17 09:48:58,636 - Code.Dynamic_War_Manager.Source.Context.Campaign_State - DEBUG - add_region_snapshot - Region snapshot added: mission=M001 region=Donbas
2026-08-17 09:48:58,636 - Code.Dynamic_War_Manager.Source.Context.Campaign_State - DEBUG - add_region_snapshot - Region snapshot added: mission=M001 region=Donbas
2026-08-17 09:48:58,636 - Code.Dynamic_War_Manager.Source.Context.Campaign_State - DEBUG - add_region_snapshot - Region snapshot added: mission=M001 region=Donbas
2026-08-17 09:48:58,636 - Code.Dynamic_War_Manager.Source.Context.Campaign_State - DEBUG - add_region_snapshot - Region snapshot added: mission=M001 region=Donbas
2026-08-17 09:48:58,637 - Code.Dynamic_War_Manager.Source.Context.Campaign_State - DEBUG - add_region_snapshot - Region snapshot added: mission=M001 region=Donbas
2026-08-17 09:48:58,637 - Code.Dynamic_War_Manager.Source.Context.Campaign_State - DEBUG - add_region_snapshot - Region snapshot added: mission=M001 region=Donbas
2026-08-17 09:48:58,637 - Code.Dynamic_War_Manager.Source.Context.Campaign_State - DEBUG - add_region_snapshot - Region snapshot added: mission=M001 region=Donbas
2026-08-17 09:48:58,637 - Code.Dynamic_War_Manager.Source.Context.Campaign_State - DEBUG - add_region_snapshot - Region snapshot added: mission=M001 region=Donbas
2026-08-17 09:48:58,637 - Code.Dynamic_War_Manager.Source.Context.Campaign_State - DEBUG - add_region_snapshot - Region snapshot added: mission=M001 region=Donbas
2026-08-17 09:48:58,637 - Code.Dynamic_War_Manager.Source.Context.Campaign_State - DEBUG - add_region_snapshot - Region snapshot added: mission=M001 region=Donbas
2026-08-17 09:48:58,637 - Code.Dynamic_War_Manager.Source.Context.Campaign_State - DEBUG - add_region_snapshot - Region snapshot added: mission=M001 region=Donbas
2026-08-17 09:48:58,637 - Code.Dynamic_War_Manager.Source.Context.Campaign_State - WARNING - restore - Region 'NonExistent' not in snapshot for mission 'M001'. Skipped.
2026-08-17 09:48:58,637 - Code.Dynamic_War_Manager.Source.Context.Campaign_State - DEBUG - add_region_snapshot - Region snapshot added: mission=M001 region=Donbas
2026-08-17 09:48:58,638 - Code.Dynamic_War_Manager.Source.Context.Campaign_State - DEBUG - add_region_snapshot - Region snapshot added: mission=M001 region=Donbas
2026-08-17 09:48:58,638 - Code.Dynamic_War_Manager.Source.Context.Campaign_State - DEBUG - add_region_snapshot - Region snapshot added: mission=M001 region=Donbas
2026-08-17 09:48:58,638 - Code.Dynamic_War_Manager.Source.Context.Campaign_State - DEBUG - add_region_snapshot - Region snapshot added: mission=M001 region=Donbas
2026-08-17 09:48:58,638 - Code.Dynamic_War_Manager.Source.Context.Campaign_State - DEBUG - add_region_snapshot - Region snapshot added: mission=M_SR region=Donbas
2026-08-17 09:48:58,638 - Code.Dynamic_War_Manager.Source.Context.Campaign_State - DEBUG - add_region_snapshot - Region snapshot added: mission=M001 region=Donbas
2026-08-17 09:48:58,638 - Code.Dynamic_War_Manager.Source.Context.Campaign_State - DEBUG - add_region_snapshot - Region snapshot added: mission=M001 region=Donbas
2026-08-17 09:48:58,638 - Code.Dynamic_War_Manager.Source.Context.Campaign_State - DEBUG - add_region_snapshot - Region snapshot added: mission=M001 region=Donbas
2026-08-17 09:48:58,638 - Code.Dynamic_War_Manager.Source.Context.Campaign_State - DEBUG - add_region_snapshot - Region snapshot added: mission=M003 region=Donbas
2026-08-17 09:48:58,638 - Code.Dynamic_War_Manager.Source.Context.Campaign_State - DEBUG - add_region_snapshot - Region snapshot added: mission=M001 region=Donbas
2026-08-17 09:48:58,639 - Code.Dynamic_War_Manager.Source.Context.Campaign_State - DEBUG - add_region_snapshot - Region snapshot added: mission=M001 region=Donbas
2026-08-17 09:48:58,639 - Code.Dynamic_War_Manager.Source.Context.Campaign_State - DEBUG - add_region_snapshot - Region snapshot added: mission=M001 region=Donbas
2026-08-17 09:48:58,639 - Code.Dynamic_War_Manager.Source.Context.Campaign_State - DEBUG - add_region_snapshot - Region snapshot added: mission=M001 region=Donbas
2026-08-17 09:48:58,639 - Code.Dynamic_War_Manager.Source.Context.Campaign_State - DEBUG - add_region_snapshot - Region snapshot added: mission=M001 region=Donbas
2026-08-17 09:48:58,639 - Code.Dynamic_War_Manager.Source.Context.Campaign_State - DEBUG - add_region_snapshot - Region snapshot added: mission=M001 region=Donbas
2026-08-17 09:48:58,639 - Code.Dynamic_War_Manager.Source.Context.Campaign_State - DEBUG - add_region_snapshot - Region snapshot added: mission=M001 region=Donbas
2026-08-17 09:48:58,639 - Code.Dynamic_War_Manager.Source.Context.Campaign_State - DEBUG - add_region_snapshot - Region snapshot added: mission=M001 region=Donbas
2026-08-17 09:48:58,639 - Code.Dynamic_War_Manager.Source.Context.Campaign_State - DEBUG - add_region_snapshot - Region snapshot added: mission=M002 region=Donbas
2026-08-17 09:48:58,639 - Code.Dynamic_War_Manager.Source.Context.Campaign_State - DEBUG - add_region_snapshot - Region snapshot added: mission=M001 region=Donbas
2026-08-17 09:48:58,639 - Code.Dynamic_War_Manager.Source.Context.Campaign_State - DEBUG - add_region_snapshot - Region snapshot added: mission=M001 region=Donbas
2026-08-17 09:48:58,640 - Code.Dynamic_War_Manager.Source.Context.Campaign_State - DEBUG - add_region_snapshot - Region snapshot added: mission=M001 region=Donbas
2026-08-17 09:48:58,640 - Code.Dynamic_War_Manager.Source.Context.Campaign_State - DEBUG - add_block_snapshot - Block snapshot added: mission=M001 region=North block=B1
2026-08-17 09:48:58,640 - Code.Dynamic_War_Manager.Source.Context.Campaign_State - DEBUG - add_block_snapshot - Block snapshot added: mission=M001 region=North block=B1
2026-08-17 09:48:58,640 - Code.Dynamic_War_Manager.Source.Context.Campaign_State - DEBUG - add_block_snapshot - Block snapshot added: mission=M001 region=North block=BLK_001
2026-08-17 09:48:58,641 - Code.Dynamic_War_Manager.Source.Context.Campaign_State - DEBUG - add_block_snapshot - Block snapshot added: mission=M001 region=South block=BLK_001
2026-08-17 09:48:58,641 - Code.Dynamic_War_Manager.Source.Context.Campaign_State - DEBUG - add_block_snapshot - Block snapshot added: mission=M001 region=North block=BLK_001
2026-08-17 09:48:58,641 - Code.Dynamic_War_Manager.Source.Context.Campaign_State - DEBUG - add_block_snapshot - Block snapshot added: mission=M001 region=North block=BLK_001
2026-08-17 09:48:58,641 - Code.Dynamic_War_Manager.Source.Context.Campaign_State - DEBUG - add_block_snapshot - Block snapshot added: mission=M001 region=North block=BLK_001
2026-08-17 09:48:58,641 - Code.Dynamic_War_Manager.Source.Context.Campaign_State - DEBUG - add_block_snapshot - Block snapshot added: mission=M001 region=North block=BLK_002
2026-08-17 09:48:58,641 - Code.Dynamic_War_Manager.Source.Context.Campaign_State - DEBUG - add_block_snapshot - Block snapshot added: mission=M001 region=North block=BLK_001
2026-08-17 09:48:58,641 - Code.Dynamic_War_Manager.Source.Context.Campaign_State - DEBUG - add_region_snapshot - Region snapshot added: mission=M001 region=Donbas
2026-08-17 09:48:58,641 - Code.Dynamic_War_Manager.Source.Context.Campaign_State - DEBUG - add_region_snapshot - Region snapshot added: mission=M001 region=Crimea
2026-08-17 09:48:58,641 - Code.Dynamic_War_Manager.Source.Context.Campaign_State - DEBUG - add_region_snapshot - Region snapshot added: mission=M001 region=Donbas
2026-08-17 09:48:58,641 - Code.Dynamic_War_Manager.Source.Context.Campaign_State - DEBUG - add_region_snapshot - Region snapshot added: mission=M001 region=Donbas
2026-08-17 09:48:58,641 - Code.Dynamic_War_Manager.Source.Context.Campaign_State - DEBUG - add_region_snapshot - Region snapshot added: mission=M001 region=Donbas
2026-08-17 09:50:40,957 - Code.Dynamic_War_Manager.Source.Context.Campaign_State - DEBUG - add_region_snapshot - Region snapshot added: mission=M001 region=Donbas
2026-08-17 09:50:40,957 - Code.Dynamic_War_Manager.Source.Context.Campaign_State - DEBUG - add_region_snapshot - Region snapshot added: mission=M001 region=Donbas
2026-08-17 09:50:40,957 - Code.Dynamic_War_Manager.Source.Context.Campaign_State - DEBUG - add_region_snapshot - Region snapshot added: mission=M002 region=Donbas
2026-08-17 09:50:40,958 - Code.Dynamic_War_Manager.Source.Context.Campaign_State - INFO - save - CampaignState saved to /tmp/tmpcma9e4hk.json (2 missions).
2026-08-17 09:50:40,958 - Code.Dynamic_War_Manager.Source.Context.Campaign_State - INFO - load - CampaignState loaded from /tmp/tmpcma9e4hk.json (2 missions).
2026-08-17 09:50:40,958 - Code.Dynamic_War_Manager.Source.Context.Campaign_State - DEBUG - add_region_snapshot - Region snapshot added: mission=M001 region=Donbas
2026-08-17 09:50:40,958 - Code.Dynamic_War_Manager.Source.Context.Campaign_State - INFO - save - CampaignState saved to /tmp/tmptx5o8gpl.json (1 missions).
2026-08-17 09:50:40,959 - Code.Dynamic_War_Manager.Source.Context.Campaign_State - DEBUG - add_region_snapshot - Region snapshot added: mission=M001 region=Donbas
2026-08-17 09:50:40,959 - Code.Dynamic_War_Manager.Source.Context.Campaign_State - DEBUG - add_region_snapshot - Region snapshot added: mission=M001 region=Donbas
2026-08-17 09:50:40,960 - Code.Dynamic_War_Manager.Source.Context.Campaign_State - INFO - save - CampaignState saved to /tmp/tmp6rqzj70_.json (1 missions).
2026-08-17 09:50:40,960 - Code.Dynamic_War_Manager.Source.Context.Campaign_State - INFO - load - CampaignState loaded from /tmp/tmp6rqzj70_.json (1 missions).
2026-08-17 09:50:40,960 - Code.Dynamic_War_Manager.Source.Context.Campaign_State - DEBUG - add_region_snapshot - Region snapshot added: mission=M001 region=Donbas
2026-08-17 09:50:40,961 - Code.Dynamic_War_Manager.Source.Context.Campaign_State - INFO - save - CampaignState saved to /tmp/tmpegwvqkml.json (1 missions).
2026-08-17 09:50:40,961 - Code.Dynamic_War_Manager.Source.Context.Campaign_State - INFO - load - CampaignState loaded from /tmp/tmpegwvqkml.json (1 missions).
2026-08-17 09:50:40,961 - Code.Dynamic_War_Manager.Source.Context.Campaign_State - DEBUG - add_region_snapshot - Region snapshot added: mission=M001 region=Donbas
2026-08-17 09:50:40,961 - Code.Dynamic_War_Manager.Source.Context.Campaign_State - DEBUG - add_region_snapshot - Region snapshot added: mission=M001 region=Donbas
2026-08-17 09:50:40,961 - Code.Dynamic_War_Manager.Source.Context.Campaign_State - DEBUG - add_region_snapshot - Region snapshot added: mission=M002 region=Donbas
2026-08-17 09:50:40,961 - Code.Dynamic_War_Manager.Source.Context.Campaign_State - DEBUG - add_region_snapshot - Region snapshot added: mission=M001 region=Donbas
2026-08-17 09:50:40,961 - Code.Dynamic_War_Manager.Source.Context.Campaign_State - DEBUG - add_region_snapshot - Region snapshot added: mission=M001 region=Donbas
2026-08-17 09:50:40,961 - Code.Dynamic_War_Manager.Source.Context.Campaign_State - DEBUG - add_region_snapshot - Region snapshot added: mission=M002 region=Donbas
2026-08-17 09:50:40,961 - Code.Dynamic_War_Manager.Source.Context.Campaign_State - DEBUG - add_region_snapshot - Region snapshot added: mission=M001 region=Donbas
2026-08-17 09:50:40,961 - Code.Dynamic_War_Manager.Source.Context.Campaign_State - DEBUG - add_region_snapshot - Region snapshot added: mission=M001 region=Donbas
2026-08-17 09:50:40,962 - Code.Dynamic_War_Manager.Source.Context.Campaign_State - DEBUG - add_region_snapshot - Region snapshot added: mission=M001 region=Donbas
2026-08-17 09:50:40,962 - Code.Dynamic_War_Manager.Source.Context.Campaign_State - DEBUG - add_region_snapshot - Region snapshot added: mission=M001 region=Donbas
2026-08-17 09:50:40,962 - Code.Dynamic_War_Manager.Source.Context.Campaign_State - DEBUG - add_region_snapshot - Region snapshot added: mission=M001 region=Donbas
2026-08-17 09:50:40,962 - Code.Dynamic_War_Manager.Source.Context.Campaign_State - DEBUG - add_region_snapshot - Region snapshot added: mission=M002 region=Donbas
2026-08-17 09:50:40,962 - Code.Dynamic_War_Manager.Source.Context.Campaign_State - DEBUG - add_region_snapshot - Region snapshot added: mission=M001 region=Donbas
2026-08-17 09:50:40,962 - Code.Dynamic_War_Manager.Source.Context.Campaign_State - DEBUG - add_region_snapshot - Region snapshot added: mission=M001 region=Donbas
2026-08-17 09:50:40,962 - Code.Dynamic_War_Manager.Source.Context.Campaign_State - DEBUG - add_region_snapshot - Region snapshot added: mission=M001 region=Donbas
2026-08-17 09:50:40,962 - Code.Dynamic_War_Manager.Source.Context.Campaign_State - DEBUG - add_region_snapshot - Region snapshot added: mission=M001 region=Donbas
2026-08-17 09:50:40,962 - Code.Dynamic_War_Manager.Source.Context.Campaign_State - DEBUG - add_region_snapshot - Region snapshot added: mission=M001 region=Donbas
2026-08-17 09:50:40,962 - Code.Dynamic_War_Manager.Source.Context.Campaign_State - DEBUG - add_region_snapshot - Region snapshot added: mission=M001 region=Donbas
2026-08-17 09:50:40,962 - Code.Dynamic_War_Manager.Source.Context.Campaign_State - DEBUG - add_region_snapshot - Region snapshot added: mission=M002 region=Donbas
2026-08-17 09:50:40,963 - Code.Dynamic_War_Manager.Source.Context.Campaign_State - DEBUG - add_region_snapshot - Region snapshot added: mission=M001 region=Donbas
2026-08-17 09:50:40,963 - Code.Dynamic_War_Manager.Source.Context.Campaign_State - DEBUG - add_region_snapshot - Region snapshot added: mission=M002 region=Donbas
2026-08-17 09:50:40,963 - Code.Dynamic_War_Manager.Source.Context.Campaign_State - DEBUG - add_region_snapshot - Region snapshot added: mission=M001 region=Donbas
2026-08-17 09:50:40,963 - Code.Dynamic_War_Manager.Source.Context.Campaign_State - DEBUG - add_region_snapshot - Region snapshot added: mission=M001 region=Donbas
2026-08-17 09:50:40,963 - Code.Dynamic_War_Manager.Source.Context.Campaign_State - DEBUG - add_region_snapshot - Region snapshot added: mission=M001 region=Donbas
2026-08-17 09:50:40,963 - Code.Dynamic_War_Manager.Source.Context.Campaign_State - DEBUG - add_region_snapshot - Region snapshot added: mission=M001 region=Donbas
2026-08-17 09:50:40,963 - Code.Dynamic_War_Manager.Source.Context.Campaign_State - DEBUG - add_region_snapshot - Region snapshot added: mission=M001 region=Donbas
2026-08-17 09:50:40,964 - Code.Dynamic_War_Manager.Source.Context.Campaign_State - DEBUG - add_region_snapshot - Region snapshot added: mission=M001 region=Donbas
2026-08-17 09:50:40,964 - Code.Dynamic_War_Manager.Source.Context.Campaign_State - DEBUG - add_region_snapshot - Region snapshot added: mission=M001 region=Donbas
2026-08-17 09:50:40,964 - Code.Dynamic_War_Manager.Source.Context.Campaign_State - DEBUG - add_region_snapshot - Region snapshot added: mission=M001 region=Donbas
2026-08-17 09:50:40,964 - Code.Dynamic_War_Manager.Source.Context.Campaign_State - DEBUG - add_region_snapshot - Region snapshot added: mission=M001 region=Donbas
2026-08-17 09:50:40,964 - Code.Dynamic_War_Manager.Source.Context.Campaign_State - DEBUG - add_region_snapshot - Region snapshot added: mission=M001 region=Donbas
2026-08-17 09:50:40,964 - Code.Dynamic_War_Manager.Source.Context.Campaign_State - DEBUG - add_region_snapshot - Region snapshot added: mission=M001 region=Donbas
2026-08-17 09:50:40,964 - Code.Dynamic_War_Manager.Source.Context.Campaign_State - WARNING - restore - Region 'NonExistent' not in snapshot for mission 'M001'. Skipped.
2026-08-17 09:50:40,964 - Code.Dynamic_War_Manager.Source.Context.Campaign_State - DEBUG - add_region_snapshot - Region snapshot added: mission=M001 region=Donbas
2026-08-17 09:50:40,965 - Code.Dynamic_War_Manager.Source.Context.Campaign_State - DEBUG - add_region_snapshot - Region snapshot added: mission=M001 region=Donbas
2026-08-17 09:50:40,965 - Code.Dynamic_War_Manager.Source.Context.Campaign_State - DEBUG - add_region_snapshot - Region snapshot added: mission=M001 region=Donbas
2026-08-17 09:50:40,965 - Code.Dynamic_War_Manager.Source.Context.Campaign_State - DEBUG - add_region_snapshot - Region snapshot added: mission=M001 region=Donbas
2026-08-17 09:50:40,965 - Code.Dynamic_War_Manager.Source.Context.Campaign_State - DEBUG - add_region_snapshot - Region snapshot added: mission=M_SR region=Donbas
2026-08-17 09:50:40,965 - Code.Dynamic_War_Manager.Source.Context.Campaign_State - DEBUG - add_region_snapshot - Region snapshot added: mission=M001 region=Donbas
2026-08-17 09:50:40,965 - Code.Dynamic_War_Manager.Source.Context.Campaign_State - DEBUG - add_region_snapshot - Region snapshot added: mission=M001 region=Donbas
2026-08-17 09:50:40,965 - Code.Dynamic_War_Manager.Source.Context.Campaign_State - DEBUG - add_region_snapshot - Region snapshot added: mission=M001 region=Donbas
2026-08-17 09:50:40,965 - Code.Dynamic_War_Manager.Source.Context.Campaign_State - DEBUG - add_region_snapshot - Region snapshot added: mission=M003 region=Donbas
2026-08-17 09:50:40,965 - Code.Dynamic_War_Manager.Source.Context.Campaign_State - DEBUG - add_region_snapshot - Region snapshot added: mission=M001 region=Donbas
2026-08-17 09:50:40,966 - Code.Dynamic_War_Manager.Source.Context.Campaign_State - DEBUG - add_region_snapshot - Region snapshot added: mission=M001 region=Donbas
2026-08-17 09:50:40,966 - Code.Dynamic_War_Manager.Source.Context.Campaign_State - DEBUG - add_region_snapshot - Region snapshot added: mission=M001 region=Donbas
2026-08-17 09:50:40,966 - Code.Dynamic_War_Manager.Source.Context.Campaign_State - DEBUG - add_region_snapshot - Region snapshot added: mission=M001 region=Donbas
2026-08-17 09:50:40,966 - Code.Dynamic_War_Manager.Source.Context.Campaign_State - DEBUG - add_region_snapshot - Region snapshot added: mission=M001 region=Donbas
2026-08-17 09:50:40,966 - Code.Dynamic_War_Manager.Source.Context.Campaign_State - DEBUG - add_region_snapshot - Region snapshot added: mission=M001 region=Donbas
2026-08-17 09:50:40,966 - Code.Dynamic_War_Manager.Source.Context.Campaign_State - DEBUG - add_region_snapshot - Region snapshot added: mission=M001 region=Donbas
2026-08-17 09:50:40,966 - Code.Dynamic_War_Manager.Source.Context.Campaign_State - DEBUG - add_region_snapshot - Region snapshot added: mission=M001 region=Donbas
2026-08-17 09:50:40,966 - Code.Dynamic_War_Manager.Source.Context.Campaign_State - DEBUG - add_region_snapshot - Region snapshot added: mission=M002 region=Donbas
2026-08-17 09:50:40,966 - Code.Dynamic_War_Manager.Source.Context.Campaign_State - DEBUG - add_region_snapshot - Region snapshot added: mission=M001 region=Donbas
2026-08-17 09:50:40,967 - Code.Dynamic_War_Manager.Source.Context.Campaign_State - DEBUG - add_region_snapshot - Region snapshot added: mission=M001 region=Donbas
2026-08-17 09:50:40,967 - Code.Dynamic_War_Manager.Source.Context.Campaign_State - DEBUG - add_region_snapshot - Region snapshot added: mission=M001 region=Donbas
2026-08-17 09:50:40,967 - Code.Dynamic_War_Manager.Source.Context.Campaign_State - DEBUG - add_block_snapshot - Block snapshot added: mission=M001 region=North block=B1
2026-08-17 09:50:40,967 - Code.Dynamic_War_Manager.Source.Context.Campaign_State - DEBUG - add_block_snapshot - Block snapshot added: mission=M001 region=North block=B1
2026-08-17 09:50:40,968 - Code.Dynamic_War_Manager.Source.Context.Campaign_State - DEBUG - add_block_snapshot - Block snapshot added: mission=M001 region=North block=BLK_001
2026-08-17 09:50:40,968 - Code.Dynamic_War_Manager.Source.Context.Campaign_State - DEBUG - add_block_snapshot - Block snapshot added: mission=M001 region=South block=BLK_001
2026-08-17 09:50:40,968 - Code.Dynamic_War_Manager.Source.Context.Campaign_State - DEBUG - add_block_snapshot - Block snapshot added: mission=M001 region=North block=BLK_001
2026-08-17 09:50:40,968 - Code.Dynamic_War_Manager.Source.Context.Campaign_State - DEBUG - add_block_snapshot - Block snapshot added: mission=M001 region=North block=BLK_001
2026-08-17 09:50:40,968 - Code.Dynamic_War_Manager.Source.Context.Campaign_State - DEBUG - add_block_snapshot - Block snapshot added: mission=M001 region=North block=BLK_001
2026-08-17 09:50:40,968 - Code.Dynamic_War_Manager.Source.Context.Campaign_State - DEBUG - add_block_snapshot - Block snapshot added: mission=M001 region=North block=BLK_002
2026-08-17 09:50:40,968 - Code.Dynamic_War_Manager.Source.Context.Campaign_State - DEBUG - add_block_snapshot - Block snapshot added: mission=M001 region=North block=BLK_001
2026-08-17 09:50:40,968 - Code.Dynamic_War_Manager.Source.Context.Campaign_State - DEBUG - add_region_snapshot - Region snapshot added: mission=M001 region=Donbas
2026-08-17 09:50:40,969 - Code.Dynamic_War_Manager.Source.Context.Campaign_State - DEBUG - add_region_snapshot - Region snapshot added: mission=M001 region=Crimea
2026-08-17 09:50:40,969 - Code.Dynamic_War_Manager.Source.Context.Campaign_State - DEBUG - add_region_snapshot - Region snapshot added: mission=M001 region=Donbas
2026-08-17 09:50:40,969 - Code.Dynamic_War_Manager.Source.Context.Campaign_State - DEBUG - add_region_snapshot - Region snapshot added: mission=M001 region=Donbas
2026-08-17 09:50:40,969 - Code.Dynamic_War_Manager.Source.Context.Campaign_State - DEBUG - add_region_snapshot - Region snapshot added: mission=M001 region=Donbas
2026-08-17 10:52:46,969 - Code.Dynamic_War_Manager.Source.Context.Campaign_State - DEBUG - add_region_snapshot - Region snapshot added: mission=M001 region=Donbas
2026-08-17 10:52:46,995 - Code.Dynamic_War_Manager.Source.Context.Campaign_State - DEBUG - add_region_snapshot - Region snapshot added: mission=M001 region=Donbas
2026-08-17 10:52:46,995 - Code.Dynamic_War_Manager.Source.Context.Campaign_State - DEBUG - add_region_snapshot - Region snapshot added: mission=M002 region=Donbas
2026-08-17 10:52:46,996 - Code.Dynamic_War_Manager.Source.Context.Campaign_State - INFO - save - CampaignState saved to /tmp/tmp6walj61p.json (2 missions).
2026-08-17 10:52:46,997 - Code.Dynamic_War_Manager.Source.Context.Campaign_State - INFO - load - CampaignState loaded from /tmp/tmp6walj61p.json (2 missions).
2026-08-17 10:52:46,997 - Code.Dynamic_War_Manager.Source.Context.Campaign_State - DEBUG - add_region_snapshot - Region snapshot added: mission=M001 region=Donbas
2026-08-17 10:52:46,997 - Code.Dynamic_War_Manager.Source.Context.Campaign_State - INFO - save - CampaignState saved to /tmp/tmp0qvixzlx.json (1 missions).
2026-08-17 10:52:46,997 - Code.Dynamic_War_Manager.Source.Context.Campaign_State - DEBUG - add_region_snapshot - Region snapshot added: mission=M001 region=Donbas
2026-08-17 10:52:46,997 - Code.Dynamic_War_Manager.Source.Context.Campaign_State - DEBUG - add_region_snapshot - Region snapshot added: mission=M001 region=Donbas
2026-08-17 10:52:46,998 - Code.Dynamic_War_Manager.Source.Context.Campaign_State - INFO - save - CampaignState saved to /tmp/tmpl4_mg81n.json (1 missions).
2026-08-17 10:52:46,998 - Code.Dynamic_War_Manager.Source.Context.Campaign_State - INFO - load - CampaignState loaded from /tmp/tmpl4_mg81n.json (1 missions).
2026-08-17 10:52:46,998 - Code.Dynamic_War_Manager.Source.Context.Campaign_State - DEBUG - add_region_snapshot - Region snapshot added: mission=M001 region=Donbas
2026-08-17 10:52:46,998 - Code.Dynamic_War_Manager.Source.Context.Campaign_State - INFO - save - CampaignState saved to /tmp/tmpya8hokhk.json (1 missions).
2026-08-17 10:52:46,999 - Code.Dynamic_War_Manager.Source.Context.Campaign_State - INFO - load - CampaignState loaded from /tmp/tmpya8hokhk.json (1 missions).
2026-08-17 10:52:46,999 - Code.Dynamic_War_Manager.Source.Context.Campaign_State - DEBUG - add_region_snapshot - Region snapshot added: mission=M001 region=Donbas
2026-08-17 10:52:46,999 - Code.Dynamic_War_Manager.Source.Context.Campaign_State - DEBUG - add_region_snapshot - Region snapshot added: mission=M001 region=Donbas
2026-08-17 10:52:46,999 - Code.Dynamic_War_Manager.Source.Context.Campaign_State - DEBUG - add_region_snapshot - Region snapshot added: mission=M002 region=Donbas
2026-08-17 10:52:46,999 - Code.Dynamic_War_Manager.Source.Context.Campaign_State - DEBUG - add_region_snapshot - Region snapshot added: mission=M001 region=Donbas
2026-08-17 10:52:46,999 - Code.Dynamic_War_Manager.Source.Context.Campaign_State - DEBUG - add_region_snapshot - Region snapshot added: mission=M001 region=Donbas
2026-08-17 10:52:46,999 - Code.Dynamic_War_Manager.Source.Context.Campaign_State - DEBUG - add_region_snapshot - Region snapshot added: mission=M002 region=Donbas
2026-08-17 10:52:46,999 - Code.Dynamic_War_Manager.Source.Context.Campaign_State - DEBUG - add_region_snapshot - Region snapshot added: mission=M001 region=Donbas
2026-08-17 10:52:47,000 - Code.Dynamic_War_Manager.Source.Context.Campaign_State - DEBUG - add_region_snapshot - Region snapshot added: mission=M001 region=Donbas
2026-08-17 10:52:47,000 - Code.Dynamic_War_Manager.Source.Context.Campaign_State - DEBUG - add_region_snapshot - Region snapshot added: mission=M001 region=Donbas
2026-08-17 10:52:47,000 - Code.Dynamic_War_Manager.Source.Context.Campaign_State - DEBUG - add_region_snapshot - Region snapshot added: mission=M001 region=Donbas
2026-08-17 10:52:47,000 - Code.Dynamic_War_Manager.Source.Context.Campaign_State - DEBUG - add_region_snapshot - Region snapshot added: mission=M001 region=Donbas
2026-08-17 10:52:47,000 - Code.Dynamic_War_Manager.Source.Context.Campaign_State - DEBUG - add_region_snapshot - Region snapshot added: mission=M002 region=Donbas
2026-08-17 10:52:47,000 - Code.Dynamic_War_Manager.Source.Context.Campaign_State - DEBUG - add_region_snapshot - Region snapshot added: mission=M001 region=Donbas
2026-08-17 10:52:47,000 - Code.Dynamic_War_Manager.Source.Context.Campaign_State - DEBUG - add_region_snapshot - Region snapshot added: mission=M001 region=Donbas
2026-08-17 10:52:47,000 - Code.Dynamic_War_Manager.Source.Context.Campaign_State - DEBUG - add_region_snapshot - Region snapshot added: mission=M001 region=Donbas
2026-08-17 10:52:47,000 - Code.Dynamic_War_Manager.Source.Context.Campaign_State - DEBUG - add_region_snapshot - Region snapshot added: mission=M001 region=Donbas
2026-08-17 10:52:47,000 - Code.Dynamic_War_Manager.Source.Context.Campaign_State - DEBUG - add_region_snapshot - Region snapshot added: mission=M001 region=Donbas
2026-08-17 10:52:47,000 - Code.Dynamic_War_Manager.Source.Context.Campaign_State - DEBUG - add_region_snapshot - Region snapshot added: mission=M001 region=Donbas
2026-08-17 10:52:47,000 - Code.Dynamic_War_Manager.Source.Context.Campaign_State - DEBUG - add_region_snapshot - Region snapshot added: mission=M002 region=Donbas
2026-08-17 10:52:47,001 - Code.Dynamic_War_Manager.Source.Context.Campaign_State - DEBUG - add_region_snapshot - Region snapshot added: mission=M001 region=Donbas
2026-08-17 10:52:47,001 - Code.Dynamic_War_Manager.Source.Context.Campaign_State - DEBUG - add_region_snapshot - Region snapshot added: mission=M002 region=Donbas
2026-08-17 10:52:47,001 - Code.Dynamic_War_Manager.Source.Context.Campaign_State - DEBUG - add_region_snapshot - Region snapshot added: mission=M001 region=Donbas
2026-08-17 10:52:47,001 - Code.Dynamic_War_Manager.Source.Context.Campaign_State - DEBUG - add_region_snapshot - Region snapshot added: mission=M001 region=Donbas
2026-08-17 10:52:47,001 - Code.Dynamic_War_Manager.Source.Context.Campaign_State - DEBUG - add_region_snapshot - Region snapshot added: mission=M001 region=Donbas
2026-08-17 10:52:47,001 - Code.Dynamic_War_Manager.Source.Context.Campaign_State - DEBUG - add_region_snapshot - Region snapshot added: mission=M001 region=Donbas
2026-08-17 10:52:47,001 - Code.Dynamic_War_Manager.Source.Context.Campaign_State - DEBUG - add_region_snapshot - Region snapshot added: mission=M001 region=Donbas
2026-08-17 10:52:47,001 - Code.Dynamic_War_Manager.Source.Context.Campaign_State - DEBUG - add_region_snapshot - Region snapshot added: mission=M001 region=Donbas
2026-08-17 10:52:47,001 - Code.Dynamic_War_Manager.Source.Context.Campaign_State - DEBUG - add_region_snapshot - Region snapshot added: mission=M001 region=Donbas
2026-08-17 10:52:47,002 - Code.Dynamic_War_Manager.Source.Context.Campaign_State - DEBUG - add_region_snapshot - Region snapshot added: mission=M001 region=Donbas
2026-08-17 10:52:47,002 - Code.Dynamic_War_Manager.Source.Context.Campaign_State - DEBUG - add_region_snapshot - Region snapshot added: mission=M001 region=Donbas
2026-08-17 10:52:47,002 - Code.Dynamic_War_Manager.Source.Context.Campaign_State - DEBUG - add_region_snapshot - Region snapshot added: mission=M001 region=Donbas
2026-08-17 10:52:47,002 - Code.Dynamic_War_Manager.Source.Context.Campaign_State - DEBUG - add_region_snapshot - Region snapshot added: mission=M001 region=Donbas
2026-08-17 10:52:47,002 - Code.Dynamic_War_Manager.Source.Context.Campaign_State - WARNING - restore - Region 'NonExistent' not in snapshot for mission 'M001'. Skipped.
2026-08-17 10:52:47,002 - Code.Dynamic_War_Manager.Source.Context.Campaign_State - DEBUG - add_region_snapshot - Region snapshot added: mission=M001 region=Donbas
2026-08-17 10:52:47,002 - Code.Dynamic_War_Manager.Source.Context.Campaign_State - DEBUG - add_region_snapshot - Region snapshot added: mission=M001 region=Donbas
2026-08-17 10:52:47,002 - Code.Dynamic_War_Manager.Source.Context.Campaign_State - DEBUG - add_region_snapshot - Region snapshot added: mission=M001 region=Donbas
2026-08-17 10:52:47,003 - Code.Dynamic_War_Manager.Source.Context.Campaign_State - DEBUG - add_region_snapshot - Region snapshot added: mission=M001 region=Donbas
2026-08-17 10:52:47,003 - Code.Dynamic_War_Manager.Source.Context.Campaign_State - DEBUG - add_region_snapshot - Region snapshot added: mission=M_SR region=Donbas
2026-08-17 10:52:47,003 - Code.Dynamic_War_Manager.Source.Context.Campaign_State - DEBUG - add_region_snapshot - Region snapshot added: mission=M001 region=Donbas
2026-08-17 10:52:47,003 - Code.Dynamic_War_Manager.Source.Context.Campaign_State - DEBUG - add_region_snapshot - Region snapshot added: mission=M001 region=Donbas
2026-08-17 10:52:47,003 - Code.Dynamic_War_Manager.Source.Context.Campaign_State - DEBUG - add_region_snapshot - Region snapshot added: mission=M001 region=Donbas
2026-08-17 10:52:47,003 - Code.Dynamic_War_Manager.Source.Context.Campaign_State - DEBUG - add_region_snapshot - Region snapshot added: mission=M003 region=Donbas
2026-08-17 10:52:47,003 - Code.Dynamic_War_Manager.Source.Context.Campaign_State - DEBUG - add_region_snapshot - Region snapshot added: mission=M001 region=Donbas
2026-08-17 10:52:47,003 - Code.Dynamic_War_Manager.Source.Context.Campaign_State - DEBUG - add_region_snapshot - Region snapshot added: mission=M001 region=Donbas
2026-08-17 10:52:47,003 - Code.Dynamic_War_Manager.Source.Context.Campaign_State - DEBUG - add_region_snapshot - Region snapshot added: mission=M001 region=Donbas
2026-08-17 10:52:47,003 - Code.Dynamic_War_Manager.Source.Context.Campaign_State - DEBUG - add_region_snapshot - Region snapshot added: mission=M001 region=Donbas
2026-08-17 10:52:47,003 - Code.Dynamic_War_Manager.Source.Context.Campaign_State - DEBUG - add_region_snapshot - Region snapshot added: mission=M001 region=Donbas
2026-08-17 10:52:47,003 - Code.Dynamic_War_Manager.Source.Context.Campaign_State - DEBUG - add_region_snapshot - Region snapshot added: mission=M001 region=Donbas
2026-08-17 10:52:47,003 - Code.Dynamic_War_Manager.Source.Context.Campaign_State - DEBUG - add_region_snapshot - Region snapshot added: mission=M001 region=Donbas
2026-08-17 10:52:47,004 - Code.Dynamic_War_Manager.Source.Context.Campaign_State - DEBUG - add_region_snapshot - Region snapshot added: mission=M001 region=Donbas
2026-08-17 10:52:47,004 - Code.Dynamic_War_Manager.Source.Context.Campaign_State - DEBUG - add_region_snapshot - Region snapshot added: mission=M002 region=Donbas
2026-08-17 10:52:47,004 - Code.Dynamic_War_Manager.Source.Context.Campaign_State - DEBUG - add_region_snapshot - Region snapshot added: mission=M001 region=Donbas
2026-08-17 10:52:47,004 - Code.Dynamic_War_Manager.Source.Context.Campaign_State - DEBUG - add_region_snapshot - Region snapshot added: mission=M001 region=Donbas
2026-08-17 10:52:47,004 - Code.Dynamic_War_Manager.Source.Context.Campaign_State - DEBUG - add_region_snapshot - Region snapshot added: mission=M001 region=Donbas
2026-08-17 10:52:47,004 - Code.Dynamic_War_Manager.Source.Context.Campaign_State - DEBUG - add_block_snapshot - Block snapshot added: mission=M001 region=North block=B1
2026-08-17 10:52:47,004 - Code.Dynamic_War_Manager.Source.Context.Campaign_State - DEBUG - add_block_snapshot - Block snapshot added: mission=M001 region=North block=B1
2026-08-17 10:52:47,004 - Code.Dynamic_War_Manager.Source.Context.Campaign_State - DEBUG - add_block_snapshot - Block snapshot added: mission=M001 region=North block=BLK_001
2026-08-17 10:52:47,005 - Code.Dynamic_War_Manager.Source.Context.Campaign_State - DEBUG - add_block_snapshot - Block snapshot added: mission=M001 region=South block=BLK_001
2026-08-17 10:52:47,005 - Code.Dynamic_War_Manager.Source.Context.Campaign_State - DEBUG - add_block_snapshot - Block snapshot added: mission=M001 region=North block=BLK_001
2026-08-17 10:52:47,005 - Code.Dynamic_War_Manager.Source.Context.Campaign_State - DEBUG - add_block_snapshot - Block snapshot added: mission=M001 region=North block=BLK_001
2026-08-17 10:52:47,005 - Code.Dynamic_War_Manager.Source.Context.Campaign_State - DEBUG - add_block_snapshot - Block snapshot added: mission=M001 region=North block=BLK_001
2026-08-17 10:52:47,005 - Code.Dynamic_War_Manager.Source.Context.Campaign_State - DEBUG - add_block_snapshot - Block snapshot added: mission=M001 region=North block=BLK_002
2026-08-17 10:52:47,005 - Code.Dynamic_War_Manager.Source.Context.Campaign_State - DEBUG - add_block_snapshot - Block snapshot added: mission=M001 region=North block=BLK_001
2026-08-17 10:52:47,005 - Code.Dynamic_War_Manager.Source.Context.Campaign_State - DEBUG - add_region_snapshot - Region snapshot added: mission=M001 region=Donbas
2026-08-17 10:52:47,005 - Code.Dynamic_War_Manager.Source.Context.Campaign_State - DEBUG - add_region_snapshot - Region snapshot added: mission=M001 region=Crimea
2026-08-17 10:52:47,005 - Code.Dynamic_War_Manager.Source.Context.Campaign_State - DEBUG - add_region_snapshot - Region snapshot added: mission=M001 region=Donbas
2026-08-17 10:52:47,005 - Code.Dynamic_War_Manager.Source.Context.Campaign_State - DEBUG - add_region_snapshot - Region snapshot added: mission=M001 region=Donbas
2026-08-17 10:52:47,005 - Code.Dynamic_War_Manager.Source.Context.Campaign_State - DEBUG - add_region_snapshot - Region snapshot added: mission=M001 region=Donbas
2026-08-17 10:58:16,710 - Code.Dynamic_War_Manager.Source.Context.Campaign_State - DEBUG - add_region_snapshot - Region snapshot added: mission=M001 region=Donbas
2026-08-17 10:58:16,710 - Code.Dynamic_War_Manager.Source.Context.Campaign_State - DEBUG - add_region_snapshot - Region snapshot added: mission=M001 region=Donbas
2026-08-17 10:58:16,710 - Code.Dynamic_War_Manager.Source.Context.Campaign_State - DEBUG - add_region_snapshot - Region snapshot added: mission=M002 region=Donbas
2026-08-17 10:58:16,711 - Code.Dynamic_War_Manager.Source.Context.Campaign_State - INFO - save - CampaignState saved to /tmp/tmpb9r50owi.json (2 missions).
2026-08-17 10:58:16,711 - Code.Dynamic_War_Manager.Source.Context.Campaign_State - INFO - load - CampaignState loaded from /tmp/tmpb9r50owi.json (2 missions).
2026-08-17 10:58:16,711 - Code.Dynamic_War_Manager.Source.Context.Campaign_State - DEBUG - add_region_snapshot - Region snapshot added: mission=M001 region=Donbas
2026-08-17 10:58:16,711 - Code.Dynamic_War_Manager.Source.Context.Campaign_State - INFO - save - CampaignState saved to /tmp/tmpc2lz0as7.json (1 missions).
2026-08-17 10:58:16,711 - Code.Dynamic_War_Manager.Source.Context.Campaign_State - DEBUG - add_region_snapshot - Region snapshot added: mission=M001 region=Donbas
2026-08-17 10:58:16,711 - Code.Dynamic_War_Manager.Source.Context.Campaign_State - DEBUG - add_region_snapshot - Region snapshot added: mission=M001 region=Donbas
2026-08-17 10:58:16,712 - Code.Dynamic_War_Manager.Source.Context.Campaign_State - INFO - save - CampaignState saved to /tmp/tmpst42b_v1.json (1 missions).
2026-08-17 10:58:16,712 - Code.Dynamic_War_Manager.Source.Context.Campaign_State - INFO - load - CampaignState loaded from /tmp/tmpst42b_v1.json (1 missions).
2026-08-17 10:58:16,712 - Code.Dynamic_War_Manager.Source.Context.Campaign_State - DEBUG - add_region_snapshot - Region snapshot added: mission=M001 region=Donbas
2026-08-17 10:58:16,712 - Code.Dynamic_War_Manager.Source.Context.Campaign_State - INFO - save - CampaignState saved to /tmp/tmpsgkme9fb.json (1 missions).
2026-08-17 10:58:16,712 - Code.Dynamic_War_Manager.Source.Context.Campaign_State - INFO - load - CampaignState loaded from /tmp/tmpsgkme9fb.json (1 missions).
2026-08-17 10:58:16,712 - Code.Dynamic_War_Manager.Source.Context.Campaign_State - DEBUG - add_region_snapshot - Region snapshot added: mission=M001 region=Donbas
2026-08-17 10:58:16,712 - Code.Dynamic_War_Manager.Source.Context.Campaign_State - DEBUG - add_region_snapshot - Region snapshot added: mission=M001 region=Donbas
2026-08-17 10:58:16,712 - Code.Dynamic_War_Manager.Source.Context.Campaign_State - DEBUG - add_region_snapshot - Region snapshot added: mission=M002 region=Donbas
2026-08-17 10:58:16,712 - Code.Dynamic_War_Manager.Source.Context.Campaign_State - DEBUG - add_region_snapshot - Region snapshot added: mission=M001 region=Donbas
2026-08-17 10:58:16,712 - Code.Dynamic_War_Manager.Source.Context.Campaign_State - DEBUG - add_region_snapshot - Region snapshot added: mission=M001 region=Donbas
2026-08-17 10:58:16,712 - Code.Dynamic_War_Manager.Source.Context.Campaign_State - DEBUG - add_region_snapshot - Region snapshot added: mission=M002 region=Donbas
2026-08-17 10:58:16,712 - Code.Dynamic_War_Manager.Source.Context.Campaign_State - DEBUG - add_region_snapshot - Region snapshot added: mission=M001 region=Donbas
2026-08-17 10:58:16,712 - Code.Dynamic_War_Manager.Source.Context.Campaign_State - DEBUG - add_region_snapshot - Region snapshot added: mission=M001 region=Donbas
2026-08-17 10:58:16,712 - Code.Dynamic_War_Manager.Source.Context.Campaign_State - DEBUG - add_region_snapshot - Region snapshot added: mission=M001 region=Donbas
2026-08-17 10:58:16,712 - Code.Dynamic_War_Manager.Source.Context.Campaign_State - DEBUG - add_region_snapshot - Region snapshot added: mission=M001 region=Donbas
2026-08-17 10:58:16,712 - Code.Dynamic_War_Manager.Source.Context.Campaign_State - DEBUG - add_region_snapshot - Region snapshot added: mission=M001 region=Donbas
2026-08-17 10:58:16,712 - Code.Dynamic_War_Manager.Source.Context.Campaign_State - DEBUG - add_region_snapshot - Region snapshot added: mission=M002 region=Donbas
2026-08-17 10:58:16,712 - Code.Dynamic_War_Manager.Source.Context.Campaign_State - DEBUG - add_region_snapshot - Region snapshot added: mission=M001 region=Donbas
2026-08-17 10:58:16,712 - Code.Dynamic_War_Manager.Source.Context.Campaign_State - DEBUG - add_region_snapshot - Region snapshot added: mission=M001 region=Donbas
2026-08-17 10:58:16,712 - Code.Dynamic_War_Manager.Source.Context.Campaign_State - DEBUG - add_region_snapshot - Region snapshot added: mission=M001 region=Donbas
2026-08-17 10:58:16,712 - Code.Dynamic_War_Manager.Source.Context.Campaign_State - DEBUG - add_region_snapshot - Region snapshot added: mission=M001 region=Donbas
2026-08-17 10:58:16,712 - Code.Dynamic_War_Manager.Source.Context.Campaign_State - DEBUG - add_region_snapshot - Region snapshot added: mission=M001 region=Donbas
2026-08-17 10:58:16,712 - Code.Dynamic_War_Manager.Source.Context.Campaign_State - DEBUG - add_region_snapshot - Region snapshot added: mission=M001 region=Donbas
2026-08-17 10:58:16,712 - Code.Dynamic_War_Manager.Source.Context.Campaign_State - DEBUG - add_region_snapshot - Region snapshot added: mission=M002 region=Donbas
2026-08-17 10:58:16,712 - Code.Dynamic_War_Manager.Source.Context.Campaign_State - DEBUG - add_region_snapshot - Region snapshot added: mission=M001 region=Donbas
2026-08-17 10:58:16,712 - Code.Dynamic_War_Manager.Source.Context.Campaign_State - DEBUG - add_region_snapshot - Region snapshot added: mission=M002 region=Donbas
2026-08-17 10:58:16,713 - Code.Dynamic_War_Manager.Source.Context.Campaign_State - DEBUG - add_region_snapshot - Region snapshot added: mission=M001 region=Donbas
2026-08-17 10:58:16,713 - Code.Dynamic_War_Manager.Source.Context.Campaign_State - DEBUG - add_region_snapshot - Region snapshot added: mission=M001 region=Donbas
2026-08-17 10:58:16,713 - Code.Dynamic_War_Manager.Source.Context.Campaign_State - DEBUG - add_region_snapshot - Region snapshot added: mission=M001 region=Donbas
2026-08-17 10:58:16,713 - Code.Dynamic_War_Manager.Source.Context.Campaign_State - DEBUG - add_region_snapshot - Region snapshot added: mission=M001 region=Donbas
2026-08-17 10:58:16,713 - Code.Dynamic_War_Manager.Source.Context.Campaign_State - DEBUG - add_region_snapshot - Region snapshot added: mission=M001 region=Donbas
2026-08-17 10:58:16,713 - Code.Dynamic_War_Manager.Source.Context.Campaign_State - DEBUG - add_region_snapshot - Region snapshot added: mission=M001 region=Donbas
2026-08-17 10:58:16,713 - Code.Dynamic_War_Manager.Source.Context.Campaign_State - DEBUG - add_region_snapshot - Region snapshot added: mission=M001 region=Donbas
2026-08-17 10:58:16,713 - Code.Dynamic_War_Manager.Source.Context.Campaign_State - DEBUG - add_region_snapshot - Region snapshot added: mission=M001 region=Donbas
2026-08-17 10:58:16,713 - Code.Dynamic_War_Manager.Source.Context.Campaign_State - DEBUG - add_region_snapshot - Region snapshot added: mission=M001 region=Donbas
2026-08-17 10:58:16,713 - Code.Dynamic_War_Manager.Source.Context.Campaign_State - DEBUG - add_region_snapshot - Region snapshot added: mission=M001 region=Donbas
2026-08-17 10:58:16,713 - Code.Dynamic_War_Manager.Source.Context.Campaign_State - DEBUG - add_region_snapshot - Region snapshot added: mission=M001 region=Donbas
2026-08-17 10:58:16,713 - Code.Dynamic_War_Manager.Source.Context.Campaign_State - WARNING - restore - Region 'NonExistent' not in snapshot for mission 'M001'. Skipped.
2026-08-17 10:58:16,713 - Code.Dynamic_War_Manager.Source.Context.Campaign_State - DEBUG - add_region_snapshot - Region snapshot added: mission=M001 region=Donbas
2026-08-17 10:58:16,713 - Code.Dynamic_War_Manager.Source.Context.Campaign_State - DEBUG - add_region_snapshot - Region snapshot added: mission=M001 region=Donbas
2026-08-17 10:58:16,713 - Code.Dynamic_War_Manager.Source.Context.Campaign_State - DEBUG - add_region_snapshot - Region snapshot added: mission=M001 region=Donbas
2026-08-17 10:58:16,713 - Code.Dynamic_War_Manager.Source.Context.Campaign_State - DEBUG - add_region_snapshot - Region snapshot added: mission=M001 region=Donbas
2026-08-17 10:58:16,713 - Code.Dynamic_War_Manager.Source.Context.Campaign_State - DEBUG - add_region_snapshot - Region snapshot added: mission=M_SR region=Donbas
2026-08-17 10:58:16,713 - Code.Dynamic_War_Manager.Source.Context.Campaign_State - DEBUG - add_region_snapshot - Region snapshot added: mission=M001 region=Donbas
2026-08-17 10:58:16,713 - Code.Dynamic_War_Manager.Source.Context.Campaign_State - DEBUG - add_region_snapshot - Region snapshot added: mission=M001 region=Donbas
2026-08-17 10:58:16,713 - Code.Dynamic_War_Manager.Source.Context.Campaign_State - DEBUG - add_region_snapshot - Region snapshot added: mission=M001 region=Donbas
2026-08-17 10:58:16,713 - Code.Dynamic_War_Manager.Source.Context.Campaign_State - DEBUG - add_region_snapshot - Region snapshot added: mission=M003 region=Donbas
2026-08-17 10:58:16,713 - Code.Dynamic_War_Manager.Source.Context.Campaign_State - DEBUG - add_region_snapshot - Region snapshot added: mission=M001 region=Donbas
2026-08-17 10:58:16,713 - Code.Dynamic_War_Manager.Source.Context.Campaign_State - DEBUG - add_region_snapshot - Region snapshot added: mission=M001 region=Donbas
2026-08-17 10:58:16,713 - Code.Dynamic_War_Manager.Source.Context.Campaign_State - DEBUG - add_region_snapshot - Region snapshot added: mission=M001 region=Donbas
2026-08-17 10:58:16,713 - Code.Dynamic_War_Manager.Source.Context.Campaign_State - DEBUG - add_region_snapshot - Region snapshot added: mission=M001 region=Donbas
2026-08-17 10:58:16,714 - Code.Dynamic_War_Manager.Source.Context.Campaign_State - DEBUG - add_region_snapshot - Region snapshot added: mission=M001 region=Donbas
2026-08-17 10:58:16,714 - Code.Dynamic_War_Manager.Source.Context.Campaign_State - DEBUG - add_region_snapshot - Region snapshot added: mission=M001 region=Donbas
2026-08-17 10:58:16,714 - Code.Dynamic_War_Manager.Source.Context.Campaign_State - DEBUG - add_region_snapshot - Region snapshot added: mission=M001 region=Donbas
2026-08-17 10:58:16,714 - Code.Dynamic_War_Manager.Source.Context.Campaign_State - DEBUG - add_region_snapshot - Region snapshot added: mission=M001 region=Donbas
2026-08-17 10:58:16,714 - Code.Dynamic_War_Manager.Source.Context.Campaign_State - DEBUG - add_region_snapshot - Region snapshot added: mission=M002 region=Donbas
2026-08-17 10:58:16,714 - Code.Dynamic_War_Manager.Source.Context.Campaign_State - DEBUG - add_region_snapshot - Region snapshot added: mission=M001 region=Donbas
2026-08-17 10:58:16,714 - Code.Dynamic_War_Manager.Source.Context.Campaign_State - DEBUG - add_region_snapshot - Region snapshot added: mission=M001 region=Donbas
2026-08-17 10:58:16,714 - Code.Dynamic_War_Manager.Source.Context.Campaign_State - DEBUG - add_region_snapshot - Region snapshot added: mission=M001 region=Donbas
2026-08-17 10:58:16,714 - Code.Dynamic_War_Manager.Source.Context.Campaign_State - DEBUG - add_block_snapshot - Block snapshot added: mission=M001 region=North block=B1
2026-08-17 10:58:16,714 - Code.Dynamic_War_Manager.Source.Context.Campaign_State - DEBUG - add_block_snapshot - Block snapshot added: mission=M001 region=North block=B1
2026-08-17 10:58:16,714 - Code.Dynamic_War_Manager.Source.Context.Campaign_State - DEBUG - add_block_snapshot - Block snapshot added: mission=M001 region=North block=BLK_001
2026-08-17 10:58:16,714 - Code.Dynamic_War_Manager.Source.Context.Campaign_State - DEBUG - add_block_snapshot - Block snapshot added: mission=M001 region=South block=BLK_001
2026-08-17 10:58:16,714 - Code.Dynamic_War_Manager.Source.Context.Campaign_State - DEBUG - add_block_snapshot - Block snapshot added: mission=M001 region=North block=BLK_001
2026-08-17 10:58:16,714 - Code.Dynamic_War_Manager.Source.Context.Campaign_State - DEBUG - add_block_snapshot - Block snapshot added: mission=M001 region=North block=BLK_001
2026-08-17 10:58:16,714 - Code.Dynamic_War_Manager.Source.Context.Campaign_State - DEBUG - add_block_snapshot - Block snapshot added: mission=M001 region=North block=BLK_001
2026-08-17 10:58:16,714 - Code.Dynamic_War_Manager.Source.Context.Campaign_State - DEBUG - add_block_snapshot - Block snapshot added: mission=M001 region=North block=BLK_002
2026-08-17 10:58:16,714 - Code.Dynamic_War_Manager.Source.Context.Campaign_State - DEBUG - add_block_snapshot - Block snapshot added: mission=M001 region=North block=BLK_001
2026-08-17 10:58:16,714 - Code.Dynamic_War_Manager.Source.Context.Campaign_State - DEBUG - add_region_snapshot - Region snapshot added: mission=M001 region=Donbas
2026-08-17 10:58:16,714 - Code.Dynamic_War_Manager.Source.Context.Campaign_State - DEBUG - add_region_snapshot - Region snapshot added: mission=M001 region=Crimea
2026-08-17 10:58:16,714 - Code.Dynamic_War_Manager.Source.Context.Campaign_State - DEBUG - add_region_snapshot - Region snapshot added: mission=M001 region=Donbas
2026-08-17 10:58:16,714 - Code.Dynamic_War_Manager.Source.Context.Campaign_State - DEBUG - add_region_snapshot - Region snapshot added: mission=M001 region=Donbas
2026-08-17 10:58:16,714 - Code.Dynamic_War_Manager.Source.Context.Campaign_State - DEBUG - add_region_snapshot - Region snapshot added: mission=M001 region=Donbas
2026-08-17 11:05:21,256 - Code.Dynamic_War_Manager.Source.Context.Campaign_State - DEBUG - add_region_snapshot - Region snapshot added: mission=M001 region=Donbas
2026-08-17 11:05:21,256 - Code.Dynamic_War_Manager.Source.Context.Campaign_State - DEBUG - add_region_snapshot - Region snapshot added: mission=M001 region=Donbas
2026-08-17 11:05:21,256 - Code.Dynamic_War_Manager.Source.Context.Campaign_State - DEBUG - add_region_snapshot - Region snapshot added: mission=M002 region=Donbas
2026-08-17 11:05:21,256 - Code.Dynamic_War_Manager.Source.Context.Campaign_State - INFO - save - CampaignState saved to /tmp/tmp8bcwgv41.json (2 missions).
2026-08-17 11:05:21,257 - Code.Dynamic_War_Manager.Source.Context.Campaign_State - INFO - load - CampaignState loaded from /tmp/tmp8bcwgv41.json (2 missions).
2026-08-17 11:05:21,257 - Code.Dynamic_War_Manager.Source.Context.Campaign_State - DEBUG - add_region_snapshot - Region snapshot added: mission=M001 region=Donbas
2026-08-17 11:05:21,257 - Code.Dynamic_War_Manager.Source.Context.Campaign_State - INFO - save - CampaignState saved to /tmp/tmp5s8ifojc.json (1 missions).
2026-08-17 11:05:21,257 - Code.Dynamic_War_Manager.Source.Context.Campaign_State - DEBUG - add_region_snapshot - Region snapshot added: mission=M001 region=Donbas
2026-08-17 11:05:21,257 - Code.Dynamic_War_Manager.Source.Context.Campaign_State - DEBUG - add_region_snapshot - Region snapshot added: mission=M001 region=Donbas
2026-08-17 11:05:21,257 - Code.Dynamic_War_Manager.Source.Context.Campaign_State - INFO - save - CampaignState saved to /tmp/tmp3ae7q4ir.json (1 missions).
2026-08-17 11:05:21,257 - Code.Dynamic_War_Manager.Source.Context.Campaign_State - INFO - load - CampaignState loaded from /tmp/tmp3ae7q4ir.json (1 missions).
2026-08-17 11:05:21,257 - Code.Dynamic_War_Manager.Source.Context.Campaign_State - DEBUG - add_region_snapshot - Region snapshot added: mission=M001 region=Donbas
2026-08-17 11:05:21,257 - Code.Dynamic_War_Manager.Source.Context.Campaign_State - INFO - save - CampaignState saved to /tmp/tmpmwfzs9lh.json (1 missions).
2026-08-17 11:05:21,257 - Code.Dynamic_War_Manager.Source.Context.Campaign_State - INFO - load - CampaignState loaded from /tmp/tmpmwfzs9lh.json (1 missions).
2026-08-17 11:05:21,257 - Code.Dynamic_War_Manager.Source.Context.Campaign_State - DEBUG - add_region_snapshot - Region snapshot added: mission=M001 region=Donbas
2026-08-17 11:05:21,258 - Code.Dynamic_War_Manager.Source.Context.Campaign_State - DEBUG - add_region_snapshot - Region snapshot added: mission=M001 region=Donbas
2026-08-17 11:05:21,258 - Code.Dynamic_War_Manager.Source.Context.Campaign_State - DEBUG - add_region_snapshot - Region snapshot added: mission=M002 region=Donbas
2026-08-17 11:05:21,258 - Code.Dynamic_War_Manager.Source.Context.Campaign_State - DEBUG - add_region_snapshot - Region snapshot added: mission=M001 region=Donbas
2026-08-17 11:05:21,258 - Code.Dynamic_War_Manager.Source.Context.Campaign_State - DEBUG - add_region_snapshot - Region snapshot added: mission=M001 region=Donbas
2026-08-17 11:05:21,258 - Code.Dynamic_War_Manager.Source.Context.Campaign_State - DEBUG - add_region_snapshot - Region snapshot added: mission=M002 region=Donbas
2026-08-17 11:05:21,258 - Code.Dynamic_War_Manager.Source.Context.Campaign_State - DEBUG - add_region_snapshot - Region snapshot added: mission=M001 region=Donbas
2026-08-17 11:05:21,258 - Code.Dynamic_War_Manager.Source.Context.Campaign_State - DEBUG - add_region_snapshot - Region snapshot added: mission=M001 region=Donbas
2026-08-17 11:05:21,258 - Code.Dynamic_War_Manager.Source.Context.Campaign_State - DEBUG - add_region_snapshot - Region snapshot added: mission=M001 region=Donbas
2026-08-17 11:05:21,258 - Code.Dynamic_War_Manager.Source.Context.Campaign_State - DEBUG - add_region_snapshot - Region snapshot added: mission=M001 region=Donbas
2026-08-17 11:05:21,258 - Code.Dynamic_War_Manager.Source.Context.Campaign_State - DEBUG - add_region_snapshot - Region snapshot added: mission=M001 region=Donbas
2026-08-17 11:05:21,258 - Code.Dynamic_War_Manager.Source.Context.Campaign_State - DEBUG - add_region_snapshot - Region snapshot added: mission=M002 region=Donbas
2026-08-17 11:05:21,258 - Code.Dynamic_War_Manager.Source.Context.Campaign_State - DEBUG - add_region_snapshot - Region snapshot added: mission=M001 region=Donbas
2026-08-17 11:05:21,258 - Code.Dynamic_War_Manager.Source.Context.Campaign_State - DEBUG - add_region_snapshot - Region snapshot added: mission=M001 region=Donbas
2026-08-17 11:05:21,258 - Code.Dynamic_War_Manager.Source.Context.Campaign_State - DEBUG - add_region_snapshot - Region snapshot added: mission=M001 region=Donbas
2026-08-17 11:05:21,258 - Code.Dynamic_War_Manager.Source.Context.Campaign_State - DEBUG - add_region_snapshot - Region snapshot added: mission=M001 region=Donbas
2026-08-17 11:05:21,258 - Code.Dynamic_War_Manager.Source.Context.Campaign_State - DEBUG - add_region_snapshot - Region snapshot added: mission=M001 region=Donbas
2026-08-17 11:05:21,258 - Code.Dynamic_War_Manager.Source.Context.Campaign_State - DEBUG - add_region_snapshot - Region snapshot added: mission=M001 region=Donbas
2026-08-17 11:05:21,258 - Code.Dynamic_War_Manager.Source.Context.Campaign_State - DEBUG - add_region_snapshot - Region snapshot added: mission=M002 region=Donbas
2026-08-17 11:05:21,258 - Code.Dynamic_War_Manager.Source.Context.Campaign_State - DEBUG - add_region_snapshot - Region snapshot added: mission=M001 region=Donbas
2026-08-17 11:05:21,258 - Code.Dynamic_War_Manager.Source.Context.Campaign_State - DEBUG - add_region_snapshot - Region snapshot added: mission=M002 region=Donbas
2026-08-17 11:05:21,258 - Code.Dynamic_War_Manager.Source.Context.Campaign_State - DEBUG - add_region_snapshot - Region snapshot added: mission=M001 region=Donbas
2026-08-17 11:05:21,258 - Code.Dynamic_War_Manager.Source.Context.Campaign_State - DEBUG - add_region_snapshot - Region snapshot added: mission=M001 region=Donbas
2026-08-17 11:05:21,258 - Code.Dynamic_War_Manager.Source.Context.Campaign_State - DEBUG - add_region_snapshot - Region snapshot added: mission=M001 region=Donbas
2026-08-17 11:05:21,259 - Code.Dynamic_War_Manager.Source.Context.Campaign_State - DEBUG - add_region_snapshot - Region snapshot added: mission=M001 region=Donbas
2026-08-17 11:05:21,259 - Code.Dynamic_War_Manager.Source.Context.Campaign_State - DEBUG - add_region_snapshot - Region snapshot added: mission=M001 region=Donbas
2026-08-17 11:05:21,259 - Code.Dynamic_War_Manager.Source.Context.Campaign_State - DEBUG - add_region_snapshot - Region snapshot added: mission=M001 region=Donbas
2026-08-17 11:05:21,259 - Code.Dynamic_War_Manager.Source.Context.Campaign_State - DEBUG - add_region_snapshot - Region snapshot added: mission=M001 region=Donbas
2026-08-17 11:05:21,259 - Code.Dynamic_War_Manager.Source.Context.Campaign_State - DEBUG - add_region_snapshot - Region snapshot added: mission=M001 region=Donbas
2026-08-17 11:05:21,259 - Code.Dynamic_War_Manager.Source.Context.Campaign_State - DEBUG - add_region_snapshot - Region snapshot added: mission=M001 region=Donbas
2026-08-17 11:05:21,259 - Code.Dynamic_War_Manager.Source.Context.Campaign_State - DEBUG - add_region_snapshot - Region snapshot added: mission=M001 region=Donbas
2026-08-17 11:05:21,259 - Code.Dynamic_War_Manager.Source.Context.Campaign_State - DEBUG - add_region_snapshot - Region snapshot added: mission=M001 region=Donbas
2026-08-17 11:05:21,259 - Code.Dynamic_War_Manager.Source.Context.Campaign_State - WARNING - restore - Region 'NonExistent' not in snapshot for mission 'M001'. Skipped.
2026-08-17 11:05:21,259 - Code.Dynamic_War_Manager.Source.Context.Campaign_State - DEBUG - add_region_snapshot - Region snapshot added: mission=M001 region=Donbas
2026-08-17 11:05:21,259 - Code.Dynamic_War_Manager.Source.Context.Campaign_State - DEBUG - add_region_snapshot - Region snapshot added: mission=M001 region=Donbas
2026-08-17 11:05:21,259 - Code.Dynamic_War_Manager.Source.Context.Campaign_State - DEBUG - add_region_snapshot - Region snapshot added: mission=M001 region=Donbas
2026-08-17 11:05:21,259 - Code.Dynamic_War_Manager.Source.Context.Campaign_State - DEBUG - add_region_snapshot - Region snapshot added: mission=M001 region=Donbas
2026-08-17 11:05:21,259 - Code.Dynamic_War_Manager.Source.Context.Campaign_State - DEBUG - add_region_snapshot - Region snapshot added: mission=M_SR region=Donbas
2026-08-17 11:05:21,259 - Code.Dynamic_War_Manager.Source.Context.Campaign_State - DEBUG - add_region_snapshot - Region snapshot added: mission=M001 region=Donbas
2026-08-17 11:05:21,259 - Code.Dynamic_War_Manager.Source.Context.Campaign_State - DEBUG - add_region_snapshot - Region snapshot added: mission=M001 region=Donbas
2026-08-17 11:05:21,259 - Code.Dynamic_War_Manager.Source.Context.Campaign_State - DEBUG - add_region_snapshot - Region snapshot added: mission=M001 region=Donbas
2026-08-17 11:05:21,259 - Code.Dynamic_War_Manager.Source.Context.Campaign_State - DEBUG - add_region_snapshot - Region snapshot added: mission=M003 region=Donbas
2026-08-17 11:05:21,259 - Code.Dynamic_War_Manager.Source.Context.Campaign_State - DEBUG - add_region_snapshot - Region snapshot added: mission=M001 region=Donbas
2026-08-17 11:05:21,259 - Code.Dynamic_War_Manager.Source.Context.Campaign_State - DEBUG - add_region_snapshot - Region snapshot added: mission=M001 region=Donbas
2026-08-17 11:05:21,259 - Code.Dynamic_War_Manager.Source.Context.Campaign_State - DEBUG - add_region_snapshot - Region snapshot added: mission=M001 region=Donbas
2026-08-17 11:05:21,259 - Code.Dynamic_War_Manager.Source.Context.Campaign_State - DEBUG - add_region_snapshot - Region snapshot added: mission=M001 region=Donbas
2026-08-17 11:05:21,259 - Code.Dynamic_War_Manager.Source.Context.Campaign_State - DEBUG - add_region_snapshot - Region snapshot added: mission=M001 region=Donbas
2026-08-17 11:05:21,259 - Code.Dynamic_War_Manager.Source.Context.Campaign_State - DEBUG - add_region_snapshot - Region snapshot added: mission=M001 region=Donbas
2026-08-17 11:05:21,259 - Code.Dynamic_War_Manager.Source.Context.Campaign_State - DEBUG - add_region_snapshot - Region snapshot added: mission=M001 region=Donbas
2026-08-17 11:05:21,259 - Code.Dynamic_War_Manager.Source.Context.Campaign_State - DEBUG - add_region_snapshot - Region snapshot added: mission=M001 region=Donbas
2026-08-17 11:05:21,259 - Code.Dynamic_War_Manager.Source.Context.Campaign_State - DEBUG - add_region_snapshot - Region snapshot added: mission=M002 region=Donbas
2026-08-17 11:05:21,260 - Code.Dynamic_War_Manager.Source.Context.Campaign_State - DEBUG - add_region_snapshot - Region snapshot added: mission=M001 region=Donbas
2026-08-17 11:05:21,260 - Code.Dynamic_War_Manager.Source.Context.Campaign_State - DEBUG - add_region_snapshot - Region snapshot added: mission=M001 region=Donbas
2026-08-17 11:05:21,260 - Code.Dynamic_War_Manager.Source.Context.Campaign_State - DEBUG - add_region_snapshot - Region snapshot added: mission=M001 region=Donbas
2026-08-17 11:05:21,260 - Code.Dynamic_War_Manager.Source.Context.Campaign_State - DEBUG - add_block_snapshot - Block snapshot added: mission=M001 region=North block=B1
2026-08-17 11:05:21,260 - Code.Dynamic_War_Manager.Source.Context.Campaign_State - DEBUG - add_block_snapshot - Block snapshot added: mission=M001 region=North block=B1
2026-08-17 11:05:21,260 - Code.Dynamic_War_Manager.Source.Context.Campaign_State - DEBUG - add_block_snapshot - Block snapshot added: mission=M001 region=North block=BLK_001
2026-08-17 11:05:21,260 - Code.Dynamic_War_Manager.Source.Context.Campaign_State - DEBUG - add_block_snapshot - Block snapshot added: mission=M001 region=South block=BLK_001
2026-08-17 11:05:21,260 - Code.Dynamic_War_Manager.Source.Context.Campaign_State - DEBUG - add_block_snapshot - Block snapshot added: mission=M001 region=North block=BLK_001
2026-08-17 11:05:21,260 - Code.Dynamic_War_Manager.Source.Context.Campaign_State - DEBUG - add_block_snapshot - Block snapshot added: mission=M001 region=North block=BLK_001
2026-08-17 11:05:21,260 - Code.Dynamic_War_Manager.Source.Context.Campaign_State - DEBUG - add_block_snapshot - Block snapshot added: mission=M001 region=North block=BLK_001
2026-08-17 11:05:21,260 - Code.Dynamic_War_Manager.Source.Context.Campaign_State - DEBUG - add_block_snapshot - Block snapshot added: mission=M001 region=North block=BLK_002
2026-08-17 11:05:21,260 - Code.Dynamic_War_Manager.Source.Context.Campaign_State - DEBUG - add_block_snapshot - Block snapshot added: mission=M001 region=North block=BLK_001
2026-08-17 11:05:21,260 - Code.Dynamic_War_Manager.Source.Context.Campaign_State - DEBUG - add_region_snapshot - Region snapshot added: mission=M001 region=Donbas
2026-08-17 11:05:21,260 - Code.Dynamic_War_Manager.Source.Context.Campaign_State - DEBUG - add_region_snapshot - Region snapshot added: mission=M001 region=Crimea
2026-08-17 11:05:21,260 - Code.Dynamic_War_Manager.Source.Context.Campaign_State - DEBUG - add_region_snapshot - Region snapshot added: mission=M001 region=Donbas
2026-08-17 11:05:21,260 - Code.Dynamic_War_Manager.Source.Context.Campaign_State - DEBUG - add_region_snapshot - Region snapshot added: mission=M001 region=Donbas
2026-08-17 11:05:21,260 - Code.Dynamic_War_Manager.Source.Context.Campaign_State - DEBUG - add_region_snapshot - Region snapshot added: mission=M001 region=Donbas
2026-08-17 11:10:42,656 - Code.Dynamic_War_Manager.Source.Context.Campaign_State - DEBUG - add_region_snapshot - Region snapshot added: mission=M001 region=Donbas
2026-08-17 11:10:42,656 - Code.Dynamic_War_Manager.Source.Context.Campaign_State - DEBUG - add_region_snapshot - Region snapshot added: mission=M001 region=Donbas
2026-08-17 11:10:42,656 - Code.Dynamic_War_Manager.Source.Context.Campaign_State - DEBUG - add_region_snapshot - Region snapshot added: mission=M002 region=Donbas
2026-08-17 11:10:42,657 - Code.Dynamic_War_Manager.Source.Context.Campaign_State - INFO - save - CampaignState saved to /tmp/tmp88mkkfka.json (2 missions).
2026-08-17 11:10:42,657 - Code.Dynamic_War_Manager.Source.Context.Campaign_State - INFO - load - CampaignState loaded from /tmp/tmp88mkkfka.json (2 missions).
2026-08-17 11:10:42,657 - Code.Dynamic_War_Manager.Source.Context.Campaign_State - DEBUG - add_region_snapshot - Region snapshot added: mission=M001 region=Donbas
2026-08-17 11:10:42,657 - Code.Dynamic_War_Manager.Source.Context.Campaign_State - INFO - save - CampaignState saved to /tmp/tmpeuf05hwl.json (1 missions).
2026-08-17 11:10:42,657 - Code.Dynamic_War_Manager.Source.Context.Campaign_State - DEBUG - add_region_snapshot - Region snapshot added: mission=M001 region=Donbas
2026-08-17 11:10:42,657 - Code.Dynamic_War_Manager.Source.Context.Campaign_State - DEBUG - add_region_snapshot - Region snapshot added: mission=M001 region=Donbas
2026-08-17 11:10:42,658 - Code.Dynamic_War_Manager.Source.Context.Campaign_State - INFO - save - CampaignState saved to /tmp/tmp4w2hui8i.json (1 missions).
2026-08-17 11:10:42,658 - Code.Dynamic_War_Manager.Source.Context.Campaign_State - INFO - load - CampaignState loaded from /tmp/tmp4w2hui8i.json (1 missions).
2026-08-17 11:10:42,658 - Code.Dynamic_War_Manager.Source.Context.Campaign_State - DEBUG - add_region_snapshot - Region snapshot added: mission=M001 region=Donbas
2026-08-17 11:10:42,658 - Code.Dynamic_War_Manager.Source.Context.Campaign_State - INFO - save - CampaignState saved to /tmp/tmpa0u82qoa.json (1 missions).
2026-08-17 11:10:42,658 - Code.Dynamic_War_Manager.Source.Context.Campaign_State - INFO - load - CampaignState loaded from /tmp/tmpa0u82qoa.json (1 missions).
2026-08-17 11:10:42,658 - Code.Dynamic_War_Manager.Source.Context.Campaign_State - DEBUG - add_region_snapshot - Region snapshot added: mission=M001 region=Donbas
2026-08-17 11:10:42,658 - Code.Dynamic_War_Manager.Source.Context.Campaign_State - DEBUG - add_region_snapshot - Region snapshot added: mission=M001 region=Donbas
2026-08-17 11:10:42,658 - Code.Dynamic_War_Manager.Source.Context.Campaign_State - DEBUG - add_region_snapshot - Region snapshot added: mission=M002 region=Donbas
2026-08-17 11:10:42,658 - Code.Dynamic_War_Manager.Source.Context.Campaign_State - DEBUG - add_region_snapshot - Region snapshot added: mission=M001 region=Donbas
2026-08-17 11:10:42,658 - Code.Dynamic_War_Manager.Source.Context.Campaign_State - DEBUG - add_region_snapshot - Region snapshot added: mission=M001 region=Donbas
2026-08-17 11:10:42,658 - Code.Dynamic_War_Manager.Source.Context.Campaign_State - DEBUG - add_region_snapshot - Region snapshot added: mission=M002 region=Donbas
2026-08-17 11:10:42,658 - Code.Dynamic_War_Manager.Source.Context.Campaign_State - DEBUG - add_region_snapshot - Region snapshot added: mission=M001 region=Donbas
2026-08-17 11:10:42,658 - Code.Dynamic_War_Manager.Source.Context.Campaign_State - DEBUG - add_region_snapshot - Region snapshot added: mission=M001 region=Donbas
2026-08-17 11:10:42,658 - Code.Dynamic_War_Manager.Source.Context.Campaign_State - DEBUG - add_region_snapshot - Region snapshot added: mission=M001 region=Donbas
2026-08-17 11:10:42,658 - Code.Dynamic_War_Manager.Source.Context.Campaign_State - DEBUG - add_region_snapshot - Region snapshot added: mission=M001 region=Donbas
2026-08-17 11:10:42,658 - Code.Dynamic_War_Manager.Source.Context.Campaign_State - DEBUG - add_region_snapshot - Region snapshot added: mission=M001 region=Donbas
2026-08-17 11:10:42,658 - Code.Dynamic_War_Manager.Source.Context.Campaign_State - DEBUG - add_region_snapshot - Region snapshot added: mission=M002 region=Donbas
2026-08-17 11:10:42,658 - Code.Dynamic_War_Manager.Source.Context.Campaign_State - DEBUG - add_region_snapshot - Region snapshot added: mission=M001 region=Donbas
2026-08-17 11:10:42,658 - Code.Dynamic_War_Manager.Source.Context.Campaign_State - DEBUG - add_region_snapshot - Region snapshot added: mission=M001 region=Donbas
2026-08-17 11:10:42,658 - Code.Dynamic_War_Manager.Source.Context.Campaign_State - DEBUG - add_region_snapshot - Region snapshot added: mission=M001 region=Donbas
2026-08-17 11:10:42,658 - Code.Dynamic_War_Manager.Source.Context.Campaign_State - DEBUG - add_region_snapshot - Region snapshot added: mission=M001 region=Donbas
2026-08-17 11:10:42,658 - Code.Dynamic_War_Manager.Source.Context.Campaign_State - DEBUG - add_region_snapshot - Region snapshot added: mission=M001 region=Donbas
2026-08-17 11:10:42,658 - Code.Dynamic_War_Manager.Source.Context.Campaign_State - DEBUG - add_region_snapshot - Region snapshot added: mission=M001 region=Donbas
2026-08-17 11:10:42,658 - Code.Dynamic_War_Manager.Source.Context.Campaign_State - DEBUG - add_region_snapshot - Region snapshot added: mission=M002 region=Donbas
2026-08-17 11:10:42,659 - Code.Dynamic_War_Manager.Source.Context.Campaign_State - DEBUG - add_region_snapshot - Region snapshot added: mission=M001 region=Donbas
2026-08-17 11:10:42,659 - Code.Dynamic_War_Manager.Source.Context.Campaign_State - DEBUG - add_region_snapshot - Region snapshot added: mission=M002 region=Donbas
2026-08-17 11:10:42,659 - Code.Dynamic_War_Manager.Source.Context.Campaign_State - DEBUG - add_region_snapshot - Region snapshot added: mission=M001 region=Donbas
2026-08-17 11:10:42,659 - Code.Dynamic_War_Manager.Source.Context.Campaign_State - DEBUG - add_region_snapshot - Region snapshot added: mission=M001 region=Donbas
2026-08-17 11:10:42,659 - Code.Dynamic_War_Manager.Source.Context.Campaign_State - DEBUG - add_region_snapshot - Region snapshot added: mission=M001 region=Donbas
2026-08-17 11:10:42,659 - Code.Dynamic_War_Manager.Source.Context.Campaign_State - DEBUG - add_region_snapshot - Region snapshot added: mission=M001 region=Donbas
2026-08-17 11:10:42,659 - Code.Dynamic_War_Manager.Source.Context.Campaign_State - DEBUG - add_region_snapshot - Region snapshot added: mission=M001 region=Donbas
2026-08-17 11:10:42,659 - Code.Dynamic_War_Manager.Source.Context.Campaign_State - DEBUG - add_region_snapshot - Region snapshot added: mission=M001 region=Donbas
2026-08-17 11:10:42,659 - Code.Dynamic_War_Manager.Source.Context.Campaign_State - DEBUG - add_region_snapshot - Region snapshot added: mission=M001 region=Donbas
2026-08-17 11:10:42,659 - Code.Dynamic_War_Manager.Source.Context.Campaign_State - DEBUG - add_region_snapshot - Region snapshot added: mission=M001 region=Donbas
2026-08-17 11:10:42,659 - Code.Dynamic_War_Manager.Source.Context.Campaign_State - DEBUG - add_region_snapshot - Region snapshot added: mission=M001 region=Donbas
2026-08-17 11:10:42,659 - Code.Dynamic_War_Manager.Source.Context.Campaign_State - DEBUG - add_region_snapshot - Region snapshot added: mission=M001 region=Donbas
2026-08-17 11:10:42,659 - Code.Dynamic_War_Manager.Source.Context.Campaign_State - DEBUG - add_region_snapshot - Region snapshot added: mission=M001 region=Donbas
2026-08-17 11:10:42,659 - Code.Dynamic_War_Manager.Source.Context.Campaign_State - WARNING - restore - Region 'NonExistent' not in snapshot for mission 'M001'. Skipped.
2026-08-17 11:10:42,659 - Code.Dynamic_War_Manager.Source.Context.Campaign_State - DEBUG - add_region_snapshot - Region snapshot added: mission=M001 region=Donbas
2026-08-17 11:10:42,659 - Code.Dynamic_War_Manager.Source.Context.Campaign_State - DEBUG - add_region_snapshot - Region snapshot added: mission=M001 region=Donbas
2026-08-17 11:10:42,659 - Code.Dynamic_War_Manager.Source.Context.Campaign_State - DEBUG - add_region_snapshot - Region snapshot added: mission=M001 region=Donbas
2026-08-17 11:10:42,659 - Code.Dynamic_War_Manager.Source.Context.Campaign_State - DEBUG - add_region_snapshot - Region snapshot added: mission=M001 region=Donbas
2026-08-17 11:10:42,659 - Code.Dynamic_War_Manager.Source.Context.Campaign_State - DEBUG - add_region_snapshot - Region snapshot added: mission=M_SR region=Donbas
2026-08-17 11:10:42,659 - Code.Dynamic_War_Manager.Source.Context.Campaign_State - DEBUG - add_region_snapshot - Region snapshot added: mission=M001 region=Donbas
2026-08-17 11:10:42,659 - Code.Dynamic_War_Manager.Source.Context.Campaign_State - DEBUG - add_region_snapshot - Region snapshot added: mission=M001 region=Donbas
2026-08-17 11:10:42,660 - Code.Dynamic_War_Manager.Source.Context.Campaign_State - DEBUG - add_region_snapshot - Region snapshot added: mission=M001 region=Donbas
2026-08-17 11:10:42,660 - Code.Dynamic_War_Manager.Source.Context.Campaign_State - DEBUG - add_region_snapshot - Region snapshot added: mission=M003 region=Donbas
2026-08-17 11:10:42,660 - Code.Dynamic_War_Manager.Source.Context.Campaign_State - DEBUG - add_region_snapshot - Region snapshot added: mission=M001 region=Donbas
2026-08-17 11:10:42,660 - Code.Dynamic_War_Manager.Source.Context.Campaign_State - DEBUG - add_region_snapshot - Region snapshot added: mission=M001 region=Donbas
2026-08-17 11:10:42,660 - Code.Dynamic_War_Manager.Source.Context.Campaign_State - DEBUG - add_region_snapshot - Region snapshot added: mission=M001 region=Donbas
2026-08-17 11:10:42,660 - Code.Dynamic_War_Manager.Source.Context.Campaign_State - DEBUG - add_region_snapshot - Region snapshot added: mission=M001 region=Donbas
2026-08-17 11:10:42,660 - Code.Dynamic_War_Manager.Source.Context.Campaign_State - DEBUG - add_region_snapshot - Region snapshot added: mission=M001 region=Donbas
2026-08-17 11:10:42,660 - Code.Dynamic_War_Manager.Source.Context.Campaign_State - DEBUG - add_region_snapshot - Region snapshot added: mission=M001 region=Donbas
2026-08-17 11:10:42,660 - Code.Dynamic_War_Manager.Source.Context.Campaign_State - DEBUG - add_region_snapshot - Region snapshot added: mission=M001 region=Donbas
2026-08-17 11:10:42,660 - Code.Dynamic_War_Manager.Source.Context.Campaign_State - DEBUG - add_region_snapshot - Region snapshot added: mission=M001 region=Donbas
2026-08-17 11:10:42,660 - Code.Dynamic_War_Manager.Source.Context.Campaign_State - DEBUG - add_region_snapshot - Region snapshot added: mission=M002 region=Donbas
2026-08-17 11:10:42,660 - Code.Dynamic_War_Manager.Source.Context.Campaign_State - DEBUG - add_region_snapshot - Region snapshot added: mission=M001 region=Donbas
2026-08-17 11:10:42,660 - Code.Dynamic_War_Manager.Source.Context.Campaign_State - DEBUG - add_region_snapshot - Region snapshot added: mission=M001 region=Donbas
2026-08-17 11:10:42,660 - Code.Dynamic_War_Manager.Source.Context.Campaign_State - DEBUG - add_region_snapshot - Region snapshot added: mission=M001 region=Donbas
2026-08-17 11:10:42,660 - Code.Dynamic_War_Manager.Source.Context.Campaign_State - DEBUG - add_block_snapshot - Block snapshot added: mission=M001 region=North block=B1
2026-08-17 11:10:42,660 - Code.Dynamic_War_Manager.Source.Context.Campaign_State - DEBUG - add_block_snapshot - Block snapshot added: mission=M001 region=North block=B1
2026-08-17 11:10:42,660 - Code.Dynamic_War_Manager.Source.Context.Campaign_State - DEBUG - add_block_snapshot - Block snapshot added: mission=M001 region=North block=BLK_001
2026-08-17 11:10:42,660 - Code.Dynamic_War_Manager.Source.Context.Campaign_State - DEBUG - add_block_snapshot - Block snapshot added: mission=M001 region=South block=BLK_001
2026-08-17 11:10:42,660 - Code.Dynamic_War_Manager.Source.Context.Campaign_State - DEBUG - add_block_snapshot - Block snapshot added: mission=M001 region=North block=BLK_001
2026-08-17 11:10:42,660 - Code.Dynamic_War_Manager.Source.Context.Campaign_State - DEBUG - add_block_snapshot - Block snapshot added: mission=M001 region=North block=BLK_001
2026-08-17 11:10:42,660 - Code.Dynamic_War_Manager.Source.Context.Campaign_State - DEBUG - add_block_snapshot - Block snapshot added: mission=M001 region=North block=BLK_001
2026-08-17 11:10:42,660 - Code.Dynamic_War_Manager.Source.Context.Campaign_State - DEBUG - add_block_snapshot - Block snapshot added: mission=M001 region=North block=BLK_002
2026-08-17 11:10:42,660 - Code.Dynamic_War_Manager.Source.Context.Campaign_State - DEBUG - add_block_snapshot - Block snapshot added: mission=M001 region=North block=BLK_001
2026-08-17 11:10:42,660 - Code.Dynamic_War_Manager.Source.Context.Campaign_State - DEBUG - add_region_snapshot - Region snapshot added: mission=M001 region=Donbas
2026-08-17 11:10:42,660 - Code.Dynamic_War_Manager.Source.Context.Campaign_State - DEBUG - add_region_snapshot - Region snapshot added: mission=M001 region=Crimea
2026-08-17 11:10:42,660 - Code.Dynamic_War_Manager.Source.Context.Campaign_State - DEBUG - add_region_snapshot - Region snapshot added: mission=M001 region=Donbas
2026-08-17 11:10:42,660 - Code.Dynamic_War_Manager.Source.Context.Campaign_State - DEBUG - add_region_snapshot - Region snapshot added: mission=M001 region=Donbas
2026-08-17 11:10:42,660 - Code.Dynamic_War_Manager.Source.Context.Campaign_State - DEBUG - add_region_snapshot - Region snapshot added: mission=M001 region=Donbas
2026-08-21 10:42:03,829 - Code.Dynamic_War_Manager.Source.Context.Campaign_State - DEBUG - add_region_snapshot - Region snapshot added: mission=M001 region=Donbas
2026-08-21 10:42:03,830 - Code.Dynamic_War_Manager.Source.Context.Campaign_State - DEBUG - add_region_snapshot - Region snapshot added: mission=M001 region=Donbas
2026-08-21 10:42:03,830 - Code.Dynamic_War_Manager.Source.Context.Campaign_State - DEBUG - add_region_snapshot - Region snapshot added: mission=M002 region=Donbas
2026-08-21 10:42:03,830 - Code.Dynamic_War_Manager.Source.Context.Campaign_State - INFO - save - CampaignState saved to /tmp/tmp98n8ojtq.json (2 missions).
2026-08-21 10:42:03,830 - Code.Dynamic_War_Manager.Source.Context.Campaign_State - INFO - load - CampaignState loaded from /tmp/tmp98n8ojtq.json (2 missions).
2026-08-21 10:42:03,831 - Code.Dynamic_War_Manager.Source.Context.Campaign_State - DEBUG - add_region_snapshot - Region snapshot added: mission=M001 region=Donbas
2026-08-21 10:42:03,831 - Code.Dynamic_War_Manager.Source.Context.Campaign_State - INFO - save - CampaignState saved to /tmp/tmpq7rzio27.json (1 missions).
2026-08-21 10:42:03,831 - Code.Dynamic_War_Manager.Source.Context.Campaign_State - DEBUG - add_region_snapshot - Region snapshot added: mission=M001 region=Donbas
2026-08-21 10:42:03,831 - Code.Dynamic_War_Manager.Source.Context.Campaign_State - DEBUG - add_region_snapshot - Region snapshot added: mission=M001 region=Donbas
2026-08-21 10:42:03,832 - Code.Dynamic_War_Manager.Source.Context.Campaign_State - INFO - save - CampaignState saved to /tmp/tmpb7g3ejnm.json (1 missions).
2026-08-21 10:42:03,832 - Code.Dynamic_War_Manager.Source.Context.Campaign_State - INFO - load - CampaignState loaded from /tmp/tmpb7g3ejnm.json (1 missions).
2026-08-21 10:42:03,832 - Code.Dynamic_War_Manager.Source.Context.Campaign_State - DEBUG - add_region_snapshot - Region snapshot added: mission=M001 region=Donbas
2026-08-21 10:42:03,832 - Code.Dynamic_War_Manager.Source.Context.Campaign_State - INFO - save - CampaignState saved to /tmp/tmpal2dy48n.json (1 missions).
2026-08-21 10:42:03,832 - Code.Dynamic_War_Manager.Source.Context.Campaign_State - INFO - load - CampaignState loaded from /tmp/tmpal2dy48n.json (1 missions).
2026-08-21 10:42:03,833 - Code.Dynamic_War_Manager.Source.Context.Campaign_State - DEBUG - add_region_snapshot - Region snapshot added: mission=M001 region=Donbas
2026-08-21 10:42:03,833 - Code.Dynamic_War_Manager.Source.Context.Campaign_State - DEBUG - add_region_snapshot - Region snapshot added: mission=M001 region=Donbas
2026-08-21 10:42:03,833 - Code.Dynamic_War_Manager.Source.Context.Campaign_State - DEBUG - add_region_snapshot - Region snapshot added: mission=M002 region=Donbas
2026-08-21 10:42:03,833 - Code.Dynamic_War_Manager.Source.Context.Campaign_State - DEBUG - add_region_snapshot - Region snapshot added: mission=M001 region=Donbas
2026-08-21 10:42:03,833 - Code.Dynamic_War_Manager.Source.Context.Campaign_State - DEBUG - add_region_snapshot - Region snapshot added: mission=M001 region=Donbas
2026-08-21 10:42:03,833 - Code.Dynamic_War_Manager.Source.Context.Campaign_State - DEBUG - add_region_snapshot - Region snapshot added: mission=M002 region=Donbas
2026-08-21 10:42:03,833 - Code.Dynamic_War_Manager.Source.Context.Campaign_State - DEBUG - add_region_snapshot - Region snapshot added: mission=M001 region=Donbas
2026-08-21 10:42:03,833 - Code.Dynamic_War_Manager.Source.Context.Campaign_State - DEBUG - add_region_snapshot - Region snapshot added: mission=M001 region=Donbas
2026-08-21 10:42:03,834 - Code.Dynamic_War_Manager.Source.Context.Campaign_State - DEBUG - add_region_snapshot - Region snapshot added: mission=M001 region=Donbas
2026-08-21 10:42:03,834 - Code.Dynamic_War_Manager.Source.Context.Campaign_State - DEBUG - add_region_snapshot - Region snapshot added: mission=M001 region=Donbas
2026-08-21 10:42:03,834 - Code.Dynamic_War_Manager.Source.Context.Campaign_State - DEBUG - add_region_snapshot - Region snapshot added: mission=M001 region=Donbas
2026-08-21 10:42:03,834 - Code.Dynamic_War_Manager.Source.Context.Campaign_State - DEBUG - add_region_snapshot - Region snapshot added: mission=M002 region=Donbas
2026-08-21 10:42:03,834 - Code.Dynamic_War_Manager.Source.Context.Campaign_State - DEBUG - add_region_snapshot - Region snapshot added: mission=M001 region=Donbas
2026-08-21 10:42:03,834 - Code.Dynamic_War_Manager.Source.Context.Campaign_State - DEBUG - add_region_snapshot - Region snapshot added: mission=M001 region=Donbas
2026-08-21 10:42:03,834 - Code.Dynamic_War_Manager.Source.Context.Campaign_State - DEBUG - add_region_snapshot - Region snapshot added: mission=M001 region=Donbas
2026-08-21 10:42:03,835 - Code.Dynamic_War_Manager.Source.Context.Campaign_State - DEBUG - add_region_snapshot - Region snapshot added: mission=M001 region=Donbas
2026-08-21 10:42:03,835 - Code.Dynamic_War_Manager.Source.Context.Campaign_State - DEBUG - add_region_snapshot - Region snapshot added: mission=M001 region=Donbas
2026-08-21 10:42:03,835 - Code.Dynamic_War_Manager.Source.Context.Campaign_State - DEBUG - add_region_snapshot - Region snapshot added: mission=M001 region=Donbas
2026-08-21 10:42:03,835 - Code.Dynamic_War_Manager.Source.Context.Campaign_State - DEBUG - add_region_snapshot - Region snapshot added: mission=M002 region=Donbas
2026-08-21 10:42:03,835 - Code.Dynamic_War_Manager.Source.Context.Campaign_State - DEBUG - add_region_snapshot - Region snapshot added: mission=M001 region=Donbas
2026-08-21 10:42:03,835 - Code.Dynamic_War_Manager.Source.Context.Campaign_State - DEBUG - add_region_snapshot - Region snapshot added: mission=M002 region=Donbas
2026-08-21 10:42:03,835 - Code.Dynamic_War_Manager.Source.Context.Campaign_State - DEBUG - add_region_snapshot - Region snapshot added: mission=M001 region=Donbas
2026-08-21 10:42:03,836 - Code.Dynamic_War_Manager.Source.Context.Campaign_State - DEBUG - add_region_snapshot - Region snapshot added: mission=M001 region=Donbas
2026-08-21 10:42:03,836 - Code.Dynamic_War_Manager.Source.Context.Campaign_State - DEBUG - add_region_snapshot - Region snapshot added: mission=M001 region=Donbas
2026-08-21 10:42:03,836 - Code.Dynamic_War_Manager.Source.Context.Campaign_State - DEBUG - add_region_snapshot - Region snapshot added: mission=M001 region=Donbas
2026-08-21 10:42:03,836 - Code.Dynamic_War_Manager.Source.Context.Campaign_State - DEBUG - add_region_snapshot - Region snapshot added: mission=M001 region=Donbas
2026-08-21 10:42:03,836 - Code.Dynamic_War_Manager.Source.Context.Campaign_State - DEBUG - add_region_snapshot - Region snapshot added: mission=M001 region=Donbas
2026-08-21 10:42:03,836 - Code.Dynamic_War_Manager.Source.Context.Campaign_State - DEBUG - add_region_snapshot - Region snapshot added: mission=M001 region=Donbas
2026-08-21 10:42:03,836 - Code.Dynamic_War_Manager.Source.Context.Campaign_State - DEBUG - add_region_snapshot - Region snapshot added: mission=M001 region=Donbas
2026-08-21 10:42:03,837 - Code.Dynamic_War_Manager.Source.Context.Campaign_State - DEBUG - add_region_snapshot - Region snapshot added: mission=M001 region=Donbas
2026-08-21 10:42:03,837 - Code.Dynamic_War_Manager.Source.Context.Campaign_State - DEBUG - add_region_snapshot - Region snapshot added: mission=M001 region=Donbas
2026-08-21 10:42:03,837 - Code.Dynamic_War_Manager.Source.Context.Campaign_State - DEBUG - add_region_snapshot - Region snapshot added: mission=M001 region=Donbas
2026-08-21 10:42:03,837 - Code.Dynamic_War_Manager.Source.Context.Campaign_State - WARNING - restore - Region 'NonExistent' not in snapshot for mission 'M001'. Skipped.
2026-08-21 10:42:03,837 - Code.Dynamic_War_Manager.Source.Context.Campaign_State - DEBUG - add_region_snapshot - Region snapshot added: mission=M001 region=Donbas
2026-08-21 10:42:03,837 - Code.Dynamic_War_Manager.Source.Context.Campaign_State - DEBUG - add_region_snapshot - Region snapshot added: mission=M001 region=Donbas
2026-08-21 10:42:03,838 - Code.Dynamic_War_Manager.Source.Context.Campaign_State - DEBUG - add_region_snapshot - Region snapshot added: mission=M001 region=Donbas
2026-08-21 10:42:03,838 - Code.Dynamic_War_Manager.Source.Context.Campaign_State - DEBUG - add_region_snapshot - Region snapshot added: mission=M001 region=Donbas
2026-08-21 10:42:03,838 - Code.Dynamic_War_Manager.Source.Context.Campaign_State - DEBUG - add_region_snapshot - Region snapshot added: mission=M_SR region=Donbas
2026-08-21 10:42:03,838 - Code.Dynamic_War_Manager.Source.Context.Campaign_State - DEBUG - add_region_snapshot - Region snapshot added: mission=M001 region=Donbas
2026-08-21 10:42:03,838 - Code.Dynamic_War_Manager.Source.Context.Campaign_State - DEBUG - add_region_snapshot - Region snapshot added: mission=M001 region=Donbas
2026-08-21 10:42:03,838 - Code.Dynamic_War_Manager.Source.Context.Campaign_State - DEBUG - add_region_snapshot - Region snapshot added: mission=M001 region=Donbas
2026-08-21 10:42:03,838 - Code.Dynamic_War_Manager.Source.Context.Campaign_State - DEBUG - add_region_snapshot - Region snapshot added: mission=M003 region=Donbas
2026-08-21 10:42:03,838 - Code.Dynamic_War_Manager.Source.Context.Campaign_State - DEBUG - add_region_snapshot - Region snapshot added: mission=M001 region=Donbas
2026-08-21 10:42:03,839 - Code.Dynamic_War_Manager.Source.Context.Campaign_State - DEBUG - add_region_snapshot - Region snapshot added: mission=M001 region=Donbas
2026-08-21 10:42:03,839 - Code.Dynamic_War_Manager.Source.Context.Campaign_State - DEBUG - add_region_snapshot - Region snapshot added: mission=M001 region=Donbas
2026-08-21 10:42:03,839 - Code.Dynamic_War_Manager.Source.Context.Campaign_State - DEBUG - add_region_snapshot - Region snapshot added: mission=M001 region=Donbas
2026-08-21 10:42:03,839 - Code.Dynamic_War_Manager.Source.Context.Campaign_State - DEBUG - add_region_snapshot - Region snapshot added: mission=M001 region=Donbas
2026-08-21 10:42:03,839 - Code.Dynamic_War_Manager.Source.Context.Campaign_State - DEBUG - add_region_snapshot - Region snapshot added: mission=M001 region=Donbas
2026-08-21 10:42:03,839 - Code.Dynamic_War_Manager.Source.Context.Campaign_State - DEBUG - add_region_snapshot - Region snapshot added: mission=M001 region=Donbas
2026-08-21 10:42:03,839 - Code.Dynamic_War_Manager.Source.Context.Campaign_State - DEBUG - add_region_snapshot - Region snapshot added: mission=M001 region=Donbas
2026-08-21 10:42:03,840 - Code.Dynamic_War_Manager.Source.Context.Campaign_State - DEBUG - add_region_snapshot - Region snapshot added: mission=M002 region=Donbas
2026-08-21 10:42:03,840 - Code.Dynamic_War_Manager.Source.Context.Campaign_State - DEBUG - add_region_snapshot - Region snapshot added: mission=M001 region=Donbas
2026-08-21 10:42:03,840 - Code.Dynamic_War_Manager.Source.Context.Campaign_State - DEBUG - add_region_snapshot - Region snapshot added: mission=M001 region=Donbas
2026-08-21 10:42:03,840 - Code.Dynamic_War_Manager.Source.Context.Campaign_State - DEBUG - add_region_snapshot - Region snapshot added: mission=M001 region=Donbas
2026-08-21 10:42:03,840 - Code.Dynamic_War_Manager.Source.Context.Campaign_State - DEBUG - add_block_snapshot - Block snapshot added: mission=M001 region=North block=B1
2026-08-21 10:42:03,840 - Code.Dynamic_War_Manager.Source.Context.Campaign_State - DEBUG - add_block_snapshot - Block snapshot added: mission=M001 region=North block=B1
2026-08-21 10:42:03,841 - Code.Dynamic_War_Manager.Source.Context.Campaign_State - DEBUG - add_block_snapshot - Block snapshot added: mission=M001 region=North block=BLK_001
2026-08-21 10:42:03,841 - Code.Dynamic_War_Manager.Source.Context.Campaign_State - DEBUG - add_block_snapshot - Block snapshot added: mission=M001 region=South block=BLK_001
2026-08-21 10:42:03,841 - Code.Dynamic_War_Manager.Source.Context.Campaign_State - DEBUG - add_block_snapshot - Block snapshot added: mission=M001 region=North block=BLK_001
2026-08-21 10:42:03,841 - Code.Dynamic_War_Manager.Source.Context.Campaign_State - DEBUG - add_block_snapshot - Block snapshot added: mission=M001 region=North block=BLK_001
2026-08-21 10:42:03,841 - Code.Dynamic_War_Manager.Source.Context.Campaign_State - DEBUG - add_block_snapshot - Block snapshot added: mission=M001 region=North block=BLK_001
2026-08-21 10:42:03,841 - Code.Dynamic_War_Manager.Source.Context.Campaign_State - DEBUG - add_block_snapshot - Block snapshot added: mission=M001 region=North block=BLK_002
2026-08-21 10:42:03,842 - Code.Dynamic_War_Manager.Source.Context.Campaign_State - DEBUG - add_block_snapshot - Block snapshot added: mission=M001 region=North block=BLK_001
2026-08-21 10:42:03,842 - Code.Dynamic_War_Manager.Source.Context.Campaign_State - DEBUG - add_region_snapshot - Region snapshot added: mission=M001 region=Donbas
2026-08-21 10:42:03,842 - Code.Dynamic_War_Manager.Source.Context.Campaign_State - DEBUG - add_region_snapshot - Region snapshot added: mission=M001 region=Crimea
2026-08-21 10:42:03,842 - Code.Dynamic_War_Manager.Source.Context.Campaign_State - DEBUG - add_region_snapshot - Region snapshot added: mission=M001 region=Donbas
2026-08-21 10:42:03,842 - Code.Dynamic_War_Manager.Source.Context.Campaign_State - DEBUG - add_region_snapshot - Region snapshot added: mission=M001 region=Donbas
2026-08-21 10:42:03,842 - Code.Dynamic_War_Manager.Source.Context.Campaign_State - DEBUG - add_region_snapshot - Region snapshot added: mission=M001 region=Donbas
2026-08-21 11:53:02,435 - Code.Dynamic_War_Manager.Source.Context.Campaign_State - DEBUG - add_region_snapshot - Region snapshot added: mission=M001 region=Donbas
2026-08-21 11:53:02,436 - Code.Dynamic_War_Manager.Source.Context.Campaign_State - DEBUG - add_region_snapshot - Region snapshot added: mission=M001 region=Donbas
2026-08-21 11:53:02,436 - Code.Dynamic_War_Manager.Source.Context.Campaign_State - DEBUG - add_region_snapshot - Region snapshot added: mission=M002 region=Donbas
2026-08-21 11:53:02,436 - Code.Dynamic_War_Manager.Source.Context.Campaign_State - INFO - save - CampaignState saved to /tmp/tmpdi733q7o.json (2 missions).
2026-08-21 11:53:02,436 - Code.Dynamic_War_Manager.Source.Context.Campaign_State - INFO - load - CampaignState loaded from /tmp/tmpdi733q7o.json (2 missions).
2026-08-21 11:53:02,436 - Code.Dynamic_War_Manager.Source.Context.Campaign_State - DEBUG - add_region_snapshot - Region snapshot added: mission=M001 region=Donbas
2026-08-21 11:53:02,437 - Code.Dynamic_War_Manager.Source.Context.Campaign_State - INFO - save - CampaignState saved to /tmp/tmp2y7f46iz.json (1 missions).
2026-08-21 11:53:02,437 - Code.Dynamic_War_Manager.Source.Context.Campaign_State - DEBUG - add_region_snapshot - Region snapshot added: mission=M001 region=Donbas
2026-08-21 11:53:02,437 - Code.Dynamic_War_Manager.Source.Context.Campaign_State - DEBUG - add_region_snapshot - Region snapshot added: mission=M001 region=Donbas
2026-08-21 11:53:02,437 - Code.Dynamic_War_Manager.Source.Context.Campaign_State - INFO - save - CampaignState saved to /tmp/tmpezehxkth.json (1 missions).
2026-08-21 11:53:02,438 - Code.Dynamic_War_Manager.Source.Context.Campaign_State - INFO - load - CampaignState loaded from /tmp/tmpezehxkth.json (1 missions).
2026-08-21 11:53:02,438 - Code.Dynamic_War_Manager.Source.Context.Campaign_State - DEBUG - add_region_snapshot - Region snapshot added: mission=M001 region=Donbas
2026-08-21 11:53:02,438 - Code.Dynamic_War_Manager.Source.Context.Campaign_State - INFO - save - CampaignState saved to /tmp/tmpxbqqbxlp.json (1 missions).
2026-08-21 11:53:02,438 - Code.Dynamic_War_Manager.Source.Context.Campaign_State - INFO - load - CampaignState loaded from /tmp/tmpxbqqbxlp.json (1 missions).
2026-08-21 11:53:02,438 - Code.Dynamic_War_Manager.Source.Context.Campaign_State - DEBUG - add_region_snapshot - Region snapshot added: mission=M001 region=Donbas
2026-08-21 11:53:02,438 - Code.Dynamic_War_Manager.Source.Context.Campaign_State - DEBUG - add_region_snapshot - Region snapshot added: mission=M001 region=Donbas
2026-08-21 11:53:02,439 - Code.Dynamic_War_Manager.Source.Context.Campaign_State - DEBUG - add_region_snapshot - Region snapshot added: mission=M002 region=Donbas
2026-08-21 11:53:02,439 - Code.Dynamic_War_Manager.Source.Context.Campaign_State - DEBUG - add_region_snapshot - Region snapshot added: mission=M001 region=Donbas
2026-08-21 11:53:02,439 - Code.Dynamic_War_Manager.Source.Context.Campaign_State - DEBUG - add_region_snapshot - Region snapshot added: mission=M001 region=Donbas
2026-08-21 11:53:02,439 - Code.Dynamic_War_Manager.Source.Context.Campaign_State - DEBUG - add_region_snapshot - Region snapshot added: mission=M002 region=Donbas
2026-08-21 11:53:02,439 - Code.Dynamic_War_Manager.Source.Context.Campaign_State - DEBUG - add_region_snapshot - Region snapshot added: mission=M001 region=Donbas
2026-08-21 11:53:02,439 - Code.Dynamic_War_Manager.Source.Context.Campaign_State - DEBUG - add_region_snapshot - Region snapshot added: mission=M001 region=Donbas
2026-08-21 11:53:02,439 - Code.Dynamic_War_Manager.Source.Context.Campaign_State - DEBUG - add_region_snapshot - Region snapshot added: mission=M001 region=Donbas
2026-08-21 11:53:02,440 - Code.Dynamic_War_Manager.Source.Context.Campaign_State - DEBUG - add_region_snapshot - Region snapshot added: mission=M001 region=Donbas
2026-08-21 11:53:02,440 - Code.Dynamic_War_Manager.Source.Context.Campaign_State - DEBUG - add_region_snapshot - Region snapshot added: mission=M001 region=Donbas
2026-08-21 11:53:02,440 - Code.Dynamic_War_Manager.Source.Context.Campaign_State - DEBUG - add_region_snapshot - Region snapshot added: mission=M002 region=Donbas
2026-08-21 11:53:02,440 - Code.Dynamic_War_Manager.Source.Context.Campaign_State - DEBUG - add_region_snapshot - Region snapshot added: mission=M001 region=Donbas
2026-08-21 11:53:02,440 - Code.Dynamic_War_Manager.Source.Context.Campaign_State - DEBUG - add_region_snapshot - Region snapshot added: mission=M001 region=Donbas
2026-08-21 11:53:02,440 - Code.Dynamic_War_Manager.Source.Context.Campaign_State - DEBUG - add_region_snapshot - Region snapshot added: mission=M001 region=Donbas
2026-08-21 11:53:02,440 - Code.Dynamic_War_Manager.Source.Context.Campaign_State - DEBUG - add_region_snapshot - Region snapshot added: mission=M001 region=Donbas
2026-08-21 11:53:02,441 - Code.Dynamic_War_Manager.Source.Context.Campaign_State - DEBUG - add_region_snapshot - Region snapshot added: mission=M001 region=Donbas
2026-08-21 11:53:02,441 - Code.Dynamic_War_Manager.Source.Context.Campaign_State - DEBUG - add_region_snapshot - Region snapshot added: mission=M001 region=Donbas
2026-08-21 11:53:02,441 - Code.Dynamic_War_Manager.Source.Context.Campaign_State - DEBUG - add_region_snapshot - Region snapshot added: mission=M002 region=Donbas
2026-08-21 11:53:02,441 - Code.Dynamic_War_Manager.Source.Context.Campaign_State - DEBUG - add_region_snapshot - Region snapshot added: mission=M001 region=Donbas
2026-08-21 11:53:02,441 - Code.Dynamic_War_Manager.Source.Context.Campaign_State - DEBUG - add_region_snapshot - Region snapshot added: mission=M002 region=Donbas
2026-08-21 11:53:02,441 - Code.Dynamic_War_Manager.Source.Context.Campaign_State - DEBUG - add_region_snapshot - Region snapshot added: mission=M001 region=Donbas
2026-08-21 11:53:02,441 - Code.Dynamic_War_Manager.Source.Context.Campaign_State - DEBUG - add_region_snapshot - Region snapshot added: mission=M001 region=Donbas
2026-08-21 11:53:02,442 - Code.Dynamic_War_Manager.Source.Context.Campaign_State - DEBUG - add_region_snapshot - Region snapshot added: mission=M001 region=Donbas
2026-08-21 11:53:02,442 - Code.Dynamic_War_Manager.Source.Context.Campaign_State - DEBUG - add_region_snapshot - Region snapshot added: mission=M001 region=Donbas
2026-08-21 11:53:02,442 - Code.Dynamic_War_Manager.Source.Context.Campaign_State - DEBUG - add_region_snapshot - Region snapshot added: mission=M001 region=Donbas
2026-08-21 11:53:02,442 - Code.Dynamic_War_Manager.Source.Context.Campaign_State - DEBUG - add_region_snapshot - Region snapshot added: mission=M001 region=Donbas
2026-08-21 11:53:02,442 - Code.Dynamic_War_Manager.Source.Context.Campaign_State - DEBUG - add_region_snapshot - Region snapshot added: mission=M001 region=Donbas
2026-08-21 11:53:02,442 - Code.Dynamic_War_Manager.Source.Context.Campaign_State - DEBUG - add_region_snapshot - Region snapshot added: mission=M001 region=Donbas
2026-08-21 11:53:02,442 - Code.Dynamic_War_Manager.Source.Context.Campaign_State - DEBUG - add_region_snapshot - Region snapshot added: mission=M001 region=Donbas
2026-08-21 11:53:02,443 - Code.Dynamic_War_Manager.Source.Context.Campaign_State - DEBUG - add_region_snapshot - Region snapshot added: mission=M001 region=Donbas
2026-08-21 11:53:02,443 - Code.Dynamic_War_Manager.Source.Context.Campaign_State - DEBUG - add_region_snapshot - Region snapshot added: mission=M001 region=Donbas
2026-08-21 11:53:02,443 - Code.Dynamic_War_Manager.Source.Context.Campaign_State - WARNING - restore - Region 'NonExistent' not in snapshot for mission 'M001'. Skipped.
2026-08-21 11:53:02,443 - Code.Dynamic_War_Manager.Source.Context.Campaign_State - DEBUG - add_region_snapshot - Region snapshot added: mission=M001 region=Donbas
2026-08-21 11:53:02,443 - Code.Dynamic_War_Manager.Source.Context.Campaign_State - DEBUG - add_region_snapshot - Region snapshot added: mission=M001 region=Donbas
2026-08-21 11:53:02,443 - Code.Dynamic_War_Manager.Source.Context.Campaign_State - DEBUG - add_region_snapshot - Region snapshot added: mission=M001 region=Donbas
2026-08-21 11:53:02,443 - Code.Dynamic_War_Manager.Source.Context.Campaign_State - DEBUG - add_region_snapshot - Region snapshot added: mission=M001 region=Donbas
2026-08-21 11:53:02,444 - Code.Dynamic_War_Manager.Source.Context.Campaign_State - DEBUG - add_region_snapshot - Region snapshot added: mission=M_SR region=Donbas
2026-08-21 11:53:02,444 - Code.Dynamic_War_Manager.Source.Context.Campaign_State - DEBUG - add_region_snapshot - Region snapshot added: mission=M001 region=Donbas
2026-08-21 11:53:02,444 - Code.Dynamic_War_Manager.Source.Context.Campaign_State - DEBUG - add_region_snapshot - Region snapshot added: mission=M001 region=Donbas
2026-08-21 11:53:02,444 - Code.Dynamic_War_Manager.Source.Context.Campaign_State - DEBUG - add_region_snapshot - Region snapshot added: mission=M001 region=Donbas
2026-08-21 11:53:02,444 - Code.Dynamic_War_Manager.Source.Context.Campaign_State - DEBUG - add_region_snapshot - Region snapshot added: mission=M003 region=Donbas
2026-08-21 11:53:02,444 - Code.Dynamic_War_Manager.Source.Context.Campaign_State - DEBUG - add_region_snapshot - Region snapshot added: mission=M001 region=Donbas
2026-08-21 11:53:02,444 - Code.Dynamic_War_Manager.Source.Context.Campaign_State - DEBUG - add_region_snapshot - Region snapshot added: mission=M001 region=Donbas
2026-08-21 11:53:02,445 - Code.Dynamic_War_Manager.Source.Context.Campaign_State - DEBUG - add_region_snapshot - Region snapshot added: mission=M001 region=Donbas
2026-08-21 11:53:02,445 - Code.Dynamic_War_Manager.Source.Context.Campaign_State - DEBUG - add_region_snapshot - Region snapshot added: mission=M001 region=Donbas
2026-08-21 11:53:02,445 - Code.Dynamic_War_Manager.Source.Context.Campaign_State - DEBUG - add_region_snapshot - Region snapshot added: mission=M001 region=Donbas
2026-08-21 11:53:02,445 - Code.Dynamic_War_Manager.Source.Context.Campaign_State - DEBUG - add_region_snapshot - Region snapshot added: mission=M001 region=Donbas
2026-08-21 11:53:02,445 - Code.Dynamic_War_Manager.Source.Context.Campaign_State - DEBUG - add_region_snapshot - Region snapshot added: mission=M001 region=Donbas
2026-08-21 11:53:02,445 - Code.Dynamic_War_Manager.Source.Context.Campaign_State - DEBUG - add_region_snapshot - Region snapshot added: mission=M001 region=Donbas
2026-08-21 11:53:02,445 - Code.Dynamic_War_Manager.Source.Context.Campaign_State - DEBUG - add_region_snapshot - Region snapshot added: mission=M002 region=Donbas
2026-08-21 11:53:02,445 - Code.Dynamic_War_Manager.Source.Context.Campaign_State - DEBUG - add_region_snapshot - Region snapshot added: mission=M001 region=Donbas
2026-08-21 11:53:02,446 - Code.Dynamic_War_Manager.Source.Context.Campaign_State - DEBUG - add_region_snapshot - Region snapshot added: mission=M001 region=Donbas
2026-08-21 11:53:02,446 - Code.Dynamic_War_Manager.Source.Context.Campaign_State - DEBUG - add_region_snapshot - Region snapshot added: mission=M001 region=Donbas
2026-08-21 11:53:02,446 - Code.Dynamic_War_Manager.Source.Context.Campaign_State - DEBUG - add_block_snapshot - Block snapshot added: mission=M001 region=North block=B1
2026-08-21 11:53:02,446 - Code.Dynamic_War_Manager.Source.Context.Campaign_State - DEBUG - add_block_snapshot - Block snapshot added: mission=M001 region=North block=B1
2026-08-21 11:53:02,447 - Code.Dynamic_War_Manager.Source.Context.Campaign_State - DEBUG - add_block_snapshot - Block snapshot added: mission=M001 region=North block=BLK_001
2026-08-21 11:53:02,447 - Code.Dynamic_War_Manager.Source.Context.Campaign_State - DEBUG - add_block_snapshot - Block snapshot added: mission=M001 region=South block=BLK_001
2026-08-21 11:53:02,447 - Code.Dynamic_War_Manager.Source.Context.Campaign_State - DEBUG - add_block_snapshot - Block snapshot added: mission=M001 region=North block=BLK_001
2026-08-21 11:53:02,447 - Code.Dynamic_War_Manager.Source.Context.Campaign_State - DEBUG - add_block_snapshot - Block snapshot added: mission=M001 region=North block=BLK_001
2026-08-21 11:53:02,447 - Code.Dynamic_War_Manager.Source.Context.Campaign_State - DEBUG - add_block_snapshot - Block snapshot added: mission=M001 region=North block=BLK_001
2026-08-21 11:53:02,447 - Code.Dynamic_War_Manager.Source.Context.Campaign_State - DEBUG - add_block_snapshot - Block snapshot added: mission=M001 region=North block=BLK_002
2026-08-21 11:53:02,447 - Code.Dynamic_War_Manager.Source.Context.Campaign_State - DEBUG - add_block_snapshot - Block snapshot added: mission=M001 region=North block=BLK_001
2026-08-21 11:53:02,448 - Code.Dynamic_War_Manager.Source.Context.Campaign_State - DEBUG - add_region_snapshot - Region snapshot added: mission=M001 region=Donbas
2026-08-21 11:53:02,448 - Code.Dynamic_War_Manager.Source.Context.Campaign_State - DEBUG - add_region_snapshot - Region snapshot added: mission=M001 region=Crimea
2026-08-21 11:53:02,448 - Code.Dynamic_War_Manager.Source.Context.Campaign_State - DEBUG - add_region_snapshot - Region snapshot added: mission=M001 region=Donbas
2026-08-21 11:53:02,448 - Code.Dynamic_War_Manager.Source.Context.Campaign_State - DEBUG - add_region_snapshot - Region snapshot added: mission=M001 region=Donbas
2026-08-21 11:53:02,448 - Code.Dynamic_War_Manager.Source.Context.Campaign_State - DEBUG - add_region_snapshot - Region snapshot added: mission=M001 region=Donbas
2026-08-21 14:29:47,069 - Code.Dynamic_War_Manager.Source.Context.Campaign_State - DEBUG - add_region_snapshot - Region snapshot added: mission=M001 region=Donbas
2026-08-21 14:29:47,071 - Code.Dynamic_War_Manager.Source.Context.Campaign_State - DEBUG - add_region_snapshot - Region snapshot added: mission=M001 region=Donbas
2026-08-21 14:29:47,071 - Code.Dynamic_War_Manager.Source.Context.Campaign_State - DEBUG - add_region_snapshot - Region snapshot added: mission=M002 region=Donbas
2026-08-21 14:29:47,071 - Code.Dynamic_War_Manager.Source.Context.Campaign_State - INFO - save - CampaignState saved to /tmp/tmpxnt2ktlg.json (2 missions).
2026-08-21 14:29:47,071 - Code.Dynamic_War_Manager.Source.Context.Campaign_State - INFO - load - CampaignState loaded from /tmp/tmpxnt2ktlg.json (2 missions).
2026-08-21 14:29:47,072 - Code.Dynamic_War_Manager.Source.Context.Campaign_State - DEBUG - add_region_snapshot - Region snapshot added: mission=M001 region=Donbas
2026-08-21 14:29:47,072 - Code.Dynamic_War_Manager.Source.Context.Campaign_State - INFO - save - CampaignState saved to /tmp/tmpgcicby15.json (1 missions).
2026-08-21 14:29:47,072 - Code.Dynamic_War_Manager.Source.Context.Campaign_State - DEBUG - add_region_snapshot - Region snapshot added: mission=M001 region=Donbas
2026-08-21 14:29:47,072 - Code.Dynamic_War_Manager.Source.Context.Campaign_State - DEBUG - add_region_snapshot - Region snapshot added: mission=M001 region=Donbas
2026-08-21 14:29:47,073 - Code.Dynamic_War_Manager.Source.Context.Campaign_State - INFO - save - CampaignState saved to /tmp/tmpcwhjyb70.json (1 missions).
2026-08-21 14:29:47,073 - Code.Dynamic_War_Manager.Source.Context.Campaign_State - INFO - load - CampaignState loaded from /tmp/tmpcwhjyb70.json (1 missions).
2026-08-21 14:29:47,073 - Code.Dynamic_War_Manager.Source.Context.Campaign_State - DEBUG - add_region_snapshot - Region snapshot added: mission=M001 region=Donbas
2026-08-21 14:29:47,073 - Code.Dynamic_War_Manager.Source.Context.Campaign_State - INFO - save - CampaignState saved to /tmp/tmp4iip_arv.json (1 missions).
2026-08-21 14:29:47,073 - Code.Dynamic_War_Manager.Source.Context.Campaign_State - INFO - load - CampaignState loaded from /tmp/tmp4iip_arv.json (1 missions).
2026-08-21 14:29:47,074 - Code.Dynamic_War_Manager.Source.Context.Campaign_State - DEBUG - add_region_snapshot - Region snapshot added: mission=M001 region=Donbas
2026-08-21 14:29:47,074 - Code.Dynamic_War_Manager.Source.Context.Campaign_State - DEBUG - add_region_snapshot - Region snapshot added: mission=M001 region=Donbas
2026-08-21 14:29:47,074 - Code.Dynamic_War_Manager.Source.Context.Campaign_State - DEBUG - add_region_snapshot - Region snapshot added: mission=M002 region=Donbas
2026-08-21 14:29:47,074 - Code.Dynamic_War_Manager.Source.Context.Campaign_State - DEBUG - add_region_snapshot - Region snapshot added: mission=M001 region=Donbas
2026-08-21 14:29:47,074 - Code.Dynamic_War_Manager.Source.Context.Campaign_State - DEBUG - add_region_snapshot - Region snapshot added: mission=M001 region=Donbas
2026-08-21 14:29:47,074 - Code.Dynamic_War_Manager.Source.Context.Campaign_State - DEBUG - add_region_snapshot - Region snapshot added: mission=M002 region=Donbas
2026-08-21 14:29:47,074 - Code.Dynamic_War_Manager.Source.Context.Campaign_State - DEBUG - add_region_snapshot - Region snapshot added: mission=M001 region=Donbas
2026-08-21 14:29:47,075 - Code.Dynamic_War_Manager.Source.Context.Campaign_State - DEBUG - add_region_snapshot - Region snapshot added: mission=M001 region=Donbas
2026-08-21 14:29:47,075 - Code.Dynamic_War_Manager.Source.Context.Campaign_State - DEBUG - add_region_snapshot - Region snapshot added: mission=M001 region=Donbas
2026-08-21 14:29:47,075 - Code.Dynamic_War_Manager.Source.Context.Campaign_State - DEBUG - add_region_snapshot - Region snapshot added: mission=M001 region=Donbas
2026-08-21 14:29:47,075 - Code.Dynamic_War_Manager.Source.Context.Campaign_State - DEBUG - add_region_snapshot - Region snapshot added: mission=M001 region=Donbas
2026-08-21 14:29:47,075 - Code.Dynamic_War_Manager.Source.Context.Campaign_State - DEBUG - add_region_snapshot - Region snapshot added: mission=M002 region=Donbas
2026-08-21 14:29:47,075 - Code.Dynamic_War_Manager.Source.Context.Campaign_State - DEBUG - add_region_snapshot - Region snapshot added: mission=M001 region=Donbas
2026-08-21 14:29:47,075 - Code.Dynamic_War_Manager.Source.Context.Campaign_State - DEBUG - add_region_snapshot - Region snapshot added: mission=M001 region=Donbas
2026-08-21 14:29:47,076 - Code.Dynamic_War_Manager.Source.Context.Campaign_State - DEBUG - add_region_snapshot - Region snapshot added: mission=M001 region=Donbas
2026-08-21 14:29:47,076 - Code.Dynamic_War_Manager.Source.Context.Campaign_State - DEBUG - add_region_snapshot - Region snapshot added: mission=M001 region=Donbas
2026-08-21 14:29:47,076 - Code.Dynamic_War_Manager.Source.Context.Campaign_State - DEBUG - add_region_snapshot - Region snapshot added: mission=M001 region=Donbas
2026-08-21 14:29:47,076 - Code.Dynamic_War_Manager.Source.Context.Campaign_State - DEBUG - add_region_snapshot - Region snapshot added: mission=M001 region=Donbas
2026-08-21 14:29:47,076 - Code.Dynamic_War_Manager.Source.Context.Campaign_State - DEBUG - add_region_snapshot - Region snapshot added: mission=M002 region=Donbas
2026-08-21 14:29:47,076 - Code.Dynamic_War_Manager.Source.Context.Campaign_State - DEBUG - add_region_snapshot - Region snapshot added: mission=M001 region=Donbas
2026-08-21 14:29:47,076 - Code.Dynamic_War_Manager.Source.Context.Campaign_State - DEBUG - add_region_snapshot - Region snapshot added: mission=M002 region=Donbas
2026-08-21 14:29:47,077 - Code.Dynamic_War_Manager.Source.Context.Campaign_State - DEBUG - add_region_snapshot - Region snapshot added: mission=M001 region=Donbas
2026-08-21 14:29:47,077 - Code.Dynamic_War_Manager.Source.Context.Campaign_State - DEBUG - add_region_snapshot - Region snapshot added: mission=M001 region=Donbas
2026-08-21 14:29:47,077 - Code.Dynamic_War_Manager.Source.Context.Campaign_State - DEBUG - add_region_snapshot - Region snapshot added: mission=M001 region=Donbas
2026-08-21 14:29:47,077 - Code.Dynamic_War_Manager.Source.Context.Campaign_State - DEBUG - add_region_snapshot - Region snapshot added: mission=M001 region=Donbas
2026-08-21 14:29:47,077 - Code.Dynamic_War_Manager.Source.Context.Campaign_State - DEBUG - add_region_snapshot - Region snapshot added: mission=M001 region=Donbas
2026-08-21 14:29:47,077 - Code.Dynamic_War_Manager.Source.Context.Campaign_State - DEBUG - add_region_snapshot - Region snapshot added: mission=M001 region=Donbas
2026-08-21 14:29:47,078 - Code.Dynamic_War_Manager.Source.Context.Campaign_State - DEBUG - add_region_snapshot - Region snapshot added: mission=M001 region=Donbas
2026-08-21 14:29:47,078 - Code.Dynamic_War_Manager.Source.Context.Campaign_State - DEBUG - add_region_snapshot - Region snapshot added: mission=M001 region=Donbas
2026-08-21 14:29:47,078 - Code.Dynamic_War_Manager.Source.Context.Campaign_State - DEBUG - add_region_snapshot - Region snapshot added: mission=M001 region=Donbas
2026-08-21 14:29:47,078 - Code.Dynamic_War_Manager.Source.Context.Campaign_State - DEBUG - add_region_snapshot - Region snapshot added: mission=M001 region=Donbas
2026-08-21 14:29:47,078 - Code.Dynamic_War_Manager.Source.Context.Campaign_State - DEBUG - add_region_snapshot - Region snapshot added: mission=M001 region=Donbas
2026-08-21 14:29:47,078 - Code.Dynamic_War_Manager.Source.Context.Campaign_State - WARNING - restore - Region 'NonExistent' not in snapshot for mission 'M001'. Skipped.
2026-08-21 14:29:47,078 - Code.Dynamic_War_Manager.Source.Context.Campaign_State - DEBUG - add_region_snapshot - Region snapshot added: mission=M001 region=Donbas
2026-08-21 14:29:47,079 - Code.Dynamic_War_Manager.Source.Context.Campaign_State - DEBUG - add_region_snapshot - Region snapshot added: mission=M001 region=Donbas
2026-08-21 14:29:47,079 - Code.Dynamic_War_Manager.Source.Context.Campaign_State - DEBUG - add_region_snapshot - Region snapshot added: mission=M001 region=Donbas
2026-08-21 14:29:47,079 - Code.Dynamic_War_Manager.Source.Context.Campaign_State - DEBUG - add_region_snapshot - Region snapshot added: mission=M001 region=Donbas
2026-08-21 14:29:47,079 - Code.Dynamic_War_Manager.Source.Context.Campaign_State - DEBUG - add_region_snapshot - Region snapshot added: mission=M_SR region=Donbas
2026-08-21 14:29:47,079 - Code.Dynamic_War_Manager.Source.Context.Campaign_State - DEBUG - add_region_snapshot - Region snapshot added: mission=M001 region=Donbas
2026-08-21 14:29:47,079 - Code.Dynamic_War_Manager.Source.Context.Campaign_State - DEBUG - add_region_snapshot - Region snapshot added: mission=M001 region=Donbas
2026-08-21 14:29:47,079 - Code.Dynamic_War_Manager.Source.Context.Campaign_State - DEBUG - add_region_snapshot - Region snapshot added: mission=M001 region=Donbas
2026-08-21 14:29:47,080 - Code.Dynamic_War_Manager.Source.Context.Campaign_State - DEBUG - add_region_snapshot - Region snapshot added: mission=M003 region=Donbas
2026-08-21 14:29:47,080 - Code.Dynamic_War_Manager.Source.Context.Campaign_State - DEBUG - add_region_snapshot - Region snapshot added: mission=M001 region=Donbas
2026-08-21 14:29:47,080 - Code.Dynamic_War_Manager.Source.Context.Campaign_State - DEBUG - add_region_snapshot - Region snapshot added: mission=M001 region=Donbas
2026-08-21 14:29:47,080 - Code.Dynamic_War_Manager.Source.Context.Campaign_State - DEBUG - add_region_snapshot - Region snapshot added: mission=M001 region=Donbas
2026-08-21 14:29:47,080 - Code.Dynamic_War_Manager.Source.Context.Campaign_State - DEBUG - add_region_snapshot - Region snapshot added: mission=M001 region=Donbas
2026-08-21 14:29:47,080 - Code.Dynamic_War_Manager.Source.Context.Campaign_State - DEBUG - add_region_snapshot - Region snapshot added: mission=M001 region=Donbas
2026-08-21 14:29:47,080 - Code.Dynamic_War_Manager.Source.Context.Campaign_State - DEBUG - add_region_snapshot - Region snapshot added: mission=M001 region=Donbas
2026-08-21 14:29:47,081 - Code.Dynamic_War_Manager.Source.Context.Campaign_State - DEBUG - add_region_snapshot - Region snapshot added: mission=M001 region=Donbas
2026-08-21 14:29:47,081 - Code.Dynamic_War_Manager.Source.Context.Campaign_State - DEBUG - add_region_snapshot - Region snapshot added: mission=M001 region=Donbas
2026-08-21 14:29:47,081 - Code.Dynamic_War_Manager.Source.Context.Campaign_State - DEBUG - add_region_snapshot - Region snapshot added: mission=M002 region=Donbas
2026-08-21 14:29:47,081 - Code.Dynamic_War_Manager.Source.Context.Campaign_State - DEBUG - add_region_snapshot - Region snapshot added: mission=M001 region=Donbas
2026-08-21 14:29:47,081 - Code.Dynamic_War_Manager.Source.Context.Campaign_State - DEBUG - add_region_snapshot - Region snapshot added: mission=M001 region=Donbas
2026-08-21 14:29:47,081 - Code.Dynamic_War_Manager.Source.Context.Campaign_State - DEBUG - add_region_snapshot - Region snapshot added: mission=M001 region=Donbas
2026-08-21 14:29:47,081 - Code.Dynamic_War_Manager.Source.Context.Campaign_State - DEBUG - add_block_snapshot - Block snapshot added: mission=M001 region=North block=B1
2026-08-21 14:29:47,082 - Code.Dynamic_War_Manager.Source.Context.Campaign_State - DEBUG - add_block_snapshot - Block snapshot added: mission=M001 region=North block=B1
2026-08-21 14:29:47,082 - Code.Dynamic_War_Manager.Source.Context.Campaign_State - DEBUG - add_block_snapshot - Block snapshot added: mission=M001 region=North block=BLK_001
2026-08-21 14:29:47,082 - Code.Dynamic_War_Manager.Source.Context.Campaign_State - DEBUG - add_block_snapshot - Block snapshot added: mission=M001 region=South block=BLK_001
2026-08-21 14:29:47,082 - Code.Dynamic_War_Manager.Source.Context.Campaign_State - DEBUG - add_block_snapshot - Block snapshot added: mission=M001 region=North block=BLK_001
2026-08-21 14:29:47,083 - Code.Dynamic_War_Manager.Source.Context.Campaign_State - DEBUG - add_block_snapshot - Block snapshot added: mission=M001 region=North block=BLK_001
2026-08-21 14:29:47,083 - Code.Dynamic_War_Manager.Source.Context.Campaign_State - DEBUG - add_block_snapshot - Block snapshot added: mission=M001 region=North block=BLK_001
2026-08-21 14:29:47,083 - Code.Dynamic_War_Manager.Source.Context.Campaign_State - DEBUG - add_block_snapshot - Block snapshot added: mission=M001 region=North block=BLK_002
2026-08-21 14:29:47,083 - Code.Dynamic_War_Manager.Source.Context.Campaign_State - DEBUG - add_block_snapshot - Block snapshot added: mission=M001 region=North block=BLK_001
2026-08-21 14:29:47,083 - Code.Dynamic_War_Manager.Source.Context.Campaign_State - DEBUG - add_region_snapshot - Region snapshot added: mission=M001 region=Donbas
2026-08-21 14:29:47,083 - Code.Dynamic_War_Manager.Source.Context.Campaign_State - DEBUG - add_region_snapshot - Region snapshot added: mission=M001 region=Crimea
2026-08-21 14:29:47,083 - Code.Dynamic_War_Manager.Source.Context.Campaign_State - DEBUG - add_region_snapshot - Region snapshot added: mission=M001 region=Donbas
2026-08-21 14:29:47,083 - Code.Dynamic_War_Manager.Source.Context.Campaign_State - DEBUG - add_region_snapshot - Region snapshot added: mission=M001 region=Donbas
2026-08-21 14:29:47,084 - Code.Dynamic_War_Manager.Source.Context.Campaign_State - DEBUG - add_region_snapshot - Region snapshot added: mission=M001 region=Donbas
2026-08-21 14:31:34,320 - Code.Dynamic_War_Manager.Source.Context.Campaign_State - DEBUG - add_region_snapshot - Region snapshot added: mission=M001 region=Donbas
2026-08-21 14:31:34,320 - Code.Dynamic_War_Manager.Source.Context.Campaign_State - DEBUG - add_region_snapshot - Region snapshot added: mission=M001 region=Donbas
2026-08-21 14:31:34,320 - Code.Dynamic_War_Manager.Source.Context.Campaign_State - DEBUG - add_region_snapshot - Region snapshot added: mission=M002 region=Donbas
2026-08-21 14:31:34,321 - Code.Dynamic_War_Manager.Source.Context.Campaign_State - INFO - save - CampaignState saved to /tmp/tmpghdzlmbw.json (2 missions).
2026-08-21 14:31:34,321 - Code.Dynamic_War_Manager.Source.Context.Campaign_State - INFO - load - CampaignState loaded from /tmp/tmpghdzlmbw.json (2 missions).
2026-08-21 14:31:34,321 - Code.Dynamic_War_Manager.Source.Context.Campaign_State - DEBUG - add_region_snapshot - Region snapshot added: mission=M001 region=Donbas
2026-08-21 14:31:34,322 - Code.Dynamic_War_Manager.Source.Context.Campaign_State - INFO - save - CampaignState saved to /tmp/tmpb171p9xk.json (1 missions).
2026-08-21 14:31:34,322 - Code.Dynamic_War_Manager.Source.Context.Campaign_State - DEBUG - add_region_snapshot - Region snapshot added: mission=M001 region=Donbas
2026-08-21 14:31:34,322 - Code.Dynamic_War_Manager.Source.Context.Campaign_State - DEBUG - add_region_snapshot - Region snapshot added: mission=M001 region=Donbas
2026-08-21 14:31:34,322 - Code.Dynamic_War_Manager.Source.Context.Campaign_State - INFO - save - CampaignState saved to /tmp/tmp3k9l3wgt.json (1 missions).
2026-08-21 14:31:34,322 - Code.Dynamic_War_Manager.Source.Context.Campaign_State - INFO - load - CampaignState loaded from /tmp/tmp3k9l3wgt.json (1 missions).
2026-08-21 14:31:34,323 - Code.Dynamic_War_Manager.Source.Context.Campaign_State - DEBUG - add_region_snapshot - Region snapshot added: mission=M001 region=Donbas
2026-08-21 14:31:34,323 - Code.Dynamic_War_Manager.Source.Context.Campaign_State - INFO - save - CampaignState saved to /tmp/tmp0pyq11lq.json (1 missions).
2026-08-21 14:31:34,323 - Code.Dynamic_War_Manager.Source.Context.Campaign_State - INFO - load - CampaignState loaded from /tmp/tmp0pyq11lq.json (1 missions).
2026-08-21 14:31:34,323 - Code.Dynamic_War_Manager.Source.Context.Campaign_State - DEBUG - add_region_snapshot - Region snapshot added: mission=M001 region=Donbas
2026-08-21 14:31:34,323 - Code.Dynamic_War_Manager.Source.Context.Campaign_State - DEBUG - add_region_snapshot - Region snapshot added: mission=M001 region=Donbas
2026-08-21 14:31:34,323 - Code.Dynamic_War_Manager.Source.Context.Campaign_State - DEBUG - add_region_snapshot - Region snapshot added: mission=M002 region=Donbas
2026-08-21 14:31:34,324 - Code.Dynamic_War_Manager.Source.Context.Campaign_State - DEBUG - add_region_snapshot - Region snapshot added: mission=M001 region=Donbas
2026-08-21 14:31:34,324 - Code.Dynamic_War_Manager.Source.Context.Campaign_State - DEBUG - add_region_snapshot - Region snapshot added: mission=M001 region=Donbas
2026-08-21 14:31:34,324 - Code.Dynamic_War_Manager.Source.Context.Campaign_State - DEBUG - add_region_snapshot - Region snapshot added: mission=M002 region=Donbas
2026-08-21 14:31:34,324 - Code.Dynamic_War_Manager.Source.Context.Campaign_State - DEBUG - add_region_snapshot - Region snapshot added: mission=M001 region=Donbas
2026-08-21 14:31:34,324 - Code.Dynamic_War_Manager.Source.Context.Campaign_State - DEBUG - add_region_snapshot - Region snapshot added: mission=M001 region=Donbas
2026-08-21 14:31:34,324 - Code.Dynamic_War_Manager.Source.Context.Campaign_State - DEBUG - add_region_snapshot - Region snapshot added: mission=M001 region=Donbas
2026-08-21 14:31:34,324 - Code.Dynamic_War_Manager.Source.Context.Campaign_State - DEBUG - add_region_snapshot - Region snapshot added: mission=M001 region=Donbas
2026-08-21 14:31:34,325 - Code.Dynamic_War_Manager.Source.Context.Campaign_State - DEBUG - add_region_snapshot - Region snapshot added: mission=M001 region=Donbas
2026-08-21 14:31:34,325 - Code.Dynamic_War_Manager.Source.Context.Campaign_State - DEBUG - add_region_snapshot - Region snapshot added: mission=M002 region=Donbas
2026-08-21 14:31:34,325 - Code.Dynamic_War_Manager.Source.Context.Campaign_State - DEBUG - add_region_snapshot - Region snapshot added: mission=M001 region=Donbas
2026-08-21 14:31:34,325 - Code.Dynamic_War_Manager.Source.Context.Campaign_State - DEBUG - add_region_snapshot - Region snapshot added: mission=M001 region=Donbas
2026-08-21 14:31:34,325 - Code.Dynamic_War_Manager.Source.Context.Campaign_State - DEBUG - add_region_snapshot - Region snapshot added: mission=M001 region=Donbas
2026-08-21 14:31:34,325 - Code.Dynamic_War_Manager.Source.Context.Campaign_State - DEBUG - add_region_snapshot - Region snapshot added: mission=M001 region=Donbas
2026-08-21 14:31:34,325 - Code.Dynamic_War_Manager.Source.Context.Campaign_State - DEBUG - add_region_snapshot - Region snapshot added: mission=M001 region=Donbas
2026-08-21 14:31:34,325 - Code.Dynamic_War_Manager.Source.Context.Campaign_State - DEBUG - add_region_snapshot - Region snapshot added: mission=M001 region=Donbas
2026-08-21 14:31:34,326 - Code.Dynamic_War_Manager.Source.Context.Campaign_State - DEBUG - add_region_snapshot - Region snapshot added: mission=M002 region=Donbas
2026-08-21 14:31:34,326 - Code.Dynamic_War_Manager.Source.Context.Campaign_State - DEBUG - add_region_snapshot - Region snapshot added: mission=M001 region=Donbas
2026-08-21 14:31:34,326 - Code.Dynamic_War_Manager.Source.Context.Campaign_State - DEBUG - add_region_snapshot - Region snapshot added: mission=M002 region=Donbas
2026-08-21 14:31:34,326 - Code.Dynamic_War_Manager.Source.Context.Campaign_State - DEBUG - add_region_snapshot - Region snapshot added: mission=M001 region=Donbas
2026-08-21 14:31:34,326 - Code.Dynamic_War_Manager.Source.Context.Campaign_State - DEBUG - add_region_snapshot - Region snapshot added: mission=M001 region=Donbas
2026-08-21 14:31:34,326 - Code.Dynamic_War_Manager.Source.Context.Campaign_State - DEBUG - add_region_snapshot - Region snapshot added: mission=M001 region=Donbas
2026-08-21 14:31:34,327 - Code.Dynamic_War_Manager.Source.Context.Campaign_State - DEBUG - add_region_snapshot - Region snapshot added: mission=M001 region=Donbas
2026-08-21 14:31:34,327 - Code.Dynamic_War_Manager.Source.Context.Campaign_State - DEBUG - add_region_snapshot - Region snapshot added: mission=M001 region=Donbas
2026-08-21 14:31:34,327 - Code.Dynamic_War_Manager.Source.Context.Campaign_State - DEBUG - add_region_snapshot - Region snapshot added: mission=M001 region=Donbas
2026-08-21 14:31:34,327 - Code.Dynamic_War_Manager.Source.Context.Campaign_State - DEBUG - add_region_snapshot - Region snapshot added: mission=M001 region=Donbas
2026-08-21 14:31:34,327 - Code.Dynamic_War_Manager.Source.Context.Campaign_State - DEBUG - add_region_snapshot - Region snapshot added: mission=M001 region=Donbas
2026-08-21 14:31:34,327 - Code.Dynamic_War_Manager.Source.Context.Campaign_State - DEBUG - add_region_snapshot - Region snapshot added: mission=M001 region=Donbas
2026-08-21 14:31:34,328 - Code.Dynamic_War_Manager.Source.Context.Campaign_State - DEBUG - add_region_snapshot - Region snapshot added: mission=M001 region=Donbas
2026-08-21 14:31:34,328 - Code.Dynamic_War_Manager.Source.Context.Campaign_State - DEBUG - add_region_snapshot - Region snapshot added: mission=M001 region=Donbas
2026-08-21 14:31:34,328 - Code.Dynamic_War_Manager.Source.Context.Campaign_State - WARNING - restore - Region 'NonExistent' not in snapshot for mission 'M001'. Skipped.
2026-08-21 14:31:34,328 - Code.Dynamic_War_Manager.Source.Context.Campaign_State - DEBUG - add_region_snapshot - Region snapshot added: mission=M001 region=Donbas
2026-08-21 14:31:34,328 - Code.Dynamic_War_Manager.Source.Context.Campaign_State - DEBUG - add_region_snapshot - Region snapshot added: mission=M001 region=Donbas
2026-08-21 14:31:34,328 - Code.Dynamic_War_Manager.Source.Context.Campaign_State - DEBUG - add_region_snapshot - Region snapshot added: mission=M001 region=Donbas
2026-08-21 14:31:34,328 - Code.Dynamic_War_Manager.Source.Context.Campaign_State - DEBUG - add_region_snapshot - Region snapshot added: mission=M001 region=Donbas
2026-08-21 14:31:34,328 - Code.Dynamic_War_Manager.Source.Context.Campaign_State - DEBUG - add_region_snapshot - Region snapshot added: mission=M_SR region=Donbas
2026-08-21 14:31:34,329 - Code.Dynamic_War_Manager.Source.Context.Campaign_State - DEBUG - add_region_snapshot - Region snapshot added: mission=M001 region=Donbas
2026-08-21 14:31:34,329 - Code.Dynamic_War_Manager.Source.Context.Campaign_State - DEBUG - add_region_snapshot - Region snapshot added: mission=M001 region=Donbas
2026-08-21 14:31:34,329 - Code.Dynamic_War_Manager.Source.Context.Campaign_State - DEBUG - add_region_snapshot - Region snapshot added: mission=M001 region=Donbas
2026-08-21 14:31:34,329 - Code.Dynamic_War_Manager.Source.Context.Campaign_State - DEBUG - add_region_snapshot - Region snapshot added: mission=M003 region=Donbas
2026-08-21 14:31:34,329 - Code.Dynamic_War_Manager.Source.Context.Campaign_State - DEBUG - add_region_snapshot - Region snapshot added: mission=M001 region=Donbas
2026-08-21 14:31:34,329 - Code.Dynamic_War_Manager.Source.Context.Campaign_State - DEBUG - add_region_snapshot - Region snapshot added: mission=M001 region=Donbas
2026-08-21 14:31:34,329 - Code.Dynamic_War_Manager.Source.Context.Campaign_State - DEBUG - add_region_snapshot - Region snapshot added: mission=M001 region=Donbas
2026-08-21 14:31:34,330 - Code.Dynamic_War_Manager.Source.Context.Campaign_State - DEBUG - add_region_snapshot - Region snapshot added: mission=M001 region=Donbas
2026-08-21 14:31:34,330 - Code.Dynamic_War_Manager.Source.Context.Campaign_State - DEBUG - add_region_snapshot - Region snapshot added: mission=M001 region=Donbas
2026-08-21 14:31:34,330 - Code.Dynamic_War_Manager.Source.Context.Campaign_State - DEBUG - add_region_snapshot - Region snapshot added: mission=M001 region=Donbas
2026-08-21 14:31:34,330 - Code.Dynamic_War_Manager.Source.Context.Campaign_State - DEBUG - add_region_snapshot - Region snapshot added: mission=M001 region=Donbas
2026-08-21 14:31:34,330 - Code.Dynamic_War_Manager.Source.Context.Campaign_State - DEBUG - add_region_snapshot - Region snapshot added: mission=M001 region=Donbas
2026-08-21 14:31:34,330 - Code.Dynamic_War_Manager.Source.Context.Campaign_State - DEBUG - add_region_snapshot - Region snapshot added: mission=M002 region=Donbas
2026-08-21 14:31:34,330 - Code.Dynamic_War_Manager.Source.Context.Campaign_State - DEBUG - add_region_snapshot - Region snapshot added: mission=M001 region=Donbas
2026-08-21 14:31:34,330 - Code.Dynamic_War_Manager.Source.Context.Campaign_State - DEBUG - add_region_snapshot - Region snapshot added: mission=M001 region=Donbas
2026-08-21 14:31:34,331 - Code.Dynamic_War_Manager.Source.Context.Campaign_State - DEBUG - add_region_snapshot - Region snapshot added: mission=M001 region=Donbas
2026-08-21 14:31:34,331 - Code.Dynamic_War_Manager.Source.Context.Campaign_State - DEBUG - add_block_snapshot - Block snapshot added: mission=M001 region=North block=B1
2026-08-21 14:31:34,331 - Code.Dynamic_War_Manager.Source.Context.Campaign_State - DEBUG - add_block_snapshot - Block snapshot added: mission=M001 region=North block=B1
2026-08-21 14:31:34,332 - Code.Dynamic_War_Manager.Source.Context.Campaign_State - DEBUG - add_block_snapshot - Block snapshot added: mission=M001 region=North block=BLK_001
2026-08-21 14:31:34,332 - Code.Dynamic_War_Manager.Source.Context.Campaign_State - DEBUG - add_block_snapshot - Block snapshot added: mission=M001 region=South block=BLK_001
2026-08-21 14:31:34,332 - Code.Dynamic_War_Manager.Source.Context.Campaign_State - DEBUG - add_block_snapshot - Block snapshot added: mission=M001 region=North block=BLK_001
2026-08-21 14:31:34,332 - Code.Dynamic_War_Manager.Source.Context.Campaign_State - DEBUG - add_block_snapshot - Block snapshot added: mission=M001 region=North block=BLK_001
2026-08-21 14:31:34,332 - Code.Dynamic_War_Manager.Source.Context.Campaign_State - DEBUG - add_block_snapshot - Block snapshot added: mission=M001 region=North block=BLK_001
2026-08-21 14:31:34,332 - Code.Dynamic_War_Manager.Source.Context.Campaign_State - DEBUG - add_block_snapshot - Block snapshot added: mission=M001 region=North block=BLK_002
2026-08-21 14:31:34,332 - Code.Dynamic_War_Manager.Source.Context.Campaign_State - DEBUG - add_block_snapshot - Block snapshot added: mission=M001 region=North block=BLK_001
2026-08-21 14:31:34,332 - Code.Dynamic_War_Manager.Source.Context.Campaign_State - DEBUG - add_region_snapshot - Region snapshot added: mission=M001 region=Donbas
2026-08-21 14:31:34,333 - Code.Dynamic_War_Manager.Source.Context.Campaign_State - DEBUG - add_region_snapshot - Region snapshot added: mission=M001 region=Crimea
2026-08-21 14:31:34,333 - Code.Dynamic_War_Manager.Source.Context.Campaign_State - DEBUG - add_region_snapshot - Region snapshot added: mission=M001 region=Donbas
2026-08-21 14:31:34,333 - Code.Dynamic_War_Manager.Source.Context.Campaign_State - DEBUG - add_region_snapshot - Region snapshot added: mission=M001 region=Donbas
2026-08-21 14:31:34,333 - Code.Dynamic_War_Manager.Source.Context.Campaign_State - DEBUG - add_region_snapshot - Region snapshot added: mission=M001 region=Donbas
2026-08-21 15:35:04,625 - Code.Dynamic_War_Manager.Source.Context.Campaign_State - DEBUG - add_region_snapshot - Region snapshot added: mission=M001 region=Donbas
2026-08-21 15:35:04,626 - Code.Dynamic_War_Manager.Source.Context.Campaign_State - DEBUG - add_region_snapshot - Region snapshot added: mission=M001 region=Donbas
2026-08-21 15:35:04,626 - Code.Dynamic_War_Manager.Source.Context.Campaign_State - DEBUG - add_region_snapshot - Region snapshot added: mission=M002 region=Donbas
2026-08-21 15:35:04,626 - Code.Dynamic_War_Manager.Source.Context.Campaign_State - INFO - save - CampaignState saved to /tmp/tmpbvox4q32.json (2 missions).
2026-08-21 15:35:04,627 - Code.Dynamic_War_Manager.Source.Context.Campaign_State - INFO - load - CampaignState loaded from /tmp/tmpbvox4q32.json (2 missions).
2026-08-21 15:35:04,627 - Code.Dynamic_War_Manager.Source.Context.Campaign_State - DEBUG - add_region_snapshot - Region snapshot added: mission=M001 region=Donbas
2026-08-21 15:35:04,627 - Code.Dynamic_War_Manager.Source.Context.Campaign_State - INFO - save - CampaignState saved to /tmp/tmp4jfylt0a.json (1 missions).
2026-08-21 15:35:04,627 - Code.Dynamic_War_Manager.Source.Context.Campaign_State - DEBUG - add_region_snapshot - Region snapshot added: mission=M001 region=Donbas
2026-08-21 15:35:04,627 - Code.Dynamic_War_Manager.Source.Context.Campaign_State - DEBUG - add_region_snapshot - Region snapshot added: mission=M001 region=Donbas
2026-08-21 15:35:04,628 - Code.Dynamic_War_Manager.Source.Context.Campaign_State - INFO - save - CampaignState saved to /tmp/tmp8ylibl9v.json (1 missions).
2026-08-21 15:35:04,628 - Code.Dynamic_War_Manager.Source.Context.Campaign_State - INFO - load - CampaignState loaded from /tmp/tmp8ylibl9v.json (1 missions).
2026-08-21 15:35:04,628 - Code.Dynamic_War_Manager.Source.Context.Campaign_State - DEBUG - add_region_snapshot - Region snapshot added: mission=M001 region=Donbas
2026-08-21 15:35:04,628 - Code.Dynamic_War_Manager.Source.Context.Campaign_State - INFO - save - CampaignState saved to /tmp/tmp_s7g0dyz.json (1 missions).
2026-08-21 15:35:04,628 - Code.Dynamic_War_Manager.Source.Context.Campaign_State - INFO - load - CampaignState loaded from /tmp/tmp_s7g0dyz.json (1 missions).
2026-08-21 15:35:04,629 - Code.Dynamic_War_Manager.Source.Context.Campaign_State - DEBUG - add_region_snapshot - Region snapshot added: mission=M001 region=Donbas
2026-08-21 15:35:04,629 - Code.Dynamic_War_Manager.Source.Context.Campaign_State - DEBUG - add_region_snapshot - Region snapshot added: mission=M001 region=Donbas
2026-08-21 15:35:04,629 - Code.Dynamic_War_Manager.Source.Context.Campaign_State - DEBUG - add_region_snapshot - Region snapshot added: mission=M002 region=Donbas
2026-08-21 15:35:04,629 - Code.Dynamic_War_Manager.Source.Context.Campaign_State - DEBUG - add_region_snapshot - Region snapshot added: mission=M001 region=Donbas
2026-08-21 15:35:04,629 - Code.Dynamic_War_Manager.Source.Context.Campaign_State - DEBUG - add_region_snapshot - Region snapshot added: mission=M001 region=Donbas
2026-08-21 15:35:04,629 - Code.Dynamic_War_Manager.Source.Context.Campaign_State - DEBUG - add_region_snapshot - Region snapshot added: mission=M002 region=Donbas
2026-08-21 15:35:04,630 - Code.Dynamic_War_Manager.Source.Context.Campaign_State - DEBUG - add_region_snapshot - Region snapshot added: mission=M001 region=Donbas
2026-08-21 15:35:04,630 - Code.Dynamic_War_Manager.Source.Context.Campaign_State - DEBUG - add_region_snapshot - Region snapshot added: mission=M001 region=Donbas
2026-08-21 15:35:04,630 - Code.Dynamic_War_Manager.Source.Context.Campaign_State - DEBUG - add_region_snapshot - Region snapshot added: mission=M001 region=Donbas
2026-08-21 15:35:04,630 - Code.Dynamic_War_Manager.Source.Context.Campaign_State - DEBUG - add_region_snapshot - Region snapshot added: mission=M001 region=Donbas
2026-08-21 15:35:04,630 - Code.Dynamic_War_Manager.Source.Context.Campaign_State - DEBUG - add_region_snapshot - Region snapshot added: mission=M001 region=Donbas
2026-08-21 15:35:04,630 - Code.Dynamic_War_Manager.Source.Context.Campaign_State - DEBUG - add_region_snapshot - Region snapshot added: mission=M002 region=Donbas
2026-08-21 15:35:04,630 - Code.Dynamic_War_Manager.Source.Context.Campaign_State - DEBUG - add_region_snapshot - Region snapshot added: mission=M001 region=Donbas
2026-08-21 15:35:04,631 - Code.Dynamic_War_Manager.Source.Context.Campaign_State - DEBUG - add_region_snapshot - Region snapshot added: mission=M001 region=Donbas
2026-08-21 15:35:04,631 - Code.Dynamic_War_Manager.Source.Context.Campaign_State - DEBUG - add_region_snapshot - Region snapshot added: mission=M001 region=Donbas
2026-08-21 15:35:04,631 - Code.Dynamic_War_Manager.Source.Context.Campaign_State - DEBUG - add_region_snapshot - Region snapshot added: mission=M001 region=Donbas
2026-08-21 15:35:04,631 - Code.Dynamic_War_Manager.Source.Context.Campaign_State - DEBUG - add_region_snapshot - Region snapshot added: mission=M001 region=Donbas
2026-08-21 15:35:04,631 - Code.Dynamic_War_Manager.Source.Context.Campaign_State - DEBUG - add_region_snapshot - Region snapshot added: mission=M001 region=Donbas
2026-08-21 15:35:04,631 - Code.Dynamic_War_Manager.Source.Context.Campaign_State - DEBUG - add_region_snapshot - Region snapshot added: mission=M002 region=Donbas
2026-08-21 15:35:04,631 - Code.Dynamic_War_Manager.Source.Context.Campaign_State - DEBUG - add_region_snapshot - Region snapshot added: mission=M001 region=Donbas
2026-08-21 15:35:04,631 - Code.Dynamic_War_Manager.Source.Context.Campaign_State - DEBUG - add_region_snapshot - Region snapshot added: mission=M002 region=Donbas
2026-08-21 15:35:04,632 - Code.Dynamic_War_Manager.Source.Context.Campaign_State - DEBUG - add_region_snapshot - Region snapshot added: mission=M001 region=Donbas
2026-08-21 15:35:04,632 - Code.Dynamic_War_Manager.Source.Context.Campaign_State - DEBUG - add_region_snapshot - Region snapshot added: mission=M001 region=Donbas
2026-08-21 15:35:04,632 - Code.Dynamic_War_Manager.Source.Context.Campaign_State - DEBUG - add_region_snapshot - Region snapshot added: mission=M001 region=Donbas
2026-08-21 15:35:04,632 - Code.Dynamic_War_Manager.Source.Context.Campaign_State - DEBUG - add_region_snapshot - Region snapshot added: mission=M001 region=Donbas
2026-08-21 15:35:04,632 - Code.Dynamic_War_Manager.Source.Context.Campaign_State - DEBUG - add_region_snapshot - Region snapshot added: mission=M001 region=Donbas
2026-08-21 15:35:04,632 - Code.Dynamic_War_Manager.Source.Context.Campaign_State - DEBUG - add_region_snapshot - Region snapshot added: mission=M001 region=Donbas
2026-08-21 15:35:04,633 - Code.Dynamic_War_Manager.Source.Context.Campaign_State - DEBUG - add_region_snapshot - Region snapshot added: mission=M001 region=Donbas
2026-08-21 15:35:04,633 - Code.Dynamic_War_Manager.Source.Context.Campaign_State - DEBUG - add_region_snapshot - Region snapshot added: mission=M001 region=Donbas
2026-08-21 15:35:04,633 - Code.Dynamic_War_Manager.Source.Context.Campaign_State - DEBUG - add_region_snapshot - Region snapshot added: mission=M001 region=Donbas
2026-08-21 15:35:04,633 - Code.Dynamic_War_Manager.Source.Context.Campaign_State - DEBUG - add_region_snapshot - Region snapshot added: mission=M001 region=Donbas
2026-08-21 15:35:04,633 - Code.Dynamic_War_Manager.Source.Context.Campaign_State - DEBUG - add_region_snapshot - Region snapshot added: mission=M001 region=Donbas
2026-08-21 15:35:04,633 - Code.Dynamic_War_Manager.Source.Context.Campaign_State - WARNING - restore - Region 'NonExistent' not in snapshot for mission 'M001'. Skipped.
2026-08-21 15:35:04,633 - Code.Dynamic_War_Manager.Source.Context.Campaign_State - DEBUG - add_region_snapshot - Region snapshot added: mission=M001 region=Donbas
2026-08-21 15:35:04,634 - Code.Dynamic_War_Manager.Source.Context.Campaign_State - DEBUG - add_region_snapshot - Region snapshot added: mission=M001 region=Donbas
2026-08-21 15:35:04,634 - Code.Dynamic_War_Manager.Source.Context.Campaign_State - DEBUG - add_region_snapshot - Region snapshot added: mission=M001 region=Donbas
2026-08-21 15:35:04,634 - Code.Dynamic_War_Manager.Source.Context.Campaign_State - DEBUG - add_region_snapshot - Region snapshot added: mission=M001 region=Donbas
2026-08-21 15:35:04,634 - Code.Dynamic_War_Manager.Source.Context.Campaign_State - DEBUG - add_region_snapshot - Region snapshot added: mission=M_SR region=Donbas
2026-08-21 15:35:04,634 - Code.Dynamic_War_Manager.Source.Context.Campaign_State - DEBUG - add_region_snapshot - Region snapshot added: mission=M001 region=Donbas
2026-08-21 15:35:04,634 - Code.Dynamic_War_Manager.Source.Context.Campaign_State - DEBUG - add_region_snapshot - Region snapshot added: mission=M001 region=Donbas
2026-08-21 15:35:04,634 - Code.Dynamic_War_Manager.Source.Context.Campaign_State - DEBUG - add_region_snapshot - Region snapshot added: mission=M001 region=Donbas
2026-08-21 15:35:04,634 - Code.Dynamic_War_Manager.Source.Context.Campaign_State - DEBUG - add_region_snapshot - Region snapshot added: mission=M003 region=Donbas
2026-08-21 15:35:04,635 - Code.Dynamic_War_Manager.Source.Context.Campaign_State - DEBUG - add_region_snapshot - Region snapshot added: mission=M001 region=Donbas
2026-08-21 15:35:04,635 - Code.Dynamic_War_Manager.Source.Context.Campaign_State - DEBUG - add_region_snapshot - Region snapshot added: mission=M001 region=Donbas
2026-08-21 15:35:04,635 - Code.Dynamic_War_Manager.Source.Context.Campaign_State - DEBUG - add_region_snapshot - Region snapshot added: mission=M001 region=Donbas
2026-08-21 15:35:04,635 - Code.Dynamic_War_Manager.Source.Context.Campaign_State - DEBUG - add_region_snapshot - Region snapshot added: mission=M001 region=Donbas
2026-08-21 15:35:04,635 - Code.Dynamic_War_Manager.Source.Context.Campaign_State - DEBUG - add_region_snapshot - Region snapshot added: mission=M001 region=Donbas
2026-08-21 15:35:04,635 - Code.Dynamic_War_Manager.Source.Context.Campaign_State - DEBUG - add_region_snapshot - Region snapshot added: mission=M001 region=Donbas
2026-08-21 15:35:04,635 - Code.Dynamic_War_Manager.Source.Context.Campaign_State - DEBUG - add_region_snapshot - Region snapshot added: mission=M001 region=Donbas
2026-08-21 15:35:04,636 - Code.Dynamic_War_Manager.Source.Context.Campaign_State - DEBUG - add_region_snapshot - Region snapshot added: mission=M001 region=Donbas
2026-08-21 15:35:04,636 - Code.Dynamic_War_Manager.Source.Context.Campaign_State - DEBUG - add_region_snapshot - Region snapshot added: mission=M002 region=Donbas
2026-08-21 15:35:04,636 - Code.Dynamic_War_Manager.Source.Context.Campaign_State - DEBUG - add_region_snapshot - Region snapshot added: mission=M001 region=Donbas
2026-08-21 15:35:04,636 - Code.Dynamic_War_Manager.Source.Context.Campaign_State - DEBUG - add_region_snapshot - Region snapshot added: mission=M001 region=Donbas
2026-08-21 15:35:04,636 - Code.Dynamic_War_Manager.Source.Context.Campaign_State - DEBUG - add_region_snapshot - Region snapshot added: mission=M001 region=Donbas
2026-08-21 15:35:04,636 - Code.Dynamic_War_Manager.Source.Context.Campaign_State - DEBUG - add_block_snapshot - Block snapshot added: mission=M001 region=North block=B1
2026-08-21 15:35:04,636 - Code.Dynamic_War_Manager.Source.Context.Campaign_State - DEBUG - add_block_snapshot - Block snapshot added: mission=M001 region=North block=B1
2026-08-21 15:35:04,637 - Code.Dynamic_War_Manager.Source.Context.Campaign_State - DEBUG - add_block_snapshot - Block snapshot added: mission=M001 region=North block=BLK_001
2026-08-21 15:35:04,637 - Code.Dynamic_War_Manager.Source.Context.Campaign_State - DEBUG - add_block_snapshot - Block snapshot added: mission=M001 region=South block=BLK_001
2026-08-21 15:35:04,637 - Code.Dynamic_War_Manager.Source.Context.Campaign_State - DEBUG - add_block_snapshot - Block snapshot added: mission=M001 region=North block=BLK_001
2026-08-21 15:35:04,637 - Code.Dynamic_War_Manager.Source.Context.Campaign_State - DEBUG - add_block_snapshot - Block snapshot added: mission=M001 region=North block=BLK_001
2026-08-21 15:35:04,638 - Code.Dynamic_War_Manager.Source.Context.Campaign_State - DEBUG - add_block_snapshot - Block snapshot added: mission=M001 region=North block=BLK_001
2026-08-21 15:35:04,638 - Code.Dynamic_War_Manager.Source.Context.Campaign_State - DEBUG - add_block_snapshot - Block snapshot added: mission=M001 region=North block=BLK_002
2026-08-21 15:35:04,638 - Code.Dynamic_War_Manager.Source.Context.Campaign_State - DEBUG - add_block_snapshot - Block snapshot added: mission=M001 region=North block=BLK_001
2026-08-21 15:35:04,638 - Code.Dynamic_War_Manager.Source.Context.Campaign_State - DEBUG - add_region_snapshot - Region snapshot added: mission=M001 region=Donbas
2026-08-21 15:35:04,638 - Code.Dynamic_War_Manager.Source.Context.Campaign_State - DEBUG - add_region_snapshot - Region snapshot added: mission=M001 region=Crimea
2026-08-21 15:35:04,638 - Code.Dynamic_War_Manager.Source.Context.Campaign_State - DEBUG - add_region_snapshot - Region snapshot added: mission=M001 region=Donbas
2026-08-21 15:35:04,638 - Code.Dynamic_War_Manager.Source.Context.Campaign_State - DEBUG - add_region_snapshot - Region snapshot added: mission=M001 region=Donbas
2026-08-21 15:35:04,638 - Code.Dynamic_War_Manager.Source.Context.Campaign_State - DEBUG - add_region_snapshot - Region snapshot added: mission=M001 region=Donbas
2026-08-21 15:45:50,589 - Code.Dynamic_War_Manager.Source.Context.Campaign_State - DEBUG - add_region_snapshot - Region snapshot added: mission=M001 region=Donbas
2026-08-21 15:45:50,589 - Code.Dynamic_War_Manager.Source.Context.Campaign_State - DEBUG - add_region_snapshot - Region snapshot added: mission=M001 region=Donbas
2026-08-21 15:45:50,589 - Code.Dynamic_War_Manager.Source.Context.Campaign_State - DEBUG - add_region_snapshot - Region snapshot added: mission=M002 region=Donbas
2026-08-21 15:45:50,590 - Code.Dynamic_War_Manager.Source.Context.Campaign_State - INFO - save - CampaignState saved to /tmp/tmpoup11n5t.json (2 missions).
2026-08-21 15:45:50,590 - Code.Dynamic_War_Manager.Source.Context.Campaign_State - INFO - load - CampaignState loaded from /tmp/tmpoup11n5t.json (2 missions).
2026-08-21 15:45:50,590 - Code.Dynamic_War_Manager.Source.Context.Campaign_State - DEBUG - add_region_snapshot - Region snapshot added: mission=M001 region=Donbas
2026-08-21 15:45:50,590 - Code.Dynamic_War_Manager.Source.Context.Campaign_State - INFO - save - CampaignState saved to /tmp/tmp_2tg03b9.json (1 missions).
2026-08-21 15:45:50,591 - Code.Dynamic_War_Manager.Source.Context.Campaign_State - DEBUG - add_region_snapshot - Region snapshot added: mission=M001 region=Donbas
2026-08-21 15:45:50,591 - Code.Dynamic_War_Manager.Source.Context.Campaign_State - DEBUG - add_region_snapshot - Region snapshot added: mission=M001 region=Donbas
2026-08-21 15:45:50,591 - Code.Dynamic_War_Manager.Source.Context.Campaign_State - INFO - save - CampaignState saved to /tmp/tmpmw8psrxi.json (1 missions).
2026-08-21 15:45:50,591 - Code.Dynamic_War_Manager.Source.Context.Campaign_State - INFO - load - CampaignState loaded from /tmp/tmpmw8psrxi.json (1 missions).
2026-08-21 15:45:50,591 - Code.Dynamic_War_Manager.Source.Context.Campaign_State - DEBUG - add_region_snapshot - Region snapshot added: mission=M001 region=Donbas
2026-08-21 15:45:50,591 - Code.Dynamic_War_Manager.Source.Context.Campaign_State - INFO - save - CampaignState saved to /tmp/tmp4fyjvu2h.json (1 missions).
2026-08-21 15:45:50,592 - Code.Dynamic_War_Manager.Source.Context.Campaign_State - INFO - load - CampaignState loaded from /tmp/tmp4fyjvu2h.json (1 missions).
2026-08-21 15:45:50,592 - Code.Dynamic_War_Manager.Source.Context.Campaign_State - DEBUG - add_region_snapshot - Region snapshot added: mission=M001 region=Donbas
2026-08-21 15:45:50,592 - Code.Dynamic_War_Manager.Source.Context.Campaign_State - DEBUG - add_region_snapshot - Region snapshot added: mission=M001 region=Donbas
2026-08-21 15:45:50,592 - Code.Dynamic_War_Manager.Source.Context.Campaign_State - DEBUG - add_region_snapshot - Region snapshot added: mission=M002 region=Donbas
2026-08-21 15:45:50,592 - Code.Dynamic_War_Manager.Source.Context.Campaign_State - DEBUG - add_region_snapshot - Region snapshot added: mission=M001 region=Donbas
2026-08-21 15:45:50,592 - Code.Dynamic_War_Manager.Source.Context.Campaign_State - DEBUG - add_region_snapshot - Region snapshot added: mission=M001 region=Donbas
2026-08-21 15:45:50,592 - Code.Dynamic_War_Manager.Source.Context.Campaign_State - DEBUG - add_region_snapshot - Region snapshot added: mission=M002 region=Donbas
2026-08-21 15:45:50,593 - Code.Dynamic_War_Manager.Source.Context.Campaign_State - DEBUG - add_region_snapshot - Region snapshot added: mission=M001 region=Donbas
2026-08-21 15:45:50,593 - Code.Dynamic_War_Manager.Source.Context.Campaign_State - DEBUG - add_region_snapshot - Region snapshot added: mission=M001 region=Donbas
2026-08-21 15:45:50,593 - Code.Dynamic_War_Manager.Source.Context.Campaign_State - DEBUG - add_region_snapshot - Region snapshot added: mission=M001 region=Donbas
2026-08-21 15:45:50,593 - Code.Dynamic_War_Manager.Source.Context.Campaign_State - DEBUG - add_region_snapshot - Region snapshot added: mission=M001 region=Donbas
2026-08-21 15:45:50,593 - Code.Dynamic_War_Manager.Source.Context.Campaign_State - DEBUG - add_region_snapshot - Region snapshot added: mission=M001 region=Donbas
2026-08-21 15:45:50,593 - Code.Dynamic_War_Manager.Source.Context.Campaign_State - DEBUG - add_region_snapshot - Region snapshot added: mission=M002 region=Donbas
2026-08-21 15:45:50,593 - Code.Dynamic_War_Manager.Source.Context.Campaign_State - DEBUG - add_region_snapshot - Region snapshot added: mission=M001 region=Donbas
2026-08-21 15:45:50,594 - Code.Dynamic_War_Manager.Source.Context.Campaign_State - DEBUG - add_region_snapshot - Region snapshot added: mission=M001 region=Donbas
2026-08-21 15:45:50,594 - Code.Dynamic_War_Manager.Source.Context.Campaign_State - DEBUG - add_region_snapshot - Region snapshot added: mission=M001 region=Donbas
2026-08-21 15:45:50,594 - Code.Dynamic_War_Manager.Source.Context.Campaign_State - DEBUG - add_region_snapshot - Region snapshot added: mission=M001 region=Donbas
2026-08-21 15:45:50,594 - Code.Dynamic_War_Manager.Source.Context.Campaign_State - DEBUG - add_region_snapshot - Region snapshot added: mission=M001 region=Donbas
2026-08-21 15:45:50,594 - Code.Dynamic_War_Manager.Source.Context.Campaign_State - DEBUG - add_region_snapshot - Region snapshot added: mission=M001 region=Donbas
2026-08-21 15:45:50,594 - Code.Dynamic_War_Manager.Source.Context.Campaign_State - DEBUG - add_region_snapshot - Region snapshot added: mission=M002 region=Donbas
2026-08-21 15:45:50,594 - Code.Dynamic_War_Manager.Source.Context.Campaign_State - DEBUG - add_region_snapshot - Region snapshot added: mission=M001 region=Donbas
2026-08-21 15:45:50,594 - Code.Dynamic_War_Manager.Source.Context.Campaign_State - DEBUG - add_region_snapshot - Region snapshot added: mission=M002 region=Donbas
2026-08-21 15:45:50,595 - Code.Dynamic_War_Manager.Source.Context.Campaign_State - DEBUG - add_region_snapshot - Region snapshot added: mission=M001 region=Donbas
2026-08-21 15:45:50,595 - Code.Dynamic_War_Manager.Source.Context.Campaign_State - DEBUG - add_region_snapshot - Region snapshot added: mission=M001 region=Donbas
2026-08-21 15:45:50,595 - Code.Dynamic_War_Manager.Source.Context.Campaign_State - DEBUG - add_region_snapshot - Region snapshot added: mission=M001 region=Donbas
2026-08-21 15:45:50,595 - Code.Dynamic_War_Manager.Source.Context.Campaign_State - DEBUG - add_region_snapshot - Region snapshot added: mission=M001 region=Donbas
2026-08-21 15:45:50,595 - Code.Dynamic_War_Manager.Source.Context.Campaign_State - DEBUG - add_region_snapshot - Region snapshot added: mission=M001 region=Donbas
2026-08-21 15:45:50,595 - Code.Dynamic_War_Manager.Source.Context.Campaign_State - DEBUG - add_region_snapshot - Region snapshot added: mission=M001 region=Donbas
2026-08-21 15:45:50,596 - Code.Dynamic_War_Manager.Source.Context.Campaign_State - DEBUG - add_region_snapshot - Region snapshot added: mission=M001 region=Donbas
2026-08-21 15:45:50,596 - Code.Dynamic_War_Manager.Source.Context.Campaign_State - DEBUG - add_region_snapshot - Region snapshot added: mission=M001 region=Donbas
2026-08-21 15:45:50,596 - Code.Dynamic_War_Manager.Source.Context.Campaign_State - DEBUG - add_region_snapshot - Region snapshot added: mission=M001 region=Donbas
2026-08-21 15:45:50,596 - Code.Dynamic_War_Manager.Source.Context.Campaign_State - DEBUG - add_region_snapshot - Region snapshot added: mission=M001 region=Donbas
2026-08-21 15:45:50,596 - Code.Dynamic_War_Manager.Source.Context.Campaign_State - DEBUG - add_region_snapshot - Region snapshot added: mission=M001 region=Donbas
2026-08-21 15:45:50,596 - Code.Dynamic_War_Manager.Source.Context.Campaign_State - WARNING - restore - Region 'NonExistent' not in snapshot for mission 'M001'. Skipped.
2026-08-21 15:45:50,596 - Code.Dynamic_War_Manager.Source.Context.Campaign_State - DEBUG - add_region_snapshot - Region snapshot added: mission=M001 region=Donbas
2026-08-21 15:45:50,597 - Code.Dynamic_War_Manager.Source.Context.Campaign_State - DEBUG - add_region_snapshot - Region snapshot added: mission=M001 region=Donbas
2026-08-21 15:45:50,597 - Code.Dynamic_War_Manager.Source.Context.Campaign_State - DEBUG - add_region_snapshot - Region snapshot added: mission=M001 region=Donbas
2026-08-21 15:45:50,597 - Code.Dynamic_War_Manager.Source.Context.Campaign_State - DEBUG - add_region_snapshot - Region snapshot added: mission=M001 region=Donbas
2026-08-21 15:45:50,597 - Code.Dynamic_War_Manager.Source.Context.Campaign_State - DEBUG - add_region_snapshot - Region snapshot added: mission=M_SR region=Donbas
2026-08-21 15:45:50,597 - Code.Dynamic_War_Manager.Source.Context.Campaign_State - DEBUG - add_region_snapshot - Region snapshot added: mission=M001 region=Donbas
2026-08-21 15:45:50,597 - Code.Dynamic_War_Manager.Source.Context.Campaign_State - DEBUG - add_region_snapshot - Region snapshot added: mission=M001 region=Donbas
2026-08-21 15:45:50,597 - Code.Dynamic_War_Manager.Source.Context.Campaign_State - DEBUG - add_region_snapshot - Region snapshot added: mission=M001 region=Donbas
2026-08-21 15:45:50,598 - Code.Dynamic_War_Manager.Source.Context.Campaign_State - DEBUG - add_region_snapshot - Region snapshot added: mission=M003 region=Donbas
2026-08-21 15:45:50,598 - Code.Dynamic_War_Manager.Source.Context.Campaign_State - DEBUG - add_region_snapshot - Region snapshot added: mission=M001 region=Donbas
2026-08-21 15:45:50,598 - Code.Dynamic_War_Manager.Source.Context.Campaign_State - DEBUG - add_region_snapshot - Region snapshot added: mission=M001 region=Donbas
2026-08-21 15:45:50,598 - Code.Dynamic_War_Manager.Source.Context.Campaign_State - DEBUG - add_region_snapshot - Region snapshot added: mission=M001 region=Donbas
2026-08-21 15:45:50,598 - Code.Dynamic_War_Manager.Source.Context.Campaign_State - DEBUG - add_region_snapshot - Region snapshot added: mission=M001 region=Donbas
2026-08-21 15:45:50,598 - Code.Dynamic_War_Manager.Source.Context.Campaign_State - DEBUG - add_region_snapshot - Region snapshot added: mission=M001 region=Donbas
2026-08-21 15:45:50,598 - Code.Dynamic_War_Manager.Source.Context.Campaign_State - DEBUG - add_region_snapshot - Region snapshot added: mission=M001 region=Donbas
2026-08-21 15:45:50,598 - Code.Dynamic_War_Manager.Source.Context.Campaign_State - DEBUG - add_region_snapshot - Region snapshot added: mission=M001 region=Donbas
2026-08-21 15:45:50,599 - Code.Dynamic_War_Manager.Source.Context.Campaign_State - DEBUG - add_region_snapshot - Region snapshot added: mission=M001 region=Donbas
2026-08-21 15:45:50,599 - Code.Dynamic_War_Manager.Source.Context.Campaign_State - DEBUG - add_region_snapshot - Region snapshot added: mission=M002 region=Donbas
2026-08-21 15:45:50,599 - Code.Dynamic_War_Manager.Source.Context.Campaign_State - DEBUG - add_region_snapshot - Region snapshot added: mission=M001 region=Donbas
2026-08-21 15:45:50,599 - Code.Dynamic_War_Manager.Source.Context.Campaign_State - DEBUG - add_region_snapshot - Region snapshot added: mission=M001 region=Donbas
2026-08-21 15:45:50,599 - Code.Dynamic_War_Manager.Source.Context.Campaign_State - DEBUG - add_region_snapshot - Region snapshot added: mission=M001 region=Donbas
2026-08-21 15:45:50,599 - Code.Dynamic_War_Manager.Source.Context.Campaign_State - DEBUG - add_block_snapshot - Block snapshot added: mission=M001 region=North block=B1
2026-08-21 15:45:50,599 - Code.Dynamic_War_Manager.Source.Context.Campaign_State - DEBUG - add_block_snapshot - Block snapshot added: mission=M001 region=North block=B1
2026-08-21 15:45:50,600 - Code.Dynamic_War_Manager.Source.Context.Campaign_State - DEBUG - add_block_snapshot - Block snapshot added: mission=M001 region=North block=BLK_001
2026-08-21 15:45:50,600 - Code.Dynamic_War_Manager.Source.Context.Campaign_State - DEBUG - add_block_snapshot - Block snapshot added: mission=M001 region=South block=BLK_001
2026-08-21 15:45:50,600 - Code.Dynamic_War_Manager.Source.Context.Campaign_State - DEBUG - add_block_snapshot - Block snapshot added: mission=M001 region=North block=BLK_001
2026-08-21 15:45:50,600 - Code.Dynamic_War_Manager.Source.Context.Campaign_State - DEBUG - add_block_snapshot - Block snapshot added: mission=M001 region=North block=BLK_001
2026-08-21 15:45:50,601 - Code.Dynamic_War_Manager.Source.Context.Campaign_State - DEBUG - add_block_snapshot - Block snapshot added: mission=M001 region=North block=BLK_001
2026-08-21 15:45:50,601 - Code.Dynamic_War_Manager.Source.Context.Campaign_State - DEBUG - add_block_snapshot - Block snapshot added: mission=M001 region=North block=BLK_002
2026-08-21 15:45:50,601 - Code.Dynamic_War_Manager.Source.Context.Campaign_State - DEBUG - add_block_snapshot - Block snapshot added: mission=M001 region=North block=BLK_001
2026-08-21 15:45:50,601 - Code.Dynamic_War_Manager.Source.Context.Campaign_State - DEBUG - add_region_snapshot - Region snapshot added: mission=M001 region=Donbas
2026-08-21 15:45:50,601 - Code.Dynamic_War_Manager.Source.Context.Campaign_State - DEBUG - add_region_snapshot - Region snapshot added: mission=M001 region=Crimea
2026-08-21 15:45:50,601 - Code.Dynamic_War_Manager.Source.Context.Campaign_State - DEBUG - add_region_snapshot - Region snapshot added: mission=M001 region=Donbas
2026-08-21 15:45:50,601 - Code.Dynamic_War_Manager.Source.Context.Campaign_State - DEBUG - add_region_snapshot - Region snapshot added: mission=M001 region=Donbas
2026-08-21 15:45:50,601 - Code.Dynamic_War_Manager.Source.Context.Campaign_State - DEBUG - add_region_snapshot - Region snapshot added: mission=M001 region=Donbas
2026-08-26 19:10:00,179 - Code.Dynamic_War_Manager.Source.Context.Campaign_State - DEBUG - add_region_snapshot - Region snapshot added: mission=M001 region=Donbas
2026-08-26 19:10:00,218 - Code.Dynamic_War_Manager.Source.Context.Campaign_State - DEBUG - add_region_snapshot - Region snapshot added: mission=M001 region=Donbas
2026-08-26 19:10:00,218 - Code.Dynamic_War_Manager.Source.Context.Campaign_State - DEBUG - add_region_snapshot - Region snapshot added: mission=M002 region=Donbas
2026-08-26 19:10:00,219 - Code.Dynamic_War_Manager.Source.Context.Campaign_State - INFO - save - CampaignState saved to /tmp/tmpqjwq_rrw.json (2 missions).
2026-08-26 19:10:00,219 - Code.Dynamic_War_Manager.Source.Context.Campaign_State - INFO - load - CampaignState loaded from /tmp/tmpqjwq_rrw.json (2 missions).
2026-08-26 19:10:00,219 - Code.Dynamic_War_Manager.Source.Context.Campaign_State - DEBUG - add_region_snapshot - Region snapshot added: mission=M001 region=Donbas
2026-08-26 19:10:00,219 - Code.Dynamic_War_Manager.Source.Context.Campaign_State - INFO - save - CampaignState saved to /tmp/tmpp1qpweko.json (1 missions).
2026-08-26 19:10:00,219 - Code.Dynamic_War_Manager.Source.Context.Campaign_State - DEBUG - add_region_snapshot - Region snapshot added: mission=M001 region=Donbas
2026-08-26 19:10:00,219 - Code.Dynamic_War_Manager.Source.Context.Campaign_State - DEBUG - add_region_snapshot - Region snapshot added: mission=M001 region=Donbas
2026-08-26 19:10:00,220 - Code.Dynamic_War_Manager.Source.Context.Campaign_State - INFO - save - CampaignState saved to /tmp/tmp038gz0zz.json (1 missions).
2026-08-26 19:10:00,220 - Code.Dynamic_War_Manager.Source.Context.Campaign_State - INFO - load - CampaignState loaded from /tmp/tmp038gz0zz.json (1 missions).
2026-08-26 19:10:00,220 - Code.Dynamic_War_Manager.Source.Context.Campaign_State - DEBUG - add_region_snapshot - Region snapshot added: mission=M001 region=Donbas
2026-08-26 19:10:00,220 - Code.Dynamic_War_Manager.Source.Context.Campaign_State - INFO - save - CampaignState saved to /tmp/tmplsmdcow3.json (1 missions).
2026-08-26 19:10:00,220 - Code.Dynamic_War_Manager.Source.Context.Campaign_State - INFO - load - CampaignState loaded from /tmp/tmplsmdcow3.json (1 missions).
2026-08-26 19:10:00,221 - Code.Dynamic_War_Manager.Source.Context.Campaign_State - DEBUG - add_region_snapshot - Region snapshot added: mission=M001 region=Donbas
2026-08-26 19:10:00,221 - Code.Dynamic_War_Manager.Source.Context.Campaign_State - DEBUG - add_region_snapshot - Region snapshot added: mission=M001 region=Donbas
2026-08-26 19:10:00,221 - Code.Dynamic_War_Manager.Source.Context.Campaign_State - DEBUG - add_region_snapshot - Region snapshot added: mission=M002 region=Donbas
2026-08-26 19:10:00,221 - Code.Dynamic_War_Manager.Source.Context.Campaign_State - DEBUG - add_region_snapshot - Region snapshot added: mission=M001 region=Donbas
2026-08-26 19:10:00,221 - Code.Dynamic_War_Manager.Source.Context.Campaign_State - DEBUG - add_region_snapshot - Region snapshot added: mission=M001 region=Donbas
2026-08-26 19:10:00,221 - Code.Dynamic_War_Manager.Source.Context.Campaign_State - DEBUG - add_region_snapshot - Region snapshot added: mission=M002 region=Donbas
2026-08-26 19:10:00,221 - Code.Dynamic_War_Manager.Source.Context.Campaign_State - DEBUG - add_region_snapshot - Region snapshot added: mission=M001 region=Donbas
2026-08-26 19:10:00,221 - Code.Dynamic_War_Manager.Source.Context.Campaign_State - DEBUG - add_region_snapshot - Region snapshot added: mission=M001 region=Donbas
2026-08-26 19:10:00,221 - Code.Dynamic_War_Manager.Source.Context.Campaign_State - DEBUG - add_region_snapshot - Region snapshot added: mission=M001 region=Donbas
2026-08-26 19:10:00,221 - Code.Dynamic_War_Manager.Source.Context.Campaign_State - DEBUG - add_region_snapshot - Region snapshot added: mission=M001 region=Donbas
2026-08-26 19:10:00,222 - Code.Dynamic_War_Manager.Source.Context.Campaign_State - DEBUG - add_region_snapshot - Region snapshot added: mission=M001 region=Donbas
2026-08-26 19:10:00,222 - Code.Dynamic_War_Manager.Source.Context.Campaign_State - DEBUG - add_region_snapshot - Region snapshot added: mission=M002 region=Donbas
2026-08-26 19:10:00,222 - Code.Dynamic_War_Manager.Source.Context.Campaign_State - DEBUG - add_region_snapshot - Region snapshot added: mission=M001 region=Donbas
2026-08-26 19:10:00,222 - Code.Dynamic_War_Manager.Source.Context.Campaign_State - DEBUG - add_region_snapshot - Region snapshot added: mission=M001 region=Donbas
2026-08-26 19:10:00,222 - Code.Dynamic_War_Manager.Source.Context.Campaign_State - DEBUG - add_region_snapshot - Region snapshot added: mission=M001 region=Donbas
2026-08-26 19:10:00,222 - Code.Dynamic_War_Manager.Source.Context.Campaign_State - DEBUG - add_region_snapshot - Region snapshot added: mission=M001 region=Donbas
2026-08-26 19:10:00,222 - Code.Dynamic_War_Manager.Source.Context.Campaign_State - DEBUG - add_region_snapshot - Region snapshot added: mission=M001 region=Donbas
2026-08-26 19:10:00,222 - Code.Dynamic_War_Manager.Source.Context.Campaign_State - DEBUG - add_region_snapshot - Region snapshot added: mission=M001 region=Donbas
2026-08-26 19:10:00,222 - Code.Dynamic_War_Manager.Source.Context.Campaign_State - DEBUG - add_region_snapshot - Region snapshot added: mission=M002 region=Donbas
2026-08-26 19:10:00,223 - Code.Dynamic_War_Manager.Source.Context.Campaign_State - DEBUG - add_region_snapshot - Region snapshot added: mission=M001 region=Donbas
2026-08-26 19:10:00,223 - Code.Dynamic_War_Manager.Source.Context.Campaign_State - DEBUG - add_region_snapshot - Region snapshot added: mission=M002 region=Donbas
2026-08-26 19:10:00,223 - Code.Dynamic_War_Manager.Source.Context.Campaign_State - DEBUG - add_region_snapshot - Region snapshot added: mission=M001 region=Donbas
2026-08-26 19:10:00,223 - Code.Dynamic_War_Manager.Source.Context.Campaign_State - DEBUG - add_region_snapshot - Region snapshot added: mission=M001 region=Donbas
2026-08-26 19:10:00,223 - Code.Dynamic_War_Manager.Source.Context.Campaign_State - DEBUG - add_region_snapshot - Region snapshot added: mission=M001 region=Donbas
2026-08-26 19:10:00,223 - Code.Dynamic_War_Manager.Source.Context.Campaign_State - DEBUG - add_region_snapshot - Region snapshot added: mission=M001 region=Donbas
2026-08-26 19:10:00,223 - Code.Dynamic_War_Manager.Source.Context.Campaign_State - DEBUG - add_region_snapshot - Region snapshot added: mission=M001 region=Donbas
2026-08-26 19:10:00,223 - Code.Dynamic_War_Manager.Source.Context.Campaign_State - DEBUG - add_region_snapshot - Region snapshot added: mission=M001 region=Donbas
2026-08-26 19:10:00,224 - Code.Dynamic_War_Manager.Source.Context.Campaign_State - DEBUG - add_region_snapshot - Region snapshot added: mission=M001 region=Donbas
2026-08-26 19:10:00,224 - Code.Dynamic_War_Manager.Source.Context.Campaign_State - DEBUG - add_region_snapshot - Region snapshot added: mission=M001 region=Donbas
2026-08-26 19:10:00,224 - Code.Dynamic_War_Manager.Source.Context.Campaign_State - DEBUG - add_region_snapshot - Region snapshot added: mission=M001 region=Donbas
2026-08-26 19:10:00,224 - Code.Dynamic_War_Manager.Source.Context.Campaign_State - DEBUG - add_region_snapshot - Region snapshot added: mission=M001 region=Donbas
2026-08-26 19:10:00,224 - Code.Dynamic_War_Manager.Source.Context.Campaign_State - DEBUG - add_region_snapshot - Region snapshot added: mission=M001 region=Donbas
2026-08-26 19:10:00,224 - Code.Dynamic_War_Manager.Source.Context.Campaign_State - WARNING - restore - Region 'NonExistent' not in snapshot for mission 'M001'. Skipped.
2026-08-26 19:10:00,224 - Code.Dynamic_War_Manager.Source.Context.Campaign_State - DEBUG - add_region_snapshot - Region snapshot added: mission=M001 region=Donbas
2026-08-26 19:10:00,225 - Code.Dynamic_War_Manager.Source.Context.Campaign_State - DEBUG - add_region_snapshot - Region snapshot added: mission=M001 region=Donbas
2026-08-26 19:10:00,225 - Code.Dynamic_War_Manager.Source.Context.Campaign_State - DEBUG - add_region_snapshot - Region snapshot added: mission=M001 region=Donbas
2026-08-26 19:10:00,225 - Code.Dynamic_War_Manager.Source.Context.Campaign_State - DEBUG - add_region_snapshot - Region snapshot added: mission=M001 region=Donbas
2026-08-26 19:10:00,225 - Code.Dynamic_War_Manager.Source.Context.Campaign_State - DEBUG - add_region_snapshot - Region snapshot added: mission=M_SR region=Donbas
2026-08-26 19:10:00,225 - Code.Dynamic_War_Manager.Source.Context.Campaign_State - DEBUG - add_region_snapshot - Region snapshot added: mission=M001 region=Donbas
2026-08-26 19:10:00,225 - Code.Dynamic_War_Manager.Source.Context.Campaign_State - DEBUG - add_region_snapshot - Region snapshot added: mission=M001 region=Donbas
2026-08-26 19:10:00,225 - Code.Dynamic_War_Manager.Source.Context.Campaign_State - DEBUG - add_region_snapshot - Region snapshot added: mission=M001 region=Donbas
2026-08-26 19:10:00,225 - Code.Dynamic_War_Manager.Source.Context.Campaign_State - DEBUG - add_region_snapshot - Region snapshot added: mission=M003 region=Donbas
2026-08-26 19:10:00,225 - Code.Dynamic_War_Manager.Source.Context.Campaign_State - DEBUG - add_region_snapshot - Region snapshot added: mission=M001 region=Donbas
2026-08-26 19:10:00,226 - Code.Dynamic_War_Manager.Source.Context.Campaign_State - DEBUG - add_region_snapshot - Region snapshot added: mission=M001 region=Donbas
2026-08-26 19:10:00,226 - Code.Dynamic_War_Manager.Source.Context.Campaign_State - DEBUG - add_region_snapshot - Region snapshot added: mission=M001 region=Donbas
2026-08-26 19:10:00,226 - Code.Dynamic_War_Manager.Source.Context.Campaign_State - DEBUG - add_region_snapshot - Region snapshot added: mission=M001 region=Donbas
2026-08-26 19:10:00,226 - Code.Dynamic_War_Manager.Source.Context.Campaign_State - DEBUG - add_region_snapshot - Region snapshot added: mission=M001 region=Donbas
2026-08-26 19:10:00,226 - Code.Dynamic_War_Manager.Source.Context.Campaign_State - DEBUG - add_region_snapshot - Region snapshot added: mission=M001 region=Donbas
2026-08-26 19:10:00,226 - Code.Dynamic_War_Manager.Source.Context.Campaign_State - DEBUG - add_region_snapshot - Region snapshot added: mission=M001 region=Donbas
2026-08-26 19:10:00,226 - Code.Dynamic_War_Manager.Source.Context.Campaign_State - DEBUG - add_region_snapshot - Region snapshot added: mission=M001 region=Donbas
2026-08-26 19:10:00,226 - Code.Dynamic_War_Manager.Source.Context.Campaign_State - DEBUG - add_region_snapshot - Region snapshot added: mission=M002 region=Donbas
2026-08-26 19:10:00,226 - Code.Dynamic_War_Manager.Source.Context.Campaign_State - DEBUG - add_region_snapshot - Region snapshot added: mission=M001 region=Donbas
2026-08-26 19:10:00,226 - Code.Dynamic_War_Manager.Source.Context.Campaign_State - DEBUG - add_region_snapshot - Region snapshot added: mission=M001 region=Donbas
2026-08-26 19:10:00,227 - Code.Dynamic_War_Manager.Source.Context.Campaign_State - DEBUG - add_region_snapshot - Region snapshot added: mission=M001 region=Donbas
2026-08-26 19:10:00,227 - Code.Dynamic_War_Manager.Source.Context.Campaign_State - DEBUG - add_block_snapshot - Block snapshot added: mission=M001 region=North block=B1
2026-08-26 19:10:00,227 - Code.Dynamic_War_Manager.Source.Context.Campaign_State - DEBUG - add_block_snapshot - Block snapshot added: mission=M001 region=North block=B1
2026-08-26 19:10:00,227 - Code.Dynamic_War_Manager.Source.Context.Campaign_State - DEBUG - add_block_snapshot - Block snapshot added: mission=M001 region=North block=BLK_001
2026-08-26 19:10:00,227 - Code.Dynamic_War_Manager.Source.Context.Campaign_State - DEBUG - add_block_snapshot - Block snapshot added: mission=M001 region=South block=BLK_001
2026-08-26 19:10:00,227 - Code.Dynamic_War_Manager.Source.Context.Campaign_State - DEBUG - add_block_snapshot - Block snapshot added: mission=M001 region=North block=BLK_001
2026-08-26 19:10:00,228 - Code.Dynamic_War_Manager.Source.Context.Campaign_State - DEBUG - add_block_snapshot - Block snapshot added: mission=M001 region=North block=BLK_001
2026-08-26 19:10:00,228 - Code.Dynamic_War_Manager.Source.Context.Campaign_State - DEBUG - add_block_snapshot - Block snapshot added: mission=M001 region=North block=BLK_001
2026-08-26 19:10:00,228 - Code.Dynamic_War_Manager.Source.Context.Campaign_State - DEBUG - add_block_snapshot - Block snapshot added: mission=M001 region=North block=BLK_002
2026-08-26 19:10:00,228 - Code.Dynamic_War_Manager.Source.Context.Campaign_State - DEBUG - add_block_snapshot - Block snapshot added: mission=M001 region=North block=BLK_001
2026-08-26 19:10:00,228 - Code.Dynamic_War_Manager.Source.Context.Campaign_State - DEBUG - add_region_snapshot - Region snapshot added: mission=M001 region=Donbas
2026-08-26 19:10:00,228 - Code.Dynamic_War_Manager.Source.Context.Campaign_State - DEBUG - add_region_snapshot - Region snapshot added: mission=M001 region=Crimea
2026-08-26 19:10:00,228 - Code.Dynamic_War_Manager.Source.Context.Campaign_State - DEBUG - add_region_snapshot - Region snapshot added: mission=M001 region=Donbas
2026-08-26 19:10:00,228 - Code.Dynamic_War_Manager.Source.Context.Campaign_State - DEBUG - add_region_snapshot - Region snapshot added: mission=M001 region=Donbas
2026-08-26 19:10:00,228 - Code.Dynamic_War_Manager.Source.Context.Campaign_State - DEBUG - add_region_snapshot - Region snapshot added: mission=M001 region=Donbas
2026-09-11 16:18:38,483 - Code.Dynamic_War_Manager.Source.Context.Campaign_State - DEBUG - add_region_snapshot - Region snapshot added: mission=M001 region=Donbas
2026-09-11 16:18:38,483 - Code.Dynamic_War_Manager.Source.Context.Campaign_State - DEBUG - add_region_snapshot - Region snapshot added: mission=M001 region=Donbas
2026-09-11 16:18:38,484 - Code.Dynamic_War_Manager.Source.Context.Campaign_State - DEBUG - add_region_snapshot - Region snapshot added: mission=M002 region=Donbas
2026-09-11 16:18:38,484 - Code.Dynamic_War_Manager.Source.Context.Campaign_State - INFO - save - CampaignState saved to /tmp/tmpq5s_ax7v.json (2 missions).
2026-09-11 16:18:38,484 - Code.Dynamic_War_Manager.Source.Context.Campaign_State - INFO - load - CampaignState loaded from /tmp/tmpq5s_ax7v.json (2 missions).
2026-09-11 16:18:38,485 - Code.Dynamic_War_Manager.Source.Context.Campaign_State - DEBUG - add_region_snapshot - Region snapshot added: mission=M001 region=Donbas
2026-09-11 16:18:38,485 - Code.Dynamic_War_Manager.Source.Context.Campaign_State - INFO - save - CampaignState saved to /tmp/tmpqsdstr6d.json (1 missions).
2026-09-11 16:18:38,485 - Code.Dynamic_War_Manager.Source.Context.Campaign_State - DEBUG - add_region_snapshot - Region snapshot added: mission=M001 region=Donbas
2026-09-11 16:18:38,485 - Code.Dynamic_War_Manager.Source.Context.Campaign_State - DEBUG - add_region_snapshot - Region snapshot added: mission=M001 region=Donbas
2026-09-11 16:18:38,485 - Code.Dynamic_War_Manager.Source.Context.Campaign_State - INFO - save - CampaignState saved to /tmp/tmph66wb_6c.json (1 missions).
2026-09-11 16:18:38,486 - Code.Dynamic_War_Manager.Source.Context.Campaign_State - INFO - load - CampaignState loaded from /tmp/tmph66wb_6c.json (1 missions).
2026-09-11 16:18:38,486 - Code.Dynamic_War_Manager.Source.Context.Campaign_State - DEBUG - add_region_snapshot - Region snapshot added: mission=M001 region=Donbas
2026-09-11 16:18:38,486 - Code.Dynamic_War_Manager.Source.Context.Campaign_State - INFO - save - CampaignState saved to /tmp/tmpzqtqnck3.json (1 missions).
2026-09-11 16:18:38,486 - Code.Dynamic_War_Manager.Source.Context.Campaign_State - INFO - load - CampaignState loaded from /tmp/tmpzqtqnck3.json (1 missions).
2026-09-11 16:18:38,487 - Code.Dynamic_War_Manager.Source.Context.Campaign_State - DEBUG - add_region_snapshot - Region snapshot added: mission=M001 region=Donbas
2026-09-11 16:18:38,487 - Code.Dynamic_War_Manager.Source.Context.Campaign_State - DEBUG - add_region_snapshot - Region snapshot added: mission=M001 region=Donbas
2026-09-11 16:18:38,487 - Code.Dynamic_War_Manager.Source.Context.Campaign_State - DEBUG - add_region_snapshot - Region snapshot added: mission=M002 region=Donbas
2026-09-11 16:18:38,487 - Code.Dynamic_War_Manager.Source.Context.Campaign_State - DEBUG - add_region_snapshot - Region snapshot added: mission=M001 region=Donbas
2026-09-11 16:18:38,487 - Code.Dynamic_War_Manager.Source.Context.Campaign_State - DEBUG - add_region_snapshot - Region snapshot added: mission=M001 region=Donbas
2026-09-11 16:18:38,487 - Code.Dynamic_War_Manager.Source.Context.Campaign_State - DEBUG - add_region_snapshot - Region snapshot added: mission=M002 region=Donbas
2026-09-11 16:18:38,487 - Code.Dynamic_War_Manager.Source.Context.Campaign_State - DEBUG - add_region_snapshot - Region snapshot added: mission=M001 region=Donbas
2026-09-11 16:18:38,488 - Code.Dynamic_War_Manager.Source.Context.Campaign_State - DEBUG - add_region_snapshot - Region snapshot added: mission=M001 region=Donbas
2026-09-11 16:18:38,488 - Code.Dynamic_War_Manager.Source.Context.Campaign_State - DEBUG - add_region_snapshot - Region snapshot added: mission=M001 region=Donbas
2026-09-11 16:18:38,488 - Code.Dynamic_War_Manager.Source.Context.Campaign_State - DEBUG - add_region_snapshot - Region snapshot added: mission=M001 region=Donbas
2026-09-11 16:18:38,488 - Code.Dynamic_War_Manager.Source.Context.Campaign_State - DEBUG - add_region_snapshot - Region snapshot added: mission=M001 region=Donbas
2026-09-11 16:18:38,488 - Code.Dynamic_War_Manager.Source.Context.Campaign_State - DEBUG - add_region_snapshot - Region snapshot added: mission=M002 region=Donbas
2026-09-11 16:18:38,488 - Code.Dynamic_War_Manager.Source.Context.Campaign_State - DEBUG - add_region_snapshot - Region snapshot added: mission=M001 region=Donbas
2026-09-11 16:18:38,488 - Code.Dynamic_War_Manager.Source.Context.Campaign_State - DEBUG - add_region_snapshot - Region snapshot added: mission=M001 region=Donbas
2026-09-11 16:18:38,489 - Code.Dynamic_War_Manager.Source.Context.Campaign_State - DEBUG - add_region_snapshot - Region snapshot added: mission=M001 region=Donbas
2026-09-11 16:18:38,489 - Code.Dynamic_War_Manager.Source.Context.Campaign_State - DEBUG - add_region_snapshot - Region snapshot added: mission=M001 region=Donbas
2026-09-11 16:18:38,489 - Code.Dynamic_War_Manager.Source.Context.Campaign_State - DEBUG - add_region_snapshot - Region snapshot added: mission=M001 region=Donbas
2026-09-11 16:18:38,489 - Code.Dynamic_War_Manager.Source.Context.Campaign_State - DEBUG - add_region_snapshot - Region snapshot added: mission=M001 region=Donbas
2026-09-11 16:18:38,489 - Code.Dynamic_War_Manager.Source.Context.Campaign_State - DEBUG - add_region_snapshot - Region snapshot added: mission=M002 region=Donbas
2026-09-11 16:18:38,489 - Code.Dynamic_War_Manager.Source.Context.Campaign_State - DEBUG - add_region_snapshot - Region snapshot added: mission=M001 region=Donbas
2026-09-11 16:18:38,489 - Code.Dynamic_War_Manager.Source.Context.Campaign_State - DEBUG - add_region_snapshot - Region snapshot added: mission=M002 region=Donbas
2026-09-11 16:18:38,490 - Code.Dynamic_War_Manager.Source.Context.Campaign_State - DEBUG - add_region_snapshot - Region snapshot added: mission=M001 region=Donbas
2026-09-11 16:18:38,490 - Code.Dynamic_War_Manager.Source.Context.Campaign_State - DEBUG - add_region_snapshot - Region snapshot added: mission=M001 region=Donbas
2026-09-11 16:18:38,490 - Code.Dynamic_War_Manager.Source.Context.Campaign_State - DEBUG - add_region_snapshot - Region snapshot added: mission=M001 region=Donbas
2026-09-11 16:18:38,490 - Code.Dynamic_War_Manager.Source.Context.Campaign_State - DEBUG - add_region_snapshot - Region snapshot added: mission=M001 region=Donbas
2026-09-11 16:18:38,490 - Code.Dynamic_War_Manager.Source.Context.Campaign_State - DEBUG - add_region_snapshot - Region snapshot added: mission=M001 region=Donbas
2026-09-11 16:18:38,490 - Code.Dynamic_War_Manager.Source.Context.Campaign_State - DEBUG - add_region_snapshot - Region snapshot added: mission=M001 region=Donbas
2026-09-11 16:18:38,491 - Code.Dynamic_War_Manager.Source.Context.Campaign_State - DEBUG - add_region_snapshot - Region snapshot added: mission=M001 region=Donbas
2026-09-11 16:18:38,491 - Code.Dynamic_War_Manager.Source.Context.Campaign_State - DEBUG - add_region_snapshot - Region snapshot added: mission=M001 region=Donbas
2026-09-11 16:18:38,491 - Code.Dynamic_War_Manager.Source.Context.Campaign_State - DEBUG - add_region_snapshot - Region snapshot added: mission=M001 region=Donbas
2026-09-11 16:18:38,491 - Code.Dynamic_War_Manager.Source.Context.Campaign_State - DEBUG - add_region_snapshot - Region snapshot added: mission=M001 region=Donbas
2026-09-11 16:18:38,491 - Code.Dynamic_War_Manager.Source.Context.Campaign_State - DEBUG - add_region_snapshot - Region snapshot added: mission=M001 region=Donbas
2026-09-11 16:18:38,492 - Code.Dynamic_War_Manager.Source.Context.Campaign_State - WARNING - restore - Region 'NonExistent' not in snapshot for mission 'M001'. Skipped.
2026-09-11 16:18:38,492 - Code.Dynamic_War_Manager.Source.Context.Campaign_State - DEBUG - add_region_snapshot - Region snapshot added: mission=M001 region=Donbas
2026-09-11 16:18:38,492 - Code.Dynamic_War_Manager.Source.Context.Campaign_State - DEBUG - add_region_snapshot - Region snapshot added: mission=M001 region=Donbas
2026-09-11 16:18:38,492 - Code.Dynamic_War_Manager.Source.Context.Campaign_State - DEBUG - add_region_snapshot - Region snapshot added: mission=M001 region=Donbas
2026-09-11 16:18:38,492 - Code.Dynamic_War_Manager.Source.Context.Campaign_State - DEBUG - add_region_snapshot - Region snapshot added: mission=M001 region=Donbas
2026-09-11 16:18:38,492 - Code.Dynamic_War_Manager.Source.Context.Campaign_State - DEBUG - add_region_snapshot - Region snapshot added: mission=M_SR region=Donbas
2026-09-11 16:18:38,492 - Code.Dynamic_War_Manager.Source.Context.Campaign_State - DEBUG - add_region_snapshot - Region snapshot added: mission=M001 region=Donbas
2026-09-11 16:18:38,493 - Code.Dynamic_War_Manager.Source.Context.Campaign_State - DEBUG - add_region_snapshot - Region snapshot added: mission=M001 region=Donbas
2026-09-11 16:18:38,493 - Code.Dynamic_War_Manager.Source.Context.Campaign_State - DEBUG - add_region_snapshot - Region snapshot added: mission=M001 region=Donbas
2026-09-11 16:18:38,493 - Code.Dynamic_War_Manager.Source.Context.Campaign_State - DEBUG - add_region_snapshot - Region snapshot added: mission=M003 region=Donbas
2026-09-11 16:18:38,493 - Code.Dynamic_War_Manager.Source.Context.Campaign_State - DEBUG - add_region_snapshot - Region snapshot added: mission=M001 region=Donbas
2026-09-11 16:18:38,493 - Code.Dynamic_War_Manager.Source.Context.Campaign_State - DEBUG - add_region_snapshot - Region snapshot added: mission=M001 region=Donbas
2026-09-11 16:18:38,493 - Code.Dynamic_War_Manager.Source.Context.Campaign_State - DEBUG - add_region_snapshot - Region snapshot added: mission=M001 region=Donbas
2026-09-11 16:18:38,493 - Code.Dynamic_War_Manager.Source.Context.Campaign_State - DEBUG - add_region_snapshot - Region snapshot added: mission=M001 region=Donbas
2026-09-11 16:18:38,494 - Code.Dynamic_War_Manager.Source.Context.Campaign_State - DEBUG - add_region_snapshot - Region snapshot added: mission=M001 region=Donbas
2026-09-11 16:18:38,494 - Code.Dynamic_War_Manager.Source.Context.Campaign_State - DEBUG - add_region_snapshot - Region snapshot added: mission=M001 region=Donbas
2026-09-11 16:18:38,494 - Code.Dynamic_War_Manager.Source.Context.Campaign_State - DEBUG - add_region_snapshot - Region snapshot added: mission=M001 region=Donbas
2026-09-11 16:18:38,494 - Code.Dynamic_War_Manager.Source.Context.Campaign_State - DEBUG - add_region_snapshot - Region snapshot added: mission=M001 region=Donbas
2026-09-11 16:18:38,494 - Code.Dynamic_War_Manager.Source.Context.Campaign_State - DEBUG - add_region_snapshot - Region snapshot added: mission=M002 region=Donbas
2026-09-11 16:18:38,494 - Code.Dynamic_War_Manager.Source.Context.Campaign_State - DEBUG - add_region_snapshot - Region snapshot added: mission=M001 region=Donbas
2026-09-11 16:18:38,494 - Code.Dynamic_War_Manager.Source.Context.Campaign_State - DEBUG - add_region_snapshot - Region snapshot added: mission=M001 region=Donbas
2026-09-11 16:18:38,495 - Code.Dynamic_War_Manager.Source.Context.Campaign_State - DEBUG - add_region_snapshot - Region snapshot added: mission=M001 region=Donbas
2026-09-11 16:18:38,495 - Code.Dynamic_War_Manager.Source.Context.Campaign_State - DEBUG - add_block_snapshot - Block snapshot added: mission=M001 region=North block=B1
2026-09-11 16:18:38,495 - Code.Dynamic_War_Manager.Source.Context.Campaign_State - DEBUG - add_block_snapshot - Block snapshot added: mission=M001 region=North block=B1
2026-09-11 16:18:38,496 - Code.Dynamic_War_Manager.Source.Context.Campaign_State - DEBUG - add_block_snapshot - Block snapshot added: mission=M001 region=North block=BLK_001
2026-09-11 16:18:38,496 - Code.Dynamic_War_Manager.Source.Context.Campaign_State - DEBUG - add_block_snapshot - Block snapshot added: mission=M001 region=South block=BLK_001
2026-09-11 16:18:38,496 - Code.Dynamic_War_Manager.Source.Context.Campaign_State - DEBUG - add_block_snapshot - Block snapshot added: mission=M001 region=North block=BLK_001
2026-09-11 16:18:38,496 - Code.Dynamic_War_Manager.Source.Context.Campaign_State - DEBUG - add_block_snapshot - Block snapshot added: mission=M001 region=North block=BLK_001
2026-09-11 16:18:38,496 - Code.Dynamic_War_Manager.Source.Context.Campaign_State - DEBUG - add_block_snapshot - Block snapshot added: mission=M001 region=North block=BLK_001
2026-09-11 16:18:38,496 - Code.Dynamic_War_Manager.Source.Context.Campaign_State - DEBUG - add_block_snapshot - Block snapshot added: mission=M001 region=North block=BLK_002
2026-09-11 16:18:38,496 - Code.Dynamic_War_Manager.Source.Context.Campaign_State - DEBUG - add_block_snapshot - Block snapshot added: mission=M001 region=North block=BLK_001
2026-09-11 16:18:38,497 - Code.Dynamic_War_Manager.Source.Context.Campaign_State - DEBUG - add_region_snapshot - Region snapshot added: mission=M001 region=Donbas
2026-09-11 16:18:38,497 - Code.Dynamic_War_Manager.Source.Context.Campaign_State - DEBUG - add_region_snapshot - Region snapshot added: mission=M001 region=Crimea
2026-09-11 16:18:38,497 - Code.Dynamic_War_Manager.Source.Context.Campaign_State - DEBUG - add_region_snapshot - Region snapshot added: mission=M001 region=Donbas
2026-09-11 16:18:38,497 - Code.Dynamic_War_Manager.Source.Context.Campaign_State - DEBUG - add_region_snapshot - Region snapshot added: mission=M001 region=Donbas
2026-09-11 16:18:38,497 - Code.Dynamic_War_Manager.Source.Context.Campaign_State - DEBUG - add_region_snapshot - Region snapshot added: mission=M001 region=Donbas
2026-09-11 17:36:45,392 - Code.Dynamic_War_Manager.Source.Context.Campaign_State - DEBUG - add_region_snapshot - Region snapshot added: mission=M001 region=Donbas
2026-09-11 17:36:45,392 - Code.Dynamic_War_Manager.Source.Context.Campaign_State - DEBUG - add_region_snapshot - Region snapshot added: mission=M001 region=Donbas
2026-09-11 17:36:45,392 - Code.Dynamic_War_Manager.Source.Context.Campaign_State - DEBUG - add_region_snapshot - Region snapshot added: mission=M002 region=Donbas
2026-09-11 17:36:45,393 - Code.Dynamic_War_Manager.Source.Context.Campaign_State - INFO - save - CampaignState saved to /tmp/tmps1hgk44b.json (2 missions).
2026-09-11 17:36:45,393 - Code.Dynamic_War_Manager.Source.Context.Campaign_State - INFO - load - CampaignState loaded from /tmp/tmps1hgk44b.json (2 missions).
2026-09-11 17:36:45,393 - Code.Dynamic_War_Manager.Source.Context.Campaign_State - DEBUG - add_region_snapshot - Region snapshot added: mission=M001 region=Donbas
2026-09-11 17:36:45,393 - Code.Dynamic_War_Manager.Source.Context.Campaign_State - INFO - save - CampaignState saved to /tmp/tmprkvyynof.json (1 missions).
2026-09-11 17:36:45,394 - Code.Dynamic_War_Manager.Source.Context.Campaign_State - DEBUG - add_region_snapshot - Region snapshot added: mission=M001 region=Donbas
2026-09-11 17:36:45,394 - Code.Dynamic_War_Manager.Source.Context.Campaign_State - DEBUG - add_region_snapshot - Region snapshot added: mission=M001 region=Donbas
2026-09-11 17:36:45,394 - Code.Dynamic_War_Manager.Source.Context.Campaign_State - INFO - save - CampaignState saved to /tmp/tmp_a_vlx6l.json (1 missions).
2026-09-11 17:36:45,394 - Code.Dynamic_War_Manager.Source.Context.Campaign_State - INFO - load - CampaignState loaded from /tmp/tmp_a_vlx6l.json (1 missions).
2026-09-11 17:36:45,394 - Code.Dynamic_War_Manager.Source.Context.Campaign_State - DEBUG - add_region_snapshot - Region snapshot added: mission=M001 region=Donbas
2026-09-11 17:36:45,395 - Code.Dynamic_War_Manager.Source.Context.Campaign_State - INFO - save - CampaignState saved to /tmp/tmp_kvq9xbl.json (1 missions).
2026-09-11 17:36:45,395 - Code.Dynamic_War_Manager.Source.Context.Campaign_State - INFO - load - CampaignState loaded from /tmp/tmp_kvq9xbl.json (1 missions).
2026-09-11 17:36:45,395 - Code.Dynamic_War_Manager.Source.Context.Campaign_State - DEBUG - add_region_snapshot - Region snapshot added: mission=M001 region=Donbas
2026-09-11 17:36:45,395 - Code.Dynamic_War_Manager.Source.Context.Campaign_State - DEBUG - add_region_snapshot - Region snapshot added: mission=M001 region=Donbas
2026-09-11 17:36:45,395 - Code.Dynamic_War_Manager.Source.Context.Campaign_State - DEBUG - add_region_snapshot - Region snapshot added: mission=M002 region=Donbas
2026-09-11 17:36:45,395 - Code.Dynamic_War_Manager.Source.Context.Campaign_State - DEBUG - add_region_snapshot - Region snapshot added: mission=M001 region=Donbas
2026-09-11 17:36:45,396 - Code.Dynamic_War_Manager.Source.Context.Campaign_State - DEBUG - add_region_snapshot - Region snapshot added: mission=M001 region=Donbas
2026-09-11 17:36:45,396 - Code.Dynamic_War_Manager.Source.Context.Campaign_State - DEBUG - add_region_snapshot - Region snapshot added: mission=M002 region=Donbas
2026-09-11 17:36:45,396 - Code.Dynamic_War_Manager.Source.Context.Campaign_State - DEBUG - add_region_snapshot - Region snapshot added: mission=M001 region=Donbas
2026-09-11 17:36:45,396 - Code.Dynamic_War_Manager.Source.Context.Campaign_State - DEBUG - add_region_snapshot - Region snapshot added: mission=M001 region=Donbas
2026-09-11 17:36:45,396 - Code.Dynamic_War_Manager.Source.Context.Campaign_State - DEBUG - add_region_snapshot - Region snapshot added: mission=M001 region=Donbas
2026-09-11 17:36:45,396 - Code.Dynamic_War_Manager.Source.Context.Campaign_State - DEBUG - add_region_snapshot - Region snapshot added: mission=M001 region=Donbas
2026-09-11 17:36:45,396 - Code.Dynamic_War_Manager.Source.Context.Campaign_State - DEBUG - add_region_snapshot - Region snapshot added: mission=M001 region=Donbas
2026-09-11 17:36:45,396 - Code.Dynamic_War_Manager.Source.Context.Campaign_State - DEBUG - add_region_snapshot - Region snapshot added: mission=M002 region=Donbas
2026-09-11 17:36:45,397 - Code.Dynamic_War_Manager.Source.Context.Campaign_State - DEBUG - add_region_snapshot - Region snapshot added: mission=M001 region=Donbas
2026-09-11 17:36:45,397 - Code.Dynamic_War_Manager.Source.Context.Campaign_State - DEBUG - add_region_snapshot - Region snapshot added: mission=M001 region=Donbas
2026-09-11 17:36:45,397 - Code.Dynamic_War_Manager.Source.Context.Campaign_State - DEBUG - add_region_snapshot - Region snapshot added: mission=M001 region=Donbas
2026-09-11 17:36:45,397 - Code.Dynamic_War_Manager.Source.Context.Campaign_State - DEBUG - add_region_snapshot - Region snapshot added: mission=M001 region=Donbas
2026-09-11 17:36:45,397 - Code.Dynamic_War_Manager.Source.Context.Campaign_State - DEBUG - add_region_snapshot - Region snapshot added: mission=M001 region=Donbas
2026-09-11 17:36:45,397 - Code.Dynamic_War_Manager.Source.Context.Campaign_State - DEBUG - add_region_snapshot - Region snapshot added: mission=M001 region=Donbas
2026-09-11 17:36:45,397 - Code.Dynamic_War_Manager.Source.Context.Campaign_State - DEBUG - add_region_snapshot - Region snapshot added: mission=M002 region=Donbas
2026-09-11 17:36:45,398 - Code.Dynamic_War_Manager.Source.Context.Campaign_State - DEBUG - add_region_snapshot - Region snapshot added: mission=M001 region=Donbas
2026-09-11 17:36:45,398 - Code.Dynamic_War_Manager.Source.Context.Campaign_State - DEBUG - add_region_snapshot - Region snapshot added: mission=M002 region=Donbas
2026-09-11 17:36:45,398 - Code.Dynamic_War_Manager.Source.Context.Campaign_State - DEBUG - add_region_snapshot - Region snapshot added: mission=M001 region=Donbas
2026-09-11 17:36:45,398 - Code.Dynamic_War_Manager.Source.Context.Campaign_State - DEBUG - add_region_snapshot - Region snapshot added: mission=M001 region=Donbas
2026-09-11 17:36:45,398 - Code.Dynamic_War_Manager.Source.Context.Campaign_State - DEBUG - add_region_snapshot - Region snapshot added: mission=M001 region=Donbas
2026-09-11 17:36:45,398 - Code.Dynamic_War_Manager.Source.Context.Campaign_State - DEBUG - add_region_snapshot - Region snapshot added: mission=M001 region=Donbas
2026-09-11 17:36:45,398 - Code.Dynamic_War_Manager.Source.Context.Campaign_State - DEBUG - add_region_snapshot - Region snapshot added: mission=M001 region=Donbas
2026-09-11 17:36:45,399 - Code.Dynamic_War_Manager.Source.Context.Campaign_State - DEBUG - add_region_snapshot - Region snapshot added: mission=M001 region=Donbas
2026-09-11 17:36:45,399 - Code.Dynamic_War_Manager.Source.Context.Campaign_State - DEBUG - add_region_snapshot - Region snapshot added: mission=M001 region=Donbas
2026-09-11 17:36:45,399 - Code.Dynamic_War_Manager.Source.Context.Campaign_State - DEBUG - add_region_snapshot - Region snapshot added: mission=M001 region=Donbas
2026-09-11 17:36:45,399 - Code.Dynamic_War_Manager.Source.Context.Campaign_State - DEBUG - add_region_snapshot - Region snapshot added: mission=M001 region=Donbas
2026-09-11 17:36:45,399 - Code.Dynamic_War_Manager.Source.Context.Campaign_State - DEBUG - add_region_snapshot - Region snapshot added: mission=M001 region=Donbas
2026-09-11 17:36:45,399 - Code.Dynamic_War_Manager.Source.Context.Campaign_State - DEBUG - add_region_snapshot - Region snapshot added: mission=M001 region=Donbas
2026-09-11 17:36:45,399 - Code.Dynamic_War_Manager.Source.Context.Campaign_State - WARNING - restore - Region 'NonExistent' not in snapshot for mission 'M001'. Skipped.
2026-09-11 17:36:45,399 - Code.Dynamic_War_Manager.Source.Context.Campaign_State - DEBUG - add_region_snapshot - Region snapshot added: mission=M001 region=Donbas
2026-09-11 17:36:45,400 - Code.Dynamic_War_Manager.Source.Context.Campaign_State - DEBUG - add_region_snapshot - Region snapshot added: mission=M001 region=Donbas
2026-09-11 17:36:45,400 - Code.Dynamic_War_Manager.Source.Context.Campaign_State - DEBUG - add_region_snapshot - Region snapshot added: mission=M001 region=Donbas
2026-09-11 17:36:45,400 - Code.Dynamic_War_Manager.Source.Context.Campaign_State - DEBUG - add_region_snapshot - Region snapshot added: mission=M001 region=Donbas
2026-09-11 17:36:45,400 - Code.Dynamic_War_Manager.Source.Context.Campaign_State - DEBUG - add_region_snapshot - Region snapshot added: mission=M_SR region=Donbas
2026-09-11 17:36:45,400 - Code.Dynamic_War_Manager.Source.Context.Campaign_State - DEBUG - add_region_snapshot - Region snapshot added: mission=M001 region=Donbas
2026-09-11 17:36:45,400 - Code.Dynamic_War_Manager.Source.Context.Campaign_State - DEBUG - add_region_snapshot - Region snapshot added: mission=M001 region=Donbas
2026-09-11 17:36:45,400 - Code.Dynamic_War_Manager.Source.Context.Campaign_State - DEBUG - add_region_snapshot - Region snapshot added: mission=M001 region=Donbas
2026-09-11 17:36:45,401 - Code.Dynamic_War_Manager.Source.Context.Campaign_State - DEBUG - add_region_snapshot - Region snapshot added: mission=M003 region=Donbas
2026-09-11 17:36:45,401 - Code.Dynamic_War_Manager.Source.Context.Campaign_State - DEBUG - add_region_snapshot - Region snapshot added: mission=M001 region=Donbas
2026-09-11 17:36:45,401 - Code.Dynamic_War_Manager.Source.Context.Campaign_State - DEBUG - add_region_snapshot - Region snapshot added: mission=M001 region=Donbas
2026-09-11 17:36:45,401 - Code.Dynamic_War_Manager.Source.Context.Campaign_State - DEBUG - add_region_snapshot - Region snapshot added: mission=M001 region=Donbas
2026-09-11 17:36:45,401 - Code.Dynamic_War_Manager.Source.Context.Campaign_State - DEBUG - add_region_snapshot - Region snapshot added: mission=M001 region=Donbas
2026-09-11 17:36:45,401 - Code.Dynamic_War_Manager.Source.Context.Campaign_State - DEBUG - add_region_snapshot - Region snapshot added: mission=M001 region=Donbas
2026-09-11 17:36:45,401 - Code.Dynamic_War_Manager.Source.Context.Campaign_State - DEBUG - add_region_snapshot - Region snapshot added: mission=M001 region=Donbas
2026-09-11 17:36:45,401 - Code.Dynamic_War_Manager.Source.Context.Campaign_State - DEBUG - add_region_snapshot - Region snapshot added: mission=M001 region=Donbas
2026-09-11 17:36:45,402 - Code.Dynamic_War_Manager.Source.Context.Campaign_State - DEBUG - add_region_snapshot - Region snapshot added: mission=M001 region=Donbas
2026-09-11 17:36:45,402 - Code.Dynamic_War_Manager.Source.Context.Campaign_State - DEBUG - add_region_snapshot - Region snapshot added: mission=M002 region=Donbas
2026-09-11 17:36:45,402 - Code.Dynamic_War_Manager.Source.Context.Campaign_State - DEBUG - add_region_snapshot - Region snapshot added: mission=M001 region=Donbas
2026-09-11 17:36:45,402 - Code.Dynamic_War_Manager.Source.Context.Campaign_State - DEBUG - add_region_snapshot - Region snapshot added: mission=M001 region=Donbas
2026-09-11 17:36:45,402 - Code.Dynamic_War_Manager.Source.Context.Campaign_State - DEBUG - add_region_snapshot - Region snapshot added: mission=M001 region=Donbas
2026-09-11 17:36:45,402 - Code.Dynamic_War_Manager.Source.Context.Campaign_State - DEBUG - add_block_snapshot - Block snapshot added: mission=M001 region=North block=B1
2026-09-11 17:36:45,402 - Code.Dynamic_War_Manager.Source.Context.Campaign_State - DEBUG - add_block_snapshot - Block snapshot added: mission=M001 region=North block=B1
2026-09-11 17:36:45,403 - Code.Dynamic_War_Manager.Source.Context.Campaign_State - DEBUG - add_block_snapshot - Block snapshot added: mission=M001 region=North block=BLK_001
2026-09-11 17:36:45,403 - Code.Dynamic_War_Manager.Source.Context.Campaign_State - DEBUG - add_block_snapshot - Block snapshot added: mission=M001 region=South block=BLK_001
2026-09-11 17:36:45,403 - Code.Dynamic_War_Manager.Source.Context.Campaign_State - DEBUG - add_block_snapshot - Block snapshot added: mission=M001 region=North block=BLK_001
2026-09-11 17:36:45,403 - Code.Dynamic_War_Manager.Source.Context.Campaign_State - DEBUG - add_block_snapshot - Block snapshot added: mission=M001 region=North block=BLK_001
2026-09-11 17:36:45,403 - Code.Dynamic_War_Manager.Source.Context.Campaign_State - DEBUG - add_block_snapshot - Block snapshot added: mission=M001 region=North block=BLK_001
2026-09-11 17:36:45,404 - Code.Dynamic_War_Manager.Source.Context.Campaign_State - DEBUG - add_block_snapshot - Block snapshot added: mission=M001 region=North block=BLK_002
2026-09-11 17:36:45,404 - Code.Dynamic_War_Manager.Source.Context.Campaign_State - DEBUG - add_block_snapshot - Block snapshot added: mission=M001 region=North block=BLK_001
2026-09-11 17:36:45,404 - Code.Dynamic_War_Manager.Source.Context.Campaign_State - DEBUG - add_region_snapshot - Region snapshot added: mission=M001 region=Donbas
2026-09-11 17:36:45,404 - Code.Dynamic_War_Manager.Source.Context.Campaign_State - DEBUG - add_region_snapshot - Region snapshot added: mission=M001 region=Crimea
2026-09-11 17:36:45,404 - Code.Dynamic_War_Manager.Source.Context.Campaign_State - DEBUG - add_region_snapshot - Region snapshot added: mission=M001 region=Donbas
2026-09-11 17:36:45,404 - Code.Dynamic_War_Manager.Source.Context.Campaign_State - DEBUG - add_region_snapshot - Region snapshot added: mission=M001 region=Donbas
2026-09-11 17:36:45,404 - Code.Dynamic_War_Manager.Source.Context.Campaign_State - DEBUG - add_region_snapshot - Region snapshot added: mission=M001 region=Donbas
2026-09-11 17:38:47,417 - Code.Dynamic_War_Manager.Source.Context.Campaign_State - DEBUG - add_region_snapshot - Region snapshot added: mission=M001 region=Donbas
2026-09-11 17:38:47,417 - Code.Dynamic_War_Manager.Source.Context.Campaign_State - DEBUG - add_region_snapshot - Region snapshot added: mission=M001 region=Donbas
2026-09-11 17:38:47,417 - Code.Dynamic_War_Manager.Source.Context.Campaign_State - DEBUG - add_region_snapshot - Region snapshot added: mission=M002 region=Donbas
2026-09-11 17:38:47,417 - Code.Dynamic_War_Manager.Source.Context.Campaign_State - INFO - save - CampaignState saved to /tmp/tmpg3ixvhfh.json (2 missions).
2026-09-11 17:38:47,418 - Code.Dynamic_War_Manager.Source.Context.Campaign_State - INFO - load - CampaignState loaded from /tmp/tmpg3ixvhfh.json (2 missions).
2026-09-11 17:38:47,418 - Code.Dynamic_War_Manager.Source.Context.Campaign_State - DEBUG - add_region_snapshot - Region snapshot added: mission=M001 region=Donbas
2026-09-11 17:38:47,418 - Code.Dynamic_War_Manager.Source.Context.Campaign_State - INFO - save - CampaignState saved to /tmp/tmpv9jnfk1y.json (1 missions).
2026-09-11 17:38:47,419 - Code.Dynamic_War_Manager.Source.Context.Campaign_State - DEBUG - add_region_snapshot - Region snapshot added: mission=M001 region=Donbas
2026-09-11 17:38:47,419 - Code.Dynamic_War_Manager.Source.Context.Campaign_State - DEBUG - add_region_snapshot - Region snapshot added: mission=M001 region=Donbas
2026-09-11 17:38:47,419 - Code.Dynamic_War_Manager.Source.Context.Campaign_State - INFO - save - CampaignState saved to /tmp/tmp978906cp.json (1 missions).
2026-09-11 17:38:47,419 - Code.Dynamic_War_Manager.Source.Context.Campaign_State - INFO - load - CampaignState loaded from /tmp/tmp978906cp.json (1 missions).
2026-09-11 17:38:47,419 - Code.Dynamic_War_Manager.Source.Context.Campaign_State - DEBUG - add_region_snapshot - Region snapshot added: mission=M001 region=Donbas
2026-09-11 17:38:47,420 - Code.Dynamic_War_Manager.Source.Context.Campaign_State - INFO - save - CampaignState saved to /tmp/tmp_eq1s3_p.json (1 missions).
2026-09-11 17:38:47,420 - Code.Dynamic_War_Manager.Source.Context.Campaign_State - INFO - load - CampaignState loaded from /tmp/tmp_eq1s3_p.json (1 missions).
2026-09-11 17:38:47,420 - Code.Dynamic_War_Manager.Source.Context.Campaign_State - DEBUG - add_region_snapshot - Region snapshot added: mission=M001 region=Donbas
2026-09-11 17:38:47,420 - Code.Dynamic_War_Manager.Source.Context.Campaign_State - DEBUG - add_region_snapshot - Region snapshot added: mission=M001 region=Donbas
2026-09-11 17:38:47,420 - Code.Dynamic_War_Manager.Source.Context.Campaign_State - DEBUG - add_region_snapshot - Region snapshot added: mission=M002 region=Donbas
2026-09-11 17:38:47,420 - Code.Dynamic_War_Manager.Source.Context.Campaign_State - DEBUG - add_region_snapshot - Region snapshot added: mission=M001 region=Donbas
2026-09-11 17:38:47,421 - Code.Dynamic_War_Manager.Source.Context.Campaign_State - DEBUG - add_region_snapshot - Region snapshot added: mission=M001 region=Donbas
2026-09-11 17:38:47,421 - Code.Dynamic_War_Manager.Source.Context.Campaign_State - DEBUG - add_region_snapshot - Region snapshot added: mission=M002 region=Donbas
2026-09-11 17:38:47,421 - Code.Dynamic_War_Manager.Source.Context.Campaign_State - DEBUG - add_region_snapshot - Region snapshot added: mission=M001 region=Donbas
2026-09-11 17:38:47,421 - Code.Dynamic_War_Manager.Source.Context.Campaign_State - DEBUG - add_region_snapshot - Region snapshot added: mission=M001 region=Donbas
2026-09-11 17:38:47,421 - Code.Dynamic_War_Manager.Source.Context.Campaign_State - DEBUG - add_region_snapshot - Region snapshot added: mission=M001 region=Donbas
2026-09-11 17:38:47,421 - Code.Dynamic_War_Manager.Source.Context.Campaign_State - DEBUG - add_region_snapshot - Region snapshot added: mission=M001 region=Donbas
2026-09-11 17:38:47,421 - Code.Dynamic_War_Manager.Source.Context.Campaign_State - DEBUG - add_region_snapshot - Region snapshot added: mission=M001 region=Donbas
2026-09-11 17:38:47,422 - Code.Dynamic_War_Manager.Source.Context.Campaign_State - DEBUG - add_region_snapshot - Region snapshot added: mission=M002 region=Donbas
2026-09-11 17:38:47,422 - Code.Dynamic_War_Manager.Source.Context.Campaign_State - DEBUG - add_region_snapshot - Region snapshot added: mission=M001 region=Donbas
2026-09-11 17:38:47,422 - Code.Dynamic_War_Manager.Source.Context.Campaign_State - DEBUG - add_region_snapshot - Region snapshot added: mission=M001 region=Donbas
2026-09-11 17:38:47,422 - Code.Dynamic_War_Manager.Source.Context.Campaign_State - DEBUG - add_region_snapshot - Region snapshot added: mission=M001 region=Donbas
2026-09-11 17:38:47,422 - Code.Dynamic_War_Manager.Source.Context.Campaign_State - DEBUG - add_region_snapshot - Region snapshot added: mission=M001 region=Donbas
2026-09-11 17:38:47,422 - Code.Dynamic_War_Manager.Source.Context.Campaign_State - DEBUG - add_region_snapshot - Region snapshot added: mission=M001 region=Donbas
2026-09-11 17:38:47,422 - Code.Dynamic_War_Manager.Source.Context.Campaign_State - DEBUG - add_region_snapshot - Region snapshot added: mission=M001 region=Donbas
2026-09-11 17:38:47,422 - Code.Dynamic_War_Manager.Source.Context.Campaign_State - DEBUG - add_region_snapshot - Region snapshot added: mission=M002 region=Donbas
2026-09-11 17:38:47,423 - Code.Dynamic_War_Manager.Source.Context.Campaign_State - DEBUG - add_region_snapshot - Region snapshot added: mission=M001 region=Donbas
2026-09-11 17:38:47,423 - Code.Dynamic_War_Manager.Source.Context.Campaign_State - DEBUG - add_region_snapshot - Region snapshot added: mission=M002 region=Donbas
2026-09-11 17:38:47,423 - Code.Dynamic_War_Manager.Source.Context.Campaign_State - DEBUG - add_region_snapshot - Region snapshot added: mission=M001 region=Donbas
2026-09-11 17:38:47,423 - Code.Dynamic_War_Manager.Source.Context.Campaign_State - DEBUG - add_region_snapshot - Region snapshot added: mission=M001 region=Donbas
2026-09-11 17:38:47,423 - Code.Dynamic_War_Manager.Source.Context.Campaign_State - DEBUG - add_region_snapshot - Region snapshot added: mission=M001 region=Donbas
2026-09-11 17:38:47,423 - Code.Dynamic_War_Manager.Source.Context.Campaign_State - DEBUG - add_region_snapshot - Region snapshot added: mission=M001 region=Donbas
2026-09-11 17:38:47,424 - Code.Dynamic_War_Manager.Source.Context.Campaign_State - DEBUG - add_region_snapshot - Region snapshot added: mission=M001 region=Donbas
2026-09-11 17:38:47,424 - Code.Dynamic_War_Manager.Source.Context.Campaign_State - DEBUG - add_region_snapshot - Region snapshot added: mission=M001 region=Donbas
2026-09-11 17:38:47,424 - Code.Dynamic_War_Manager.Source.Context.Campaign_State - DEBUG - add_region_snapshot - Region snapshot added: mission=M001 region=Donbas
2026-09-11 17:38:47,424 - Code.Dynamic_War_Manager.Source.Context.Campaign_State - DEBUG - add_region_snapshot - Region snapshot added: mission=M001 region=Donbas
2026-09-11 17:38:47,424 - Code.Dynamic_War_Manager.Source.Context.Campaign_State - DEBUG - add_region_snapshot - Region snapshot added: mission=M001 region=Donbas
2026-09-11 17:38:47,424 - Code.Dynamic_War_Manager.Source.Context.Campaign_State - DEBUG - add_region_snapshot - Region snapshot added: mission=M001 region=Donbas
2026-09-11 17:38:47,425 - Code.Dynamic_War_Manager.Source.Context.Campaign_State - DEBUG - add_region_snapshot - Region snapshot added: mission=M001 region=Donbas
2026-09-11 17:38:47,425 - Code.Dynamic_War_Manager.Source.Context.Campaign_State - WARNING - restore - Region 'NonExistent' not in snapshot for mission 'M001'. Skipped.
2026-09-11 17:38:47,425 - Code.Dynamic_War_Manager.Source.Context.Campaign_State - DEBUG - add_region_snapshot - Region snapshot added: mission=M001 region=Donbas
2026-09-11 17:38:47,425 - Code.Dynamic_War_Manager.Source.Context.Campaign_State - DEBUG - add_region_snapshot - Region snapshot added: mission=M001 region=Donbas
2026-09-11 17:38:47,425 - Code.Dynamic_War_Manager.Source.Context.Campaign_State - DEBUG - add_region_snapshot - Region snapshot added: mission=M001 region=Donbas
2026-09-11 17:38:47,425 - Code.Dynamic_War_Manager.Source.Context.Campaign_State - DEBUG - add_region_snapshot - Region snapshot added: mission=M001 region=Donbas
2026-09-11 17:38:47,425 - Code.Dynamic_War_Manager.Source.Context.Campaign_State - DEBUG - add_region_snapshot - Region snapshot added: mission=M_SR region=Donbas
2026-09-11 17:38:47,426 - Code.Dynamic_War_Manager.Source.Context.Campaign_State - DEBUG - add_region_snapshot - Region snapshot added: mission=M001 region=Donbas
2026-09-11 17:38:47,426 - Code.Dynamic_War_Manager.Source.Context.Campaign_State - DEBUG - add_region_snapshot - Region snapshot added: mission=M001 region=Donbas
2026-09-11 17:38:47,426 - Code.Dynamic_War_Manager.Source.Context.Campaign_State - DEBUG - add_region_snapshot - Region snapshot added: mission=M001 region=Donbas
2026-09-11 17:38:47,426 - Code.Dynamic_War_Manager.Source.Context.Campaign_State - DEBUG - add_region_snapshot - Region snapshot added: mission=M003 region=Donbas
2026-09-11 17:38:47,426 - Code.Dynamic_War_Manager.Source.Context.Campaign_State - DEBUG - add_region_snapshot - Region snapshot added: mission=M001 region=Donbas
2026-09-11 17:38:47,426 - Code.Dynamic_War_Manager.Source.Context.Campaign_State - DEBUG - add_region_snapshot - Region snapshot added: mission=M001 region=Donbas
2026-09-11 17:38:47,426 - Code.Dynamic_War_Manager.Source.Context.Campaign_State - DEBUG - add_region_snapshot - Region snapshot added: mission=M001 region=Donbas
2026-09-11 17:38:47,427 - Code.Dynamic_War_Manager.Source.Context.Campaign_State - DEBUG - add_region_snapshot - Region snapshot added: mission=M001 region=Donbas
2026-09-11 17:38:47,427 - Code.Dynamic_War_Manager.Source.Context.Campaign_State - DEBUG - add_region_snapshot - Region snapshot added: mission=M001 region=Donbas
2026-09-11 17:38:47,427 - Code.Dynamic_War_Manager.Source.Context.Campaign_State - DEBUG - add_region_snapshot - Region snapshot added: mission=M001 region=Donbas
2026-09-11 17:38:47,427 - Code.Dynamic_War_Manager.Source.Context.Campaign_State - DEBUG - add_region_snapshot - Region snapshot added: mission=M001 region=Donbas
2026-09-11 17:38:47,427 - Code.Dynamic_War_Manager.Source.Context.Campaign_State - DEBUG - add_region_snapshot - Region snapshot added: mission=M001 region=Donbas
2026-09-11 17:38:47,427 - Code.Dynamic_War_Manager.Source.Context.Campaign_State - DEBUG - add_region_snapshot - Region snapshot added: mission=M002 region=Donbas
2026-09-11 17:38:47,427 - Code.Dynamic_War_Manager.Source.Context.Campaign_State - DEBUG - add_region_snapshot - Region snapshot added: mission=M001 region=Donbas
2026-09-11 17:38:47,427 - Code.Dynamic_War_Manager.Source.Context.Campaign_State - DEBUG - add_region_snapshot - Region snapshot added: mission=M001 region=Donbas
2026-09-11 17:38:47,428 - Code.Dynamic_War_Manager.Source.Context.Campaign_State - DEBUG - add_region_snapshot - Region snapshot added: mission=M001 region=Donbas
2026-09-11 17:38:47,428 - Code.Dynamic_War_Manager.Source.Context.Campaign_State - DEBUG - add_block_snapshot - Block snapshot added: mission=M001 region=North block=B1
2026-09-11 17:38:47,428 - Code.Dynamic_War_Manager.Source.Context.Campaign_State - DEBUG - add_block_snapshot - Block snapshot added: mission=M001 region=North block=B1
2026-09-11 17:38:47,429 - Code.Dynamic_War_Manager.Source.Context.Campaign_State - DEBUG - add_block_snapshot - Block snapshot added: mission=M001 region=North block=BLK_001
2026-09-11 17:38:47,429 - Code.Dynamic_War_Manager.Source.Context.Campaign_State - DEBUG - add_block_snapshot - Block snapshot added: mission=M001 region=South block=BLK_001
2026-09-11 17:38:47,429 - Code.Dynamic_War_Manager.Source.Context.Campaign_State - DEBUG - add_block_snapshot - Block snapshot added: mission=M001 region=North block=BLK_001
2026-09-11 17:38:47,429 - Code.Dynamic_War_Manager.Source.Context.Campaign_State - DEBUG - add_block_snapshot - Block snapshot added: mission=M001 region=North block=BLK_001
2026-09-11 17:38:47,429 - Code.Dynamic_War_Manager.Source.Context.Campaign_State - DEBUG - add_block_snapshot - Block snapshot added: mission=M001 region=North block=BLK_001
2026-09-11 17:38:47,429 - Code.Dynamic_War_Manager.Source.Context.Campaign_State - DEBUG - add_block_snapshot - Block snapshot added: mission=M001 region=North block=BLK_002
2026-09-11 17:38:47,429 - Code.Dynamic_War_Manager.Source.Context.Campaign_State - DEBUG - add_block_snapshot - Block snapshot added: mission=M001 region=North block=BLK_001
2026-09-11 17:38:47,429 - Code.Dynamic_War_Manager.Source.Context.Campaign_State - DEBUG - add_region_snapshot - Region snapshot added: mission=M001 region=Donbas
2026-09-11 17:38:47,429 - Code.Dynamic_War_Manager.Source.Context.Campaign_State - DEBUG - add_region_snapshot - Region snapshot added: mission=M001 region=Crimea
2026-09-11 17:38:47,430 - Code.Dynamic_War_Manager.Source.Context.Campaign_State - DEBUG - add_region_snapshot - Region snapshot added: mission=M001 region=Donbas
2026-09-11 17:38:47,430 - Code.Dynamic_War_Manager.Source.Context.Campaign_State - DEBUG - add_region_snapshot - Region snapshot added: mission=M001 region=Donbas
2026-09-11 17:38:47,430 - Code.Dynamic_War_Manager.Source.Context.Campaign_State - DEBUG - add_region_snapshot - Region snapshot added: mission=M001 region=Donbas
2026-09-11 18:32:32,254 - Code.Dynamic_War_Manager.Source.Context.Campaign_State - DEBUG - add_region_snapshot - Region snapshot added: mission=M001 region=Donbas
2026-09-11 18:32:32,255 - Code.Dynamic_War_Manager.Source.Context.Campaign_State - DEBUG - add_region_snapshot - Region snapshot added: mission=M001 region=Donbas
2026-09-11 18:32:32,255 - Code.Dynamic_War_Manager.Source.Context.Campaign_State - DEBUG - add_region_snapshot - Region snapshot added: mission=M002 region=Donbas
2026-09-11 18:32:32,255 - Code.Dynamic_War_Manager.Source.Context.Campaign_State - INFO - save - CampaignState saved to /tmp/tmpmbnsiewp.json (2 missions).
2026-09-11 18:32:32,255 - Code.Dynamic_War_Manager.Source.Context.Campaign_State - INFO - load - CampaignState loaded from /tmp/tmpmbnsiewp.json (2 missions).
2026-09-11 18:32:32,256 - Code.Dynamic_War_Manager.Source.Context.Campaign_State - DEBUG - add_region_snapshot - Region snapshot added: mission=M001 region=Donbas
2026-09-11 18:32:32,256 - Code.Dynamic_War_Manager.Source.Context.Campaign_State - INFO - save - CampaignState saved to /tmp/tmpw9aa38vh.json (1 missions).
2026-09-11 18:32:32,256 - Code.Dynamic_War_Manager.Source.Context.Campaign_State - DEBUG - add_region_snapshot - Region snapshot added: mission=M001 region=Donbas
2026-09-11 18:32:32,256 - Code.Dynamic_War_Manager.Source.Context.Campaign_State - DEBUG - add_region_snapshot - Region snapshot added: mission=M001 region=Donbas
2026-09-11 18:32:32,257 - Code.Dynamic_War_Manager.Source.Context.Campaign_State - INFO - save - CampaignState saved to /tmp/tmpz9s9idn8.json (1 missions).
2026-09-11 18:32:32,257 - Code.Dynamic_War_Manager.Source.Context.Campaign_State - INFO - load - CampaignState loaded from /tmp/tmpz9s9idn8.json (1 missions).
2026-09-11 18:32:32,257 - Code.Dynamic_War_Manager.Source.Context.Campaign_State - DEBUG - add_region_snapshot - Region snapshot added: mission=M001 region=Donbas
2026-09-11 18:32:32,257 - Code.Dynamic_War_Manager.Source.Context.Campaign_State - INFO - save - CampaignState saved to /tmp/tmpqqx6yw0z.json (1 missions).
2026-09-11 18:32:32,257 - Code.Dynamic_War_Manager.Source.Context.Campaign_State - INFO - load - CampaignState loaded from /tmp/tmpqqx6yw0z.json (1 missions).
2026-09-11 18:32:32,257 - Code.Dynamic_War_Manager.Source.Context.Campaign_State - DEBUG - add_region_snapshot - Region snapshot added: mission=M001 region=Donbas
2026-09-11 18:32:32,257 - Code.Dynamic_War_Manager.Source.Context.Campaign_State - DEBUG - add_region_snapshot - Region snapshot added: mission=M001 region=Donbas
2026-09-11 18:32:32,257 - Code.Dynamic_War_Manager.Source.Context.Campaign_State - DEBUG - add_region_snapshot - Region snapshot added: mission=M002 region=Donbas
2026-09-11 18:32:32,258 - Code.Dynamic_War_Manager.Source.Context.Campaign_State - DEBUG - add_region_snapshot - Region snapshot added: mission=M001 region=Donbas
2026-09-11 18:32:32,258 - Code.Dynamic_War_Manager.Source.Context.Campaign_State - DEBUG - add_region_snapshot - Region snapshot added: mission=M001 region=Donbas
2026-09-11 18:32:32,258 - Code.Dynamic_War_Manager.Source.Context.Campaign_State - DEBUG - add_region_snapshot - Region snapshot added: mission=M002 region=Donbas
2026-09-11 18:32:32,258 - Code.Dynamic_War_Manager.Source.Context.Campaign_State - DEBUG - add_region_snapshot - Region snapshot added: mission=M001 region=Donbas
2026-09-11 18:32:32,258 - Code.Dynamic_War_Manager.Source.Context.Campaign_State - DEBUG - add_region_snapshot - Region snapshot added: mission=M001 region=Donbas
2026-09-11 18:32:32,258 - Code.Dynamic_War_Manager.Source.Context.Campaign_State - DEBUG - add_region_snapshot - Region snapshot added: mission=M001 region=Donbas
2026-09-11 18:32:32,258 - Code.Dynamic_War_Manager.Source.Context.Campaign_State - DEBUG - add_region_snapshot - Region snapshot added: mission=M001 region=Donbas
2026-09-11 18:32:32,258 - Code.Dynamic_War_Manager.Source.Context.Campaign_State - DEBUG - add_region_snapshot - Region snapshot added: mission=M001 region=Donbas
2026-09-11 18:32:32,258 - Code.Dynamic_War_Manager.Source.Context.Campaign_State - DEBUG - add_region_snapshot - Region snapshot added: mission=M002 region=Donbas
2026-09-11 18:32:32,258 - Code.Dynamic_War_Manager.Source.Context.Campaign_State - DEBUG - add_region_snapshot - Region snapshot added: mission=M001 region=Donbas
2026-09-11 18:32:32,258 - Code.Dynamic_War_Manager.Source.Context.Campaign_State - DEBUG - add_region_snapshot - Region snapshot added: mission=M001 region=Donbas
2026-09-11 18:32:32,258 - Code.Dynamic_War_Manager.Source.Context.Campaign_State - DEBUG - add_region_snapshot - Region snapshot added: mission=M001 region=Donbas
2026-09-11 18:32:32,258 - Code.Dynamic_War_Manager.Source.Context.Campaign_State - DEBUG - add_region_snapshot - Region snapshot added: mission=M001 region=Donbas
2026-09-11 18:32:32,258 - Code.Dynamic_War_Manager.Source.Context.Campaign_State - DEBUG - add_region_snapshot - Region snapshot added: mission=M001 region=Donbas
2026-09-11 18:32:32,258 - Code.Dynamic_War_Manager.Source.Context.Campaign_State - DEBUG - add_region_snapshot - Region snapshot added: mission=M001 region=Donbas
2026-09-11 18:32:32,258 - Code.Dynamic_War_Manager.Source.Context.Campaign_State - DEBUG - add_region_snapshot - Region snapshot added: mission=M002 region=Donbas
2026-09-11 18:32:32,258 - Code.Dynamic_War_Manager.Source.Context.Campaign_State - DEBUG - add_region_snapshot - Region snapshot added: mission=M001 region=Donbas
2026-09-11 18:32:32,258 - Code.Dynamic_War_Manager.Source.Context.Campaign_State - DEBUG - add_region_snapshot - Region snapshot added: mission=M002 region=Donbas
2026-09-11 18:32:32,259 - Code.Dynamic_War_Manager.Source.Context.Campaign_State - DEBUG - add_region_snapshot - Region snapshot added: mission=M001 region=Donbas
2026-09-11 18:32:32,259 - Code.Dynamic_War_Manager.Source.Context.Campaign_State - DEBUG - add_region_snapshot - Region snapshot added: mission=M001 region=Donbas
2026-09-11 18:32:32,259 - Code.Dynamic_War_Manager.Source.Context.Campaign_State - DEBUG - add_region_snapshot - Region snapshot added: mission=M001 region=Donbas
2026-09-11 18:32:32,259 - Code.Dynamic_War_Manager.Source.Context.Campaign_State - DEBUG - add_region_snapshot - Region snapshot added: mission=M001 region=Donbas
2026-09-11 18:32:32,259 - Code.Dynamic_War_Manager.Source.Context.Campaign_State - DEBUG - add_region_snapshot - Region snapshot added: mission=M001 region=Donbas
2026-09-11 18:32:32,259 - Code.Dynamic_War_Manager.Source.Context.Campaign_State - DEBUG - add_region_snapshot - Region snapshot added: mission=M001 region=Donbas
2026-09-11 18:32:32,259 - Code.Dynamic_War_Manager.Source.Context.Campaign_State - DEBUG - add_region_snapshot - Region snapshot added: mission=M001 region=Donbas
2026-09-11 18:32:32,260 - Code.Dynamic_War_Manager.Source.Context.Campaign_State - DEBUG - add_region_snapshot - Region snapshot added: mission=M001 region=Donbas
2026-09-11 18:32:32,260 - Code.Dynamic_War_Manager.Source.Context.Campaign_State - DEBUG - add_region_snapshot - Region snapshot added: mission=M001 region=Donbas
2026-09-11 18:32:32,260 - Code.Dynamic_War_Manager.Source.Context.Campaign_State - DEBUG - add_region_snapshot - Region snapshot added: mission=M001 region=Donbas
2026-09-11 18:32:32,260 - Code.Dynamic_War_Manager.Source.Context.Campaign_State - DEBUG - add_region_snapshot - Region snapshot added: mission=M001 region=Donbas
2026-09-11 18:32:32,260 - Code.Dynamic_War_Manager.Source.Context.Campaign_State - WARNING - restore - Region 'NonExistent' not in snapshot for mission 'M001'. Skipped.
2026-09-11 18:32:32,260 - Code.Dynamic_War_Manager.Source.Context.Campaign_State - DEBUG - add_region_snapshot - Region snapshot added: mission=M001 region=Donbas
2026-09-11 18:32:32,260 - Code.Dynamic_War_Manager.Source.Context.Campaign_State - DEBUG - add_region_snapshot - Region snapshot added: mission=M001 region=Donbas
2026-09-11 18:32:32,260 - Code.Dynamic_War_Manager.Source.Context.Campaign_State - DEBUG - add_region_snapshot - Region snapshot added: mission=M001 region=Donbas
2026-09-11 18:32:32,261 - Code.Dynamic_War_Manager.Source.Context.Campaign_State - DEBUG - add_region_snapshot - Region snapshot added: mission=M001 region=Donbas
2026-09-11 18:32:32,261 - Code.Dynamic_War_Manager.Source.Context.Campaign_State - DEBUG - add_region_snapshot - Region snapshot added: mission=M_SR region=Donbas
2026-09-11 18:32:32,261 - Code.Dynamic_War_Manager.Source.Context.Campaign_State - DEBUG - add_region_snapshot - Region snapshot added: mission=M001 region=Donbas
2026-09-11 18:32:32,261 - Code.Dynamic_War_Manager.Source.Context.Campaign_State - DEBUG - add_region_snapshot - Region snapshot added: mission=M001 region=Donbas
2026-09-11 18:32:32,261 - Code.Dynamic_War_Manager.Source.Context.Campaign_State - DEBUG - add_region_snapshot - Region snapshot added: mission=M001 region=Donbas
2026-09-11 18:32:32,261 - Code.Dynamic_War_Manager.Source.Context.Campaign_State - DEBUG - add_region_snapshot - Region snapshot added: mission=M003 region=Donbas
2026-09-11 18:32:32,261 - Code.Dynamic_War_Manager.Source.Context.Campaign_State - DEBUG - add_region_snapshot - Region snapshot added: mission=M001 region=Donbas
2026-09-11 18:32:32,262 - Code.Dynamic_War_Manager.Source.Context.Campaign_State - DEBUG - add_region_snapshot - Region snapshot added: mission=M001 region=Donbas
2026-09-11 18:32:32,262 - Code.Dynamic_War_Manager.Source.Context.Campaign_State - DEBUG - add_region_snapshot - Region snapshot added: mission=M001 region=Donbas
2026-09-11 18:32:32,262 - Code.Dynamic_War_Manager.Source.Context.Campaign_State - DEBUG - add_region_snapshot - Region snapshot added: mission=M001 region=Donbas
2026-09-11 18:32:32,262 - Code.Dynamic_War_Manager.Source.Context.Campaign_State - DEBUG - add_region_snapshot - Region snapshot added: mission=M001 region=Donbas
2026-09-11 18:32:32,262 - Code.Dynamic_War_Manager.Source.Context.Campaign_State - DEBUG - add_region_snapshot - Region snapshot added: mission=M001 region=Donbas
2026-09-11 18:32:32,262 - Code.Dynamic_War_Manager.Source.Context.Campaign_State - DEBUG - add_region_snapshot - Region snapshot added: mission=M001 region=Donbas
2026-09-11 18:32:32,262 - Code.Dynamic_War_Manager.Source.Context.Campaign_State - DEBUG - add_region_snapshot - Region snapshot added: mission=M001 region=Donbas
2026-09-11 18:32:32,262 - Code.Dynamic_War_Manager.Source.Context.Campaign_State - DEBUG - add_region_snapshot - Region snapshot added: mission=M002 region=Donbas
2026-09-11 18:32:32,263 - Code.Dynamic_War_Manager.Source.Context.Campaign_State - DEBUG - add_region_snapshot - Region snapshot added: mission=M001 region=Donbas
2026-09-11 18:32:32,263 - Code.Dynamic_War_Manager.Source.Context.Campaign_State - DEBUG - add_region_snapshot - Region snapshot added: mission=M001 region=Donbas
2026-09-11 18:32:32,263 - Code.Dynamic_War_Manager.Source.Context.Campaign_State - DEBUG - add_region_snapshot - Region snapshot added: mission=M001 region=Donbas
2026-09-11 18:32:32,263 - Code.Dynamic_War_Manager.Source.Context.Campaign_State - DEBUG - add_block_snapshot - Block snapshot added: mission=M001 region=North block=B1
2026-09-11 18:32:32,263 - Code.Dynamic_War_Manager.Source.Context.Campaign_State - DEBUG - add_block_snapshot - Block snapshot added: mission=M001 region=North block=B1
2026-09-11 18:32:32,264 - Code.Dynamic_War_Manager.Source.Context.Campaign_State - DEBUG - add_block_snapshot - Block snapshot added: mission=M001 region=North block=BLK_001
2026-09-11 18:32:32,264 - Code.Dynamic_War_Manager.Source.Context.Campaign_State - DEBUG - add_block_snapshot - Block snapshot added: mission=M001 region=South block=BLK_001
2026-09-11 18:32:32,264 - Code.Dynamic_War_Manager.Source.Context.Campaign_State - DEBUG - add_block_snapshot - Block snapshot added: mission=M001 region=North block=BLK_001
2026-09-11 18:32:32,264 - Code.Dynamic_War_Manager.Source.Context.Campaign_State - DEBUG - add_block_snapshot - Block snapshot added: mission=M001 region=North block=BLK_001
2026-09-11 18:32:32,264 - Code.Dynamic_War_Manager.Source.Context.Campaign_State - DEBUG - add_block_snapshot - Block snapshot added: mission=M001 region=North block=BLK_001
2026-09-11 18:32:32,264 - Code.Dynamic_War_Manager.Source.Context.Campaign_State - DEBUG - add_block_snapshot - Block snapshot added: mission=M001 region=North block=BLK_002
2026-09-11 18:32:32,264 - Code.Dynamic_War_Manager.Source.Context.Campaign_State - DEBUG - add_block_snapshot - Block snapshot added: mission=M001 region=North block=BLK_001
2026-09-11 18:32:32,264 - Code.Dynamic_War_Manager.Source.Context.Campaign_State - DEBUG - add_region_snapshot - Region snapshot added: mission=M001 region=Donbas
2026-09-11 18:32:32,264 - Code.Dynamic_War_Manager.Source.Context.Campaign_State - DEBUG - add_region_snapshot - Region snapshot added: mission=M001 region=Crimea
2026-09-11 18:32:32,265 - Code.Dynamic_War_Manager.Source.Context.Campaign_State - DEBUG - add_region_snapshot - Region snapshot added: mission=M001 region=Donbas
2026-09-11 18:32:32,265 - Code.Dynamic_War_Manager.Source.Context.Campaign_State - DEBUG - add_region_snapshot - Region snapshot added: mission=M001 region=Donbas
2026-09-11 18:32:32,265 - Code.Dynamic_War_Manager.Source.Context.Campaign_State - DEBUG - add_region_snapshot - Region snapshot added: mission=M001 region=Donbas
2026-09-11 18:40:47,359 - Code.Dynamic_War_Manager.Source.Context.Campaign_State - DEBUG - add_region_snapshot - Region snapshot added: mission=M001 region=Donbas
2026-09-11 18:40:47,359 - Code.Dynamic_War_Manager.Source.Context.Campaign_State - DEBUG - add_region_snapshot - Region snapshot added: mission=M001 region=Donbas
2026-09-11 18:40:47,359 - Code.Dynamic_War_Manager.Source.Context.Campaign_State - DEBUG - add_region_snapshot - Region snapshot added: mission=M002 region=Donbas
2026-09-11 18:40:47,360 - Code.Dynamic_War_Manager.Source.Context.Campaign_State - INFO - save - CampaignState saved to /tmp/tmpsspwjl7g.json (2 missions).
2026-09-11 18:40:47,360 - Code.Dynamic_War_Manager.Source.Context.Campaign_State - INFO - load - CampaignState loaded from /tmp/tmpsspwjl7g.json (2 missions).
2026-09-11 18:40:47,360 - Code.Dynamic_War_Manager.Source.Context.Campaign_State - DEBUG - add_region_snapshot - Region snapshot added: mission=M001 region=Donbas
2026-09-11 18:40:47,361 - Code.Dynamic_War_Manager.Source.Context.Campaign_State - INFO - save - CampaignState saved to /tmp/tmpu5iqsbze.json (1 missions).
2026-09-11 18:40:47,361 - Code.Dynamic_War_Manager.Source.Context.Campaign_State - DEBUG - add_region_snapshot - Region snapshot added: mission=M001 region=Donbas
2026-09-11 18:40:47,361 - Code.Dynamic_War_Manager.Source.Context.Campaign_State - DEBUG - add_region_snapshot - Region snapshot added: mission=M001 region=Donbas
2026-09-11 18:40:47,361 - Code.Dynamic_War_Manager.Source.Context.Campaign_State - INFO - save - CampaignState saved to /tmp/tmpc6rkjrax.json (1 missions).
2026-09-11 18:40:47,361 - Code.Dynamic_War_Manager.Source.Context.Campaign_State - INFO - load - CampaignState loaded from /tmp/tmpc6rkjrax.json (1 missions).
2026-09-11 18:40:47,361 - Code.Dynamic_War_Manager.Source.Context.Campaign_State - DEBUG - add_region_snapshot - Region snapshot added: mission=M001 region=Donbas
2026-09-11 18:40:47,362 - Code.Dynamic_War_Manager.Source.Context.Campaign_State - INFO - save - CampaignState saved to /tmp/tmpwktefvmy.json (1 missions).
2026-09-11 18:40:47,362 - Code.Dynamic_War_Manager.Source.Context.Campaign_State - INFO - load - CampaignState loaded from /tmp/tmpwktefvmy.json (1 missions).
2026-09-11 18:40:47,362 - Code.Dynamic_War_Manager.Source.Context.Campaign_State - DEBUG - add_region_snapshot - Region snapshot added: mission=M001 region=Donbas
2026-09-11 18:40:47,362 - Code.Dynamic_War_Manager.Source.Context.Campaign_State - DEBUG - add_region_snapshot - Region snapshot added: mission=M001 region=Donbas
2026-09-11 18:40:47,362 - Code.Dynamic_War_Manager.Source.Context.Campaign_State - DEBUG - add_region_snapshot - Region snapshot added: mission=M002 region=Donbas
2026-09-11 18:40:47,362 - Code.Dynamic_War_Manager.Source.Context.Campaign_State - DEBUG - add_region_snapshot - Region snapshot added: mission=M001 region=Donbas
2026-09-11 18:40:47,363 - Code.Dynamic_War_Manager.Source.Context.Campaign_State - DEBUG - add_region_snapshot - Region snapshot added: mission=M001 region=Donbas
2026-09-11 18:40:47,363 - Code.Dynamic_War_Manager.Source.Context.Campaign_State - DEBUG - add_region_snapshot - Region snapshot added: mission=M002 region=Donbas
2026-09-11 18:40:47,363 - Code.Dynamic_War_Manager.Source.Context.Campaign_State - DEBUG - add_region_snapshot - Region snapshot added: mission=M001 region=Donbas
2026-09-11 18:40:47,363 - Code.Dynamic_War_Manager.Source.Context.Campaign_State - DEBUG - add_region_snapshot - Region snapshot added: mission=M001 region=Donbas
2026-09-11 18:40:47,363 - Code.Dynamic_War_Manager.Source.Context.Campaign_State - DEBUG - add_region_snapshot - Region snapshot added: mission=M001 region=Donbas
2026-09-11 18:40:47,363 - Code.Dynamic_War_Manager.Source.Context.Campaign_State - DEBUG - add_region_snapshot - Region snapshot added: mission=M001 region=Donbas
2026-09-11 18:40:47,363 - Code.Dynamic_War_Manager.Source.Context.Campaign_State - DEBUG - add_region_snapshot - Region snapshot added: mission=M001 region=Donbas
2026-09-11 18:40:47,364 - Code.Dynamic_War_Manager.Source.Context.Campaign_State - DEBUG - add_region_snapshot - Region snapshot added: mission=M002 region=Donbas
2026-09-11 18:40:47,364 - Code.Dynamic_War_Manager.Source.Context.Campaign_State - DEBUG - add_region_snapshot - Region snapshot added: mission=M001 region=Donbas
2026-09-11 18:40:47,364 - Code.Dynamic_War_Manager.Source.Context.Campaign_State - DEBUG - add_region_snapshot - Region snapshot added: mission=M001 region=Donbas
2026-09-11 18:40:47,364 - Code.Dynamic_War_Manager.Source.Context.Campaign_State - DEBUG - add_region_snapshot - Region snapshot added: mission=M001 region=Donbas
2026-09-11 18:40:47,364 - Code.Dynamic_War_Manager.Source.Context.Campaign_State - DEBUG - add_region_snapshot - Region snapshot added: mission=M001 region=Donbas
2026-09-11 18:40:47,364 - Code.Dynamic_War_Manager.Source.Context.Campaign_State - DEBUG - add_region_snapshot - Region snapshot added: mission=M001 region=Donbas
2026-09-11 18:40:47,364 - Code.Dynamic_War_Manager.Source.Context.Campaign_State - DEBUG - add_region_snapshot - Region snapshot added: mission=M001 region=Donbas
2026-09-11 18:40:47,364 - Code.Dynamic_War_Manager.Source.Context.Campaign_State - DEBUG - add_region_snapshot - Region snapshot added: mission=M002 region=Donbas
2026-09-11 18:40:47,365 - Code.Dynamic_War_Manager.Source.Context.Campaign_State - DEBUG - add_region_snapshot - Region snapshot added: mission=M001 region=Donbas
2026-09-11 18:40:47,365 - Code.Dynamic_War_Manager.Source.Context.Campaign_State - DEBUG - add_region_snapshot - Region snapshot added: mission=M002 region=Donbas
2026-09-11 18:40:47,365 - Code.Dynamic_War_Manager.Source.Context.Campaign_State - DEBUG - add_region_snapshot - Region snapshot added: mission=M001 region=Donbas
2026-09-11 18:40:47,365 - Code.Dynamic_War_Manager.Source.Context.Campaign_State - DEBUG - add_region_snapshot - Region snapshot added: mission=M001 region=Donbas
2026-09-11 18:40:47,365 - Code.Dynamic_War_Manager.Source.Context.Campaign_State - DEBUG - add_region_snapshot - Region snapshot added: mission=M001 region=Donbas
2026-09-11 18:40:47,365 - Code.Dynamic_War_Manager.Source.Context.Campaign_State - DEBUG - add_region_snapshot - Region snapshot added: mission=M001 region=Donbas
2026-09-11 18:40:47,366 - Code.Dynamic_War_Manager.Source.Context.Campaign_State - DEBUG - add_region_snapshot - Region snapshot added: mission=M001 region=Donbas
2026-09-11 18:40:47,366 - Code.Dynamic_War_Manager.Source.Context.Campaign_State - DEBUG - add_region_snapshot - Region snapshot added: mission=M001 region=Donbas
2026-09-11 18:40:47,366 - Code.Dynamic_War_Manager.Source.Context.Campaign_State - DEBUG - add_region_snapshot - Region snapshot added: mission=M001 region=Donbas
2026-09-11 18:40:47,366 - Code.Dynamic_War_Manager.Source.Context.Campaign_State - DEBUG - add_region_snapshot - Region snapshot added: mission=M001 region=Donbas
2026-09-11 18:40:47,366 - Code.Dynamic_War_Manager.Source.Context.Campaign_State - DEBUG - add_region_snapshot - Region snapshot added: mission=M001 region=Donbas
2026-09-11 18:40:47,366 - Code.Dynamic_War_Manager.Source.Context.Campaign_State - DEBUG - add_region_snapshot - Region snapshot added: mission=M001 region=Donbas
2026-09-11 18:40:47,366 - Code.Dynamic_War_Manager.Source.Context.Campaign_State - DEBUG - add_region_snapshot - Region snapshot added: mission=M001 region=Donbas
2026-09-11 18:40:47,367 - Code.Dynamic_War_Manager.Source.Context.Campaign_State - WARNING - restore - Region 'NonExistent' not in snapshot for mission 'M001'. Skipped.
2026-09-11 18:40:47,367 - Code.Dynamic_War_Manager.Source.Context.Campaign_State - DEBUG - add_region_snapshot - Region snapshot added: mission=M001 region=Donbas
2026-09-11 18:40:47,367 - Code.Dynamic_War_Manager.Source.Context.Campaign_State - DEBUG - add_region_snapshot - Region snapshot added: mission=M001 region=Donbas
2026-09-11 18:40:47,367 - Code.Dynamic_War_Manager.Source.Context.Campaign_State - DEBUG - add_region_snapshot - Region snapshot added: mission=M001 region=Donbas
2026-09-11 18:40:47,367 - Code.Dynamic_War_Manager.Source.Context.Campaign_State - DEBUG - add_region_snapshot - Region snapshot added: mission=M001 region=Donbas
2026-09-11 18:40:47,367 - Code.Dynamic_War_Manager.Source.Context.Campaign_State - DEBUG - add_region_snapshot - Region snapshot added: mission=M_SR region=Donbas
2026-09-11 18:40:47,367 - Code.Dynamic_War_Manager.Source.Context.Campaign_State - DEBUG - add_region_snapshot - Region snapshot added: mission=M001 region=Donbas
2026-09-11 18:40:47,368 - Code.Dynamic_War_Manager.Source.Context.Campaign_State - DEBUG - add_region_snapshot - Region snapshot added: mission=M001 region=Donbas
2026-09-11 18:40:47,368 - Code.Dynamic_War_Manager.Source.Context.Campaign_State - DEBUG - add_region_snapshot - Region snapshot added: mission=M001 region=Donbas
2026-09-11 18:40:47,368 - Code.Dynamic_War_Manager.Source.Context.Campaign_State - DEBUG - add_region_snapshot - Region snapshot added: mission=M003 region=Donbas
2026-09-11 18:40:47,368 - Code.Dynamic_War_Manager.Source.Context.Campaign_State - DEBUG - add_region_snapshot - Region snapshot added: mission=M001 region=Donbas
2026-09-11 18:40:47,368 - Code.Dynamic_War_Manager.Source.Context.Campaign_State - DEBUG - add_region_snapshot - Region snapshot added: mission=M001 region=Donbas
2026-09-11 18:40:47,368 - Code.Dynamic_War_Manager.Source.Context.Campaign_State - DEBUG - add_region_snapshot - Region snapshot added: mission=M001 region=Donbas
2026-09-11 18:40:47,368 - Code.Dynamic_War_Manager.Source.Context.Campaign_State - DEBUG - add_region_snapshot - Region snapshot added: mission=M001 region=Donbas
2026-09-11 18:40:47,369 - Code.Dynamic_War_Manager.Source.Context.Campaign_State - DEBUG - add_region_snapshot - Region snapshot added: mission=M001 region=Donbas
2026-09-11 18:40:47,369 - Code.Dynamic_War_Manager.Source.Context.Campaign_State - DEBUG - add_region_snapshot - Region snapshot added: mission=M001 region=Donbas
2026-09-11 18:40:47,369 - Code.Dynamic_War_Manager.Source.Context.Campaign_State - DEBUG - add_region_snapshot - Region snapshot added: mission=M001 region=Donbas
2026-09-11 18:40:47,369 - Code.Dynamic_War_Manager.Source.Context.Campaign_State - DEBUG - add_region_snapshot - Region snapshot added: mission=M001 region=Donbas
2026-09-11 18:40:47,369 - Code.Dynamic_War_Manager.Source.Context.Campaign_State - DEBUG - add_region_snapshot - Region snapshot added: mission=M002 region=Donbas
2026-09-11 18:40:47,369 - Code.Dynamic_War_Manager.Source.Context.Campaign_State - DEBUG - add_region_snapshot - Region snapshot added: mission=M001 region=Donbas
2026-09-11 18:40:47,369 - Code.Dynamic_War_Manager.Source.Context.Campaign_State - DEBUG - add_region_snapshot - Region snapshot added: mission=M001 region=Donbas
2026-09-11 18:40:47,369 - Code.Dynamic_War_Manager.Source.Context.Campaign_State - DEBUG - add_region_snapshot - Region snapshot added: mission=M001 region=Donbas
2026-09-11 18:40:47,370 - Code.Dynamic_War_Manager.Source.Context.Campaign_State - DEBUG - add_block_snapshot - Block snapshot added: mission=M001 region=North block=B1
2026-09-11 18:40:47,370 - Code.Dynamic_War_Manager.Source.Context.Campaign_State - DEBUG - add_block_snapshot - Block snapshot added: mission=M001 region=North block=B1
2026-09-11 18:40:47,370 - Code.Dynamic_War_Manager.Source.Context.Campaign_State - DEBUG - add_block_snapshot - Block snapshot added: mission=M001 region=North block=BLK_001
2026-09-11 18:40:47,371 - Code.Dynamic_War_Manager.Source.Context.Campaign_State - DEBUG - add_block_snapshot - Block snapshot added: mission=M001 region=South block=BLK_001
2026-09-11 18:40:47,371 - Code.Dynamic_War_Manager.Source.Context.Campaign_State - DEBUG - add_block_snapshot - Block snapshot added: mission=M001 region=North block=BLK_001
2026-09-11 18:40:47,371 - Code.Dynamic_War_Manager.Source.Context.Campaign_State - DEBUG - add_block_snapshot - Block snapshot added: mission=M001 region=North block=BLK_001
2026-09-11 18:40:47,371 - Code.Dynamic_War_Manager.Source.Context.Campaign_State - DEBUG - add_block_snapshot - Block snapshot added: mission=M001 region=North block=BLK_001
2026-09-11 18:40:47,371 - Code.Dynamic_War_Manager.Source.Context.Campaign_State - DEBUG - add_block_snapshot - Block snapshot added: mission=M001 region=North block=BLK_002
2026-09-11 18:40:47,371 - Code.Dynamic_War_Manager.Source.Context.Campaign_State - DEBUG - add_block_snapshot - Block snapshot added: mission=M001 region=North block=BLK_001
2026-09-11 18:40:47,371 - Code.Dynamic_War_Manager.Source.Context.Campaign_State - DEBUG - add_region_snapshot - Region snapshot added: mission=M001 region=Donbas
2026-09-11 18:40:47,371 - Code.Dynamic_War_Manager.Source.Context.Campaign_State - DEBUG - add_region_snapshot - Region snapshot added: mission=M001 region=Crimea
2026-09-11 18:40:47,372 - Code.Dynamic_War_Manager.Source.Context.Campaign_State - DEBUG - add_region_snapshot - Region snapshot added: mission=M001 region=Donbas
2026-09-11 18:40:47,372 - Code.Dynamic_War_Manager.Source.Context.Campaign_State - DEBUG - add_region_snapshot - Region snapshot added: mission=M001 region=Donbas
2026-09-11 18:40:47,372 - Code.Dynamic_War_Manager.Source.Context.Campaign_State - DEBUG - add_region_snapshot - Region snapshot added: mission=M001 region=Donbas
2026-09-11 19:29:28,897 - Code.Dynamic_War_Manager.Source.Context.Campaign_State - DEBUG - add_region_snapshot - Region snapshot added: mission=M001 region=Donbas
2026-09-11 19:29:28,897 - Code.Dynamic_War_Manager.Source.Context.Campaign_State - DEBUG - add_region_snapshot - Region snapshot added: mission=M001 region=Donbas
2026-09-11 19:29:28,897 - Code.Dynamic_War_Manager.Source.Context.Campaign_State - DEBUG - add_region_snapshot - Region snapshot added: mission=M002 region=Donbas
2026-09-11 19:29:28,898 - Code.Dynamic_War_Manager.Source.Context.Campaign_State - INFO - save - CampaignState saved to /tmp/tmp3r0s0w5h.json (2 missions).
2026-09-11 19:29:28,898 - Code.Dynamic_War_Manager.Source.Context.Campaign_State - INFO - load - CampaignState loaded from /tmp/tmp3r0s0w5h.json (2 missions).
2026-09-11 19:29:28,898 - Code.Dynamic_War_Manager.Source.Context.Campaign_State - DEBUG - add_region_snapshot - Region snapshot added: mission=M001 region=Donbas
2026-09-11 19:29:28,899 - Code.Dynamic_War_Manager.Source.Context.Campaign_State - INFO - save - CampaignState saved to /tmp/tmp344xdppe.json (1 missions).
2026-09-11 19:29:28,899 - Code.Dynamic_War_Manager.Source.Context.Campaign_State - DEBUG - add_region_snapshot - Region snapshot added: mission=M001 region=Donbas
2026-09-11 19:29:28,899 - Code.Dynamic_War_Manager.Source.Context.Campaign_State - DEBUG - add_region_snapshot - Region snapshot added: mission=M001 region=Donbas
2026-09-11 19:29:28,899 - Code.Dynamic_War_Manager.Source.Context.Campaign_State - INFO - save - CampaignState saved to /tmp/tmp1q_kxaw2.json (1 missions).
2026-09-11 19:29:28,899 - Code.Dynamic_War_Manager.Source.Context.Campaign_State - INFO - load - CampaignState loaded from /tmp/tmp1q_kxaw2.json (1 missions).
2026-09-11 19:29:28,900 - Code.Dynamic_War_Manager.Source.Context.Campaign_State - DEBUG - add_region_snapshot - Region snapshot added: mission=M001 region=Donbas
2026-09-11 19:29:28,900 - Code.Dynamic_War_Manager.Source.Context.Campaign_State - INFO - save - CampaignState saved to /tmp/tmpqsadgmeg.json (1 missions).
2026-09-11 19:29:28,900 - Code.Dynamic_War_Manager.Source.Context.Campaign_State - INFO - load - CampaignState loaded from /tmp/tmpqsadgmeg.json (1 missions).
2026-09-11 19:29:28,900 - Code.Dynamic_War_Manager.Source.Context.Campaign_State - DEBUG - add_region_snapshot - Region snapshot added: mission=M001 region=Donbas
2026-09-11 19:29:28,900 - Code.Dynamic_War_Manager.Source.Context.Campaign_State - DEBUG - add_region_snapshot - Region snapshot added: mission=M001 region=Donbas
2026-09-11 19:29:28,901 - Code.Dynamic_War_Manager.Source.Context.Campaign_State - DEBUG - add_region_snapshot - Region snapshot added: mission=M002 region=Donbas
2026-09-11 19:29:28,901 - Code.Dynamic_War_Manager.Source.Context.Campaign_State - DEBUG - add_region_snapshot - Region snapshot added: mission=M001 region=Donbas
2026-09-11 19:29:28,901 - Code.Dynamic_War_Manager.Source.Context.Campaign_State - DEBUG - add_region_snapshot - Region snapshot added: mission=M001 region=Donbas
2026-09-11 19:29:28,901 - Code.Dynamic_War_Manager.Source.Context.Campaign_State - DEBUG - add_region_snapshot - Region snapshot added: mission=M002 region=Donbas
2026-09-11 19:29:28,901 - Code.Dynamic_War_Manager.Source.Context.Campaign_State - DEBUG - add_region_snapshot - Region snapshot added: mission=M001 region=Donbas
2026-09-11 19:29:28,901 - Code.Dynamic_War_Manager.Source.Context.Campaign_State - DEBUG - add_region_snapshot - Region snapshot added: mission=M001 region=Donbas
2026-09-11 19:29:28,901 - Code.Dynamic_War_Manager.Source.Context.Campaign_State - DEBUG - add_region_snapshot - Region snapshot added: mission=M001 region=Donbas
2026-09-11 19:29:28,901 - Code.Dynamic_War_Manager.Source.Context.Campaign_State - DEBUG - add_region_snapshot - Region snapshot added: mission=M001 region=Donbas
2026-09-11 19:29:28,902 - Code.Dynamic_War_Manager.Source.Context.Campaign_State - DEBUG - add_region_snapshot - Region snapshot added: mission=M001 region=Donbas
2026-09-11 19:29:28,902 - Code.Dynamic_War_Manager.Source.Context.Campaign_State - DEBUG - add_region_snapshot - Region snapshot added: mission=M002 region=Donbas
2026-09-11 19:29:28,902 - Code.Dynamic_War_Manager.Source.Context.Campaign_State - DEBUG - add_region_snapshot - Region snapshot added: mission=M001 region=Donbas
2026-09-11 19:29:28,902 - Code.Dynamic_War_Manager.Source.Context.Campaign_State - DEBUG - add_region_snapshot - Region snapshot added: mission=M001 region=Donbas
2026-09-11 19:29:28,902 - Code.Dynamic_War_Manager.Source.Context.Campaign_State - DEBUG - add_region_snapshot - Region snapshot added: mission=M001 region=Donbas
2026-09-11 19:29:28,902 - Code.Dynamic_War_Manager.Source.Context.Campaign_State - DEBUG - add_region_snapshot - Region snapshot added: mission=M001 region=Donbas
2026-09-11 19:29:28,902 - Code.Dynamic_War_Manager.Source.Context.Campaign_State - DEBUG - add_region_snapshot - Region snapshot added: mission=M001 region=Donbas
2026-09-11 19:29:28,902 - Code.Dynamic_War_Manager.Source.Context.Campaign_State - DEBUG - add_region_snapshot - Region snapshot added: mission=M001 region=Donbas
2026-09-11 19:29:28,903 - Code.Dynamic_War_Manager.Source.Context.Campaign_State - DEBUG - add_region_snapshot - Region snapshot added: mission=M002 region=Donbas
2026-09-11 19:29:28,903 - Code.Dynamic_War_Manager.Source.Context.Campaign_State - DEBUG - add_region_snapshot - Region snapshot added: mission=M001 region=Donbas
2026-09-11 19:29:28,903 - Code.Dynamic_War_Manager.Source.Context.Campaign_State - DEBUG - add_region_snapshot - Region snapshot added: mission=M002 region=Donbas
2026-09-11 19:29:28,903 - Code.Dynamic_War_Manager.Source.Context.Campaign_State - DEBUG - add_region_snapshot - Region snapshot added: mission=M001 region=Donbas
2026-09-11 19:29:28,903 - Code.Dynamic_War_Manager.Source.Context.Campaign_State - DEBUG - add_region_snapshot - Region snapshot added: mission=M001 region=Donbas
2026-09-11 19:29:28,903 - Code.Dynamic_War_Manager.Source.Context.Campaign_State - DEBUG - add_region_snapshot - Region snapshot added: mission=M001 region=Donbas
2026-09-11 19:29:28,904 - Code.Dynamic_War_Manager.Source.Context.Campaign_State - DEBUG - add_region_snapshot - Region snapshot added: mission=M001 region=Donbas
2026-09-11 19:29:28,904 - Code.Dynamic_War_Manager.Source.Context.Campaign_State - DEBUG - add_region_snapshot - Region snapshot added: mission=M001 region=Donbas
2026-09-11 19:29:28,904 - Code.Dynamic_War_Manager.Source.Context.Campaign_State - DEBUG - add_region_snapshot - Region snapshot added: mission=M001 region=Donbas
2026-09-11 19:29:28,904 - Code.Dynamic_War_Manager.Source.Context.Campaign_State - DEBUG - add_region_snapshot - Region snapshot added: mission=M001 region=Donbas
2026-09-11 19:29:28,904 - Code.Dynamic_War_Manager.Source.Context.Campaign_State - DEBUG - add_region_snapshot - Region snapshot added: mission=M001 region=Donbas
2026-09-11 19:29:28,904 - Code.Dynamic_War_Manager.Source.Context.Campaign_State - DEBUG - add_region_snapshot - Region snapshot added: mission=M001 region=Donbas
2026-09-11 19:29:28,905 - Code.Dynamic_War_Manager.Source.Context.Campaign_State - DEBUG - add_region_snapshot - Region snapshot added: mission=M001 region=Donbas
2026-09-11 19:29:28,905 - Code.Dynamic_War_Manager.Source.Context.Campaign_State - DEBUG - add_region_snapshot - Region snapshot added: mission=M001 region=Donbas
2026-09-11 19:29:28,905 - Code.Dynamic_War_Manager.Source.Context.Campaign_State - WARNING - restore - Region 'NonExistent' not in snapshot for mission 'M001'. Skipped.
2026-09-11 19:29:28,905 - Code.Dynamic_War_Manager.Source.Context.Campaign_State - DEBUG - add_region_snapshot - Region snapshot added: mission=M001 region=Donbas
2026-09-11 19:29:28,905 - Code.Dynamic_War_Manager.Source.Context.Campaign_State - DEBUG - add_region_snapshot - Region snapshot added: mission=M001 region=Donbas
2026-09-11 19:29:28,905 - Code.Dynamic_War_Manager.Source.Context.Campaign_State - DEBUG - add_region_snapshot - Region snapshot added: mission=M001 region=Donbas
2026-09-11 19:29:28,905 - Code.Dynamic_War_Manager.Source.Context.Campaign_State - DEBUG - add_region_snapshot - Region snapshot added: mission=M001 region=Donbas
2026-09-11 19:29:28,905 - Code.Dynamic_War_Manager.Source.Context.Campaign_State - DEBUG - add_region_snapshot - Region snapshot added: mission=M_SR region=Donbas
2026-09-11 19:29:28,906 - Code.Dynamic_War_Manager.Source.Context.Campaign_State - DEBUG - add_region_snapshot - Region snapshot added: mission=M001 region=Donbas
2026-09-11 19:29:28,906 - Code.Dynamic_War_Manager.Source.Context.Campaign_State - DEBUG - add_region_snapshot - Region snapshot added: mission=M001 region=Donbas
2026-09-11 19:29:28,906 - Code.Dynamic_War_Manager.Source.Context.Campaign_State - DEBUG - add_region_snapshot - Region snapshot added: mission=M001 region=Donbas
2026-09-11 19:29:28,906 - Code.Dynamic_War_Manager.Source.Context.Campaign_State - DEBUG - add_region_snapshot - Region snapshot added: mission=M003 region=Donbas
2026-09-11 19:29:28,906 - Code.Dynamic_War_Manager.Source.Context.Campaign_State - DEBUG - add_region_snapshot - Region snapshot added: mission=M001 region=Donbas
2026-09-11 19:29:28,906 - Code.Dynamic_War_Manager.Source.Context.Campaign_State - DEBUG - add_region_snapshot - Region snapshot added: mission=M001 region=Donbas
2026-09-11 19:29:28,906 - Code.Dynamic_War_Manager.Source.Context.Campaign_State - DEBUG - add_region_snapshot - Region snapshot added: mission=M001 region=Donbas
2026-09-11 19:29:28,907 - Code.Dynamic_War_Manager.Source.Context.Campaign_State - DEBUG - add_region_snapshot - Region snapshot added: mission=M001 region=Donbas
2026-09-11 19:29:28,907 - Code.Dynamic_War_Manager.Source.Context.Campaign_State - DEBUG - add_region_snapshot - Region snapshot added: mission=M001 region=Donbas
2026-09-11 19:29:28,907 - Code.Dynamic_War_Manager.Source.Context.Campaign_State - DEBUG - add_region_snapshot - Region snapshot added: mission=M001 region=Donbas
2026-09-11 19:29:28,907 - Code.Dynamic_War_Manager.Source.Context.Campaign_State - DEBUG - add_region_snapshot - Region snapshot added: mission=M001 region=Donbas
2026-09-11 19:29:28,907 - Code.Dynamic_War_Manager.Source.Context.Campaign_State - DEBUG - add_region_snapshot - Region snapshot added: mission=M001 region=Donbas
2026-09-11 19:29:28,907 - Code.Dynamic_War_Manager.Source.Context.Campaign_State - DEBUG - add_region_snapshot - Region snapshot added: mission=M002 region=Donbas
2026-09-11 19:29:28,907 - Code.Dynamic_War_Manager.Source.Context.Campaign_State - DEBUG - add_region_snapshot - Region snapshot added: mission=M001 region=Donbas
2026-09-11 19:29:28,907 - Code.Dynamic_War_Manager.Source.Context.Campaign_State - DEBUG - add_region_snapshot - Region snapshot added: mission=M001 region=Donbas
2026-09-11 19:29:28,908 - Code.Dynamic_War_Manager.Source.Context.Campaign_State - DEBUG - add_region_snapshot - Region snapshot added: mission=M001 region=Donbas
2026-09-11 19:29:28,908 - Code.Dynamic_War_Manager.Source.Context.Campaign_State - DEBUG - add_block_snapshot - Block snapshot added: mission=M001 region=North block=B1
2026-09-11 19:29:28,908 - Code.Dynamic_War_Manager.Source.Context.Campaign_State - DEBUG - add_block_snapshot - Block snapshot added: mission=M001 region=North block=B1
2026-09-11 19:29:28,909 - Code.Dynamic_War_Manager.Source.Context.Campaign_State - DEBUG - add_block_snapshot - Block snapshot added: mission=M001 region=North block=BLK_001
2026-09-11 19:29:28,909 - Code.Dynamic_War_Manager.Source.Context.Campaign_State - DEBUG - add_block_snapshot - Block snapshot added: mission=M001 region=South block=BLK_001
2026-09-11 19:29:28,909 - Code.Dynamic_War_Manager.Source.Context.Campaign_State - DEBUG - add_block_snapshot - Block snapshot added: mission=M001 region=North block=BLK_001
2026-09-11 19:29:28,909 - Code.Dynamic_War_Manager.Source.Context.Campaign_State - DEBUG - add_block_snapshot - Block snapshot added: mission=M001 region=North block=BLK_001
2026-09-11 19:29:28,909 - Code.Dynamic_War_Manager.Source.Context.Campaign_State - DEBUG - add_block_snapshot - Block snapshot added: mission=M001 region=North block=BLK_001
2026-09-11 19:29:28,909 - Code.Dynamic_War_Manager.Source.Context.Campaign_State - DEBUG - add_block_snapshot - Block snapshot added: mission=M001 region=North block=BLK_002
2026-09-11 19:29:28,909 - Code.Dynamic_War_Manager.Source.Context.Campaign_State - DEBUG - add_block_snapshot - Block snapshot added: mission=M001 region=North block=BLK_001
2026-09-11 19:29:28,909 - Code.Dynamic_War_Manager.Source.Context.Campaign_State - DEBUG - add_region_snapshot - Region snapshot added: mission=M001 region=Donbas
2026-09-11 19:29:28,910 - Code.Dynamic_War_Manager.Source.Context.Campaign_State - DEBUG - add_region_snapshot - Region snapshot added: mission=M001 region=Crimea
2026-09-11 19:29:28,910 - Code.Dynamic_War_Manager.Source.Context.Campaign_State - DEBUG - add_region_snapshot - Region snapshot added: mission=M001 region=Donbas
2026-09-11 19:29:28,910 - Code.Dynamic_War_Manager.Source.Context.Campaign_State - DEBUG - add_region_snapshot - Region snapshot added: mission=M001 region=Donbas
2026-09-11 19:29:28,910 - Code.Dynamic_War_Manager.Source.Context.Campaign_State - DEBUG - add_region_snapshot - Region snapshot added: mission=M001 region=Donbas
2026-09-11 20:03:35,645 - Code.Dynamic_War_Manager.Source.Context.Campaign_State - DEBUG - add_region_snapshot - Region snapshot added: mission=M001 region=Donbas
2026-09-11 20:03:35,645 - Code.Dynamic_War_Manager.Source.Context.Campaign_State - DEBUG - add_region_snapshot - Region snapshot added: mission=M001 region=Donbas
2026-09-11 20:03:35,645 - Code.Dynamic_War_Manager.Source.Context.Campaign_State - DEBUG - add_region_snapshot - Region snapshot added: mission=M002 region=Donbas
2026-09-11 20:03:35,645 - Code.Dynamic_War_Manager.Source.Context.Campaign_State - INFO - save - CampaignState saved to /tmp/tmp79zkjg7e.json (2 missions).
2026-09-11 20:03:35,646 - Code.Dynamic_War_Manager.Source.Context.Campaign_State - INFO - load - CampaignState loaded from /tmp/tmp79zkjg7e.json (2 missions).
2026-09-11 20:03:35,646 - Code.Dynamic_War_Manager.Source.Context.Campaign_State - DEBUG - add_region_snapshot - Region snapshot added: mission=M001 region=Donbas
2026-09-11 20:03:35,646 - Code.Dynamic_War_Manager.Source.Context.Campaign_State - INFO - save - CampaignState saved to /tmp/tmp_1hxj3_h.json (1 missions).
2026-09-11 20:03:35,646 - Code.Dynamic_War_Manager.Source.Context.Campaign_State - DEBUG - add_region_snapshot - Region snapshot added: mission=M001 region=Donbas
2026-09-11 20:03:35,647 - Code.Dynamic_War_Manager.Source.Context.Campaign_State - DEBUG - add_region_snapshot - Region snapshot added: mission=M001 region=Donbas
2026-09-11 20:03:35,647 - Code.Dynamic_War_Manager.Source.Context.Campaign_State - INFO - save - CampaignState saved to /tmp/tmp0u5vphae.json (1 missions).
2026-09-11 20:03:35,647 - Code.Dynamic_War_Manager.Source.Context.Campaign_State - INFO - load - CampaignState loaded from /tmp/tmp0u5vphae.json (1 missions).
2026-09-11 20:03:35,647 - Code.Dynamic_War_Manager.Source.Context.Campaign_State - DEBUG - add_region_snapshot - Region snapshot added: mission=M001 region=Donbas
2026-09-11 20:03:35,647 - Code.Dynamic_War_Manager.Source.Context.Campaign_State - INFO - save - CampaignState saved to /tmp/tmpv8d_oo2w.json (1 missions).
2026-09-11 20:03:35,647 - Code.Dynamic_War_Manager.Source.Context.Campaign_State - INFO - load - CampaignState loaded from /tmp/tmpv8d_oo2w.json (1 missions).
2026-09-11 20:03:35,648 - Code.Dynamic_War_Manager.Source.Context.Campaign_State - DEBUG - add_region_snapshot - Region snapshot added: mission=M001 region=Donbas
2026-09-11 20:03:35,648 - Code.Dynamic_War_Manager.Source.Context.Campaign_State - DEBUG - add_region_snapshot - Region snapshot added: mission=M001 region=Donbas
2026-09-11 20:03:35,648 - Code.Dynamic_War_Manager.Source.Context.Campaign_State - DEBUG - add_region_snapshot - Region snapshot added: mission=M002 region=Donbas
2026-09-11 20:03:35,648 - Code.Dynamic_War_Manager.Source.Context.Campaign_State - DEBUG - add_region_snapshot - Region snapshot added: mission=M001 region=Donbas
2026-09-11 20:03:35,648 - Code.Dynamic_War_Manager.Source.Context.Campaign_State - DEBUG - add_region_snapshot - Region snapshot added: mission=M001 region=Donbas
2026-09-11 20:03:35,648 - Code.Dynamic_War_Manager.Source.Context.Campaign_State - DEBUG - add_region_snapshot - Region snapshot added: mission=M002 region=Donbas
2026-09-11 20:03:35,649 - Code.Dynamic_War_Manager.Source.Context.Campaign_State - DEBUG - add_region_snapshot - Region snapshot added: mission=M001 region=Donbas
2026-09-11 20:03:35,649 - Code.Dynamic_War_Manager.Source.Context.Campaign_State - DEBUG - add_region_snapshot - Region snapshot added: mission=M001 region=Donbas
2026-09-11 20:03:35,649 - Code.Dynamic_War_Manager.Source.Context.Campaign_State - DEBUG - add_region_snapshot - Region snapshot added: mission=M001 region=Donbas
2026-09-11 20:03:35,649 - Code.Dynamic_War_Manager.Source.Context.Campaign_State - DEBUG - add_region_snapshot - Region snapshot added: mission=M001 region=Donbas
2026-09-11 20:03:35,649 - Code.Dynamic_War_Manager.Source.Context.Campaign_State - DEBUG - add_region_snapshot - Region snapshot added: mission=M001 region=Donbas
2026-09-11 20:03:35,649 - Code.Dynamic_War_Manager.Source.Context.Campaign_State - DEBUG - add_region_snapshot - Region snapshot added: mission=M002 region=Donbas
2026-09-11 20:03:35,649 - Code.Dynamic_War_Manager.Source.Context.Campaign_State - DEBUG - add_region_snapshot - Region snapshot added: mission=M001 region=Donbas
2026-09-11 20:03:35,650 - Code.Dynamic_War_Manager.Source.Context.Campaign_State - DEBUG - add_region_snapshot - Region snapshot added: mission=M001 region=Donbas
2026-09-11 20:03:35,650 - Code.Dynamic_War_Manager.Source.Context.Campaign_State - DEBUG - add_region_snapshot - Region snapshot added: mission=M001 region=Donbas
2026-09-11 20:03:35,650 - Code.Dynamic_War_Manager.Source.Context.Campaign_State - DEBUG - add_region_snapshot - Region snapshot added: mission=M001 region=Donbas
2026-09-11 20:03:35,650 - Code.Dynamic_War_Manager.Source.Context.Campaign_State - DEBUG - add_region_snapshot - Region snapshot added: mission=M001 region=Donbas
2026-09-11 20:03:35,650 - Code.Dynamic_War_Manager.Source.Context.Campaign_State - DEBUG - add_region_snapshot - Region snapshot added: mission=M001 region=Donbas
2026-09-11 20:03:35,650 - Code.Dynamic_War_Manager.Source.Context.Campaign_State - DEBUG - add_region_snapshot - Region snapshot added: mission=M002 region=Donbas
2026-09-11 20:03:35,650 - Code.Dynamic_War_Manager.Source.Context.Campaign_State - DEBUG - add_region_snapshot - Region snapshot added: mission=M001 region=Donbas
2026-09-11 20:03:35,651 - Code.Dynamic_War_Manager.Source.Context.Campaign_State - DEBUG - add_region_snapshot - Region snapshot added: mission=M002 region=Donbas
2026-09-11 20:03:35,651 - Code.Dynamic_War_Manager.Source.Context.Campaign_State - DEBUG - add_region_snapshot - Region snapshot added: mission=M001 region=Donbas
2026-09-11 20:03:35,651 - Code.Dynamic_War_Manager.Source.Context.Campaign_State - DEBUG - add_region_snapshot - Region snapshot added: mission=M001 region=Donbas
2026-09-11 20:03:35,651 - Code.Dynamic_War_Manager.Source.Context.Campaign_State - DEBUG - add_region_snapshot - Region snapshot added: mission=M001 region=Donbas
2026-09-11 20:03:35,651 - Code.Dynamic_War_Manager.Source.Context.Campaign_State - DEBUG - add_region_snapshot - Region snapshot added: mission=M001 region=Donbas
2026-09-11 20:03:35,651 - Code.Dynamic_War_Manager.Source.Context.Campaign_State - DEBUG - add_region_snapshot - Region snapshot added: mission=M001 region=Donbas
2026-09-11 20:03:35,652 - Code.Dynamic_War_Manager.Source.Context.Campaign_State - DEBUG - add_region_snapshot - Region snapshot added: mission=M001 region=Donbas
2026-09-11 20:03:35,652 - Code.Dynamic_War_Manager.Source.Context.Campaign_State - DEBUG - add_region_snapshot - Region snapshot added: mission=M001 region=Donbas
2026-09-11 20:03:35,652 - Code.Dynamic_War_Manager.Source.Context.Campaign_State - DEBUG - add_region_snapshot - Region snapshot added: mission=M001 region=Donbas
2026-09-11 20:03:35,652 - Code.Dynamic_War_Manager.Source.Context.Campaign_State - DEBUG - add_region_snapshot - Region snapshot added: mission=M001 region=Donbas
2026-09-11 20:03:35,652 - Code.Dynamic_War_Manager.Source.Context.Campaign_State - DEBUG - add_region_snapshot - Region snapshot added: mission=M001 region=Donbas
2026-09-11 20:03:35,652 - Code.Dynamic_War_Manager.Source.Context.Campaign_State - DEBUG - add_region_snapshot - Region snapshot added: mission=M001 region=Donbas
2026-09-11 20:03:35,652 - Code.Dynamic_War_Manager.Source.Context.Campaign_State - WARNING - restore - Region 'NonExistent' not in snapshot for mission 'M001'. Skipped.
2026-09-11 20:03:35,653 - Code.Dynamic_War_Manager.Source.Context.Campaign_State - DEBUG - add_region_snapshot - Region snapshot added: mission=M001 region=Donbas
2026-09-11 20:03:35,653 - Code.Dynamic_War_Manager.Source.Context.Campaign_State - DEBUG - add_region_snapshot - Region snapshot added: mission=M001 region=Donbas
2026-09-11 20:03:35,653 - Code.Dynamic_War_Manager.Source.Context.Campaign_State - DEBUG - add_region_snapshot - Region snapshot added: mission=M001 region=Donbas
2026-09-11 20:03:35,653 - Code.Dynamic_War_Manager.Source.Context.Campaign_State - DEBUG - add_region_snapshot - Region snapshot added: mission=M001 region=Donbas
2026-09-11 20:03:35,653 - Code.Dynamic_War_Manager.Source.Context.Campaign_State - DEBUG - add_region_snapshot - Region snapshot added: mission=M_SR region=Donbas
2026-09-11 20:03:35,653 - Code.Dynamic_War_Manager.Source.Context.Campaign_State - DEBUG - add_region_snapshot - Region snapshot added: mission=M001 region=Donbas
2026-09-11 20:03:35,653 - Code.Dynamic_War_Manager.Source.Context.Campaign_State - DEBUG - add_region_snapshot - Region snapshot added: mission=M001 region=Donbas
2026-09-11 20:03:35,654 - Code.Dynamic_War_Manager.Source.Context.Campaign_State - DEBUG - add_region_snapshot - Region snapshot added: mission=M001 region=Donbas
2026-09-11 20:03:35,654 - Code.Dynamic_War_Manager.Source.Context.Campaign_State - DEBUG - add_region_snapshot - Region snapshot added: mission=M003 region=Donbas
2026-09-11 20:03:35,654 - Code.Dynamic_War_Manager.Source.Context.Campaign_State - DEBUG - add_region_snapshot - Region snapshot added: mission=M001 region=Donbas
2026-09-11 20:03:35,654 - Code.Dynamic_War_Manager.Source.Context.Campaign_State - DEBUG - add_region_snapshot - Region snapshot added: mission=M001 region=Donbas
2026-09-11 20:03:35,654 - Code.Dynamic_War_Manager.Source.Context.Campaign_State - DEBUG - add_region_snapshot - Region snapshot added: mission=M001 region=Donbas
2026-09-11 20:03:35,654 - Code.Dynamic_War_Manager.Source.Context.Campaign_State - DEBUG - add_region_snapshot - Region snapshot added: mission=M001 region=Donbas
2026-09-11 20:03:35,654 - Code.Dynamic_War_Manager.Source.Context.Campaign_State - DEBUG - add_region_snapshot - Region snapshot added: mission=M001 region=Donbas
2026-09-11 20:03:35,655 - Code.Dynamic_War_Manager.Source.Context.Campaign_State - DEBUG - add_region_snapshot - Region snapshot added: mission=M001 region=Donbas
2026-09-11 20:03:35,655 - Code.Dynamic_War_Manager.Source.Context.Campaign_State - DEBUG - add_region_snapshot - Region snapshot added: mission=M001 region=Donbas
2026-09-11 20:03:35,655 - Code.Dynamic_War_Manager.Source.Context.Campaign_State - DEBUG - add_region_snapshot - Region snapshot added: mission=M001 region=Donbas
2026-09-11 20:03:35,655 - Code.Dynamic_War_Manager.Source.Context.Campaign_State - DEBUG - add_region_snapshot - Region snapshot added: mission=M002 region=Donbas
2026-09-11 20:03:35,655 - Code.Dynamic_War_Manager.Source.Context.Campaign_State - DEBUG - add_region_snapshot - Region snapshot added: mission=M001 region=Donbas
2026-09-11 20:03:35,655 - Code.Dynamic_War_Manager.Source.Context.Campaign_State - DEBUG - add_region_snapshot - Region snapshot added: mission=M001 region=Donbas
2026-09-11 20:03:35,655 - Code.Dynamic_War_Manager.Source.Context.Campaign_State - DEBUG - add_region_snapshot - Region snapshot added: mission=M001 region=Donbas
2026-09-11 20:03:35,656 - Code.Dynamic_War_Manager.Source.Context.Campaign_State - DEBUG - add_block_snapshot - Block snapshot added: mission=M001 region=North block=B1
2026-09-11 20:03:35,656 - Code.Dynamic_War_Manager.Source.Context.Campaign_State - DEBUG - add_block_snapshot - Block snapshot added: mission=M001 region=North block=B1
2026-09-11 20:03:35,656 - Code.Dynamic_War_Manager.Source.Context.Campaign_State - DEBUG - add_block_snapshot - Block snapshot added: mission=M001 region=North block=BLK_001
2026-09-11 20:03:35,656 - Code.Dynamic_War_Manager.Source.Context.Campaign_State - DEBUG - add_block_snapshot - Block snapshot added: mission=M001 region=South block=BLK_001
2026-09-11 20:03:35,657 - Code.Dynamic_War_Manager.Source.Context.Campaign_State - DEBUG - add_block_snapshot - Block snapshot added: mission=M001 region=North block=BLK_001
2026-09-11 20:03:35,657 - Code.Dynamic_War_Manager.Source.Context.Campaign_State - DEBUG - add_block_snapshot - Block snapshot added: mission=M001 region=North block=BLK_001
2026-09-11 20:03:35,657 - Code.Dynamic_War_Manager.Source.Context.Campaign_State - DEBUG - add_block_snapshot - Block snapshot added: mission=M001 region=North block=BLK_001
2026-09-11 20:03:35,657 - Code.Dynamic_War_Manager.Source.Context.Campaign_State - DEBUG - add_block_snapshot - Block snapshot added: mission=M001 region=North block=BLK_002
2026-09-11 20:03:35,657 - Code.Dynamic_War_Manager.Source.Context.Campaign_State - DEBUG - add_block_snapshot - Block snapshot added: mission=M001 region=North block=BLK_001
2026-09-11 20:03:35,657 - Code.Dynamic_War_Manager.Source.Context.Campaign_State - DEBUG - add_region_snapshot - Region snapshot added: mission=M001 region=Donbas
2026-09-11 20:03:35,657 - Code.Dynamic_War_Manager.Source.Context.Campaign_State - DEBUG - add_region_snapshot - Region snapshot added: mission=M001 region=Crimea
2026-09-11 20:03:35,657 - Code.Dynamic_War_Manager.Source.Context.Campaign_State - DEBUG - add_region_snapshot - Region snapshot added: mission=M001 region=Donbas
2026-09-11 20:03:35,658 - Code.Dynamic_War_Manager.Source.Context.Campaign_State - DEBUG - add_region_snapshot - Region snapshot added: mission=M001 region=Donbas
2026-09-11 20:03:35,658 - Code.Dynamic_War_Manager.Source.Context.Campaign_State - DEBUG - add_region_snapshot - Region snapshot added: mission=M001 region=Donbas
2026-09-12 09:28:29,447 - Code.Dynamic_War_Manager.Source.Context.Campaign_State - DEBUG - add_region_snapshot - Region snapshot added: mission=M001 region=Donbas
2026-09-12 09:28:29,453 - Code.Dynamic_War_Manager.Source.Context.Campaign_State - DEBUG - add_region_snapshot - Region snapshot added: mission=M001 region=Donbas
2026-09-12 09:28:29,453 - Code.Dynamic_War_Manager.Source.Context.Campaign_State - DEBUG - add_region_snapshot - Region snapshot added: mission=M002 region=Donbas
2026-09-12 09:28:29,454 - Code.Dynamic_War_Manager.Source.Context.Campaign_State - INFO - save - CampaignState saved to /tmp/tmpn7f4qj9w.json (2 missions).
2026-09-12 09:28:29,454 - Code.Dynamic_War_Manager.Source.Context.Campaign_State - INFO - load - CampaignState loaded from /tmp/tmpn7f4qj9w.json (2 missions).
2026-09-12 09:28:29,454 - Code.Dynamic_War_Manager.Source.Context.Campaign_State - DEBUG - add_region_snapshot - Region snapshot added: mission=M001 region=Donbas
2026-09-12 09:28:29,454 - Code.Dynamic_War_Manager.Source.Context.Campaign_State - INFO - save - CampaignState saved to /tmp/tmps66_zb9b.json (1 missions).
2026-09-12 09:28:29,455 - Code.Dynamic_War_Manager.Source.Context.Campaign_State - DEBUG - add_region_snapshot - Region snapshot added: mission=M001 region=Donbas
2026-09-12 09:28:29,455 - Code.Dynamic_War_Manager.Source.Context.Campaign_State - DEBUG - add_region_snapshot - Region snapshot added: mission=M001 region=Donbas
2026-09-12 09:28:29,455 - Code.Dynamic_War_Manager.Source.Context.Campaign_State - INFO - save - CampaignState saved to /tmp/tmpx8lkxmmd.json (1 missions).
2026-09-12 09:28:29,469 - Code.Dynamic_War_Manager.Source.Context.Campaign_State - INFO - load - CampaignState loaded from /tmp/tmpx8lkxmmd.json (1 missions).
2026-09-12 09:28:29,470 - Code.Dynamic_War_Manager.Source.Context.Campaign_State - DEBUG - add_region_snapshot - Region snapshot added: mission=M001 region=Donbas
2026-09-12 09:28:29,470 - Code.Dynamic_War_Manager.Source.Context.Campaign_State - INFO - save - CampaignState saved to /tmp/tmpsys1nl18.json (1 missions).
2026-09-12 09:28:29,470 - Code.Dynamic_War_Manager.Source.Context.Campaign_State - INFO - load - CampaignState loaded from /tmp/tmpsys1nl18.json (1 missions).
2026-09-12 09:28:29,470 - Code.Dynamic_War_Manager.Source.Context.Campaign_State - DEBUG - add_region_snapshot - Region snapshot added: mission=M001 region=Donbas
2026-09-12 09:28:29,470 - Code.Dynamic_War_Manager.Source.Context.Campaign_State - DEBUG - add_region_snapshot - Region snapshot added: mission=M001 region=Donbas
2026-09-12 09:28:29,471 - Code.Dynamic_War_Manager.Source.Context.Campaign_State - DEBUG - add_region_snapshot - Region snapshot added: mission=M002 region=Donbas
2026-09-12 09:28:29,471 - Code.Dynamic_War_Manager.Source.Context.Campaign_State - DEBUG - add_region_snapshot - Region snapshot added: mission=M001 region=Donbas
2026-09-12 09:28:29,471 - Code.Dynamic_War_Manager.Source.Context.Campaign_State - DEBUG - add_region_snapshot - Region snapshot added: mission=M001 region=Donbas
2026-09-12 09:28:29,471 - Code.Dynamic_War_Manager.Source.Context.Campaign_State - DEBUG - add_region_snapshot - Region snapshot added: mission=M002 region=Donbas
2026-09-12 09:28:29,471 - Code.Dynamic_War_Manager.Source.Context.Campaign_State - DEBUG - add_region_snapshot - Region snapshot added: mission=M001 region=Donbas
2026-09-12 09:28:29,471 - Code.Dynamic_War_Manager.Source.Context.Campaign_State - DEBUG - add_region_snapshot - Region snapshot added: mission=M001 region=Donbas
2026-09-12 09:28:29,471 - Code.Dynamic_War_Manager.Source.Context.Campaign_State - DEBUG - add_region_snapshot - Region snapshot added: mission=M001 region=Donbas
2026-09-12 09:28:29,472 - Code.Dynamic_War_Manager.Source.Context.Campaign_State - DEBUG - add_region_snapshot - Region snapshot added: mission=M001 region=Donbas
2026-09-12 09:28:29,472 - Code.Dynamic_War_Manager.Source.Context.Campaign_State - DEBUG - add_region_snapshot - Region snapshot added: mission=M001 region=Donbas
2026-09-12 09:28:29,472 - Code.Dynamic_War_Manager.Source.Context.Campaign_State - DEBUG - add_region_snapshot - Region snapshot added: mission=M002 region=Donbas
2026-09-12 09:28:29,472 - Code.Dynamic_War_Manager.Source.Context.Campaign_State - DEBUG - add_region_snapshot - Region snapshot added: mission=M001 region=Donbas
2026-09-12 09:28:29,472 - Code.Dynamic_War_Manager.Source.Context.Campaign_State - DEBUG - add_region_snapshot - Region snapshot added: mission=M001 region=Donbas
2026-09-12 09:28:29,472 - Code.Dynamic_War_Manager.Source.Context.Campaign_State - DEBUG - add_region_snapshot - Region snapshot added: mission=M001 region=Donbas
2026-09-12 09:28:29,473 - Code.Dynamic_War_Manager.Source.Context.Campaign_State - DEBUG - add_region_snapshot - Region snapshot added: mission=M001 region=Donbas
2026-09-12 09:28:29,473 - Code.Dynamic_War_Manager.Source.Context.Campaign_State - DEBUG - add_region_snapshot - Region snapshot added: mission=M001 region=Donbas
2026-09-12 09:28:29,473 - Code.Dynamic_War_Manager.Source.Context.Campaign_State - DEBUG - add_region_snapshot - Region snapshot added: mission=M001 region=Donbas
2026-09-12 09:28:29,473 - Code.Dynamic_War_Manager.Source.Context.Campaign_State - DEBUG - add_region_snapshot - Region snapshot added: mission=M002 region=Donbas
2026-09-12 09:28:29,473 - Code.Dynamic_War_Manager.Source.Context.Campaign_State - DEBUG - add_region_snapshot - Region snapshot added: mission=M001 region=Donbas
2026-09-12 09:28:29,473 - Code.Dynamic_War_Manager.Source.Context.Campaign_State - DEBUG - add_region_snapshot - Region snapshot added: mission=M002 region=Donbas
2026-09-12 09:28:29,473 - Code.Dynamic_War_Manager.Source.Context.Campaign_State - DEBUG - add_region_snapshot - Region snapshot added: mission=M001 region=Donbas
2026-09-12 09:28:29,474 - Code.Dynamic_War_Manager.Source.Context.Campaign_State - DEBUG - add_region_snapshot - Region snapshot added: mission=M001 region=Donbas
2026-09-12 09:28:29,474 - Code.Dynamic_War_Manager.Source.Context.Campaign_State - DEBUG - add_region_snapshot - Region snapshot added: mission=M001 region=Donbas
2026-09-12 09:28:29,474 - Code.Dynamic_War_Manager.Source.Context.Campaign_State - DEBUG - add_region_snapshot - Region snapshot added: mission=M001 region=Donbas
2026-09-12 09:28:29,474 - Code.Dynamic_War_Manager.Source.Context.Campaign_State - DEBUG - add_region_snapshot - Region snapshot added: mission=M001 region=Donbas
2026-09-12 09:28:29,474 - Code.Dynamic_War_Manager.Source.Context.Campaign_State - DEBUG - add_region_snapshot - Region snapshot added: mission=M001 region=Donbas
2026-09-12 09:28:29,474 - Code.Dynamic_War_Manager.Source.Context.Campaign_State - DEBUG - add_region_snapshot - Region snapshot added: mission=M001 region=Donbas
2026-09-12 09:28:29,475 - Code.Dynamic_War_Manager.Source.Context.Campaign_State - DEBUG - add_region_snapshot - Region snapshot added: mission=M001 region=Donbas
2026-09-12 09:28:29,475 - Code.Dynamic_War_Manager.Source.Context.Campaign_State - DEBUG - add_region_snapshot - Region snapshot added: mission=M001 region=Donbas
2026-09-12 09:28:29,475 - Code.Dynamic_War_Manager.Source.Context.Campaign_State - DEBUG - add_region_snapshot - Region snapshot added: mission=M001 region=Donbas
2026-09-12 09:28:29,475 - Code.Dynamic_War_Manager.Source.Context.Campaign_State - DEBUG - add_region_snapshot - Region snapshot added: mission=M001 region=Donbas
2026-09-12 09:28:29,475 - Code.Dynamic_War_Manager.Source.Context.Campaign_State - WARNING - restore - Region 'NonExistent' not in snapshot for mission 'M001'. Skipped.
2026-09-12 09:28:29,475 - Code.Dynamic_War_Manager.Source.Context.Campaign_State - DEBUG - add_region_snapshot - Region snapshot added: mission=M001 region=Donbas
2026-09-12 09:28:29,476 - Code.Dynamic_War_Manager.Source.Context.Campaign_State - DEBUG - add_region_snapshot - Region snapshot added: mission=M001 region=Donbas
2026-09-12 09:28:29,476 - Code.Dynamic_War_Manager.Source.Context.Campaign_State - DEBUG - add_region_snapshot - Region snapshot added: mission=M001 region=Donbas
2026-09-12 09:28:29,476 - Code.Dynamic_War_Manager.Source.Context.Campaign_State - DEBUG - add_region_snapshot - Region snapshot added: mission=M001 region=Donbas
2026-09-12 09:28:29,476 - Code.Dynamic_War_Manager.Source.Context.Campaign_State - DEBUG - add_region_snapshot - Region snapshot added: mission=M_SR region=Donbas
2026-09-12 09:28:29,476 - Code.Dynamic_War_Manager.Source.Context.Campaign_State - DEBUG - add_region_snapshot - Region snapshot added: mission=M001 region=Donbas
2026-09-12 09:28:29,476 - Code.Dynamic_War_Manager.Source.Context.Campaign_State - DEBUG - add_region_snapshot - Region snapshot added: mission=M001 region=Donbas
2026-09-12 09:28:29,476 - Code.Dynamic_War_Manager.Source.Context.Campaign_State - DEBUG - add_region_snapshot - Region snapshot added: mission=M001 region=Donbas
2026-09-12 09:28:29,477 - Code.Dynamic_War_Manager.Source.Context.Campaign_State - DEBUG - add_region_snapshot - Region snapshot added: mission=M003 region=Donbas
2026-09-12 09:28:29,477 - Code.Dynamic_War_Manager.Source.Context.Campaign_State - DEBUG - add_region_snapshot - Region snapshot added: mission=M001 region=Donbas
2026-09-12 09:28:29,477 - Code.Dynamic_War_Manager.Source.Context.Campaign_State - DEBUG - add_region_snapshot - Region snapshot added: mission=M001 region=Donbas
2026-09-12 09:28:29,477 - Code.Dynamic_War_Manager.Source.Context.Campaign_State - DEBUG - add_region_snapshot - Region snapshot added: mission=M001 region=Donbas
2026-09-12 09:28:29,477 - Code.Dynamic_War_Manager.Source.Context.Campaign_State - DEBUG - add_region_snapshot - Region snapshot added: mission=M001 region=Donbas
2026-09-12 09:28:29,477 - Code.Dynamic_War_Manager.Source.Context.Campaign_State - DEBUG - add_region_snapshot - Region snapshot added: mission=M001 region=Donbas
2026-09-12 09:28:29,478 - Code.Dynamic_War_Manager.Source.Context.Campaign_State - DEBUG - add_region_snapshot - Region snapshot added: mission=M001 region=Donbas
2026-09-12 09:28:29,478 - Code.Dynamic_War_Manager.Source.Context.Campaign_State - DEBUG - add_region_snapshot - Region snapshot added: mission=M001 region=Donbas
2026-09-12 09:28:29,478 - Code.Dynamic_War_Manager.Source.Context.Campaign_State - DEBUG - add_region_snapshot - Region snapshot added: mission=M001 region=Donbas
2026-09-12 09:28:29,478 - Code.Dynamic_War_Manager.Source.Context.Campaign_State - DEBUG - add_region_snapshot - Region snapshot added: mission=M002 region=Donbas
2026-09-12 09:28:29,478 - Code.Dynamic_War_Manager.Source.Context.Campaign_State - DEBUG - add_region_snapshot - Region snapshot added: mission=M001 region=Donbas
2026-09-12 09:28:29,478 - Code.Dynamic_War_Manager.Source.Context.Campaign_State - DEBUG - add_region_snapshot - Region snapshot added: mission=M001 region=Donbas
2026-09-12 09:28:29,478 - Code.Dynamic_War_Manager.Source.Context.Campaign_State - DEBUG - add_region_snapshot - Region snapshot added: mission=M001 region=Donbas
2026-09-12 09:28:29,479 - Code.Dynamic_War_Manager.Source.Context.Campaign_State - DEBUG - add_block_snapshot - Block snapshot added: mission=M001 region=North block=B1
2026-09-12 09:28:29,479 - Code.Dynamic_War_Manager.Source.Context.Campaign_State - DEBUG - add_block_snapshot - Block snapshot added: mission=M001 region=North block=B1
2026-09-12 09:28:29,480 - Code.Dynamic_War_Manager.Source.Context.Campaign_State - DEBUG - add_block_snapshot - Block snapshot added: mission=M001 region=North block=BLK_001
2026-09-12 09:28:29,480 - Code.Dynamic_War_Manager.Source.Context.Campaign_State - DEBUG - add_block_snapshot - Block snapshot added: mission=M001 region=South block=BLK_001
2026-09-12 09:28:29,480 - Code.Dynamic_War_Manager.Source.Context.Campaign_State - DEBUG - add_block_snapshot - Block snapshot added: mission=M001 region=North block=BLK_001
2026-09-12 09:28:29,480 - Code.Dynamic_War_Manager.Source.Context.Campaign_State - DEBUG - add_block_snapshot - Block snapshot added: mission=M001 region=North block=BLK_001
2026-09-12 09:28:29,480 - Code.Dynamic_War_Manager.Source.Context.Campaign_State - DEBUG - add_block_snapshot - Block snapshot added: mission=M001 region=North block=BLK_001
2026-09-12 09:28:29,480 - Code.Dynamic_War_Manager.Source.Context.Campaign_State - DEBUG - add_block_snapshot - Block snapshot added: mission=M001 region=North block=BLK_002
2026-09-12 09:28:29,480 - Code.Dynamic_War_Manager.Source.Context.Campaign_State - DEBUG - add_block_snapshot - Block snapshot added: mission=M001 region=North block=BLK_001
2026-09-12 09:28:29,480 - Code.Dynamic_War_Manager.Source.Context.Campaign_State - DEBUG - add_region_snapshot - Region snapshot added: mission=M001 region=Donbas
2026-09-12 09:28:29,481 - Code.Dynamic_War_Manager.Source.Context.Campaign_State - DEBUG - add_region_snapshot - Region snapshot added: mission=M001 region=Crimea
2026-09-12 09:28:29,481 - Code.Dynamic_War_Manager.Source.Context.Campaign_State - DEBUG - add_region_snapshot - Region snapshot added: mission=M001 region=Donbas
2026-09-12 09:28:29,481 - Code.Dynamic_War_Manager.Source.Context.Campaign_State - DEBUG - add_region_snapshot - Region snapshot added: mission=M001 region=Donbas
2026-09-12 09:28:29,481 - Code.Dynamic_War_Manager.Source.Context.Campaign_State - DEBUG - add_region_snapshot - Region snapshot added: mission=M001 region=Donbas
2026-09-12 09:30:27,358 - Code.Dynamic_War_Manager.Source.Context.Campaign_State - DEBUG - add_region_snapshot - Region snapshot added: mission=M001 region=Donbas
2026-09-12 09:30:27,358 - Code.Dynamic_War_Manager.Source.Context.Campaign_State - DEBUG - add_region_snapshot - Region snapshot added: mission=M001 region=Donbas
2026-09-12 09:30:27,358 - Code.Dynamic_War_Manager.Source.Context.Campaign_State - DEBUG - add_region_snapshot - Region snapshot added: mission=M002 region=Donbas
2026-09-12 09:30:27,359 - Code.Dynamic_War_Manager.Source.Context.Campaign_State - INFO - save - CampaignState saved to /tmp/tmpvs5chkty.json (2 missions).
2026-09-12 09:30:27,359 - Code.Dynamic_War_Manager.Source.Context.Campaign_State - INFO - load - CampaignState loaded from /tmp/tmpvs5chkty.json (2 missions).
2026-09-12 09:30:27,360 - Code.Dynamic_War_Manager.Source.Context.Campaign_State - DEBUG - add_region_snapshot - Region snapshot added: mission=M001 region=Donbas
2026-09-12 09:30:27,360 - Code.Dynamic_War_Manager.Source.Context.Campaign_State - INFO - save - CampaignState saved to /tmp/tmpnqwlpeo4.json (1 missions).
2026-09-12 09:30:27,360 - Code.Dynamic_War_Manager.Source.Context.Campaign_State - DEBUG - add_region_snapshot - Region snapshot added: mission=M001 region=Donbas
2026-09-12 09:30:27,360 - Code.Dynamic_War_Manager.Source.Context.Campaign_State - DEBUG - add_region_snapshot - Region snapshot added: mission=M001 region=Donbas
2026-09-12 09:30:27,361 - Code.Dynamic_War_Manager.Source.Context.Campaign_State - INFO - save - CampaignState saved to /tmp/tmppj1wfvee.json (1 missions).
2026-09-12 09:30:27,361 - Code.Dynamic_War_Manager.Source.Context.Campaign_State - INFO - load - CampaignState loaded from /tmp/tmppj1wfvee.json (1 missions).
2026-09-12 09:30:27,361 - Code.Dynamic_War_Manager.Source.Context.Campaign_State - DEBUG - add_region_snapshot - Region snapshot added: mission=M001 region=Donbas
2026-09-12 09:30:27,361 - Code.Dynamic_War_Manager.Source.Context.Campaign_State - INFO - save - CampaignState saved to /tmp/tmpeh67z11r.json (1 missions).
2026-09-12 09:30:27,361 - Code.Dynamic_War_Manager.Source.Context.Campaign_State - INFO - load - CampaignState loaded from /tmp/tmpeh67z11r.json (1 missions).
2026-09-12 09:30:27,362 - Code.Dynamic_War_Manager.Source.Context.Campaign_State - DEBUG - add_region_snapshot - Region snapshot added: mission=M001 region=Donbas
2026-09-12 09:30:27,362 - Code.Dynamic_War_Manager.Source.Context.Campaign_State - DEBUG - add_region_snapshot - Region snapshot added: mission=M001 region=Donbas
2026-09-12 09:30:27,362 - Code.Dynamic_War_Manager.Source.Context.Campaign_State - DEBUG - add_region_snapshot - Region snapshot added: mission=M002 region=Donbas
2026-09-12 09:30:27,362 - Code.Dynamic_War_Manager.Source.Context.Campaign_State - DEBUG - add_region_snapshot - Region snapshot added: mission=M001 region=Donbas
2026-09-12 09:30:27,362 - Code.Dynamic_War_Manager.Source.Context.Campaign_State - DEBUG - add_region_snapshot - Region snapshot added: mission=M001 region=Donbas
2026-09-12 09:30:27,362 - Code.Dynamic_War_Manager.Source.Context.Campaign_State - DEBUG - add_region_snapshot - Region snapshot added: mission=M002 region=Donbas
2026-09-12 09:30:27,363 - Code.Dynamic_War_Manager.Source.Context.Campaign_State - DEBUG - add_region_snapshot - Region snapshot added: mission=M001 region=Donbas
2026-09-12 09:30:27,363 - Code.Dynamic_War_Manager.Source.Context.Campaign_State - DEBUG - add_region_snapshot - Region snapshot added: mission=M001 region=Donbas
2026-09-12 09:30:27,363 - Code.Dynamic_War_Manager.Source.Context.Campaign_State - DEBUG - add_region_snapshot - Region snapshot added: mission=M001 region=Donbas
2026-09-12 09:30:27,363 - Code.Dynamic_War_Manager.Source.Context.Campaign_State - DEBUG - add_region_snapshot - Region snapshot added: mission=M001 region=Donbas
2026-09-12 09:30:27,363 - Code.Dynamic_War_Manager.Source.Context.Campaign_State - DEBUG - add_region_snapshot - Region snapshot added: mission=M001 region=Donbas
2026-09-12 09:30:27,363 - Code.Dynamic_War_Manager.Source.Context.Campaign_State - DEBUG - add_region_snapshot - Region snapshot added: mission=M002 region=Donbas
2026-09-12 09:30:27,364 - Code.Dynamic_War_Manager.Source.Context.Campaign_State - DEBUG - add_region_snapshot - Region snapshot added: mission=M001 region=Donbas
2026-09-12 09:30:27,364 - Code.Dynamic_War_Manager.Source.Context.Campaign_State - DEBUG - add_region_snapshot - Region snapshot added: mission=M001 region=Donbas
2026-09-12 09:30:27,364 - Code.Dynamic_War_Manager.Source.Context.Campaign_State - DEBUG - add_region_snapshot - Region snapshot added: mission=M001 region=Donbas
2026-09-12 09:30:27,364 - Code.Dynamic_War_Manager.Source.Context.Campaign_State - DEBUG - add_region_snapshot - Region snapshot added: mission=M001 region=Donbas
2026-09-12 09:30:27,364 - Code.Dynamic_War_Manager.Source.Context.Campaign_State - DEBUG - add_region_snapshot - Region snapshot added: mission=M001 region=Donbas
2026-09-12 09:30:27,364 - Code.Dynamic_War_Manager.Source.Context.Campaign_State - DEBUG - add_region_snapshot - Region snapshot added: mission=M001 region=Donbas
2026-09-12 09:30:27,365 - Code.Dynamic_War_Manager.Source.Context.Campaign_State - DEBUG - add_region_snapshot - Region snapshot added: mission=M002 region=Donbas
2026-09-12 09:30:27,365 - Code.Dynamic_War_Manager.Source.Context.Campaign_State - DEBUG - add_region_snapshot - Region snapshot added: mission=M001 region=Donbas
2026-09-12 09:30:27,365 - Code.Dynamic_War_Manager.Source.Context.Campaign_State - DEBUG - add_region_snapshot - Region snapshot added: mission=M002 region=Donbas
2026-09-12 09:30:27,365 - Code.Dynamic_War_Manager.Source.Context.Campaign_State - DEBUG - add_region_snapshot - Region snapshot added: mission=M001 region=Donbas
2026-09-12 09:30:27,365 - Code.Dynamic_War_Manager.Source.Context.Campaign_State - DEBUG - add_region_snapshot - Region snapshot added: mission=M001 region=Donbas
2026-09-12 09:30:27,366 - Code.Dynamic_War_Manager.Source.Context.Campaign_State - DEBUG - add_region_snapshot - Region snapshot added: mission=M001 region=Donbas
2026-09-12 09:30:27,366 - Code.Dynamic_War_Manager.Source.Context.Campaign_State - DEBUG - add_region_snapshot - Region snapshot added: mission=M001 region=Donbas
2026-09-12 09:30:27,366 - Code.Dynamic_War_Manager.Source.Context.Campaign_State - DEBUG - add_region_snapshot - Region snapshot added: mission=M001 region=Donbas
2026-09-12 09:30:27,366 - Code.Dynamic_War_Manager.Source.Context.Campaign_State - DEBUG - add_region_snapshot - Region snapshot added: mission=M001 region=Donbas
2026-09-12 09:30:27,366 - Code.Dynamic_War_Manager.Source.Context.Campaign_State - DEBUG - add_region_snapshot - Region snapshot added: mission=M001 region=Donbas
2026-09-12 09:30:27,366 - Code.Dynamic_War_Manager.Source.Context.Campaign_State - DEBUG - add_region_snapshot - Region snapshot added: mission=M001 region=Donbas
2026-09-12 09:30:27,367 - Code.Dynamic_War_Manager.Source.Context.Campaign_State - DEBUG - add_region_snapshot - Region snapshot added: mission=M001 region=Donbas
2026-09-12 09:30:27,367 - Code.Dynamic_War_Manager.Source.Context.Campaign_State - DEBUG - add_region_snapshot - Region snapshot added: mission=M001 region=Donbas
2026-09-12 09:30:27,367 - Code.Dynamic_War_Manager.Source.Context.Campaign_State - DEBUG - add_region_snapshot - Region snapshot added: mission=M001 region=Donbas
2026-09-12 09:30:27,367 - Code.Dynamic_War_Manager.Source.Context.Campaign_State - WARNING - restore - Region 'NonExistent' not in snapshot for mission 'M001'. Skipped.
2026-09-12 09:30:27,367 - Code.Dynamic_War_Manager.Source.Context.Campaign_State - DEBUG - add_region_snapshot - Region snapshot added: mission=M001 region=Donbas
2026-09-12 09:30:27,368 - Code.Dynamic_War_Manager.Source.Context.Campaign_State - DEBUG - add_region_snapshot - Region snapshot added: mission=M001 region=Donbas
2026-09-12 09:30:27,368 - Code.Dynamic_War_Manager.Source.Context.Campaign_State - DEBUG - add_region_snapshot - Region snapshot added: mission=M001 region=Donbas
2026-09-12 09:30:27,368 - Code.Dynamic_War_Manager.Source.Context.Campaign_State - DEBUG - add_region_snapshot - Region snapshot added: mission=M001 region=Donbas
2026-09-12 09:30:27,368 - Code.Dynamic_War_Manager.Source.Context.Campaign_State - DEBUG - add_region_snapshot - Region snapshot added: mission=M_SR region=Donbas
2026-09-12 09:30:27,368 - Code.Dynamic_War_Manager.Source.Context.Campaign_State - DEBUG - add_region_snapshot - Region snapshot added: mission=M001 region=Donbas
2026-09-12 09:30:27,368 - Code.Dynamic_War_Manager.Source.Context.Campaign_State - DEBUG - add_region_snapshot - Region snapshot added: mission=M001 region=Donbas
2026-09-12 09:30:27,369 - Code.Dynamic_War_Manager.Source.Context.Campaign_State - DEBUG - add_region_snapshot - Region snapshot added: mission=M001 region=Donbas
2026-09-12 09:30:27,369 - Code.Dynamic_War_Manager.Source.Context.Campaign_State - DEBUG - add_region_snapshot - Region snapshot added: mission=M003 region=Donbas
2026-09-12 09:30:27,369 - Code.Dynamic_War_Manager.Source.Context.Campaign_State - DEBUG - add_region_snapshot - Region snapshot added: mission=M001 region=Donbas
2026-09-12 09:30:27,370 - Code.Dynamic_War_Manager.Source.Context.Campaign_State - DEBUG - add_region_snapshot - Region snapshot added: mission=M001 region=Donbas
2026-09-12 09:30:27,371 - Code.Dynamic_War_Manager.Source.Context.Campaign_State - DEBUG - add_region_snapshot - Region snapshot added: mission=M001 region=Donbas
2026-09-12 09:30:27,371 - Code.Dynamic_War_Manager.Source.Context.Campaign_State - DEBUG - add_region_snapshot - Region snapshot added: mission=M001 region=Donbas
2026-09-12 09:30:27,371 - Code.Dynamic_War_Manager.Source.Context.Campaign_State - DEBUG - add_region_snapshot - Region snapshot added: mission=M001 region=Donbas
2026-09-12 09:30:27,372 - Code.Dynamic_War_Manager.Source.Context.Campaign_State - DEBUG - add_region_snapshot - Region snapshot added: mission=M001 region=Donbas
2026-09-12 09:30:27,372 - Code.Dynamic_War_Manager.Source.Context.Campaign_State - DEBUG - add_region_snapshot - Region snapshot added: mission=M001 region=Donbas
2026-09-12 09:30:27,372 - Code.Dynamic_War_Manager.Source.Context.Campaign_State - DEBUG - add_region_snapshot - Region snapshot added: mission=M001 region=Donbas
2026-09-12 09:30:27,372 - Code.Dynamic_War_Manager.Source.Context.Campaign_State - DEBUG - add_region_snapshot - Region snapshot added: mission=M002 region=Donbas
2026-09-12 09:30:27,372 - Code.Dynamic_War_Manager.Source.Context.Campaign_State - DEBUG - add_region_snapshot - Region snapshot added: mission=M001 region=Donbas
2026-09-12 09:30:27,372 - Code.Dynamic_War_Manager.Source.Context.Campaign_State - DEBUG - add_region_snapshot - Region snapshot added: mission=M001 region=Donbas
2026-09-12 09:30:27,373 - Code.Dynamic_War_Manager.Source.Context.Campaign_State - DEBUG - add_region_snapshot - Region snapshot added: mission=M001 region=Donbas
2026-09-12 09:30:27,373 - Code.Dynamic_War_Manager.Source.Context.Campaign_State - DEBUG - add_block_snapshot - Block snapshot added: mission=M001 region=North block=B1
2026-09-12 09:30:27,373 - Code.Dynamic_War_Manager.Source.Context.Campaign_State - DEBUG - add_block_snapshot - Block snapshot added: mission=M001 region=North block=B1
2026-09-12 09:30:27,374 - Code.Dynamic_War_Manager.Source.Context.Campaign_State - DEBUG - add_block_snapshot - Block snapshot added: mission=M001 region=North block=BLK_001
2026-09-12 09:30:27,374 - Code.Dynamic_War_Manager.Source.Context.Campaign_State - DEBUG - add_block_snapshot - Block snapshot added: mission=M001 region=South block=BLK_001
2026-09-12 09:30:27,374 - Code.Dynamic_War_Manager.Source.Context.Campaign_State - DEBUG - add_block_snapshot - Block snapshot added: mission=M001 region=North block=BLK_001
2026-09-12 09:30:27,374 - Code.Dynamic_War_Manager.Source.Context.Campaign_State - DEBUG - add_block_snapshot - Block snapshot added: mission=M001 region=North block=BLK_001
2026-09-12 09:30:27,374 - Code.Dynamic_War_Manager.Source.Context.Campaign_State - DEBUG - add_block_snapshot - Block snapshot added: mission=M001 region=North block=BLK_001
2026-09-12 09:30:27,374 - Code.Dynamic_War_Manager.Source.Context.Campaign_State - DEBUG - add_block_snapshot - Block snapshot added: mission=M001 region=North block=BLK_002
2026-09-12 09:30:27,374 - Code.Dynamic_War_Manager.Source.Context.Campaign_State - DEBUG - add_block_snapshot - Block snapshot added: mission=M001 region=North block=BLK_001
2026-09-12 09:30:27,375 - Code.Dynamic_War_Manager.Source.Context.Campaign_State - DEBUG - add_region_snapshot - Region snapshot added: mission=M001 region=Donbas
2026-09-12 09:30:27,375 - Code.Dynamic_War_Manager.Source.Context.Campaign_State - DEBUG - add_region_snapshot - Region snapshot added: mission=M001 region=Crimea
2026-09-12 09:30:27,375 - Code.Dynamic_War_Manager.Source.Context.Campaign_State - DEBUG - add_region_snapshot - Region snapshot added: mission=M001 region=Donbas
2026-09-12 09:30:27,375 - Code.Dynamic_War_Manager.Source.Context.Campaign_State - DEBUG - add_region_snapshot - Region snapshot added: mission=M001 region=Donbas
2026-09-12 09:30:27,375 - Code.Dynamic_War_Manager.Source.Context.Campaign_State - DEBUG - add_region_snapshot - Region snapshot added: mission=M001 region=Donbas
2026-09-12 14:47:23,795 - Code.Dynamic_War_Manager.Source.Context.Campaign_State - DEBUG - add_region_snapshot - Region snapshot added: mission=M001 region=Donbas
2026-09-12 14:47:23,795 - Code.Dynamic_War_Manager.Source.Context.Campaign_State - DEBUG - add_region_snapshot - Region snapshot added: mission=M001 region=Donbas
2026-09-12 14:47:23,795 - Code.Dynamic_War_Manager.Source.Context.Campaign_State - DEBUG - add_region_snapshot - Region snapshot added: mission=M002 region=Donbas
2026-09-12 14:47:23,796 - Code.Dynamic_War_Manager.Source.Context.Campaign_State - INFO - save - CampaignState saved to /tmp/tmpuzk9s0_d.json (2 missions).
2026-09-12 14:47:23,796 - Code.Dynamic_War_Manager.Source.Context.Campaign_State - INFO - load - CampaignState loaded from /tmp/tmpuzk9s0_d.json (2 missions).
2026-09-12 14:47:23,796 - Code.Dynamic_War_Manager.Source.Context.Campaign_State - DEBUG - add_region_snapshot - Region snapshot added: mission=M001 region=Donbas
2026-09-12 14:47:23,797 - Code.Dynamic_War_Manager.Source.Context.Campaign_State - INFO - save - CampaignState saved to /tmp/tmppfuyn03s.json (1 missions).
2026-09-12 14:47:23,797 - Code.Dynamic_War_Manager.Source.Context.Campaign_State - DEBUG - add_region_snapshot - Region snapshot added: mission=M001 region=Donbas
2026-09-12 14:47:23,797 - Code.Dynamic_War_Manager.Source.Context.Campaign_State - DEBUG - add_region_snapshot - Region snapshot added: mission=M001 region=Donbas
2026-09-12 14:47:23,797 - Code.Dynamic_War_Manager.Source.Context.Campaign_State - INFO - save - CampaignState saved to /tmp/tmpnd6qgrw1.json (1 missions).
2026-09-12 14:47:23,797 - Code.Dynamic_War_Manager.Source.Context.Campaign_State - INFO - load - CampaignState loaded from /tmp/tmpnd6qgrw1.json (1 missions).
2026-09-12 14:47:23,797 - Code.Dynamic_War_Manager.Source.Context.Campaign_State - DEBUG - add_region_snapshot - Region snapshot added: mission=M001 region=Donbas
2026-09-12 14:47:23,798 - Code.Dynamic_War_Manager.Source.Context.Campaign_State - INFO - save - CampaignState saved to /tmp/tmpx383fo3y.json (1 missions).
2026-09-12 14:47:23,798 - Code.Dynamic_War_Manager.Source.Context.Campaign_State - INFO - load - CampaignState loaded from /tmp/tmpx383fo3y.json (1 missions).
2026-09-12 14:47:23,798 - Code.Dynamic_War_Manager.Source.Context.Campaign_State - DEBUG - add_region_snapshot - Region snapshot added: mission=M001 region=Donbas
2026-09-12 14:47:23,798 - Code.Dynamic_War_Manager.Source.Context.Campaign_State - DEBUG - add_region_snapshot - Region snapshot added: mission=M001 region=Donbas
2026-09-12 14:47:23,798 - Code.Dynamic_War_Manager.Source.Context.Campaign_State - DEBUG - add_region_snapshot - Region snapshot added: mission=M002 region=Donbas
2026-09-12 14:47:23,799 - Code.Dynamic_War_Manager.Source.Context.Campaign_State - DEBUG - add_region_snapshot - Region snapshot added: mission=M001 region=Donbas
2026-09-12 14:47:23,799 - Code.Dynamic_War_Manager.Source.Context.Campaign_State - DEBUG - add_region_snapshot - Region snapshot added: mission=M001 region=Donbas
2026-09-12 14:47:23,799 - Code.Dynamic_War_Manager.Source.Context.Campaign_State - DEBUG - add_region_snapshot - Region snapshot added: mission=M002 region=Donbas
2026-09-12 14:47:23,799 - Code.Dynamic_War_Manager.Source.Context.Campaign_State - DEBUG - add_region_snapshot - Region snapshot added: mission=M001 region=Donbas
2026-09-12 14:47:23,799 - Code.Dynamic_War_Manager.Source.Context.Campaign_State - DEBUG - add_region_snapshot - Region snapshot added: mission=M001 region=Donbas
2026-09-12 14:47:23,799 - Code.Dynamic_War_Manager.Source.Context.Campaign_State - DEBUG - add_region_snapshot - Region snapshot added: mission=M001 region=Donbas
2026-09-12 14:47:23,799 - Code.Dynamic_War_Manager.Source.Context.Campaign_State - DEBUG - add_region_snapshot - Region snapshot added: mission=M001 region=Donbas
2026-09-12 14:47:23,799 - Code.Dynamic_War_Manager.Source.Context.Campaign_State - DEBUG - add_region_snapshot - Region snapshot added: mission=M001 region=Donbas
2026-09-12 14:47:23,800 - Code.Dynamic_War_Manager.Source.Context.Campaign_State - DEBUG - add_region_snapshot - Region snapshot added: mission=M002 region=Donbas
2026-09-12 14:47:23,800 - Code.Dynamic_War_Manager.Source.Context.Campaign_State - DEBUG - add_region_snapshot - Region snapshot added: mission=M001 region=Donbas
2026-09-12 14:47:23,800 - Code.Dynamic_War_Manager.Source.Context.Campaign_State - DEBUG - add_region_snapshot - Region snapshot added: mission=M001 region=Donbas
2026-09-12 14:47:23,800 - Code.Dynamic_War_Manager.Source.Context.Campaign_State - DEBUG - add_region_snapshot - Region snapshot added: mission=M001 region=Donbas
2026-09-12 14:47:23,800 - Code.Dynamic_War_Manager.Source.Context.Campaign_State - DEBUG - add_region_snapshot - Region snapshot added: mission=M001 region=Donbas
2026-09-12 14:47:23,800 - Code.Dynamic_War_Manager.Source.Context.Campaign_State - DEBUG - add_region_snapshot - Region snapshot added: mission=M001 region=Donbas
2026-09-12 14:47:23,800 - Code.Dynamic_War_Manager.Source.Context.Campaign_State - DEBUG - add_region_snapshot - Region snapshot added: mission=M001 region=Donbas
2026-09-12 14:47:23,801 - Code.Dynamic_War_Manager.Source.Context.Campaign_State - DEBUG - add_region_snapshot - Region snapshot added: mission=M002 region=Donbas
2026-09-12 14:47:23,801 - Code.Dynamic_War_Manager.Source.Context.Campaign_State - DEBUG - add_region_snapshot - Region snapshot added: mission=M001 region=Donbas
2026-09-12 14:47:23,801 - Code.Dynamic_War_Manager.Source.Context.Campaign_State - DEBUG - add_region_snapshot - Region snapshot added: mission=M002 region=Donbas
2026-09-12 14:47:23,801 - Code.Dynamic_War_Manager.Source.Context.Campaign_State - DEBUG - add_region_snapshot - Region snapshot added: mission=M001 region=Donbas
2026-09-12 14:47:23,801 - Code.Dynamic_War_Manager.Source.Context.Campaign_State - DEBUG - add_region_snapshot - Region snapshot added: mission=M001 region=Donbas
2026-09-12 14:47:23,801 - Code.Dynamic_War_Manager.Source.Context.Campaign_State - DEBUG - add_region_snapshot - Region snapshot added: mission=M001 region=Donbas
2026-09-12 14:47:23,802 - Code.Dynamic_War_Manager.Source.Context.Campaign_State - DEBUG - add_region_snapshot - Region snapshot added: mission=M001 region=Donbas
2026-09-12 14:47:23,802 - Code.Dynamic_War_Manager.Source.Context.Campaign_State - DEBUG - add_region_snapshot - Region snapshot added: mission=M001 region=Donbas
2026-09-12 14:47:23,802 - Code.Dynamic_War_Manager.Source.Context.Campaign_State - DEBUG - add_region_snapshot - Region snapshot added: mission=M001 region=Donbas
2026-09-12 14:47:23,802 - Code.Dynamic_War_Manager.Source.Context.Campaign_State - DEBUG - add_region_snapshot - Region snapshot added: mission=M001 region=Donbas
2026-09-12 14:47:23,802 - Code.Dynamic_War_Manager.Source.Context.Campaign_State - DEBUG - add_region_snapshot - Region snapshot added: mission=M001 region=Donbas
2026-09-12 14:47:23,802 - Code.Dynamic_War_Manager.Source.Context.Campaign_State - DEBUG - add_region_snapshot - Region snapshot added: mission=M001 region=Donbas
2026-09-12 14:47:23,802 - Code.Dynamic_War_Manager.Source.Context.Campaign_State - DEBUG - add_region_snapshot - Region snapshot added: mission=M001 region=Donbas
2026-09-12 14:47:23,803 - Code.Dynamic_War_Manager.Source.Context.Campaign_State - DEBUG - add_region_snapshot - Region snapshot added: mission=M001 region=Donbas
2026-09-12 14:47:23,803 - Code.Dynamic_War_Manager.Source.Context.Campaign_State - WARNING - restore - Region 'NonExistent' not in snapshot for mission 'M001'. Skipped.
2026-09-12 14:47:23,803 - Code.Dynamic_War_Manager.Source.Context.Campaign_State - DEBUG - add_region_snapshot - Region snapshot added: mission=M001 region=Donbas
2026-09-12 14:47:23,803 - Code.Dynamic_War_Manager.Source.Context.Campaign_State - DEBUG - add_region_snapshot - Region snapshot added: mission=M001 region=Donbas
2026-09-12 14:47:23,803 - Code.Dynamic_War_Manager.Source.Context.Campaign_State - DEBUG - add_region_snapshot - Region snapshot added: mission=M001 region=Donbas
2026-09-12 14:47:23,803 - Code.Dynamic_War_Manager.Source.Context.Campaign_State - DEBUG - add_region_snapshot - Region snapshot added: mission=M001 region=Donbas
2026-09-12 14:47:23,803 - Code.Dynamic_War_Manager.Source.Context.Campaign_State - DEBUG - add_region_snapshot - Region snapshot added: mission=M_SR region=Donbas
2026-09-12 14:47:23,804 - Code.Dynamic_War_Manager.Source.Context.Campaign_State - DEBUG - add_region_snapshot - Region snapshot added: mission=M001 region=Donbas
2026-09-12 14:47:23,804 - Code.Dynamic_War_Manager.Source.Context.Campaign_State - DEBUG - add_region_snapshot - Region snapshot added: mission=M001 region=Donbas
2026-09-12 14:47:23,804 - Code.Dynamic_War_Manager.Source.Context.Campaign_State - DEBUG - add_region_snapshot - Region snapshot added: mission=M001 region=Donbas
2026-09-12 14:47:23,804 - Code.Dynamic_War_Manager.Source.Context.Campaign_State - DEBUG - add_region_snapshot - Region snapshot added: mission=M003 region=Donbas
2026-09-12 14:47:23,804 - Code.Dynamic_War_Manager.Source.Context.Campaign_State - DEBUG - add_region_snapshot - Region snapshot added: mission=M001 region=Donbas
2026-09-12 14:47:23,804 - Code.Dynamic_War_Manager.Source.Context.Campaign_State - DEBUG - add_region_snapshot - Region snapshot added: mission=M001 region=Donbas
2026-09-12 14:47:23,804 - Code.Dynamic_War_Manager.Source.Context.Campaign_State - DEBUG - add_region_snapshot - Region snapshot added: mission=M001 region=Donbas
2026-09-12 14:47:23,804 - Code.Dynamic_War_Manager.Source.Context.Campaign_State - DEBUG - add_region_snapshot - Region snapshot added: mission=M001 region=Donbas
2026-09-12 14:47:23,805 - Code.Dynamic_War_Manager.Source.Context.Campaign_State - DEBUG - add_region_snapshot - Region snapshot added: mission=M001 region=Donbas
2026-09-12 14:47:23,805 - Code.Dynamic_War_Manager.Source.Context.Campaign_State - DEBUG - add_region_snapshot - Region snapshot added: mission=M001 region=Donbas
2026-09-12 14:47:23,805 - Code.Dynamic_War_Manager.Source.Context.Campaign_State - DEBUG - add_region_snapshot - Region snapshot added: mission=M001 region=Donbas
2026-09-12 14:47:23,805 - Code.Dynamic_War_Manager.Source.Context.Campaign_State - DEBUG - add_region_snapshot - Region snapshot added: mission=M001 region=Donbas
2026-09-12 14:47:23,805 - Code.Dynamic_War_Manager.Source.Context.Campaign_State - DEBUG - add_region_snapshot - Region snapshot added: mission=M002 region=Donbas
2026-09-12 14:47:23,805 - Code.Dynamic_War_Manager.Source.Context.Campaign_State - DEBUG - add_region_snapshot - Region snapshot added: mission=M001 region=Donbas
2026-09-12 14:47:23,805 - Code.Dynamic_War_Manager.Source.Context.Campaign_State - DEBUG - add_region_snapshot - Region snapshot added: mission=M001 region=Donbas
2026-09-12 14:47:23,805 - Code.Dynamic_War_Manager.Source.Context.Campaign_State - DEBUG - add_region_snapshot - Region snapshot added: mission=M001 region=Donbas
2026-09-12 14:47:23,806 - Code.Dynamic_War_Manager.Source.Context.Campaign_State - DEBUG - add_block_snapshot - Block snapshot added: mission=M001 region=North block=B1
2026-09-12 14:47:23,806 - Code.Dynamic_War_Manager.Source.Context.Campaign_State - DEBUG - add_block_snapshot - Block snapshot added: mission=M001 region=North block=B1
2026-09-12 14:47:23,806 - Code.Dynamic_War_Manager.Source.Context.Campaign_State - DEBUG - add_block_snapshot - Block snapshot added: mission=M001 region=North block=BLK_001
2026-09-12 14:47:23,807 - Code.Dynamic_War_Manager.Source.Context.Campaign_State - DEBUG - add_block_snapshot - Block snapshot added: mission=M001 region=South block=BLK_001
2026-09-12 14:47:23,807 - Code.Dynamic_War_Manager.Source.Context.Campaign_State - DEBUG - add_block_snapshot - Block snapshot added: mission=M001 region=North block=BLK_001
2026-09-12 14:47:23,807 - Code.Dynamic_War_Manager.Source.Context.Campaign_State - DEBUG - add_block_snapshot - Block snapshot added: mission=M001 region=North block=BLK_001
2026-09-12 14:47:23,807 - Code.Dynamic_War_Manager.Source.Context.Campaign_State - DEBUG - add_block_snapshot - Block snapshot added: mission=M001 region=North block=BLK_001
2026-09-12 14:47:23,807 - Code.Dynamic_War_Manager.Source.Context.Campaign_State - DEBUG - add_block_snapshot - Block snapshot added: mission=M001 region=North block=BLK_002
2026-09-12 14:47:23,807 - Code.Dynamic_War_Manager.Source.Context.Campaign_State - DEBUG - add_block_snapshot - Block snapshot added: mission=M001 region=North block=BLK_001
2026-09-12 14:47:23,807 - Code.Dynamic_War_Manager.Source.Context.Campaign_State - DEBUG - add_region_snapshot - Region snapshot added: mission=M001 region=Donbas
2026-09-12 14:47:23,807 - Code.Dynamic_War_Manager.Source.Context.Campaign_State - DEBUG - add_region_snapshot - Region snapshot added: mission=M001 region=Crimea
2026-09-12 14:47:23,808 - Code.Dynamic_War_Manager.Source.Context.Campaign_State - DEBUG - add_region_snapshot - Region snapshot added: mission=M001 region=Donbas
2026-09-12 14:47:23,808 - Code.Dynamic_War_Manager.Source.Context.Campaign_State - DEBUG - add_region_snapshot - Region snapshot added: mission=M001 region=Donbas
2026-09-12 14:47:23,808 - Code.Dynamic_War_Manager.Source.Context.Campaign_State - DEBUG - add_region_snapshot - Region snapshot added: mission=M001 region=Donbas
2026-09-12 14:49:13,985 - Code.Dynamic_War_Manager.Source.Context.Campaign_State - DEBUG - add_region_snapshot - Region snapshot added: mission=M001 region=Donbas
2026-09-12 14:49:13,985 - Code.Dynamic_War_Manager.Source.Context.Campaign_State - DEBUG - add_region_snapshot - Region snapshot added: mission=M001 region=Donbas
2026-09-12 14:49:13,986 - Code.Dynamic_War_Manager.Source.Context.Campaign_State - DEBUG - add_region_snapshot - Region snapshot added: mission=M002 region=Donbas
2026-09-12 14:49:13,986 - Code.Dynamic_War_Manager.Source.Context.Campaign_State - INFO - save - CampaignState saved to /tmp/tmpjuzyq3g0.json (2 missions).
2026-09-12 14:49:13,986 - Code.Dynamic_War_Manager.Source.Context.Campaign_State - INFO - load - CampaignState loaded from /tmp/tmpjuzyq3g0.json (2 missions).
2026-09-12 14:49:13,986 - Code.Dynamic_War_Manager.Source.Context.Campaign_State - DEBUG - add_region_snapshot - Region snapshot added: mission=M001 region=Donbas
2026-09-12 14:49:13,987 - Code.Dynamic_War_Manager.Source.Context.Campaign_State - INFO - save - CampaignState saved to /tmp/tmpgjqe09z2.json (1 missions).
2026-09-12 14:49:13,987 - Code.Dynamic_War_Manager.Source.Context.Campaign_State - DEBUG - add_region_snapshot - Region snapshot added: mission=M001 region=Donbas
2026-09-12 14:49:13,987 - Code.Dynamic_War_Manager.Source.Context.Campaign_State - DEBUG - add_region_snapshot - Region snapshot added: mission=M001 region=Donbas
2026-09-12 14:49:13,987 - Code.Dynamic_War_Manager.Source.Context.Campaign_State - INFO - save - CampaignState saved to /tmp/tmpeq2ej1sq.json (1 missions).
2026-09-12 14:49:13,987 - Code.Dynamic_War_Manager.Source.Context.Campaign_State - INFO - load - CampaignState loaded from /tmp/tmpeq2ej1sq.json (1 missions).
2026-09-12 14:49:13,988 - Code.Dynamic_War_Manager.Source.Context.Campaign_State - DEBUG - add_region_snapshot - Region snapshot added: mission=M001 region=Donbas
2026-09-12 14:49:13,988 - Code.Dynamic_War_Manager.Source.Context.Campaign_State - INFO - save - CampaignState saved to /tmp/tmpxo865e86.json (1 missions).
2026-09-12 14:49:13,988 - Code.Dynamic_War_Manager.Source.Context.Campaign_State - INFO - load - CampaignState loaded from /tmp/tmpxo865e86.json (1 missions).
2026-09-12 14:49:13,988 - Code.Dynamic_War_Manager.Source.Context.Campaign_State - DEBUG - add_region_snapshot - Region snapshot added: mission=M001 region=Donbas
2026-09-12 14:49:13,988 - Code.Dynamic_War_Manager.Source.Context.Campaign_State - DEBUG - add_region_snapshot - Region snapshot added: mission=M001 region=Donbas
2026-09-12 14:49:13,988 - Code.Dynamic_War_Manager.Source.Context.Campaign_State - DEBUG - add_region_snapshot - Region snapshot added: mission=M002 region=Donbas
2026-09-12 14:49:13,989 - Code.Dynamic_War_Manager.Source.Context.Campaign_State - DEBUG - add_region_snapshot - Region snapshot added: mission=M001 region=Donbas
2026-09-12 14:49:13,989 - Code.Dynamic_War_Manager.Source.Context.Campaign_State - DEBUG - add_region_snapshot - Region snapshot added: mission=M001 region=Donbas
2026-09-12 14:49:13,989 - Code.Dynamic_War_Manager.Source.Context.Campaign_State - DEBUG - add_region_snapshot - Region snapshot added: mission=M002 region=Donbas
2026-09-12 14:49:13,989 - Code.Dynamic_War_Manager.Source.Context.Campaign_State - DEBUG - add_region_snapshot - Region snapshot added: mission=M001 region=Donbas
2026-09-12 14:49:13,989 - Code.Dynamic_War_Manager.Source.Context.Campaign_State - DEBUG - add_region_snapshot - Region snapshot added: mission=M001 region=Donbas
2026-09-12 14:49:13,989 - Code.Dynamic_War_Manager.Source.Context.Campaign_State - DEBUG - add_region_snapshot - Region snapshot added: mission=M001 region=Donbas
2026-09-12 14:49:13,989 - Code.Dynamic_War_Manager.Source.Context.Campaign_State - DEBUG - add_region_snapshot - Region snapshot added: mission=M001 region=Donbas
2026-09-12 14:49:13,989 - Code.Dynamic_War_Manager.Source.Context.Campaign_State - DEBUG - add_region_snapshot - Region snapshot added: mission=M001 region=Donbas
2026-09-12 14:49:13,990 - Code.Dynamic_War_Manager.Source.Context.Campaign_State - DEBUG - add_region_snapshot - Region snapshot added: mission=M002 region=Donbas
2026-09-12 14:49:13,990 - Code.Dynamic_War_Manager.Source.Context.Campaign_State - DEBUG - add_region_snapshot - Region snapshot added: mission=M001 region=Donbas
2026-09-12 14:49:13,990 - Code.Dynamic_War_Manager.Source.Context.Campaign_State - DEBUG - add_region_snapshot - Region snapshot added: mission=M001 region=Donbas
2026-09-12 14:49:13,990 - Code.Dynamic_War_Manager.Source.Context.Campaign_State - DEBUG - add_region_snapshot - Region snapshot added: mission=M001 region=Donbas
2026-09-12 14:49:13,990 - Code.Dynamic_War_Manager.Source.Context.Campaign_State - DEBUG - add_region_snapshot - Region snapshot added: mission=M001 region=Donbas
2026-09-12 14:49:13,990 - Code.Dynamic_War_Manager.Source.Context.Campaign_State - DEBUG - add_region_snapshot - Region snapshot added: mission=M001 region=Donbas
2026-09-12 14:49:13,990 - Code.Dynamic_War_Manager.Source.Context.Campaign_State - DEBUG - add_region_snapshot - Region snapshot added: mission=M001 region=Donbas
2026-09-12 14:49:13,991 - Code.Dynamic_War_Manager.Source.Context.Campaign_State - DEBUG - add_region_snapshot - Region snapshot added: mission=M002 region=Donbas
2026-09-12 14:49:13,991 - Code.Dynamic_War_Manager.Source.Context.Campaign_State - DEBUG - add_region_snapshot - Region snapshot added: mission=M001 region=Donbas
2026-09-12 14:49:13,991 - Code.Dynamic_War_Manager.Source.Context.Campaign_State - DEBUG - add_region_snapshot - Region snapshot added: mission=M002 region=Donbas
2026-09-12 14:49:13,991 - Code.Dynamic_War_Manager.Source.Context.Campaign_State - DEBUG - add_region_snapshot - Region snapshot added: mission=M001 region=Donbas
2026-09-12 14:49:13,991 - Code.Dynamic_War_Manager.Source.Context.Campaign_State - DEBUG - add_region_snapshot - Region snapshot added: mission=M001 region=Donbas
2026-09-12 14:49:13,991 - Code.Dynamic_War_Manager.Source.Context.Campaign_State - DEBUG - add_region_snapshot - Region snapshot added: mission=M001 region=Donbas
2026-09-12 14:49:13,991 - Code.Dynamic_War_Manager.Source.Context.Campaign_State - DEBUG - add_region_snapshot - Region snapshot added: mission=M001 region=Donbas
2026-09-12 14:49:13,992 - Code.Dynamic_War_Manager.Source.Context.Campaign_State - DEBUG - add_region_snapshot - Region snapshot added: mission=M001 region=Donbas
2026-09-12 14:49:13,992 - Code.Dynamic_War_Manager.Source.Context.Campaign_State - DEBUG - add_region_snapshot - Region snapshot added: mission=M001 region=Donbas
2026-09-12 14:49:13,992 - Code.Dynamic_War_Manager.Source.Context.Campaign_State - DEBUG - add_region_snapshot - Region snapshot added: mission=M001 region=Donbas
2026-09-12 14:49:13,992 - Code.Dynamic_War_Manager.Source.Context.Campaign_State - DEBUG - add_region_snapshot - Region snapshot added: mission=M001 region=Donbas
2026-09-12 14:49:13,992 - Code.Dynamic_War_Manager.Source.Context.Campaign_State - DEBUG - add_region_snapshot - Region snapshot added: mission=M001 region=Donbas
2026-09-12 14:49:13,992 - Code.Dynamic_War_Manager.Source.Context.Campaign_State - DEBUG - add_region_snapshot - Region snapshot added: mission=M001 region=Donbas
2026-09-12 14:49:13,993 - Code.Dynamic_War_Manager.Source.Context.Campaign_State - DEBUG - add_region_snapshot - Region snapshot added: mission=M001 region=Donbas
2026-09-12 14:49:13,993 - Code.Dynamic_War_Manager.Source.Context.Campaign_State - WARNING - restore - Region 'NonExistent' not in snapshot for mission 'M001'. Skipped.
2026-09-12 14:49:13,993 - Code.Dynamic_War_Manager.Source.Context.Campaign_State - DEBUG - add_region_snapshot - Region snapshot added: mission=M001 region=Donbas
2026-09-12 14:49:13,993 - Code.Dynamic_War_Manager.Source.Context.Campaign_State - DEBUG - add_region_snapshot - Region snapshot added: mission=M001 region=Donbas
2026-09-12 14:49:13,993 - Code.Dynamic_War_Manager.Source.Context.Campaign_State - DEBUG - add_region_snapshot - Region snapshot added: mission=M001 region=Donbas
2026-09-12 14:49:13,993 - Code.Dynamic_War_Manager.Source.Context.Campaign_State - DEBUG - add_region_snapshot - Region snapshot added: mission=M001 region=Donbas
2026-09-12 14:49:13,993 - Code.Dynamic_War_Manager.Source.Context.Campaign_State - DEBUG - add_region_snapshot - Region snapshot added: mission=M_SR region=Donbas
2026-09-12 14:49:13,994 - Code.Dynamic_War_Manager.Source.Context.Campaign_State - DEBUG - add_region_snapshot - Region snapshot added: mission=M001 region=Donbas
2026-09-12 14:49:13,994 - Code.Dynamic_War_Manager.Source.Context.Campaign_State - DEBUG - add_region_snapshot - Region snapshot added: mission=M001 region=Donbas
2026-09-12 14:49:13,994 - Code.Dynamic_War_Manager.Source.Context.Campaign_State - DEBUG - add_region_snapshot - Region snapshot added: mission=M001 region=Donbas
2026-09-12 14:49:13,994 - Code.Dynamic_War_Manager.Source.Context.Campaign_State - DEBUG - add_region_snapshot - Region snapshot added: mission=M003 region=Donbas
2026-09-12 14:49:13,994 - Code.Dynamic_War_Manager.Source.Context.Campaign_State - DEBUG - add_region_snapshot - Region snapshot added: mission=M001 region=Donbas
2026-09-12 14:49:13,994 - Code.Dynamic_War_Manager.Source.Context.Campaign_State - DEBUG - add_region_snapshot - Region snapshot added: mission=M001 region=Donbas
2026-09-12 14:49:13,994 - Code.Dynamic_War_Manager.Source.Context.Campaign_State - DEBUG - add_region_snapshot - Region snapshot added: mission=M001 region=Donbas
2026-09-12 14:49:13,994 - Code.Dynamic_War_Manager.Source.Context.Campaign_State - DEBUG - add_region_snapshot - Region snapshot added: mission=M001 region=Donbas
2026-09-12 14:49:13,995 - Code.Dynamic_War_Manager.Source.Context.Campaign_State - DEBUG - add_region_snapshot - Region snapshot added: mission=M001 region=Donbas
2026-09-12 14:49:13,995 - Code.Dynamic_War_Manager.Source.Context.Campaign_State - DEBUG - add_region_snapshot - Region snapshot added: mission=M001 region=Donbas
2026-09-12 14:49:13,995 - Code.Dynamic_War_Manager.Source.Context.Campaign_State - DEBUG - add_region_snapshot - Region snapshot added: mission=M001 region=Donbas
2026-09-12 14:49:13,995 - Code.Dynamic_War_Manager.Source.Context.Campaign_State - DEBUG - add_region_snapshot - Region snapshot added: mission=M001 region=Donbas
2026-09-12 14:49:13,995 - Code.Dynamic_War_Manager.Source.Context.Campaign_State - DEBUG - add_region_snapshot - Region snapshot added: mission=M002 region=Donbas
2026-09-12 14:49:13,995 - Code.Dynamic_War_Manager.Source.Context.Campaign_State - DEBUG - add_region_snapshot - Region snapshot added: mission=M001 region=Donbas
2026-09-12 14:49:13,995 - Code.Dynamic_War_Manager.Source.Context.Campaign_State - DEBUG - add_region_snapshot - Region snapshot added: mission=M001 region=Donbas
2026-09-12 14:49:13,996 - Code.Dynamic_War_Manager.Source.Context.Campaign_State - DEBUG - add_region_snapshot - Region snapshot added: mission=M001 region=Donbas
2026-09-12 14:49:13,996 - Code.Dynamic_War_Manager.Source.Context.Campaign_State - DEBUG - add_block_snapshot - Block snapshot added: mission=M001 region=North block=B1
2026-09-12 14:49:13,996 - Code.Dynamic_War_Manager.Source.Context.Campaign_State - DEBUG - add_block_snapshot - Block snapshot added: mission=M001 region=North block=B1
2026-09-12 14:49:13,997 - Code.Dynamic_War_Manager.Source.Context.Campaign_State - DEBUG - add_block_snapshot - Block snapshot added: mission=M001 region=North block=BLK_001
2026-09-12 14:49:13,997 - Code.Dynamic_War_Manager.Source.Context.Campaign_State - DEBUG - add_block_snapshot - Block snapshot added: mission=M001 region=South block=BLK_001
2026-09-12 14:49:13,997 - Code.Dynamic_War_Manager.Source.Context.Campaign_State - DEBUG - add_block_snapshot - Block snapshot added: mission=M001 region=North block=BLK_001
2026-09-12 14:49:13,997 - Code.Dynamic_War_Manager.Source.Context.Campaign_State - DEBUG - add_block_snapshot - Block snapshot added: mission=M001 region=North block=BLK_001
2026-09-12 14:49:13,997 - Code.Dynamic_War_Manager.Source.Context.Campaign_State - DEBUG - add_block_snapshot - Block snapshot added: mission=M001 region=North block=BLK_001
2026-09-12 14:49:13,997 - Code.Dynamic_War_Manager.Source.Context.Campaign_State - DEBUG - add_block_snapshot - Block snapshot added: mission=M001 region=North block=BLK_002
2026-09-12 14:49:13,997 - Code.Dynamic_War_Manager.Source.Context.Campaign_State - DEBUG - add_block_snapshot - Block snapshot added: mission=M001 region=North block=BLK_001
2026-09-12 14:49:13,997 - Code.Dynamic_War_Manager.Source.Context.Campaign_State - DEBUG - add_region_snapshot - Region snapshot added: mission=M001 region=Donbas
2026-09-12 14:49:13,997 - Code.Dynamic_War_Manager.Source.Context.Campaign_State - DEBUG - add_region_snapshot - Region snapshot added: mission=M001 region=Crimea
2026-09-12 14:49:13,998 - Code.Dynamic_War_Manager.Source.Context.Campaign_State - DEBUG - add_region_snapshot - Region snapshot added: mission=M001 region=Donbas
2026-09-12 14:49:13,998 - Code.Dynamic_War_Manager.Source.Context.Campaign_State - DEBUG - add_region_snapshot - Region snapshot added: mission=M001 region=Donbas
2026-09-12 14:49:13,998 - Code.Dynamic_War_Manager.Source.Context.Campaign_State - DEBUG - add_region_snapshot - Region snapshot added: mission=M001 region=Donbas
2026-09-12 15:57:25,940 - Code.Dynamic_War_Manager.Source.Context.Campaign_State - DEBUG - add_region_snapshot - Region snapshot added: mission=M001 region=Donbas
2026-09-12 15:57:25,941 - Code.Dynamic_War_Manager.Source.Context.Campaign_State - DEBUG - add_region_snapshot - Region snapshot added: mission=M001 region=Donbas
2026-09-12 15:57:25,941 - Code.Dynamic_War_Manager.Source.Context.Campaign_State - DEBUG - add_region_snapshot - Region snapshot added: mission=M002 region=Donbas
2026-09-12 15:57:25,942 - Code.Dynamic_War_Manager.Source.Context.Campaign_State - INFO - save - CampaignState saved to /tmp/tmpiu4or_yc.json (2 missions).
2026-09-12 15:57:25,942 - Code.Dynamic_War_Manager.Source.Context.Campaign_State - INFO - load - CampaignState loaded from /tmp/tmpiu4or_yc.json (2 missions).
2026-09-12 15:57:25,942 - Code.Dynamic_War_Manager.Source.Context.Campaign_State - DEBUG - add_region_snapshot - Region snapshot added: mission=M001 region=Donbas
2026-09-12 15:57:25,943 - Code.Dynamic_War_Manager.Source.Context.Campaign_State - INFO - save - CampaignState saved to /tmp/tmpuva7wrs8.json (1 missions).
2026-09-12 15:57:25,943 - Code.Dynamic_War_Manager.Source.Context.Campaign_State - DEBUG - add_region_snapshot - Region snapshot added: mission=M001 region=Donbas
2026-09-12 15:57:25,943 - Code.Dynamic_War_Manager.Source.Context.Campaign_State - DEBUG - add_region_snapshot - Region snapshot added: mission=M001 region=Donbas
2026-09-12 15:57:25,943 - Code.Dynamic_War_Manager.Source.Context.Campaign_State - INFO - save - CampaignState saved to /tmp/tmppko3arrj.json (1 missions).
2026-09-12 15:57:25,943 - Code.Dynamic_War_Manager.Source.Context.Campaign_State - INFO - load - CampaignState loaded from /tmp/tmppko3arrj.json (1 missions).
2026-09-12 15:57:25,944 - Code.Dynamic_War_Manager.Source.Context.Campaign_State - DEBUG - add_region_snapshot - Region snapshot added: mission=M001 region=Donbas
2026-09-12 15:57:25,944 - Code.Dynamic_War_Manager.Source.Context.Campaign_State - INFO - save - CampaignState saved to /tmp/tmptxywnuo3.json (1 missions).
2026-09-12 15:57:25,944 - Code.Dynamic_War_Manager.Source.Context.Campaign_State - INFO - load - CampaignState loaded from /tmp/tmptxywnuo3.json (1 missions).
2026-09-12 15:57:25,944 - Code.Dynamic_War_Manager.Source.Context.Campaign_State - DEBUG - add_region_snapshot - Region snapshot added: mission=M001 region=Donbas
2026-09-12 15:57:25,944 - Code.Dynamic_War_Manager.Source.Context.Campaign_State - DEBUG - add_region_snapshot - Region snapshot added: mission=M001 region=Donbas
2026-09-12 15:57:25,944 - Code.Dynamic_War_Manager.Source.Context.Campaign_State - DEBUG - add_region_snapshot - Region snapshot added: mission=M002 region=Donbas
2026-09-12 15:57:25,945 - Code.Dynamic_War_Manager.Source.Context.Campaign_State - DEBUG - add_region_snapshot - Region snapshot added: mission=M001 region=Donbas
2026-09-12 15:57:25,945 - Code.Dynamic_War_Manager.Source.Context.Campaign_State - DEBUG - add_region_snapshot - Region snapshot added: mission=M001 region=Donbas
2026-09-12 15:57:25,945 - Code.Dynamic_War_Manager.Source.Context.Campaign_State - DEBUG - add_region_snapshot - Region snapshot added: mission=M002 region=Donbas
2026-09-12 15:57:25,945 - Code.Dynamic_War_Manager.Source.Context.Campaign_State - DEBUG - add_region_snapshot - Region snapshot added: mission=M001 region=Donbas
2026-09-12 15:57:25,945 - Code.Dynamic_War_Manager.Source.Context.Campaign_State - DEBUG - add_region_snapshot - Region snapshot added: mission=M001 region=Donbas
2026-09-12 15:57:25,945 - Code.Dynamic_War_Manager.Source.Context.Campaign_State - DEBUG - add_region_snapshot - Region snapshot added: mission=M001 region=Donbas
2026-09-12 15:57:25,945 - Code.Dynamic_War_Manager.Source.Context.Campaign_State - DEBUG - add_region_snapshot - Region snapshot added: mission=M001 region=Donbas
2026-09-12 15:57:25,945 - Code.Dynamic_War_Manager.Source.Context.Campaign_State - DEBUG - add_region_snapshot - Region snapshot added: mission=M001 region=Donbas
2026-09-12 15:57:25,946 - Code.Dynamic_War_Manager.Source.Context.Campaign_State - DEBUG - add_region_snapshot - Region snapshot added: mission=M002 region=Donbas
2026-09-12 15:57:25,946 - Code.Dynamic_War_Manager.Source.Context.Campaign_State - DEBUG - add_region_snapshot - Region snapshot added: mission=M001 region=Donbas
2026-09-12 15:57:25,946 - Code.Dynamic_War_Manager.Source.Context.Campaign_State - DEBUG - add_region_snapshot - Region snapshot added: mission=M001 region=Donbas
2026-09-12 15:57:25,946 - Code.Dynamic_War_Manager.Source.Context.Campaign_State - DEBUG - add_region_snapshot - Region snapshot added: mission=M001 region=Donbas
2026-09-12 15:57:25,946 - Code.Dynamic_War_Manager.Source.Context.Campaign_State - DEBUG - add_region_snapshot - Region snapshot added: mission=M001 region=Donbas
2026-09-12 15:57:25,946 - Code.Dynamic_War_Manager.Source.Context.Campaign_State - DEBUG - add_region_snapshot - Region snapshot added: mission=M001 region=Donbas
2026-09-12 15:57:25,946 - Code.Dynamic_War_Manager.Source.Context.Campaign_State - DEBUG - add_region_snapshot - Region snapshot added: mission=M001 region=Donbas
2026-09-12 15:57:25,947 - Code.Dynamic_War_Manager.Source.Context.Campaign_State - DEBUG - add_region_snapshot - Region snapshot added: mission=M002 region=Donbas
2026-09-12 15:57:25,947 - Code.Dynamic_War_Manager.Source.Context.Campaign_State - DEBUG - add_region_snapshot - Region snapshot added: mission=M001 region=Donbas
2026-09-12 15:57:25,947 - Code.Dynamic_War_Manager.Source.Context.Campaign_State - DEBUG - add_region_snapshot - Region snapshot added: mission=M002 region=Donbas
2026-09-12 15:57:25,947 - Code.Dynamic_War_Manager.Source.Context.Campaign_State - DEBUG - add_region_snapshot - Region snapshot added: mission=M001 region=Donbas
2026-09-12 15:57:25,947 - Code.Dynamic_War_Manager.Source.Context.Campaign_State - DEBUG - add_region_snapshot - Region snapshot added: mission=M001 region=Donbas
2026-09-12 15:57:25,947 - Code.Dynamic_War_Manager.Source.Context.Campaign_State - DEBUG - add_region_snapshot - Region snapshot added: mission=M001 region=Donbas
2026-09-12 15:57:25,947 - Code.Dynamic_War_Manager.Source.Context.Campaign_State - DEBUG - add_region_snapshot - Region snapshot added: mission=M001 region=Donbas
2026-09-12 15:57:25,948 - Code.Dynamic_War_Manager.Source.Context.Campaign_State - DEBUG - add_region_snapshot - Region snapshot added: mission=M001 region=Donbas
2026-09-12 15:57:25,948 - Code.Dynamic_War_Manager.Source.Context.Campaign_State - DEBUG - add_region_snapshot - Region snapshot added: mission=M001 region=Donbas
2026-09-12 15:57:25,948 - Code.Dynamic_War_Manager.Source.Context.Campaign_State - DEBUG - add_region_snapshot - Region snapshot added: mission=M001 region=Donbas
2026-09-12 15:57:25,948 - Code.Dynamic_War_Manager.Source.Context.Campaign_State - DEBUG - add_region_snapshot - Region snapshot added: mission=M001 region=Donbas
2026-09-12 15:57:25,948 - Code.Dynamic_War_Manager.Source.Context.Campaign_State - DEBUG - add_region_snapshot - Region snapshot added: mission=M001 region=Donbas
2026-09-12 15:57:25,948 - Code.Dynamic_War_Manager.Source.Context.Campaign_State - DEBUG - add_region_snapshot - Region snapshot added: mission=M001 region=Donbas
2026-09-12 15:57:25,949 - Code.Dynamic_War_Manager.Source.Context.Campaign_State - DEBUG - add_region_snapshot - Region snapshot added: mission=M001 region=Donbas
2026-09-12 15:57:25,949 - Code.Dynamic_War_Manager.Source.Context.Campaign_State - WARNING - restore - Region 'NonExistent' not in snapshot for mission 'M001'. Skipped.
2026-09-12 15:57:25,949 - Code.Dynamic_War_Manager.Source.Context.Campaign_State - DEBUG - add_region_snapshot - Region snapshot added: mission=M001 region=Donbas
2026-09-12 15:57:25,949 - Code.Dynamic_War_Manager.Source.Context.Campaign_State - DEBUG - add_region_snapshot - Region snapshot added: mission=M001 region=Donbas
2026-09-12 15:57:25,949 - Code.Dynamic_War_Manager.Source.Context.Campaign_State - DEBUG - add_region_snapshot - Region snapshot added: mission=M001 region=Donbas
2026-09-12 15:57:25,949 - Code.Dynamic_War_Manager.Source.Context.Campaign_State - DEBUG - add_region_snapshot - Region snapshot added: mission=M001 region=Donbas
2026-09-12 15:57:25,949 - Code.Dynamic_War_Manager.Source.Context.Campaign_State - DEBUG - add_region_snapshot - Region snapshot added: mission=M_SR region=Donbas
2026-09-12 15:57:25,950 - Code.Dynamic_War_Manager.Source.Context.Campaign_State - DEBUG - add_region_snapshot - Region snapshot added: mission=M001 region=Donbas
2026-09-12 15:57:25,950 - Code.Dynamic_War_Manager.Source.Context.Campaign_State - DEBUG - add_region_snapshot - Region snapshot added: mission=M001 region=Donbas
2026-09-12 15:57:25,950 - Code.Dynamic_War_Manager.Source.Context.Campaign_State - DEBUG - add_region_snapshot - Region snapshot added: mission=M001 region=Donbas
2026-09-12 15:57:25,950 - Code.Dynamic_War_Manager.Source.Context.Campaign_State - DEBUG - add_region_snapshot - Region snapshot added: mission=M003 region=Donbas
2026-09-12 15:57:25,950 - Code.Dynamic_War_Manager.Source.Context.Campaign_State - DEBUG - add_region_snapshot - Region snapshot added: mission=M001 region=Donbas
2026-09-12 15:57:25,950 - Code.Dynamic_War_Manager.Source.Context.Campaign_State - DEBUG - add_region_snapshot - Region snapshot added: mission=M001 region=Donbas
2026-09-12 15:57:25,950 - Code.Dynamic_War_Manager.Source.Context.Campaign_State - DEBUG - add_region_snapshot - Region snapshot added: mission=M001 region=Donbas
2026-09-12 15:57:25,950 - Code.Dynamic_War_Manager.Source.Context.Campaign_State - DEBUG - add_region_snapshot - Region snapshot added: mission=M001 region=Donbas
2026-09-12 15:57:25,951 - Code.Dynamic_War_Manager.Source.Context.Campaign_State - DEBUG - add_region_snapshot - Region snapshot added: mission=M001 region=Donbas
2026-09-12 15:57:25,951 - Code.Dynamic_War_Manager.Source.Context.Campaign_State - DEBUG - add_region_snapshot - Region snapshot added: mission=M001 region=Donbas
2026-09-12 15:57:25,951 - Code.Dynamic_War_Manager.Source.Context.Campaign_State - DEBUG - add_region_snapshot - Region snapshot added: mission=M001 region=Donbas
2026-09-12 15:57:25,951 - Code.Dynamic_War_Manager.Source.Context.Campaign_State - DEBUG - add_region_snapshot - Region snapshot added: mission=M001 region=Donbas
2026-09-12 15:57:25,951 - Code.Dynamic_War_Manager.Source.Context.Campaign_State - DEBUG - add_region_snapshot - Region snapshot added: mission=M002 region=Donbas
2026-09-12 15:57:25,951 - Code.Dynamic_War_Manager.Source.Context.Campaign_State - DEBUG - add_region_snapshot - Region snapshot added: mission=M001 region=Donbas
2026-09-12 15:57:25,951 - Code.Dynamic_War_Manager.Source.Context.Campaign_State - DEBUG - add_region_snapshot - Region snapshot added: mission=M001 region=Donbas
2026-09-12 15:57:25,951 - Code.Dynamic_War_Manager.Source.Context.Campaign_State - DEBUG - add_region_snapshot - Region snapshot added: mission=M001 region=Donbas
2026-09-12 15:57:25,952 - Code.Dynamic_War_Manager.Source.Context.Campaign_State - DEBUG - add_block_snapshot - Block snapshot added: mission=M001 region=North block=B1
2026-09-12 15:57:25,952 - Code.Dynamic_War_Manager.Source.Context.Campaign_State - DEBUG - add_block_snapshot - Block snapshot added: mission=M001 region=North block=B1
2026-09-12 15:57:25,952 - Code.Dynamic_War_Manager.Source.Context.Campaign_State - DEBUG - add_block_snapshot - Block snapshot added: mission=M001 region=North block=BLK_001
2026-09-12 15:57:25,953 - Code.Dynamic_War_Manager.Source.Context.Campaign_State - DEBUG - add_block_snapshot - Block snapshot added: mission=M001 region=South block=BLK_001
2026-09-12 15:57:25,953 - Code.Dynamic_War_Manager.Source.Context.Campaign_State - DEBUG - add_block_snapshot - Block snapshot added: mission=M001 region=North block=BLK_001
2026-09-12 15:57:25,953 - Code.Dynamic_War_Manager.Source.Context.Campaign_State - DEBUG - add_block_snapshot - Block snapshot added: mission=M001 region=North block=BLK_001
2026-09-12 15:57:25,953 - Code.Dynamic_War_Manager.Source.Context.Campaign_State - DEBUG - add_block_snapshot - Block snapshot added: mission=M001 region=North block=BLK_001
2026-09-12 15:57:25,953 - Code.Dynamic_War_Manager.Source.Context.Campaign_State - DEBUG - add_block_snapshot - Block snapshot added: mission=M001 region=North block=BLK_002
2026-09-12 15:57:25,953 - Code.Dynamic_War_Manager.Source.Context.Campaign_State - DEBUG - add_block_snapshot - Block snapshot added: mission=M001 region=North block=BLK_001
2026-09-12 15:57:25,953 - Code.Dynamic_War_Manager.Source.Context.Campaign_State - DEBUG - add_region_snapshot - Region snapshot added: mission=M001 region=Donbas
2026-09-12 15:57:25,953 - Code.Dynamic_War_Manager.Source.Context.Campaign_State - DEBUG - add_region_snapshot - Region snapshot added: mission=M001 region=Crimea
2026-09-12 15:57:25,953 - Code.Dynamic_War_Manager.Source.Context.Campaign_State - DEBUG - add_region_snapshot - Region snapshot added: mission=M001 region=Donbas
2026-09-12 15:57:25,954 - Code.Dynamic_War_Manager.Source.Context.Campaign_State - DEBUG - add_region_snapshot - Region snapshot added: mission=M001 region=Donbas
2026-09-12 15:57:25,954 - Code.Dynamic_War_Manager.Source.Context.Campaign_State - DEBUG - add_region_snapshot - Region snapshot added: mission=M001 region=Donbas
2026-09-12 16:21:51,458 - Code.Dynamic_War_Manager.Source.Context.Campaign_State - DEBUG - add_region_snapshot - Region snapshot added: mission=M001 region=Donbas
2026-09-12 16:21:51,459 - Code.Dynamic_War_Manager.Source.Context.Campaign_State - DEBUG - add_region_snapshot - Region snapshot added: mission=M001 region=Donbas
2026-09-12 16:21:51,459 - Code.Dynamic_War_Manager.Source.Context.Campaign_State - DEBUG - add_region_snapshot - Region snapshot added: mission=M002 region=Donbas
2026-09-12 16:21:51,459 - Code.Dynamic_War_Manager.Source.Context.Campaign_State - INFO - save - CampaignState saved to /tmp/tmpqf3osel9.json (2 missions).
2026-09-12 16:21:51,459 - Code.Dynamic_War_Manager.Source.Context.Campaign_State - INFO - load - CampaignState loaded from /tmp/tmpqf3osel9.json (2 missions).
2026-09-12 16:21:51,460 - Code.Dynamic_War_Manager.Source.Context.Campaign_State - DEBUG - add_region_snapshot - Region snapshot added: mission=M001 region=Donbas
2026-09-12 16:21:51,460 - Code.Dynamic_War_Manager.Source.Context.Campaign_State - INFO - save - CampaignState saved to /tmp/tmpnrndib7n.json (1 missions).
2026-09-12 16:21:51,460 - Code.Dynamic_War_Manager.Source.Context.Campaign_State - DEBUG - add_region_snapshot - Region snapshot added: mission=M001 region=Donbas
2026-09-12 16:21:51,460 - Code.Dynamic_War_Manager.Source.Context.Campaign_State - DEBUG - add_region_snapshot - Region snapshot added: mission=M001 region=Donbas
2026-09-12 16:21:51,460 - Code.Dynamic_War_Manager.Source.Context.Campaign_State - INFO - save - CampaignState saved to /tmp/tmp_2k49n64.json (1 missions).
2026-09-12 16:21:51,461 - Code.Dynamic_War_Manager.Source.Context.Campaign_State - INFO - load - CampaignState loaded from /tmp/tmp_2k49n64.json (1 missions).
2026-09-12 16:21:51,461 - Code.Dynamic_War_Manager.Source.Context.Campaign_State - DEBUG - add_region_snapshot - Region snapshot added: mission=M001 region=Donbas
2026-09-12 16:21:51,461 - Code.Dynamic_War_Manager.Source.Context.Campaign_State - INFO - save - CampaignState saved to /tmp/tmpb4o6btro.json (1 missions).
2026-09-12 16:21:51,461 - Code.Dynamic_War_Manager.Source.Context.Campaign_State - INFO - load - CampaignState loaded from /tmp/tmpb4o6btro.json (1 missions).
2026-09-12 16:21:51,461 - Code.Dynamic_War_Manager.Source.Context.Campaign_State - DEBUG - add_region_snapshot - Region snapshot added: mission=M001 region=Donbas
2026-09-12 16:21:51,462 - Code.Dynamic_War_Manager.Source.Context.Campaign_State - DEBUG - add_region_snapshot - Region snapshot added: mission=M001 region=Donbas
2026-09-12 16:21:51,462 - Code.Dynamic_War_Manager.Source.Context.Campaign_State - DEBUG - add_region_snapshot - Region snapshot added: mission=M002 region=Donbas
2026-09-12 16:21:51,462 - Code.Dynamic_War_Manager.Source.Context.Campaign_State - DEBUG - add_region_snapshot - Region snapshot added: mission=M001 region=Donbas
2026-09-12 16:21:51,462 - Code.Dynamic_War_Manager.Source.Context.Campaign_State - DEBUG - add_region_snapshot - Region snapshot added: mission=M001 region=Donbas
2026-09-12 16:21:51,462 - Code.Dynamic_War_Manager.Source.Context.Campaign_State - DEBUG - add_region_snapshot - Region snapshot added: mission=M002 region=Donbas
2026-09-12 16:21:51,462 - Code.Dynamic_War_Manager.Source.Context.Campaign_State - DEBUG - add_region_snapshot - Region snapshot added: mission=M001 region=Donbas
2026-09-12 16:21:51,462 - Code.Dynamic_War_Manager.Source.Context.Campaign_State - DEBUG - add_region_snapshot - Region snapshot added: mission=M001 region=Donbas
2026-09-12 16:21:51,462 - Code.Dynamic_War_Manager.Source.Context.Campaign_State - DEBUG - add_region_snapshot - Region snapshot added: mission=M001 region=Donbas
2026-09-12 16:21:51,463 - Code.Dynamic_War_Manager.Source.Context.Campaign_State - DEBUG - add_region_snapshot - Region snapshot added: mission=M001 region=Donbas
2026-09-12 16:21:51,463 - Code.Dynamic_War_Manager.Source.Context.Campaign_State - DEBUG - add_region_snapshot - Region snapshot added: mission=M001 region=Donbas
2026-09-12 16:21:51,463 - Code.Dynamic_War_Manager.Source.Context.Campaign_State - DEBUG - add_region_snapshot - Region snapshot added: mission=M002 region=Donbas
2026-09-12 16:21:51,463 - Code.Dynamic_War_Manager.Source.Context.Campaign_State - DEBUG - add_region_snapshot - Region snapshot added: mission=M001 region=Donbas
2026-09-12 16:21:51,463 - Code.Dynamic_War_Manager.Source.Context.Campaign_State - DEBUG - add_region_snapshot - Region snapshot added: mission=M001 region=Donbas
2026-09-12 16:21:51,463 - Code.Dynamic_War_Manager.Source.Context.Campaign_State - DEBUG - add_region_snapshot - Region snapshot added: mission=M001 region=Donbas
2026-09-12 16:21:51,463 - Code.Dynamic_War_Manager.Source.Context.Campaign_State - DEBUG - add_region_snapshot - Region snapshot added: mission=M001 region=Donbas
2026-09-12 16:21:51,464 - Code.Dynamic_War_Manager.Source.Context.Campaign_State - DEBUG - add_region_snapshot - Region snapshot added: mission=M001 region=Donbas
2026-09-12 16:21:51,464 - Code.Dynamic_War_Manager.Source.Context.Campaign_State - DEBUG - add_region_snapshot - Region snapshot added: mission=M001 region=Donbas
2026-09-12 16:21:51,464 - Code.Dynamic_War_Manager.Source.Context.Campaign_State - DEBUG - add_region_snapshot - Region snapshot added: mission=M002 region=Donbas
2026-09-12 16:21:51,464 - Code.Dynamic_War_Manager.Source.Context.Campaign_State - DEBUG - add_region_snapshot - Region snapshot added: mission=M001 region=Donbas
2026-09-12 16:21:51,464 - Code.Dynamic_War_Manager.Source.Context.Campaign_State - DEBUG - add_region_snapshot - Region snapshot added: mission=M002 region=Donbas
2026-09-12 16:21:51,464 - Code.Dynamic_War_Manager.Source.Context.Campaign_State - DEBUG - add_region_snapshot - Region snapshot added: mission=M001 region=Donbas
2026-09-12 16:21:51,464 - Code.Dynamic_War_Manager.Source.Context.Campaign_State - DEBUG - add_region_snapshot - Region snapshot added: mission=M001 region=Donbas
2026-09-12 16:21:51,465 - Code.Dynamic_War_Manager.Source.Context.Campaign_State - DEBUG - add_region_snapshot - Region snapshot added: mission=M001 region=Donbas
2026-09-12 16:21:51,465 - Code.Dynamic_War_Manager.Source.Context.Campaign_State - DEBUG - add_region_snapshot - Region snapshot added: mission=M001 region=Donbas
2026-09-12 16:21:51,465 - Code.Dynamic_War_Manager.Source.Context.Campaign_State - DEBUG - add_region_snapshot - Region snapshot added: mission=M001 region=Donbas
2026-09-12 16:21:51,465 - Code.Dynamic_War_Manager.Source.Context.Campaign_State - DEBUG - add_region_snapshot - Region snapshot added: mission=M001 region=Donbas
2026-09-12 16:21:51,465 - Code.Dynamic_War_Manager.Source.Context.Campaign_State - DEBUG - add_region_snapshot - Region snapshot added: mission=M001 region=Donbas
2026-09-12 16:21:51,465 - Code.Dynamic_War_Manager.Source.Context.Campaign_State - DEBUG - add_region_snapshot - Region snapshot added: mission=M001 region=Donbas
2026-09-12 16:21:51,466 - Code.Dynamic_War_Manager.Source.Context.Campaign_State - DEBUG - add_region_snapshot - Region snapshot added: mission=M001 region=Donbas
2026-09-12 16:21:51,466 - Code.Dynamic_War_Manager.Source.Context.Campaign_State - DEBUG - add_region_snapshot - Region snapshot added: mission=M001 region=Donbas
2026-09-12 16:21:51,466 - Code.Dynamic_War_Manager.Source.Context.Campaign_State - DEBUG - add_region_snapshot - Region snapshot added: mission=M001 region=Donbas
2026-09-12 16:21:51,466 - Code.Dynamic_War_Manager.Source.Context.Campaign_State - WARNING - restore - Region 'NonExistent' not in snapshot for mission 'M001'. Skipped.
2026-09-12 16:21:51,466 - Code.Dynamic_War_Manager.Source.Context.Campaign_State - DEBUG - add_region_snapshot - Region snapshot added: mission=M001 region=Donbas
2026-09-12 16:21:51,466 - Code.Dynamic_War_Manager.Source.Context.Campaign_State - DEBUG - add_region_snapshot - Region snapshot added: mission=M001 region=Donbas
2026-09-12 16:21:51,466 - Code.Dynamic_War_Manager.Source.Context.Campaign_State - DEBUG - add_region_snapshot - Region snapshot added: mission=M001 region=Donbas
2026-09-12 16:21:51,467 - Code.Dynamic_War_Manager.Source.Context.Campaign_State - DEBUG - add_region_snapshot - Region snapshot added: mission=M001 region=Donbas
2026-09-12 16:21:51,467 - Code.Dynamic_War_Manager.Source.Context.Campaign_State - DEBUG - add_region_snapshot - Region snapshot added: mission=M_SR region=Donbas
2026-09-12 16:21:51,467 - Code.Dynamic_War_Manager.Source.Context.Campaign_State - DEBUG - add_region_snapshot - Region snapshot added: mission=M001 region=Donbas
2026-09-12 16:21:51,467 - Code.Dynamic_War_Manager.Source.Context.Campaign_State - DEBUG - add_region_snapshot - Region snapshot added: mission=M001 region=Donbas
2026-09-12 16:21:51,467 - Code.Dynamic_War_Manager.Source.Context.Campaign_State - DEBUG - add_region_snapshot - Region snapshot added: mission=M001 region=Donbas
2026-09-12 16:21:51,467 - Code.Dynamic_War_Manager.Source.Context.Campaign_State - DEBUG - add_region_snapshot - Region snapshot added: mission=M003 region=Donbas
2026-09-12 16:21:51,467 - Code.Dynamic_War_Manager.Source.Context.Campaign_State - DEBUG - add_region_snapshot - Region snapshot added: mission=M001 region=Donbas
2026-09-12 16:21:51,467 - Code.Dynamic_War_Manager.Source.Context.Campaign_State - DEBUG - add_region_snapshot - Region snapshot added: mission=M001 region=Donbas
2026-09-12 16:21:51,467 - Code.Dynamic_War_Manager.Source.Context.Campaign_State - DEBUG - add_region_snapshot - Region snapshot added: mission=M001 region=Donbas
2026-09-12 16:21:51,468 - Code.Dynamic_War_Manager.Source.Context.Campaign_State - DEBUG - add_region_snapshot - Region snapshot added: mission=M001 region=Donbas
2026-09-12 16:21:51,468 - Code.Dynamic_War_Manager.Source.Context.Campaign_State - DEBUG - add_region_snapshot - Region snapshot added: mission=M001 region=Donbas
2026-09-12 16:21:51,468 - Code.Dynamic_War_Manager.Source.Context.Campaign_State - DEBUG - add_region_snapshot - Region snapshot added: mission=M001 region=Donbas
2026-09-12 16:21:51,468 - Code.Dynamic_War_Manager.Source.Context.Campaign_State - DEBUG - add_region_snapshot - Region snapshot added: mission=M001 region=Donbas
2026-09-12 16:21:51,468 - Code.Dynamic_War_Manager.Source.Context.Campaign_State - DEBUG - add_region_snapshot - Region snapshot added: mission=M001 region=Donbas
2026-09-12 16:21:51,468 - Code.Dynamic_War_Manager.Source.Context.Campaign_State - DEBUG - add_region_snapshot - Region snapshot added: mission=M002 region=Donbas
2026-09-12 16:21:51,468 - Code.Dynamic_War_Manager.Source.Context.Campaign_State - DEBUG - add_region_snapshot - Region snapshot added: mission=M001 region=Donbas
2026-09-12 16:21:51,469 - Code.Dynamic_War_Manager.Source.Context.Campaign_State - DEBUG - add_region_snapshot - Region snapshot added: mission=M001 region=Donbas
2026-09-12 16:21:51,469 - Code.Dynamic_War_Manager.Source.Context.Campaign_State - DEBUG - add_region_snapshot - Region snapshot added: mission=M001 region=Donbas
2026-09-12 16:21:51,469 - Code.Dynamic_War_Manager.Source.Context.Campaign_State - DEBUG - add_block_snapshot - Block snapshot added: mission=M001 region=North block=B1
2026-09-12 16:21:51,469 - Code.Dynamic_War_Manager.Source.Context.Campaign_State - DEBUG - add_block_snapshot - Block snapshot added: mission=M001 region=North block=B1
2026-09-12 16:21:51,470 - Code.Dynamic_War_Manager.Source.Context.Campaign_State - DEBUG - add_block_snapshot - Block snapshot added: mission=M001 region=North block=BLK_001
2026-09-12 16:21:51,470 - Code.Dynamic_War_Manager.Source.Context.Campaign_State - DEBUG - add_block_snapshot - Block snapshot added: mission=M001 region=South block=BLK_001
2026-09-12 16:21:51,470 - Code.Dynamic_War_Manager.Source.Context.Campaign_State - DEBUG - add_block_snapshot - Block snapshot added: mission=M001 region=North block=BLK_001
2026-09-12 16:21:51,470 - Code.Dynamic_War_Manager.Source.Context.Campaign_State - DEBUG - add_block_snapshot - Block snapshot added: mission=M001 region=North block=BLK_001
2026-09-12 16:21:51,470 - Code.Dynamic_War_Manager.Source.Context.Campaign_State - DEBUG - add_block_snapshot - Block snapshot added: mission=M001 region=North block=BLK_001
2026-09-12 16:21:51,470 - Code.Dynamic_War_Manager.Source.Context.Campaign_State - DEBUG - add_block_snapshot - Block snapshot added: mission=M001 region=North block=BLK_002
2026-09-12 16:21:51,470 - Code.Dynamic_War_Manager.Source.Context.Campaign_State - DEBUG - add_block_snapshot - Block snapshot added: mission=M001 region=North block=BLK_001
2026-09-12 16:21:51,470 - Code.Dynamic_War_Manager.Source.Context.Campaign_State - DEBUG - add_region_snapshot - Region snapshot added: mission=M001 region=Donbas
2026-09-12 16:21:51,470 - Code.Dynamic_War_Manager.Source.Context.Campaign_State - DEBUG - add_region_snapshot - Region snapshot added: mission=M001 region=Crimea
2026-09-12 16:21:51,471 - Code.Dynamic_War_Manager.Source.Context.Campaign_State - DEBUG - add_region_snapshot - Region snapshot added: mission=M001 region=Donbas
2026-09-12 16:21:51,471 - Code.Dynamic_War_Manager.Source.Context.Campaign_State - DEBUG - add_region_snapshot - Region snapshot added: mission=M001 region=Donbas
2026-09-12 16:21:51,471 - Code.Dynamic_War_Manager.Source.Context.Campaign_State - DEBUG - add_region_snapshot - Region snapshot added: mission=M001 region=Donbas
2026-09-12 17:00:02,780 - Code.Dynamic_War_Manager.Source.Context.Campaign_State - DEBUG - add_region_snapshot - Region snapshot added: mission=M001 region=Donbas
2026-09-12 17:00:02,781 - Code.Dynamic_War_Manager.Source.Context.Campaign_State - DEBUG - add_region_snapshot - Region snapshot added: mission=M001 region=Donbas
2026-09-12 17:00:02,781 - Code.Dynamic_War_Manager.Source.Context.Campaign_State - DEBUG - add_region_snapshot - Region snapshot added: mission=M002 region=Donbas
2026-09-12 17:00:02,781 - Code.Dynamic_War_Manager.Source.Context.Campaign_State - INFO - save - CampaignState saved to /tmp/tmpnb09k0bj.json (2 missions).
2026-09-12 17:00:02,781 - Code.Dynamic_War_Manager.Source.Context.Campaign_State - INFO - load - CampaignState loaded from /tmp/tmpnb09k0bj.json (2 missions).
2026-09-12 17:00:02,782 - Code.Dynamic_War_Manager.Source.Context.Campaign_State - DEBUG - add_region_snapshot - Region snapshot added: mission=M001 region=Donbas
2026-09-12 17:00:02,782 - Code.Dynamic_War_Manager.Source.Context.Campaign_State - INFO - save - CampaignState saved to /tmp/tmpbsryy66q.json (1 missions).
2026-09-12 17:00:02,782 - Code.Dynamic_War_Manager.Source.Context.Campaign_State - DEBUG - add_region_snapshot - Region snapshot added: mission=M001 region=Donbas
2026-09-12 17:00:02,782 - Code.Dynamic_War_Manager.Source.Context.Campaign_State - DEBUG - add_region_snapshot - Region snapshot added: mission=M001 region=Donbas
2026-09-12 17:00:02,782 - Code.Dynamic_War_Manager.Source.Context.Campaign_State - INFO - save - CampaignState saved to /tmp/tmpqhwfo77d.json (1 missions).
2026-09-12 17:00:02,783 - Code.Dynamic_War_Manager.Source.Context.Campaign_State - INFO - load - CampaignState loaded from /tmp/tmpqhwfo77d.json (1 missions).
2026-09-12 17:00:02,783 - Code.Dynamic_War_Manager.Source.Context.Campaign_State - DEBUG - add_region_snapshot - Region snapshot added: mission=M001 region=Donbas
2026-09-12 17:00:02,783 - Code.Dynamic_War_Manager.Source.Context.Campaign_State - INFO - save - CampaignState saved to /tmp/tmph5osl3s8.json (1 missions).
2026-09-12 17:00:02,783 - Code.Dynamic_War_Manager.Source.Context.Campaign_State - INFO - load - CampaignState loaded from /tmp/tmph5osl3s8.json (1 missions).
2026-09-12 17:00:02,783 - Code.Dynamic_War_Manager.Source.Context.Campaign_State - DEBUG - add_region_snapshot - Region snapshot added: mission=M001 region=Donbas
2026-09-12 17:00:02,783 - Code.Dynamic_War_Manager.Source.Context.Campaign_State - DEBUG - add_region_snapshot - Region snapshot added: mission=M001 region=Donbas
2026-09-12 17:00:02,784 - Code.Dynamic_War_Manager.Source.Context.Campaign_State - DEBUG - add_region_snapshot - Region snapshot added: mission=M002 region=Donbas
2026-09-12 17:00:02,784 - Code.Dynamic_War_Manager.Source.Context.Campaign_State - DEBUG - add_region_snapshot - Region snapshot added: mission=M001 region=Donbas
2026-09-12 17:00:02,784 - Code.Dynamic_War_Manager.Source.Context.Campaign_State - DEBUG - add_region_snapshot - Region snapshot added: mission=M001 region=Donbas
2026-09-12 17:00:02,784 - Code.Dynamic_War_Manager.Source.Context.Campaign_State - DEBUG - add_region_snapshot - Region snapshot added: mission=M002 region=Donbas
2026-09-12 17:00:02,784 - Code.Dynamic_War_Manager.Source.Context.Campaign_State - DEBUG - add_region_snapshot - Region snapshot added: mission=M001 region=Donbas
2026-09-12 17:00:02,784 - Code.Dynamic_War_Manager.Source.Context.Campaign_State - DEBUG - add_region_snapshot - Region snapshot added: mission=M001 region=Donbas
2026-09-12 17:00:02,784 - Code.Dynamic_War_Manager.Source.Context.Campaign_State - DEBUG - add_region_snapshot - Region snapshot added: mission=M001 region=Donbas
2026-09-12 17:00:02,785 - Code.Dynamic_War_Manager.Source.Context.Campaign_State - DEBUG - add_region_snapshot - Region snapshot added: mission=M001 region=Donbas
2026-09-12 17:00:02,785 - Code.Dynamic_War_Manager.Source.Context.Campaign_State - DEBUG - add_region_snapshot - Region snapshot added: mission=M001 region=Donbas
2026-09-12 17:00:02,785 - Code.Dynamic_War_Manager.Source.Context.Campaign_State - DEBUG - add_region_snapshot - Region snapshot added: mission=M002 region=Donbas
2026-09-12 17:00:02,785 - Code.Dynamic_War_Manager.Source.Context.Campaign_State - DEBUG - add_region_snapshot - Region snapshot added: mission=M001 region=Donbas
2026-09-12 17:00:02,785 - Code.Dynamic_War_Manager.Source.Context.Campaign_State - DEBUG - add_region_snapshot - Region snapshot added: mission=M001 region=Donbas
2026-09-12 17:00:02,785 - Code.Dynamic_War_Manager.Source.Context.Campaign_State - DEBUG - add_region_snapshot - Region snapshot added: mission=M001 region=Donbas
2026-09-12 17:00:02,785 - Code.Dynamic_War_Manager.Source.Context.Campaign_State - DEBUG - add_region_snapshot - Region snapshot added: mission=M001 region=Donbas
2026-09-12 17:00:02,785 - Code.Dynamic_War_Manager.Source.Context.Campaign_State - DEBUG - add_region_snapshot - Region snapshot added: mission=M001 region=Donbas
2026-09-12 17:00:02,786 - Code.Dynamic_War_Manager.Source.Context.Campaign_State - DEBUG - add_region_snapshot - Region snapshot added: mission=M001 region=Donbas
2026-09-12 17:00:02,786 - Code.Dynamic_War_Manager.Source.Context.Campaign_State - DEBUG - add_region_snapshot - Region snapshot added: mission=M002 region=Donbas
2026-09-12 17:00:02,786 - Code.Dynamic_War_Manager.Source.Context.Campaign_State - DEBUG - add_region_snapshot - Region snapshot added: mission=M001 region=Donbas
2026-09-12 17:00:02,786 - Code.Dynamic_War_Manager.Source.Context.Campaign_State - DEBUG - add_region_snapshot - Region snapshot added: mission=M002 region=Donbas
2026-09-12 17:00:02,786 - Code.Dynamic_War_Manager.Source.Context.Campaign_State - DEBUG - add_region_snapshot - Region snapshot added: mission=M001 region=Donbas
2026-09-12 17:00:02,786 - Code.Dynamic_War_Manager.Source.Context.Campaign_State - DEBUG - add_region_snapshot - Region snapshot added: mission=M001 region=Donbas
2026-09-12 17:00:02,786 - Code.Dynamic_War_Manager.Source.Context.Campaign_State - DEBUG - add_region_snapshot - Region snapshot added: mission=M001 region=Donbas
2026-09-12 17:00:02,787 - Code.Dynamic_War_Manager.Source.Context.Campaign_State - DEBUG - add_region_snapshot - Region snapshot added: mission=M001 region=Donbas
2026-09-12 17:00:02,787 - Code.Dynamic_War_Manager.Source.Context.Campaign_State - DEBUG - add_region_snapshot - Region snapshot added: mission=M001 region=Donbas
2026-09-12 17:00:02,787 - Code.Dynamic_War_Manager.Source.Context.Campaign_State - DEBUG - add_region_snapshot - Region snapshot added: mission=M001 region=Donbas
2026-09-12 17:00:02,787 - Code.Dynamic_War_Manager.Source.Context.Campaign_State - DEBUG - add_region_snapshot - Region snapshot added: mission=M001 region=Donbas
2026-09-12 17:00:02,787 - Code.Dynamic_War_Manager.Source.Context.Campaign_State - DEBUG - add_region_snapshot - Region snapshot added: mission=M001 region=Donbas
2026-09-12 17:00:02,787 - Code.Dynamic_War_Manager.Source.Context.Campaign_State - DEBUG - add_region_snapshot - Region snapshot added: mission=M001 region=Donbas
2026-09-12 17:00:02,788 - Code.Dynamic_War_Manager.Source.Context.Campaign_State - DEBUG - add_region_snapshot - Region snapshot added: mission=M001 region=Donbas
2026-09-12 17:00:02,788 - Code.Dynamic_War_Manager.Source.Context.Campaign_State - DEBUG - add_region_snapshot - Region snapshot added: mission=M001 region=Donbas
2026-09-12 17:00:02,788 - Code.Dynamic_War_Manager.Source.Context.Campaign_State - WARNING - restore - Region 'NonExistent' not in snapshot for mission 'M001'. Skipped.
2026-09-12 17:00:02,788 - Code.Dynamic_War_Manager.Source.Context.Campaign_State - DEBUG - add_region_snapshot - Region snapshot added: mission=M001 region=Donbas
2026-09-12 17:00:02,788 - Code.Dynamic_War_Manager.Source.Context.Campaign_State - DEBUG - add_region_snapshot - Region snapshot added: mission=M001 region=Donbas
2026-09-12 17:00:02,788 - Code.Dynamic_War_Manager.Source.Context.Campaign_State - DEBUG - add_region_snapshot - Region snapshot added: mission=M001 region=Donbas
2026-09-12 17:00:02,788 - Code.Dynamic_War_Manager.Source.Context.Campaign_State - DEBUG - add_region_snapshot - Region snapshot added: mission=M001 region=Donbas
2026-09-12 17:00:02,788 - Code.Dynamic_War_Manager.Source.Context.Campaign_State - DEBUG - add_region_snapshot - Region snapshot added: mission=M_SR region=Donbas
2026-09-12 17:00:02,789 - Code.Dynamic_War_Manager.Source.Context.Campaign_State - DEBUG - add_region_snapshot - Region snapshot added: mission=M001 region=Donbas
2026-09-12 17:00:02,789 - Code.Dynamic_War_Manager.Source.Context.Campaign_State - DEBUG - add_region_snapshot - Region snapshot added: mission=M001 region=Donbas
2026-09-12 17:00:02,789 - Code.Dynamic_War_Manager.Source.Context.Campaign_State - DEBUG - add_region_snapshot - Region snapshot added: mission=M001 region=Donbas
2026-09-12 17:00:02,789 - Code.Dynamic_War_Manager.Source.Context.Campaign_State - DEBUG - add_region_snapshot - Region snapshot added: mission=M003 region=Donbas
2026-09-12 17:00:02,789 - Code.Dynamic_War_Manager.Source.Context.Campaign_State - DEBUG - add_region_snapshot - Region snapshot added: mission=M001 region=Donbas
2026-09-12 17:00:02,789 - Code.Dynamic_War_Manager.Source.Context.Campaign_State - DEBUG - add_region_snapshot - Region snapshot added: mission=M001 region=Donbas
2026-09-12 17:00:02,789 - Code.Dynamic_War_Manager.Source.Context.Campaign_State - DEBUG - add_region_snapshot - Region snapshot added: mission=M001 region=Donbas
2026-09-12 17:00:02,790 - Code.Dynamic_War_Manager.Source.Context.Campaign_State - DEBUG - add_region_snapshot - Region snapshot added: mission=M001 region=Donbas
2026-09-12 17:00:02,790 - Code.Dynamic_War_Manager.Source.Context.Campaign_State - DEBUG - add_region_snapshot - Region snapshot added: mission=M001 region=Donbas
2026-09-12 17:00:02,790 - Code.Dynamic_War_Manager.Source.Context.Campaign_State - DEBUG - add_region_snapshot - Region snapshot added: mission=M001 region=Donbas
2026-09-12 17:00:02,790 - Code.Dynamic_War_Manager.Source.Context.Campaign_State - DEBUG - add_region_snapshot - Region snapshot added: mission=M001 region=Donbas
2026-09-12 17:00:02,790 - Code.Dynamic_War_Manager.Source.Context.Campaign_State - DEBUG - add_region_snapshot - Region snapshot added: mission=M001 region=Donbas
2026-09-12 17:00:02,790 - Code.Dynamic_War_Manager.Source.Context.Campaign_State - DEBUG - add_region_snapshot - Region snapshot added: mission=M002 region=Donbas
2026-09-12 17:00:02,790 - Code.Dynamic_War_Manager.Source.Context.Campaign_State - DEBUG - add_region_snapshot - Region snapshot added: mission=M001 region=Donbas
2026-09-12 17:00:02,790 - Code.Dynamic_War_Manager.Source.Context.Campaign_State - DEBUG - add_region_snapshot - Region snapshot added: mission=M001 region=Donbas
2026-09-12 17:00:02,791 - Code.Dynamic_War_Manager.Source.Context.Campaign_State - DEBUG - add_region_snapshot - Region snapshot added: mission=M001 region=Donbas
2026-09-12 17:00:02,791 - Code.Dynamic_War_Manager.Source.Context.Campaign_State - DEBUG - add_block_snapshot - Block snapshot added: mission=M001 region=North block=B1
2026-09-12 17:00:02,791 - Code.Dynamic_War_Manager.Source.Context.Campaign_State - DEBUG - add_block_snapshot - Block snapshot added: mission=M001 region=North block=B1
2026-09-12 17:00:02,791 - Code.Dynamic_War_Manager.Source.Context.Campaign_State - DEBUG - add_block_snapshot - Block snapshot added: mission=M001 region=North block=BLK_001
2026-09-12 17:00:02,792 - Code.Dynamic_War_Manager.Source.Context.Campaign_State - DEBUG - add_block_snapshot - Block snapshot added: mission=M001 region=South block=BLK_001
2026-09-12 17:00:02,792 - Code.Dynamic_War_Manager.Source.Context.Campaign_State - DEBUG - add_block_snapshot - Block snapshot added: mission=M001 region=North block=BLK_001
2026-09-12 17:00:02,792 - Code.Dynamic_War_Manager.Source.Context.Campaign_State - DEBUG - add_block_snapshot - Block snapshot added: mission=M001 region=North block=BLK_001
2026-09-12 17:00:02,792 - Code.Dynamic_War_Manager.Source.Context.Campaign_State - DEBUG - add_block_snapshot - Block snapshot added: mission=M001 region=North block=BLK_001
2026-09-12 17:00:02,792 - Code.Dynamic_War_Manager.Source.Context.Campaign_State - DEBUG - add_block_snapshot - Block snapshot added: mission=M001 region=North block=BLK_002
2026-09-12 17:00:02,792 - Code.Dynamic_War_Manager.Source.Context.Campaign_State - DEBUG - add_block_snapshot - Block snapshot added: mission=M001 region=North block=BLK_001
2026-09-12 17:00:02,792 - Code.Dynamic_War_Manager.Source.Context.Campaign_State - DEBUG - add_region_snapshot - Region snapshot added: mission=M001 region=Donbas
2026-09-12 17:00:02,792 - Code.Dynamic_War_Manager.Source.Context.Campaign_State - DEBUG - add_region_snapshot - Region snapshot added: mission=M001 region=Crimea
2026-09-12 17:00:02,792 - Code.Dynamic_War_Manager.Source.Context.Campaign_State - DEBUG - add_region_snapshot - Region snapshot added: mission=M001 region=Donbas
2026-09-12 17:00:02,793 - Code.Dynamic_War_Manager.Source.Context.Campaign_State - DEBUG - add_region_snapshot - Region snapshot added: mission=M001 region=Donbas
2026-09-12 17:00:02,793 - Code.Dynamic_War_Manager.Source.Context.Campaign_State - DEBUG - add_region_snapshot - Region snapshot added: mission=M001 region=Donbas
