mission_file_path	=	"./Mods/campaigns/Fw 190 A-8 Horrido/Horrido - 10.miz"
callsign	=	"New callsign"
graveyard = 
{
	[1] = 
	{
		coalition	=	"red",
		x	=	-23716.486328125,
		country	=	0,
		heading	=	1.0421507994281,
		alt	=	8.9238061904907,
		y	=	85910.2734375,
		type	=	"Bf-109K-4",
	}, -- end of [1]
	[2] = 
	{
		coalition	=	"red",
		x	=	-23638.072265625,
		country	=	0,
		heading	=	5.2807504574405,
		alt	=	14.112040519714,
		y	=	85244.828125,
		type	=	"Bf-109K-4",
	}, -- end of [2]
	[3] = 
	{
		coalition	=	"blue",
		x	=	-21604.708984375,
		country	=	0,
		heading	=	4.2632060686695,
		alt	=	17.325609207153,
		y	=	84958.390625,
		type	=	"P-51D",
	}, -- end of [3]
	[4] = 
	{
		coalition	=	"red",
		x	=	-29678.318359375,
		country	=	66,
		heading	=	1.5009830633747,
		alt	=	16.001014709473,
		y	=	74291.4921875,
		type	=	"Blitz_36-6700A",
	}, -- end of [4]
	[5] = 
	{
		coalition	=	"red",
		x	=	-37937.78515625,
		country	=	0,
		heading	=	3.5089197794544,
		alt	=	24.608409881592,
		y	=	68028.1796875,
		type	=	"FW-190A8",
	}, -- end of [5]
	[6] = 
	{
		coalition	=	"red",
		x	=	-29748.947265625,
		country	=	66,
		heading	=	4.852015439664,
		alt	=	16.001014709473,
		y	=	74273.3671875,
		type	=	"Kubelwagen_82",
	}, -- end of [6]
	[7] = 
	{
		coalition	=	"red",
		x	=	-29515.576171875,
		country	=	66,
		heading	=	4.0142574946033,
		alt	=	16.001014709473,
		y	=	74521.453125,
		type	=	"Horch_901_typ_40_kfz_21",
	}, -- end of [7]
	[8] = 
	{
		coalition	=	"red",
		x	=	-29583.62890625,
		country	=	66,
		heading	=	4.7123889366733,
		alt	=	16.001014709473,
		y	=	74514.8515625,
		type	=	"Blitz_36-6700A",
	}, -- end of [8]
	[9] = 
	{
		coalition	=	"red",
		x	=	-29492.3203125,
		country	=	66,
		heading	=	4.7647489945041,
		alt	=	16.001014709473,
		y	=	74478.546875,
		type	=	"Blitz_36-6700A",
	}, -- end of [9]
} -- end of graveyard
world_state = 
{
	[1] = 
	{
		alt	=	16.001014709473,
		type	=	"Blitz_36-6700A",
		country	=	66,
		hidden	=	false,
		y	=	74291.4921875,
		x	=	-29678.318359375,
		heading	=	1.5009830633747,
		coalition	=	"red",
		unitId	=	396,
		dead	=	true,
	}, -- end of [1]
	[2] = 
	{
		alt	=	16.001014709473,
		type	=	"Kubelwagen_82",
		country	=	66,
		hidden	=	false,
		y	=	74273.3671875,
		x	=	-29748.947265625,
		heading	=	4.852015439664,
		coalition	=	"red",
		unitId	=	397,
		dead	=	true,
	}, -- end of [2]
	[3] = 
	{
		alt	=	16.001014709473,
		type	=	"Horch_901_typ_40_kfz_21",
		country	=	66,
		hidden	=	false,
		y	=	74521.453125,
		x	=	-29515.576171875,
		heading	=	4.0142574946033,
		coalition	=	"red",
		unitId	=	419,
		dead	=	true,
	}, -- end of [3]
	[4] = 
	{
		alt	=	16.001014709473,
		type	=	"Blitz_36-6700A",
		country	=	66,
		hidden	=	false,
		y	=	74514.8515625,
		x	=	-29583.62890625,
		heading	=	4.7123889366733,
		coalition	=	"red",
		unitId	=	628,
		dead	=	true,
	}, -- end of [4]
	[5] = 
	{
		alt	=	16.001014709473,
		type	=	"Blitz_36-6700A",
		country	=	66,
		hidden	=	false,
		y	=	74478.546875,
		x	=	-29492.3203125,
		heading	=	4.7647489945041,
		coalition	=	"red",
		unitId	=	665,
		dead	=	true,
	}, -- end of [5]
	[6] = 
	{
		alt	=	16.000015258789,
		type	=	"Ju-88A4",
		country	=	66,
		hidden	=	false,
		y	=	74033.75,
		x	=	-29812.125,
		heading	=	2.4783673922168,
		coalition	=	"red",
		unitId	=	100,
		dead	=	true,
	}, -- end of [6]
	[7] = 
	{
		alt	=	16.200016021729,
		type	=	"FW-190A8",
		country	=	66,
		hidden	=	false,
		y	=	74346.0859375,
		x	=	-29740.05078125,
		heading	=	5.4105205575572,
		coalition	=	"red",
		unitId	=	372,
		dead	=	true,
	}, -- end of [7]
	[8] = 
	{
		alt	=	17.483903884888,
		type	=	"Bf-109K-4",
		country	=	66,
		hidden	=	false,
		y	=	73959.8515625,
		x	=	-29082.8046875,
		heading	=	1.57079631487,
		coalition	=	"red",
		unitId	=	379,
		dead	=	false,
	}, -- end of [8]
	[9] = 
	{
		alt	=	18.478355407715,
		type	=	"Ju-88A4",
		country	=	66,
		hidden	=	false,
		y	=	75123.0625,
		x	=	-28204.28125,
		heading	=	0.82030469575991,
		coalition	=	"red",
		unitId	=	382,
		dead	=	false,
	}, -- end of [9]
	[10] = 
	{
		alt	=	16.200016021729,
		type	=	"FW-190A8",
		country	=	66,
		hidden	=	false,
		y	=	74247.96875,
		x	=	-29690.625,
		heading	=	2.4783673922168,
		coalition	=	"red",
		unitId	=	393,
		dead	=	true,
	}, -- end of [10]
	[11] = 
	{
		alt	=	16.200016021729,
		type	=	"FW-190A8",
		country	=	66,
		hidden	=	false,
		y	=	74133.25,
		x	=	-29825.4140625,
		heading	=	1.0995572249042,
		coalition	=	"red",
		unitId	=	557,
		dead	=	true,
	}, -- end of [11]
	[12] = 
	{
		alt	=	16.200016021729,
		type	=	"FW-190A8",
		country	=	66,
		hidden	=	false,
		y	=	74632.3515625,
		x	=	-29512.28515625,
		heading	=	5.8468527833568,
		coalition	=	"red",
		unitId	=	596,
		dead	=	true,
	}, -- end of [12]
	[13] = 
	{
		alt	=	16.000015258789,
		type	=	"Cow",
		country	=	66,
		hidden	=	false,
		y	=	74272.78125,
		x	=	-29775.7109375,
		heading	=	5.0963615814792,
		coalition	=	"red",
		unitId	=	635,
		dead	=	false,
	}, -- end of [13]
	[14] = 
	{
		alt	=	16.000015258789,
		type	=	"Cow",
		country	=	66,
		hidden	=	false,
		y	=	74269.21875,
		x	=	-29771.078125,
		heading	=	5.3407073060619,
		coalition	=	"red",
		unitId	=	636,
		dead	=	false,
	}, -- end of [14]
	[15] = 
	{
		alt	=	16.000015258789,
		type	=	"Cow",
		country	=	66,
		hidden	=	false,
		y	=	74281.9140625,
		x	=	-29770.388671875,
		heading	=	3.5081117788898,
		coalition	=	"red",
		unitId	=	637,
		dead	=	false,
	}, -- end of [15]
	[16] = 
	{
		alt	=	17.737525939941,
		type	=	"FW-190A8",
		country	=	66,
		hidden	=	false,
		y	=	74597.9140625,
		x	=	-29527.681640625,
		heading	=	5.8468527833568,
		coalition	=	"red",
		unitId	=	646,
		dead	=	false,
	}, -- end of [16]
	[17] = 
	{
		alt	=	16.200016021729,
		type	=	"FW-190A8",
		country	=	66,
		hidden	=	false,
		y	=	74402.359375,
		x	=	-29584.962890625,
		heading	=	2.8797929922687,
		coalition	=	"red",
		unitId	=	647,
		dead	=	true,
	}, -- end of [17]
	[18] = 
	{
		alt	=	18.478355407715,
		type	=	"Ju-88A4",
		country	=	66,
		hidden	=	false,
		y	=	73913.4609375,
		x	=	-29848.91796875,
		heading	=	2.4783673922168,
		coalition	=	"red",
		unitId	=	650,
		dead	=	false,
	}, -- end of [18]
	[19] = 
	{
		alt	=	16.200016021729,
		type	=	"Bf-109K-4",
		country	=	66,
		hidden	=	false,
		y	=	73918.484375,
		x	=	-28938.02734375,
		heading	=	1.57079631487,
		coalition	=	"red",
		unitId	=	651,
		dead	=	true,
	}, -- end of [19]
	[20] = 
	{
		alt	=	17.483903884888,
		type	=	"Bf-109K-4",
		country	=	66,
		hidden	=	false,
		y	=	73889.53125,
		x	=	-28787.732421875,
		heading	=	1.57079631487,
		coalition	=	"red",
		unitId	=	652,
		dead	=	false,
	}, -- end of [20]
	[21] = 
	{
		alt	=	17.483903884888,
		type	=	"Bf-109K-4",
		country	=	66,
		hidden	=	false,
		y	=	73656.5078125,
		x	=	-28687.078125,
		heading	=	5.8119463960277,
		coalition	=	"red",
		unitId	=	653,
		dead	=	false,
	}, -- end of [21]
	[22] = 
	{
		alt	=	18.478355407715,
		type	=	"Ju-88A4",
		country	=	66,
		hidden	=	false,
		y	=	74250.7890625,
		x	=	-28831.85546875,
		heading	=	1.7976887861835,
		coalition	=	"red",
		unitId	=	654,
		dead	=	false,
	}, -- end of [22]
	[23] = 
	{
		alt	=	18.478355407715,
		type	=	"Ju-88A4",
		country	=	66,
		hidden	=	false,
		y	=	74417.625,
		x	=	-28939.40625,
		heading	=	4.8869218269931,
		coalition	=	"red",
		unitId	=	655,
		dead	=	false,
	}, -- end of [23]
	[24] = 
	{
		alt	=	17.737525939941,
		type	=	"FW-190A8",
		country	=	66,
		hidden	=	false,
		y	=	74540.828125,
		x	=	-29493.92578125,
		heading	=	2.8448866049396,
		coalition	=	"red",
		unitId	=	666,
		dead	=	false,
	}, -- end of [24]
	[25] = 
	{
		alt	=	17.737525939941,
		type	=	"FW-190A8",
		country	=	66,
		hidden	=	false,
		y	=	74669.7265625,
		x	=	-29498.4765625,
		heading	=	5.8468527833568,
		coalition	=	"red",
		unitId	=	667,
		dead	=	false,
	}, -- end of [25]
	[26] = 
	{
		alt	=	18.478355407715,
		type	=	"Ju-88A4",
		country	=	66,
		hidden	=	false,
		y	=	73435.921875,
		x	=	-28788.47265625,
		heading	=	5.8643064240562,
		coalition	=	"red",
		unitId	=	668,
		dead	=	false,
	}, -- end of [26]
	[27] = 
	{
		alt	=	16.000015258789,
		type	=	"Cargo03",
		country	=	66,
		hidden	=	false,
		y	=	74336.5390625,
		x	=	-29638.330078125,
		heading	=	5.8119463960277,
		coalition	=	"red",
		unitId	=	702,
		dead	=	false,
	}, -- end of [27]
	[28] = 
	{
		alt	=	16.000015258789,
		type	=	"Cargo03",
		country	=	66,
		hidden	=	false,
		y	=	74438.3203125,
		x	=	-29531.857421875,
		heading	=	5.8119463960277,
		coalition	=	"red",
		unitId	=	703,
		dead	=	false,
	}, -- end of [28]
	[29] = 
	{
		alt	=	16.000015258789,
		type	=	"Cargo05",
		country	=	66,
		hidden	=	false,
		y	=	74461.4453125,
		x	=	-29527.38671875,
		heading	=	5.8119463960277,
		coalition	=	"red",
		unitId	=	704,
		dead	=	false,
	}, -- end of [29]
	[30] = 
	{
		alt	=	16.000015258789,
		type	=	"Cargo05",
		country	=	66,
		hidden	=	false,
		y	=	74567.203125,
		x	=	-29527.73828125,
		heading	=	5.8119463960277,
		coalition	=	"red",
		unitId	=	705,
		dead	=	false,
	}, -- end of [30]
	[31] = 
	{
		alt	=	16.000015258789,
		type	=	"Cargo05",
		country	=	66,
		hidden	=	false,
		y	=	74603.015625,
		x	=	-29512.509765625,
		heading	=	5.8119463960277,
		coalition	=	"red",
		unitId	=	706,
		dead	=	false,
	}, -- end of [31]
	[32] = 
	{
		alt	=	16.001014709473,
		type	=	"Kubelwagen_82",
		country	=	66,
		hidden	=	false,
		coalition	=	"red",
		life	=	2,
		heading	=	0.62831813493838,
		y	=	73932.5546875,
		speed	=	0,
		x	=	-29198.583984375,
		unitId	=	6,
		dead	=	false,
	}, -- end of [32]
	[33] = 
	{
		alt	=	16.001014709473,
		type	=	"Blitz_36-6700A",
		country	=	66,
		hidden	=	false,
		coalition	=	"red",
		life	=	3,
		heading	=	5.8643064538585,
		y	=	74433.5234375,
		speed	=	0,
		x	=	-29530.380859375,
		unitId	=	391,
		dead	=	false,
	}, -- end of [33]
	[34] = 
	{
		alt	=	16.001014709473,
		type	=	"Blitz_36-6700A",
		country	=	66,
		hidden	=	false,
		coalition	=	"red",
		life	=	3,
		heading	=	4.7647489945041,
		y	=	74327.84375,
		speed	=	0,
		x	=	-29641.185546875,
		unitId	=	395,
		dead	=	false,
	}, -- end of [34]
	[35] = 
	{
		alt	=	16.001014709473,
		type	=	"soldier_mauser98",
		country	=	66,
		hidden	=	false,
		coalition	=	"red",
		life	=	1.0199999809265,
		heading	=	0.1047194639789,
		y	=	74267.859375,
		speed	=	0,
		x	=	-29750.412109375,
		unitId	=	407,
		dead	=	false,
	}, -- end of [35]
	[36] = 
	{
		alt	=	16.001014709473,
		type	=	"soldier_mauser98",
		country	=	66,
		hidden	=	false,
		coalition	=	"red",
		life	=	1.0199999809265,
		heading	=	1.7453292051898,
		y	=	74222.0625,
		speed	=	0,
		x	=	-29724.40234375,
		unitId	=	408,
		dead	=	false,
	}, -- end of [36]
	[37] = 
	{
		alt	=	16.001014709473,
		type	=	"soldier_mauser98",
		country	=	66,
		hidden	=	false,
		coalition	=	"red",
		life	=	1.0199999809265,
		heading	=	1.3962634245502,
		y	=	74463.3828125,
		speed	=	0,
		x	=	-29522.84765625,
		unitId	=	409,
		dead	=	false,
	}, -- end of [37]
	[38] = 
	{
		alt	=	16.001014709473,
		type	=	"Blitz_36-6700A",
		country	=	66,
		hidden	=	false,
		coalition	=	"red",
		life	=	3,
		heading	=	2.5132740179645,
		y	=	74220.0078125,
		speed	=	0,
		x	=	-29718.923828125,
		unitId	=	627,
		dead	=	false,
	}, -- end of [38]
	[39] = 
	{
		alt	=	16.001014709473,
		type	=	"soldier_mauser98",
		country	=	66,
		hidden	=	false,
		coalition	=	"red",
		life	=	1.0199999809265,
		heading	=	0.19198590913881,
		y	=	74439.2578125,
		speed	=	0,
		x	=	-29527.306640625,
		unitId	=	658,
		dead	=	false,
	}, -- end of [39]
	[40] = 
	{
		alt	=	16.001014709473,
		type	=	"soldier_mauser98",
		country	=	66,
		hidden	=	false,
		coalition	=	"red",
		life	=	1.0199999809265,
		heading	=	6.2831853071796,
		y	=	74555.453125,
		speed	=	0,
		x	=	-29554.322265625,
		unitId	=	659,
		dead	=	false,
	}, -- end of [40]
	[41] = 
	{
		alt	=	16.001014709473,
		type	=	"soldier_mauser98",
		country	=	66,
		hidden	=	false,
		coalition	=	"red",
		life	=	1.0199999809265,
		heading	=	3.0543261210071,
		y	=	74226.171875,
		speed	=	0,
		x	=	-29720.865234375,
		unitId	=	660,
		dead	=	false,
	}, -- end of [41]
	[42] = 
	{
		alt	=	16.001014709473,
		type	=	"Blitz_36-6700A",
		country	=	66,
		hidden	=	false,
		coalition	=	"red",
		life	=	3,
		heading	=	4.9392820040332,
		y	=	74546.984375,
		speed	=	0,
		x	=	-29563.666015625,
		unitId	=	662,
		dead	=	false,
	}, -- end of [42]
	[43] = 
	{
		alt	=	316.9241027832,
		N_obj	=	1,
		dead	=	false,
		type	=	"Bf-109K-4",
		unitId	=	358,
		heading	=	5.4201276342021,
		y	=	71800.953125,
		hidden	=	true,
		country	=	66,
		coalition	=	"red",
		life	=	18,
		x	=	-20615.734375,
		payload = 
		{
			pylons = 
			{
				[1] = 
				{
					CLSID	=	"BF109K_4_FUEL_TANK",
				}, -- end of [1]
			}, -- end of pylons
			fuel	=	296,
			flare	=	0,
			ammo_type	=	1,
			chaff	=	0,
			gun	=	100,
		}, -- end of payload
		goto	=	1,
		inAir	=	true,
		groupId	=	171,
		speed	=	133.6104888916,
	}, -- end of [43]
	[44] = 
	{
		alt	=	316.92599487305,
		N_obj	=	3,
		dead	=	false,
		type	=	"Bf-109K-4",
		unitId	=	360,
		heading	=	5.4201020638095,
		y	=	71952.8359375,
		hidden	=	true,
		country	=	66,
		coalition	=	"red",
		life	=	18,
		x	=	-20592.0390625,
		payload = 
		{
			pylons = 
			{
				[1] = 
				{
					CLSID	=	"BF109K_4_FUEL_TANK",
				}, -- end of [1]
			}, -- end of pylons
			fuel	=	296,
			flare	=	0,
			ammo_type	=	1,
			chaff	=	0,
			gun	=	100,
		}, -- end of payload
		goto	=	1,
		inAir	=	true,
		groupId	=	171,
		speed	=	133.96667480469,
	}, -- end of [44]
	[45] = 
	{
		alt	=	1524.0050048828,
		N_obj	=	1,
		dead	=	false,
		type	=	"Bf-109K-4",
		unitId	=	362,
		heading	=	1.1853955427753,
		y	=	79204.84375,
		hidden	=	true,
		country	=	66,
		coalition	=	"red",
		life	=	18,
		x	=	-28967.439453125,
		payload = 
		{
			pylons = 
			{
				[1] = 
				{
					CLSID	=	"BF109K_4_FUEL_TANK",
				}, -- end of [1]
			}, -- end of pylons
			fuel	=	296,
			flare	=	0,
			ammo_type	=	1,
			chaff	=	0,
			gun	=	100,
		}, -- end of payload
		goto	=	1,
		inAir	=	true,
		groupId	=	172,
		speed	=	133.61126708984,
	}, -- end of [45]
	[46] = 
	{
		alt	=	1525.2158203125,
		N_obj	=	2,
		dead	=	false,
		type	=	"Bf-109K-4",
		unitId	=	363,
		heading	=	1.1853950659381,
		y	=	79156.0625,
		hidden	=	true,
		country	=	66,
		coalition	=	"red",
		life	=	18,
		x	=	-29113.21484375,
		payload = 
		{
			pylons = 
			{
				[1] = 
				{
					CLSID	=	"BF109K_4_FUEL_TANK",
				}, -- end of [1]
			}, -- end of pylons
			fuel	=	296,
			flare	=	0,
			ammo_type	=	1,
			chaff	=	0,
			gun	=	100,
		}, -- end of payload
		goto	=	1,
		inAir	=	true,
		groupId	=	172,
		speed	=	133.98594665527,
	}, -- end of [46]
	[47] = 
	{
		alt	=	1522.4478759766,
		N_obj	=	3,
		dead	=	false,
		type	=	"Bf-109K-4",
		unitId	=	364,
		heading	=	1.1853950659381,
		y	=	79068.09375,
		hidden	=	true,
		country	=	66,
		coalition	=	"red",
		life	=	18,
		x	=	-28896.9296875,
		payload = 
		{
			pylons = 
			{
				[1] = 
				{
					CLSID	=	"BF109K_4_FUEL_TANK",
				}, -- end of [1]
			}, -- end of pylons
			fuel	=	296,
			flare	=	0,
			ammo_type	=	1,
			chaff	=	0,
			gun	=	100,
		}, -- end of payload
		goto	=	1,
		inAir	=	true,
		groupId	=	172,
		speed	=	133.81201171875,
	}, -- end of [47]
	[48] = 
	{
		alt	=	1520.7922363281,
		type	=	"Bf-109K-4",
		heading	=	1.1853955427753,
		country	=	66,
		y	=	78929.7109375,
		x	=	-28827.0859375,
		hidden	=	true,
		groupId	=	172,
		coalition	=	"red",
		life	=	18,
		unitId	=	365,
		payload = 
		{
			pylons = 
			{
				[1] = 
				{
					CLSID	=	"BF109K_4_FUEL_TANK",
				}, -- end of [1]
			}, -- end of pylons
			fuel	=	296,
			flare	=	0,
			ammo_type	=	1,
			chaff	=	0,
			gun	=	100,
		}, -- end of payload
		speed	=	132.67512512207,
		inAir	=	true,
		N_obj	=	4,
		dead	=	false,
	}, -- end of [48]
	[49] = 
	{
		alt	=	18.478355407715,
		type	=	"Ju-88A4",
		heading	=	4.1068349520313,
		country	=	66,
		y	=	74242.953125,
		x	=	-29737.4453125,
		hidden	=	false,
		unitId	=	611,
		coalition	=	"red",
		life	=	18,
		groupId	=	297,
		payload = 
		{
			pylons = 	{},
			fuel	=	2093,
			flare	=	0,
			chaff	=	0,
			gun	=	100,
		}, -- end of payload
		speed	=	0,
		goto	=	1,
		N_obj	=	1,
		dead	=	false,
	}, -- end of [49]
	[50] = 
	{
		alt	=	8.1147890090942,
		type	=	"flak36",
		country	=	66,
		heading	=	5.0440016428577,
		hidden	=	false,
		y	=	58658.6484375,
		coalition	=	"red",
		life	=	2,
		x	=	18922.951171875,
		groupId	=	104,
		speed	=	0,
		unitId	=	160,
		N_obj	=	1,
		dead	=	false,
	}, -- end of [50]
	[51] = 
	{
		alt	=	8.3625841140747,
		type	=	"flak36",
		country	=	66,
		heading	=	5.0440016428577,
		hidden	=	false,
		y	=	58716.484375,
		coalition	=	"red",
		life	=	2,
		x	=	18955.484375,
		groupId	=	104,
		speed	=	0,
		unitId	=	161,
		N_obj	=	2,
		dead	=	false,
	}, -- end of [51]
	[52] = 
	{
		alt	=	7.8298597335815,
		type	=	"flak36",
		country	=	66,
		heading	=	5.0440015236484,
		hidden	=	false,
		y	=	58662.26171875,
		coalition	=	"red",
		life	=	2,
		x	=	18870.5390625,
		groupId	=	104,
		speed	=	0,
		unitId	=	162,
		N_obj	=	3,
		dead	=	false,
	}, -- end of [52]
	[53] = 
	{
		alt	=	8.5825119018555,
		type	=	"flak36",
		country	=	66,
		heading	=	5.0440015236484,
		hidden	=	false,
		y	=	58696.6015625,
		coalition	=	"red",
		life	=	2,
		x	=	18841.62109375,
		groupId	=	104,
		speed	=	0,
		unitId	=	163,
		N_obj	=	4,
		dead	=	false,
	}, -- end of [53]
	[54] = 
	{
		alt	=	8.6939249038696,
		type	=	"flak36",
		country	=	66,
		heading	=	5.0440015236484,
		hidden	=	false,
		y	=	58777.93359375,
		coalition	=	"red",
		life	=	2,
		x	=	18935.603515625,
		groupId	=	104,
		speed	=	0,
		unitId	=	164,
		N_obj	=	5,
		dead	=	false,
	}, -- end of [54]
	[55] = 
	{
		alt	=	9.1786623001099,
		type	=	"flak36",
		country	=	66,
		heading	=	5.0440016428577,
		hidden	=	false,
		y	=	58765.28125,
		coalition	=	"red",
		life	=	2,
		x	=	18843.427734375,
		groupId	=	104,
		speed	=	0,
		unitId	=	165,
		N_obj	=	6,
		dead	=	false,
	}, -- end of [55]
	[56] = 
	{
		alt	=	9.2739610671997,
		type	=	"flak36",
		country	=	66,
		heading	=	5.0440016428577,
		hidden	=	false,
		y	=	58814.08203125,
		coalition	=	"red",
		life	=	2,
		x	=	18881.3828125,
		groupId	=	104,
		speed	=	0,
		unitId	=	166,
		N_obj	=	7,
		dead	=	false,
	}, -- end of [56]
	[57] = 
	{
		alt	=	8.3178014755249,
		type	=	"flak36",
		country	=	66,
		heading	=	5.0440016428577,
		hidden	=	false,
		y	=	58736.36328125,
		coalition	=	"red",
		life	=	2,
		x	=	18894.033203125,
		groupId	=	104,
		speed	=	0,
		unitId	=	167,
		N_obj	=	8,
		dead	=	false,
	}, -- end of [57]
	[58] = 
	{
		alt	=	16.001014709473,
		type	=	"Kubelwagen_82",
		country	=	66,
		heading	=	2.8068493048297,
		hidden	=	false,
		y	=	74423.8515625,
		coalition	=	"red",
		life	=	2,
		x	=	-29637.02734375,
		groupId	=	189,
		speed	=	0,
		unitId	=	388,
		N_obj	=	1,
		dead	=	false,
	}, -- end of [58]
	[59] = 
	{
		alt	=	16.001014709473,
		type	=	"soldier_mauser98",
		country	=	66,
		heading	=	1.5984910170185,
		hidden	=	false,
		y	=	74287.078125,
		coalition	=	"red",
		life	=	1.0199999809265,
		x	=	-29608.91015625,
		groupId	=	190,
		speed	=	1.0277777910233,
		unitId	=	389,
		N_obj	=	1,
		dead	=	false,
	}, -- end of [59]
	[60] = 
	{
		alt	=	16.001014709473,
		type	=	"soldier_mauser98",
		country	=	66,
		heading	=	1.2073705832111,
		hidden	=	false,
		y	=	74283.28125,
		coalition	=	"red",
		life	=	1.0199999809265,
		x	=	-29607.767578125,
		groupId	=	190,
		speed	=	1.0090820789337,
		unitId	=	390,
		N_obj	=	2,
		dead	=	false,
	}, -- end of [60]
	[61] = 
	{
		alt	=	17.217008590698,
		type	=	"Kubelwagen_82",
		country	=	66,
		heading	=	4.4490179459201,
		y	=	85135.1640625,
		hidden	=	false,
		x	=	-24664.482421875,
		coalition	=	"red",
		life	=	2,
		unitId	=	607,
		groupId	=	295,
		speed	=	15.284122467041,
		goto	=	1,
		N_obj	=	1,
		dead	=	false,
	}, -- end of [61]
	[62] = 
	{
		alt	=	17.127229690552,
		type	=	"Horch_901_typ_40_kfz_21",
		country	=	66,
		heading	=	4.4365214745151,
		y	=	85164.96875,
		hidden	=	false,
		x	=	-24656.25,
		coalition	=	"red",
		life	=	3,
		unitId	=	608,
		groupId	=	295,
		speed	=	15.313347816467,
		goto	=	1,
		N_obj	=	2,
		dead	=	false,
	}, -- end of [62]
	[63] = 
	{
		alt	=	17.424116134644,
		type	=	"Kubelwagen_82",
		country	=	66,
		heading	=	4.4262287060367,
		y	=	85194.65625,
		hidden	=	false,
		x	=	-24647.685546875,
		coalition	=	"red",
		life	=	2,
		unitId	=	614,
		groupId	=	295,
		speed	=	15.349431991577,
		goto	=	1,
		N_obj	=	3,
		dead	=	false,
	}, -- end of [63]
	[64] = 
	{
		alt	=	16.001014709473,
		type	=	"Blitz_36-6700A",
		country	=	66,
		heading	=	2.4609139601337,
		hidden	=	false,
		y	=	74210.9921875,
		coalition	=	"red",
		life	=	3,
		x	=	-29762.4140625,
		groupId	=	296,
		speed	=	0,
		unitId	=	610,
		N_obj	=	1,
		dead	=	false,
	}, -- end of [64]
	[65] = 
	{
		alt	=	16.001014709473,
		type	=	"soldier_mauser98",
		country	=	66,
		heading	=	1.0277002493488,
		y	=	74264.2890625,
		hidden	=	false,
		x	=	-29762.5390625,
		coalition	=	"red",
		life	=	1.0199999809265,
		unitId	=	648,
		groupId	=	321,
		speed	=	1.0277779102325,
		goto	=	1,
		N_obj	=	1,
		dead	=	false,
	}, -- end of [65]
	[66] = 
	{
		alt	=	16.001014709473,
		type	=	"soldier_mauser98",
		country	=	66,
		heading	=	1.0336149374591,
		y	=	74265.4609375,
		hidden	=	false,
		x	=	-29765.060546875,
		coalition	=	"red",
		life	=	1.0199999809265,
		unitId	=	649,
		groupId	=	321,
		speed	=	1.0185368061066,
		goto	=	1,
		N_obj	=	2,
		dead	=	false,
	}, -- end of [66]
	[67] = 
	{
		alt	=	16.001014709473,
		type	=	"soldier_mauser98",
		country	=	66,
		heading	=	6.0957362989532,
		hidden	=	false,
		y	=	74482.2890625,
		coalition	=	"red",
		life	=	1.0199999809265,
		x	=	-29487.578125,
		groupId	=	335,
		speed	=	0,
		unitId	=	663,
		N_obj	=	1,
		dead	=	false,
	}, -- end of [67]
	[68] = 
	{
		alt	=	16.001014709473,
		type	=	"soldier_mauser98",
		country	=	66,
		heading	=	3.7437363306629,
		hidden	=	false,
		y	=	74483.015625,
		coalition	=	"red",
		life	=	1.0199999809265,
		x	=	-29480.369140625,
		groupId	=	335,
		speed	=	0,
		unitId	=	664,
		N_obj	=	2,
		dead	=	false,
	}, -- end of [68]
	[69] = 
	{
		alt	=	33.158721923828,
		type	=	"Blitz_36-6700A",
		country	=	66,
		heading	=	0.78539783159365,
		hidden	=	false,
		y	=	105356.1171875,
		coalition	=	"red",
		life	=	3,
		x	=	-29488.826171875,
		groupId	=	340,
		speed	=	0,
		unitId	=	669,
		N_obj	=	1,
		dead	=	false,
	}, -- end of [69]
	[70] = 
	{
		alt	=	32.639537811279,
		type	=	"flak37",
		country	=	66,
		heading	=	6.2831853070632,
		hidden	=	false,
		y	=	105404.75,
		coalition	=	"red",
		life	=	2,
		x	=	-29491.423828125,
		groupId	=	340,
		speed	=	0,
		unitId	=	670,
		N_obj	=	2,
		dead	=	false,
	}, -- end of [70]
	[71] = 
	{
		alt	=	31.949405670166,
		type	=	"flak37",
		country	=	66,
		heading	=	6.2831853071505,
		hidden	=	false,
		y	=	105309.734375,
		coalition	=	"red",
		life	=	2,
		x	=	-29494.791015625,
		groupId	=	340,
		speed	=	0,
		unitId	=	671,
		N_obj	=	3,
		dead	=	false,
	}, -- end of [71]
	[72] = 
	{
		alt	=	32.59041595459,
		type	=	"flak37",
		country	=	66,
		heading	=	6.2831853071796,
		hidden	=	false,
		y	=	105358.046875,
		coalition	=	"red",
		life	=	2,
		x	=	-29449.46484375,
		groupId	=	340,
		speed	=	0,
		unitId	=	672,
		N_obj	=	4,
		dead	=	false,
	}, -- end of [72]
	[73] = 
	{
		alt	=	34.057949066162,
		type	=	"flak37",
		country	=	66,
		heading	=	6.2831853071796,
		hidden	=	false,
		y	=	105360.5078125,
		coalition	=	"red",
		life	=	2,
		x	=	-29537.87890625,
		groupId	=	340,
		speed	=	0,
		unitId	=	673,
		N_obj	=	5,
		dead	=	false,
	}, -- end of [73]
	[74] = 
	{
		alt	=	33.712738037109,
		type	=	"KDO_Mod40",
		country	=	66,
		heading	=	5.5152406732189,
		hidden	=	false,
		y	=	105371.6015625,
		coalition	=	"red",
		life	=	1.5,
		x	=	-29496.337890625,
		groupId	=	340,
		speed	=	0,
		unitId	=	674,
		N_obj	=	6,
		dead	=	false,
	}, -- end of [74]
	[75] = 
	{
		alt	=	33.55676651001,
		type	=	"flak38",
		country	=	66,
		heading	=	6.2831853071505,
		hidden	=	false,
		y	=	105360.5625,
		coalition	=	"red",
		life	=	1.5,
		x	=	-29506.09375,
		groupId	=	340,
		speed	=	0,
		unitId	=	675,
		N_obj	=	7,
		dead	=	false,
	}, -- end of [75]
	[76] = 
	{
		alt	=	28.536319732666,
		type	=	"Blitz_36-6700A",
		country	=	66,
		heading	=	0.78539783159365,
		hidden	=	false,
		y	=	104280.5234375,
		coalition	=	"red",
		life	=	3,
		x	=	-26336.951171875,
		groupId	=	341,
		speed	=	0,
		unitId	=	676,
		N_obj	=	1,
		dead	=	false,
	}, -- end of [76]
	[77] = 
	{
		alt	=	28.029319763184,
		type	=	"flak37",
		country	=	66,
		heading	=	6.2831853071796,
		hidden	=	false,
		y	=	104329.15625,
		coalition	=	"red",
		life	=	2,
		x	=	-26339.548828125,
		groupId	=	341,
		speed	=	0,
		unitId	=	677,
		N_obj	=	2,
		dead	=	false,
	}, -- end of [77]
	[78] = 
	{
		alt	=	28.734579086304,
		type	=	"flak37",
		country	=	66,
		heading	=	6.2831853071796,
		hidden	=	false,
		y	=	104234.140625,
		coalition	=	"red",
		life	=	2,
		x	=	-26342.916015625,
		groupId	=	341,
		speed	=	0,
		unitId	=	678,
		N_obj	=	3,
		dead	=	false,
	}, -- end of [78]
	[79] = 
	{
		alt	=	30.691202163696,
		type	=	"flak37",
		country	=	66,
		heading	=	6.2831853071796,
		hidden	=	false,
		y	=	104282.453125,
		coalition	=	"red",
		life	=	2,
		x	=	-26297.58984375,
		groupId	=	341,
		speed	=	0,
		unitId	=	679,
		N_obj	=	4,
		dead	=	false,
	}, -- end of [79]
	[80] = 
	{
		alt	=	26.840684890747,
		type	=	"flak37",
		country	=	66,
		heading	=	6.2831853071796,
		hidden	=	false,
		y	=	104284.9140625,
		coalition	=	"red",
		life	=	2,
		x	=	-26386.00390625,
		groupId	=	341,
		speed	=	0,
		unitId	=	680,
		N_obj	=	5,
		dead	=	false,
	}, -- end of [80]
	[81] = 
	{
		alt	=	28.049297332764,
		type	=	"KDO_Mod40",
		country	=	66,
		heading	=	5.5152406732189,
		hidden	=	false,
		y	=	104296.0078125,
		coalition	=	"red",
		life	=	1.5,
		x	=	-26344.462890625,
		groupId	=	341,
		speed	=	0,
		unitId	=	681,
		N_obj	=	6,
		dead	=	false,
	}, -- end of [81]
	[82] = 
	{
		alt	=	27.833591461182,
		type	=	"flak38",
		country	=	66,
		heading	=	6.2831853071796,
		hidden	=	false,
		y	=	104284.9609375,
		coalition	=	"red",
		life	=	1.5,
		x	=	-26354.21875,
		groupId	=	341,
		speed	=	0,
		unitId	=	682,
		N_obj	=	7,
		dead	=	false,
	}, -- end of [82]
	[83] = 
	{
		alt	=	21.318460464478,
		type	=	"Blitz_36-6700A",
		country	=	66,
		heading	=	0.78539783159365,
		hidden	=	false,
		y	=	100849.515625,
		coalition	=	"red",
		life	=	3,
		x	=	-29039.259765625,
		groupId	=	342,
		speed	=	0,
		unitId	=	683,
		N_obj	=	1,
		dead	=	false,
	}, -- end of [83]
	[84] = 
	{
		alt	=	21.697048187256,
		type	=	"flak37",
		country	=	66,
		heading	=	6.2831853071796,
		hidden	=	false,
		y	=	100898.1484375,
		coalition	=	"red",
		life	=	2,
		x	=	-29041.859375,
		groupId	=	342,
		speed	=	0,
		unitId	=	684,
		N_obj	=	2,
		dead	=	false,
	}, -- end of [84]
	[85] = 
	{
		alt	=	20.947481155396,
		type	=	"flak37",
		country	=	66,
		heading	=	6.2831853071796,
		hidden	=	false,
		y	=	100803.1328125,
		coalition	=	"red",
		life	=	2,
		x	=	-29045.2265625,
		groupId	=	342,
		speed	=	0,
		unitId	=	685,
		N_obj	=	3,
		dead	=	false,
	}, -- end of [85]
	[86] = 
	{
		alt	=	20.53265953064,
		type	=	"flak37",
		country	=	66,
		heading	=	6.2831853071796,
		hidden	=	false,
		y	=	100851.4453125,
		coalition	=	"red",
		life	=	2,
		x	=	-28999.900390625,
		groupId	=	342,
		speed	=	0,
		unitId	=	686,
		N_obj	=	4,
		dead	=	false,
	}, -- end of [86]
	[87] = 
	{
		alt	=	22.596231460571,
		type	=	"flak37",
		country	=	66,
		heading	=	6.2831853071759,
		hidden	=	false,
		y	=	100853.90625,
		coalition	=	"red",
		life	=	2,
		x	=	-29088.314453125,
		groupId	=	342,
		speed	=	0,
		unitId	=	687,
		N_obj	=	5,
		dead	=	false,
	}, -- end of [87]
	[88] = 
	{
		alt	=	21.606189727783,
		type	=	"KDO_Mod40",
		country	=	66,
		heading	=	5.5152406732189,
		hidden	=	false,
		y	=	100865,
		coalition	=	"red",
		life	=	1.5,
		x	=	-29046.771484375,
		groupId	=	342,
		speed	=	0,
		unitId	=	688,
		N_obj	=	6,
		dead	=	false,
	}, -- end of [88]
	[89] = 
	{
		alt	=	21.819412231445,
		type	=	"flak38",
		country	=	66,
		heading	=	6.2831853071796,
		hidden	=	false,
		y	=	100853.953125,
		coalition	=	"red",
		life	=	1.5,
		x	=	-29056.52734375,
		groupId	=	342,
		speed	=	0,
		unitId	=	689,
		N_obj	=	7,
		dead	=	false,
	}, -- end of [89]
	[90] = 
	{
		alt	=	15.817445755005,
		type	=	"flak30",
		country	=	66,
		heading	=	5.480333749448,
		hidden	=	false,
		y	=	76704.75,
		coalition	=	"red",
		life	=	1.5,
		x	=	-28403.236328125,
		groupId	=	343,
		speed	=	0,
		unitId	=	692,
		N_obj	=	1,
		dead	=	false,
	}, -- end of [90]
	[91] = 
	{
		alt	=	15.859944343567,
		type	=	"flak30",
		country	=	66,
		heading	=	5.4803338090526,
		hidden	=	false,
		y	=	76673.2734375,
		coalition	=	"red",
		life	=	1.5,
		x	=	-28435.529296875,
		groupId	=	343,
		speed	=	0,
		unitId	=	693,
		N_obj	=	2,
		dead	=	false,
	}, -- end of [91]
	[92] = 
	{
		alt	=	15.385843276978,
		type	=	"flak30",
		country	=	66,
		heading	=	5.4803338090526,
		hidden	=	false,
		y	=	74239.859375,
		coalition	=	"red",
		life	=	1.5,
		x	=	-26928.412109375,
		groupId	=	344,
		speed	=	0,
		unitId	=	694,
		N_obj	=	1,
		dead	=	false,
	}, -- end of [92]
	[93] = 
	{
		alt	=	16.304859161377,
		type	=	"flak30",
		country	=	66,
		heading	=	5.480333749448,
		hidden	=	false,
		y	=	74272.5625,
		coalition	=	"red",
		life	=	1.5,
		x	=	-26962.109375,
		groupId	=	344,
		speed	=	0,
		unitId	=	697,
		N_obj	=	2,
		dead	=	false,
	}, -- end of [93]
	[94] = 
	{
		alt	=	16.001014709473,
		type	=	"flak30",
		country	=	66,
		heading	=	5.4803338090526,
		hidden	=	false,
		y	=	73760.8125,
		coalition	=	"red",
		life	=	1.5,
		x	=	-30489.525390625,
		groupId	=	345,
		speed	=	0,
		unitId	=	700,
		N_obj	=	1,
		dead	=	false,
	}, -- end of [94]
	[95] = 
	{
		alt	=	16.001014709473,
		type	=	"flak30",
		country	=	66,
		heading	=	5.4803338090526,
		hidden	=	false,
		y	=	73729.3359375,
		coalition	=	"red",
		life	=	1.5,
		x	=	-30521.818359375,
		groupId	=	345,
		speed	=	0,
		unitId	=	701,
		N_obj	=	2,
		dead	=	false,
	}, -- end of [95]
	[96] = 
	{
		alt	=	304.80239868164,
		N_obj	=	1,
		dead	=	false,
		type	=	"MosquitoFBMkVI",
		unitId	=	612,
		heading	=	5.8825871090042,
		y	=	88665.9921875,
		hidden	=	true,
		country	=	4,
		coalition	=	"blue",
		life	=	48,
		x	=	-37991.3203125,
		payload = 
		{
			pylons = 	{},
			fuel	=	992,
			flare	=	0,
			ammo_type	=	1,
			chaff	=	0,
			gun	=	100,
		}, -- end of payload
		goto	=	1,
		inAir	=	true,
		groupId	=	298,
		speed	=	113.05567169189,
	}, -- end of [96]
	[97] = 
	{
		alt	=	303.40466308594,
		N_obj	=	2,
		dead	=	false,
		type	=	"MosquitoFBMkVI",
		unitId	=	613,
		heading	=	5.8783807496177,
		y	=	88634.140625,
		hidden	=	true,
		country	=	4,
		coalition	=	"blue",
		life	=	48,
		x	=	-38069.98046875,
		payload = 
		{
			pylons = 	{},
			fuel	=	992,
			flare	=	0,
			ammo_type	=	1,
			chaff	=	0,
			gun	=	100,
		}, -- end of payload
		goto	=	1,
		inAir	=	true,
		groupId	=	298,
		speed	=	112.68884277344,
	}, -- end of [97]
	[98] = 
	{
		alt	=	31.849407196045,
		type	=	"soldier_wwii_br_01",
		country	=	4,
		heading	=	2.8797929922687,
		hidden	=	true,
		y	=	79793.71875,
		coalition	=	"blue",
		life	=	1.0199999809265,
		x	=	-26669.2421875,
		groupId	=	305,
		speed	=	0,
		unitId	=	625,
		N_obj	=	1,
		dead	=	false,
	}, -- end of [98]
	[99] = 
	{
		alt	=	31.093971252441,
		type	=	"soldier_wwii_br_01",
		country	=	4,
		heading	=	3.0543261210071,
		hidden	=	true,
		y	=	79800.3125,
		coalition	=	"blue",
		life	=	1.0199999809265,
		x	=	-26669.73046875,
		groupId	=	305,
		speed	=	0,
		unitId	=	626,
		N_obj	=	2,
		dead	=	false,
	}, -- end of [99]
	[100] = 
	{
		alt	=	88.068084716797,
		N_obj	=	2,
		dead	=	false,
		type	=	"P-51D",
		unitId	=	504,
		heading	=	4.2826183477985,
		y	=	98246.8515625,
		hidden	=	true,
		country	=	2,
		coalition	=	"blue",
		life	=	18,
		x	=	-17503.638671875,
		payload = 
		{
			pylons = 	{},
			fuel	=	441,
			flare	=	0,
			ammo_type	=	1,
			chaff	=	0,
			gun	=	91,
		}, -- end of payload
		goto	=	1,
		inAir	=	true,
		groupId	=	248,
		speed	=	150.64424133301,
	}, -- end of [100]
	[101] = 
	{
		alt	=	9144.001953125,
		N_obj	=	1,
		dead	=	false,
		type	=	"P-51D",
		unitId	=	523,
		heading	=	4.8284247557269,
		y	=	84893.421875,
		hidden	=	true,
		country	=	2,
		coalition	=	"blue",
		life	=	18,
		x	=	-24264.7421875,
		payload = 
		{
			pylons = 	{},
			fuel	=	492,
			flare	=	0,
			ammo_type	=	1,
			chaff	=	0,
			gun	=	100,
		}, -- end of payload
		goto	=	1,
		inAir	=	true,
		groupId	=	260,
		speed	=	138.74964904785,
	}, -- end of [101]
	[102] = 
	{
		alt	=	9141.357421875,
		N_obj	=	2,
		dead	=	false,
		type	=	"P-51D",
		unitId	=	560,
		heading	=	4.8284247557269,
		y	=	84922.03125,
		hidden	=	true,
		country	=	2,
		coalition	=	"blue",
		life	=	18,
		x	=	-24298.279296875,
		payload = 
		{
			pylons = 	{},
			fuel	=	491,
			flare	=	0,
			ammo_type	=	1,
			chaff	=	0,
			gun	=	100,
		}, -- end of payload
		goto	=	1,
		inAir	=	true,
		groupId	=	260,
		speed	=	138.13545227051,
	}, -- end of [102]
	[103] = 
	{
		alt	=	9140.4755859375,
		N_obj	=	3,
		dead	=	false,
		type	=	"P-51D",
		unitId	=	561,
		heading	=	4.8284247557269,
		y	=	84928.5078125,
		hidden	=	true,
		country	=	2,
		coalition	=	"blue",
		life	=	18,
		x	=	-24238.62890625,
		payload = 
		{
			pylons = 	{},
			fuel	=	491,
			flare	=	0,
			ammo_type	=	1,
			chaff	=	0,
			gun	=	100,
		}, -- end of payload
		goto	=	1,
		inAir	=	true,
		groupId	=	260,
		speed	=	138.80403137207,
	}, -- end of [103]
	[104] = 
	{
		alt	=	9129.6689453125,
		type	=	"P-51D",
		heading	=	4.8284248749362,
		country	=	2,
		y	=	84966.59375,
		x	=	-24212.865234375,
		hidden	=	true,
		groupId	=	260,
		coalition	=	"blue",
		life	=	18,
		unitId	=	562,
		payload = 
		{
			pylons = 	{},
			fuel	=	492,
			flare	=	0,
			ammo_type	=	1,
			chaff	=	0,
			gun	=	100,
		}, -- end of payload
		speed	=	138.21154785156,
		inAir	=	true,
		N_obj	=	4,
		dead	=	false,
	}, -- end of [104]
	[105] = 
	{
		alt	=	9142.90625,
		N_obj	=	1,
		dead	=	false,
		type	=	"P-51D",
		unitId	=	524,
		heading	=	4.8284247557269,
		y	=	84948.671875,
		hidden	=	true,
		country	=	2,
		coalition	=	"blue",
		life	=	18,
		x	=	-24731.4765625,
		payload = 
		{
			pylons = 	{},
			fuel	=	491,
			flare	=	0,
			ammo_type	=	1,
			chaff	=	0,
			gun	=	100,
		}, -- end of payload
		goto	=	1,
		inAir	=	true,
		groupId	=	261,
		speed	=	139.16235351562,
	}, -- end of [105]
	[106] = 
	{
		alt	=	9140.03515625,
		N_obj	=	2,
		dead	=	false,
		type	=	"P-51D",
		unitId	=	566,
		heading	=	4.8284247557269,
		y	=	84981.1171875,
		hidden	=	true,
		country	=	2,
		coalition	=	"blue",
		life	=	18,
		x	=	-24765.462890625,
		payload = 
		{
			pylons = 	{},
			fuel	=	491,
			flare	=	0,
			ammo_type	=	1,
			chaff	=	0,
			gun	=	100,
		}, -- end of payload
		goto	=	1,
		inAir	=	true,
		groupId	=	261,
		speed	=	138.58856201172,
	}, -- end of [106]
	[107] = 
	{
		alt	=	9141.5107421875,
		N_obj	=	3,
		dead	=	false,
		type	=	"P-51D",
		unitId	=	567,
		heading	=	4.8284247557269,
		y	=	84987.6796875,
		hidden	=	true,
		country	=	2,
		coalition	=	"blue",
		life	=	18,
		x	=	-24705.8203125,
		payload = 
		{
			pylons = 	{},
			fuel	=	491,
			flare	=	0,
			ammo_type	=	1,
			chaff	=	0,
			gun	=	100,
		}, -- end of payload
		goto	=	1,
		inAir	=	true,
		groupId	=	261,
		speed	=	138.45797729492,
	}, -- end of [107]
	[108] = 
	{
		alt	=	9129.6728515625,
		type	=	"P-51D",
		heading	=	4.8284248749362,
		country	=	2,
		y	=	85024.984375,
		x	=	-24679.96484375,
		hidden	=	true,
		groupId	=	261,
		coalition	=	"blue",
		life	=	18,
		unitId	=	568,
		payload = 
		{
			pylons = 	{},
			fuel	=	490,
			flare	=	0,
			ammo_type	=	1,
			chaff	=	0,
			gun	=	100,
		}, -- end of payload
		speed	=	139.12322998047,
		inAir	=	true,
		N_obj	=	4,
		dead	=	false,
	}, -- end of [108]
	[109] = 
	{
		alt	=	9143.1240234375,
		N_obj	=	1,
		dead	=	false,
		type	=	"P-51D",
		unitId	=	525,
		heading	=	4.8284247557269,
		y	=	85054.25,
		hidden	=	true,
		country	=	2,
		coalition	=	"blue",
		life	=	18,
		x	=	-23823.193359375,
		payload = 
		{
			pylons = 	{},
			fuel	=	490,
			flare	=	0,
			ammo_type	=	1,
			chaff	=	0,
			gun	=	100,
		}, -- end of payload
		goto	=	1,
		inAir	=	true,
		groupId	=	262,
		speed	=	138.69950866699,
	}, -- end of [109]
	[110] = 
	{
		alt	=	9139.8349609375,
		N_obj	=	2,
		dead	=	false,
		type	=	"P-51D",
		unitId	=	563,
		heading	=	4.8284247557269,
		y	=	85085.9609375,
		hidden	=	true,
		country	=	2,
		coalition	=	"blue",
		life	=	18,
		x	=	-23857.091796875,
		payload = 
		{
			pylons = 	{},
			fuel	=	490,
			flare	=	0,
			ammo_type	=	1,
			chaff	=	0,
			gun	=	100,
		}, -- end of payload
		goto	=	1,
		inAir	=	true,
		groupId	=	262,
		speed	=	138.85720825195,
	}, -- end of [110]
	[111] = 
	{
		alt	=	9141.3037109375,
		N_obj	=	3,
		dead	=	false,
		type	=	"P-51D",
		unitId	=	564,
		heading	=	4.8284247557269,
		y	=	85093.5625,
		hidden	=	true,
		country	=	2,
		coalition	=	"blue",
		life	=	18,
		x	=	-23797.572265625,
		payload = 
		{
			pylons = 	{},
			fuel	=	490,
			flare	=	0,
			ammo_type	=	1,
			chaff	=	0,
			gun	=	100,
		}, -- end of payload
		goto	=	1,
		inAir	=	true,
		groupId	=	262,
		speed	=	138.72122192383,
	}, -- end of [111]
	[112] = 
	{
		alt	=	9129.580078125,
		type	=	"P-51D",
		heading	=	4.8284248749362,
		country	=	2,
		y	=	85131.2578125,
		x	=	-23771.76171875,
		hidden	=	true,
		groupId	=	262,
		coalition	=	"blue",
		life	=	18,
		unitId	=	565,
		payload = 
		{
			pylons = 	{},
			fuel	=	490,
			flare	=	0,
			ammo_type	=	1,
			chaff	=	0,
			gun	=	100,
		}, -- end of payload
		speed	=	139.0620880127,
		inAir	=	true,
		N_obj	=	4,
		dead	=	false,
	}, -- end of [112]
	[113] = 
	{
		alt	=	17.737525939941,
		type	=	"FW-190A8",
		country	=	66,
		heading	=	4.0826264063465,
		y	=	74280.359375,
		hidden	=	false,
		x	=	-29707.416015625,
		coalition	=	"red",
		life	=	18,
		groupId	=	2,
		payload = 
		{
			pylons = 	{},
			fuel	=	398,
			flare	=	0,
			ammo_type	=	1,
			chaff	=	0,
			gun	=	100,
		}, -- end of payload
		speed	=	0,
		unitId	=	3,
		N_obj	=	2,
		dead	=	false,
	}, -- end of [113]
	[114] = 
	{
		alt	=	17.737525939941,
		type	=	"FW-190A8",
		heading	=	3.9293742815601,
		country	=	66,
		y	=	74312.8515625,
		x	=	-29679.744140625,
		hidden	=	false,
		unitId	=	4,
		coalition	=	"red",
		life	=	18,
		groupId	=	2,
		payload = 
		{
			pylons = 	{},
			fuel	=	398,
			flare	=	0,
			ammo_type	=	1,
			chaff	=	0,
			gun	=	100,
		}, -- end of payload
		speed	=	0,
		goto	=	1,
		N_obj	=	3,
		dead	=	false,
	}, -- end of [114]
	[115] = 
	{
		alt	=	17.737525939941,
		type	=	"FW-190A8",
		heading	=	5.6996892134296,
		country	=	66,
		y	=	74317.4453125,
		x	=	-29714.65234375,
		hidden	=	false,
		unitId	=	5,
		coalition	=	"red",
		life	=	18,
		groupId	=	2,
		payload = 
		{
			pylons = 	{},
			fuel	=	399,
			flare	=	0,
			ammo_type	=	1,
			chaff	=	0,
			gun	=	100,
		}, -- end of payload
		speed	=	2.2902770042419,
		goto	=	1,
		N_obj	=	4,
		dead	=	false,
	}, -- end of [115]
} -- end of world_state
mission_file_mark	=	1733332072
mission_time	=	1330.72
warehouses = 
{
	airports = 
	{
		[1] = 
		{
			unlimitedFuel	=	true,
			unlimitedMunitions	=	true,
			unlimitedAircrafts	=	true,
		}, -- end of [1]
		[2] = 
		{
			unlimitedFuel	=	true,
			unlimitedMunitions	=	true,
			unlimitedAircrafts	=	true,
		}, -- end of [2]
		[3] = 
		{
			unlimitedFuel	=	true,
			unlimitedMunitions	=	true,
			unlimitedAircrafts	=	true,
		}, -- end of [3]
		[4] = 
		{
			unlimitedFuel	=	true,
			unlimitedMunitions	=	true,
			unlimitedAircrafts	=	true,
		}, -- end of [4]
		[5] = 
		{
			unlimitedFuel	=	true,
			unlimitedMunitions	=	true,
			unlimitedAircrafts	=	true,
		}, -- end of [5]
		[6] = 
		{
			unlimitedFuel	=	true,
			unlimitedMunitions	=	true,
			unlimitedAircrafts	=	true,
		}, -- end of [6]
		[7] = 
		{
			unlimitedFuel	=	true,
			unlimitedMunitions	=	true,
			unlimitedAircrafts	=	true,
		}, -- end of [7]
		[8] = 
		{
			unlimitedFuel	=	true,
			unlimitedMunitions	=	true,
			unlimitedAircrafts	=	true,
		}, -- end of [8]
		[10] = 
		{
			unlimitedFuel	=	true,
			unlimitedMunitions	=	true,
			unlimitedAircrafts	=	true,
		}, -- end of [10]
		[12] = 
		{
			unlimitedFuel	=	true,
			unlimitedMunitions	=	true,
			unlimitedAircrafts	=	true,
		}, -- end of [12]
		[13] = 
		{
			unlimitedFuel	=	true,
			unlimitedMunitions	=	true,
			unlimitedAircrafts	=	true,
		}, -- end of [13]
		[14] = 
		{
			unlimitedFuel	=	true,
			unlimitedMunitions	=	true,
			unlimitedAircrafts	=	true,
		}, -- end of [14]
	}, -- end of airports
	warehouses = 	{},
} -- end of warehouses
triggers_state = 
{
	["1"] = 
	{
		time	=	0,
		value	=	1,
	}, -- end of ["1"]
	["601"] = 
	{
		time	=	615.401,
		value	=	1,
	}, -- end of ["601"]
	["613"] = 
	{
		time	=	1238.601,
		value	=	1,
	}, -- end of ["613"]
	["603"] = 
	{
		time	=	1104.601,
		value	=	1,
	}, -- end of ["603"]
	["111"] = 
	{
		time	=	153.301,
		value	=	0,
	}, -- end of ["111"]
	gogo = 
	{
		time	=	1127.601,
		value	=	1,
	}, -- end of gogo
	["984"] = 
	{
		time	=	274.201,
		value	=	1,
	}, -- end of ["984"]
	["84"] = 
	{
		time	=	1209.701,
		value	=	1,
	}, -- end of ["84"]
	["1611"] = 
	{
		time	=	1238.501,
		value	=	1,
	}, -- end of ["1611"]
	["83"] = 
	{
		time	=	1193.651,
		value	=	1,
	}, -- end of ["83"]
	["653"] = 
	{
		time	=	1127.109,
		value	=	1,
	}, -- end of ["653"]
	["1601"] = 
	{
		time	=	621.401,
		value	=	1,
	}, -- end of ["1601"]
	["605"] = 
	{
		time	=	1244.801,
		value	=	1,
	}, -- end of ["605"]
} -- end of triggers_state
result	=	100
events = 
{
	[1] = 
	{
		type	=	"mission start",
		event_id	=	89,
		t	=	0,
		linked_event_id	=	0,
		ta	=	68100,
	}, -- end of [1]
	[2] = 
	{
		linked_event_id	=	0,
		t	=	0,
		event_id	=	90,
		type	=	"took control",
	}, -- end of [2]
	[3] = 
	{
		initiator_unit_type	=	"FW-190A8",
		type	=	"under control",
		initiator_object_id	=	16800256,
		targetMissionID	=	"2",
		target	=	"player",
		t	=	0,
		initiatorPilotName	=	"New callsign",
		initiator_coalition	=	1,
	}, -- end of [3]
	[4] = 
	{
		weapon_type	=	16843249,
		initiatorPilotName	=	"Bf-109K-4",
		target_coalition	=	1,
		linked_event_id	=	0,
		targetMissionID	=	"361",
		target_ws_type1	=	1,
		initiator_object_id	=	16781824,
		target	=	"Bf-109K-4",
		target_object_id	=	16782336,
		targetPilotName	=	"Bf-109K-4",
		type	=	"hit",
		target_unit_type	=	"Bf-109K-4",
		t	=	8.92,
		initiator_unit_type	=	"Bf-109K-4",
		event_id	=	107,
		weapon	=	"Bf 109 K-4",
		initiator_ws_type1	=	1,
		initiatorMissionID	=	"359",
		initiator_coalition	=	1,
	}, -- end of [4]
	[5] = 
	{
		targetPilotName	=	"Bf-109K-4",
		type	=	"bda",
		target_unit_type	=	"Bf-109K-4",
		target_coalition	=	1,
		t	=	8.92,
		targetMissionID	=	"361",
		target_ws_type1	=	1,
		linked_event_id	=	0,
		event_id	=	108,
		target	=	"Bf-109K-4",
		weapon_type	=	16843249,
		weapon	=	"Bf 109 K-4",
		target_object_id	=	16782336,
	}, -- end of [5]
	[6] = 
	{
		weapon_type	=	16843249,
		initiatorPilotName	=	"Bf-109K-4",
		target_coalition	=	1,
		linked_event_id	=	0,
		targetMissionID	=	"359",
		target_ws_type1	=	1,
		initiator_object_id	=	16782336,
		target	=	"Bf-109K-4",
		target_object_id	=	16781824,
		targetPilotName	=	"Bf-109K-4",
		type	=	"hit",
		target_unit_type	=	"Bf-109K-4",
		t	=	8.92,
		initiator_unit_type	=	"Bf-109K-4",
		event_id	=	109,
		weapon	=	"Bf 109 K-4",
		initiator_ws_type1	=	1,
		initiatorMissionID	=	"361",
		initiator_coalition	=	1,
	}, -- end of [6]
	[7] = 
	{
		targetPilotName	=	"Bf-109K-4",
		type	=	"bda",
		target_unit_type	=	"Bf-109K-4",
		target_coalition	=	1,
		t	=	8.92,
		targetMissionID	=	"359",
		target_ws_type1	=	1,
		linked_event_id	=	0,
		event_id	=	110,
		target	=	"Bf-109K-4",
		weapon_type	=	16843249,
		weapon	=	"Bf 109 K-4",
		target_object_id	=	16781824,
	}, -- end of [7]
	[8] = 
	{
		type	=	"pilot dead",
		initiatorPilotName	=	"Bf-109K-4",
		t	=	8.92,
		initiator_unit_type	=	"Bf-109K-4",
		initiator_object_id	=	16781824,
		linked_event_id	=	0,
		event_id	=	111,
		initiator_coalition	=	1,
		initiator_ws_type1	=	1,
		initiatorMissionID	=	"359",
	}, -- end of [8]
	[9] = 
	{
		weapon_type	=	16843249,
		initiatorPilotName	=	"Bf-109K-4",
		target_coalition	=	1,
		linked_event_id	=	109,
		targetMissionID	=	"359",
		target_ws_type1	=	1,
		initiator_object_id	=	16782336,
		target	=	"Bf-109K-4",
		target_object_id	=	16781824,
		targetPilotName	=	"Bf-109K-4",
		type	=	"kill",
		target_unit_type	=	"Bf-109K-4",
		t	=	8.92,
		initiator_unit_type	=	"Bf-109K-4",
		event_id	=	112,
		weapon	=	"Bf 109 K-4",
		initiator_ws_type1	=	1,
		initiatorMissionID	=	"361",
		initiator_coalition	=	1,
	}, -- end of [9]
	[10] = 
	{
		type	=	"score",
		initiatorPilotName	=	"Bf-109K-4",
		t	=	8.92,
		linked_event_id	=	112,
		initiator_unit_type	=	"Bf-109K-4",
		event_id	=	113,
		initiator_object_id	=	16782336,
		amount	=	-20,
		comment	=	"air",
		initiator_coalition	=	1,
		initiator_ws_type1	=	1,
		initiatorMissionID	=	"361",
	}, -- end of [10]
	[11] = 
	{
		type	=	"ai abort mission",
		initiatorPilotName	=	"Bf-109K-4",
		t	=	8.92,
		initiator_unit_type	=	"Bf-109K-4",
		initiator_object_id	=	16781824,
		linked_event_id	=	0,
		event_id	=	115,
		initiator_coalition	=	1,
		initiator_ws_type1	=	1,
		initiatorMissionID	=	"359",
	}, -- end of [11]
	[12] = 
	{
		type	=	"engine shutdown",
		initiatorPilotName	=	"Bf-109K-4",
		t	=	8.94,
		initiator_unit_type	=	"Bf-109K-4",
		initiator_object_id	=	16782336,
		linked_event_id	=	0,
		event_id	=	116,
		initiator_coalition	=	1,
		initiator_ws_type1	=	1,
		initiatorMissionID	=	"361",
	}, -- end of [12]
	[13] = 
	{
		type	=	"ai abort mission",
		initiatorPilotName	=	"Bf-109K-4",
		t	=	8.94,
		initiator_unit_type	=	"Bf-109K-4",
		initiator_object_id	=	16782336,
		linked_event_id	=	0,
		event_id	=	117,
		initiator_coalition	=	1,
		initiator_ws_type1	=	1,
		initiatorMissionID	=	"361",
	}, -- end of [13]
	[14] = 
	{
		weapon_type	=	16843249,
		initiatorPilotName	=	"Bf-109K-4",
		target_coalition	=	1,
		linked_event_id	=	0,
		targetMissionID	=	"361",
		target_ws_type1	=	1,
		initiator_object_id	=	16781824,
		target	=	"Bf-109K-4",
		target_object_id	=	16782336,
		targetPilotName	=	"Bf-109K-4",
		type	=	"hit",
		target_unit_type	=	"Bf-109K-4",
		t	=	8.94,
		initiator_unit_type	=	"Bf-109K-4",
		event_id	=	118,
		weapon	=	"Bf 109 K-4",
		initiator_ws_type1	=	1,
		initiatorMissionID	=	"359",
		initiator_coalition	=	1,
	}, -- end of [14]
	[15] = 
	{
		targetPilotName	=	"Bf-109K-4",
		type	=	"bda",
		target_unit_type	=	"Bf-109K-4",
		target_coalition	=	1,
		t	=	8.94,
		targetMissionID	=	"361",
		target_ws_type1	=	1,
		linked_event_id	=	0,
		event_id	=	119,
		target	=	"Bf-109K-4",
		weapon_type	=	16843249,
		weapon	=	"Bf 109 K-4",
		target_object_id	=	16782336,
	}, -- end of [15]
	[16] = 
	{
		weapon_type	=	16843249,
		initiatorPilotName	=	"Bf-109K-4",
		target_coalition	=	1,
		linked_event_id	=	0,
		targetMissionID	=	"359",
		target_ws_type1	=	1,
		initiator_object_id	=	16782336,
		target	=	"Bf-109K-4",
		target_object_id	=	16781824,
		targetPilotName	=	"Bf-109K-4",
		type	=	"hit",
		target_unit_type	=	"Bf-109K-4",
		t	=	8.94,
		initiator_unit_type	=	"Bf-109K-4",
		event_id	=	120,
		weapon	=	"Bf 109 K-4",
		initiator_ws_type1	=	1,
		initiatorMissionID	=	"361",
		initiator_coalition	=	1,
	}, -- end of [16]
	[17] = 
	{
		targetPilotName	=	"Bf-109K-4",
		type	=	"bda",
		target_unit_type	=	"Bf-109K-4",
		target_coalition	=	1,
		t	=	8.94,
		targetMissionID	=	"359",
		target_ws_type1	=	1,
		linked_event_id	=	0,
		event_id	=	121,
		target	=	"Bf-109K-4",
		weapon_type	=	16843249,
		weapon	=	"Bf 109 K-4",
		target_object_id	=	16781824,
	}, -- end of [17]
	[18] = 
	{
		weapon_type	=	16843249,
		initiatorPilotName	=	"Bf-109K-4",
		target_coalition	=	1,
		linked_event_id	=	0,
		targetMissionID	=	"361",
		target_ws_type1	=	1,
		initiator_object_id	=	16781824,
		target	=	"Bf-109K-4",
		target_object_id	=	16782336,
		targetPilotName	=	"Bf-109K-4",
		type	=	"hit",
		target_unit_type	=	"Bf-109K-4",
		t	=	9,
		initiator_unit_type	=	"Bf-109K-4",
		event_id	=	122,
		weapon	=	"Bf 109 K-4",
		initiator_ws_type1	=	1,
		initiatorMissionID	=	"359",
		initiator_coalition	=	1,
	}, -- end of [18]
	[19] = 
	{
		targetPilotName	=	"Bf-109K-4",
		type	=	"bda",
		target_unit_type	=	"Bf-109K-4",
		target_coalition	=	1,
		t	=	9,
		targetMissionID	=	"361",
		target_ws_type1	=	1,
		linked_event_id	=	0,
		event_id	=	123,
		target	=	"Bf-109K-4",
		weapon_type	=	16843249,
		weapon	=	"Bf 109 K-4",
		target_object_id	=	16782336,
	}, -- end of [19]
	[20] = 
	{
		weapon_type	=	16843249,
		initiatorPilotName	=	"Bf-109K-4",
		target_coalition	=	1,
		linked_event_id	=	0,
		targetMissionID	=	"359",
		target_ws_type1	=	1,
		initiator_object_id	=	16782336,
		target	=	"Bf-109K-4",
		target_object_id	=	16781824,
		targetPilotName	=	"Bf-109K-4",
		type	=	"hit",
		target_unit_type	=	"Bf-109K-4",
		t	=	9,
		initiator_unit_type	=	"Bf-109K-4",
		event_id	=	124,
		weapon	=	"Bf 109 K-4",
		initiator_ws_type1	=	1,
		initiatorMissionID	=	"361",
		initiator_coalition	=	1,
	}, -- end of [20]
	[21] = 
	{
		targetPilotName	=	"Bf-109K-4",
		type	=	"bda",
		target_unit_type	=	"Bf-109K-4",
		target_coalition	=	1,
		t	=	9,
		targetMissionID	=	"359",
		target_ws_type1	=	1,
		linked_event_id	=	0,
		event_id	=	125,
		target	=	"Bf-109K-4",
		weapon_type	=	16843249,
		weapon	=	"Bf 109 K-4",
		target_object_id	=	16781824,
	}, -- end of [21]
	[22] = 
	{
		weapon_type	=	16843249,
		initiatorPilotName	=	"Bf-109K-4",
		target_coalition	=	1,
		linked_event_id	=	0,
		targetMissionID	=	"361",
		target_ws_type1	=	1,
		initiator_object_id	=	16781824,
		target	=	"Bf-109K-4",
		target_object_id	=	16782336,
		targetPilotName	=	"Bf-109K-4",
		type	=	"hit",
		target_unit_type	=	"Bf-109K-4",
		t	=	9.02,
		initiator_unit_type	=	"Bf-109K-4",
		event_id	=	126,
		weapon	=	"Bf 109 K-4",
		initiator_ws_type1	=	1,
		initiatorMissionID	=	"359",
		initiator_coalition	=	1,
	}, -- end of [22]
	[23] = 
	{
		targetPilotName	=	"Bf-109K-4",
		type	=	"bda",
		target_unit_type	=	"Bf-109K-4",
		target_coalition	=	1,
		t	=	9.02,
		targetMissionID	=	"361",
		target_ws_type1	=	1,
		linked_event_id	=	0,
		event_id	=	127,
		target	=	"Bf-109K-4",
		weapon_type	=	16843249,
		weapon	=	"Bf 109 K-4",
		target_object_id	=	16782336,
	}, -- end of [23]
	[24] = 
	{
		weapon_type	=	16843249,
		initiatorPilotName	=	"Bf-109K-4",
		target_coalition	=	1,
		linked_event_id	=	0,
		targetMissionID	=	"359",
		target_ws_type1	=	1,
		initiator_object_id	=	16782336,
		target	=	"Bf-109K-4",
		target_object_id	=	16781824,
		targetPilotName	=	"Bf-109K-4",
		type	=	"hit",
		target_unit_type	=	"Bf-109K-4",
		t	=	9.02,
		initiator_unit_type	=	"Bf-109K-4",
		event_id	=	128,
		weapon	=	"Bf 109 K-4",
		initiator_ws_type1	=	1,
		initiatorMissionID	=	"361",
		initiator_coalition	=	1,
	}, -- end of [24]
	[25] = 
	{
		targetPilotName	=	"Bf-109K-4",
		type	=	"bda",
		target_unit_type	=	"Bf-109K-4",
		target_coalition	=	1,
		t	=	9.02,
		targetMissionID	=	"359",
		target_ws_type1	=	1,
		linked_event_id	=	0,
		event_id	=	129,
		target	=	"Bf-109K-4",
		weapon_type	=	16843249,
		weapon	=	"Bf 109 K-4",
		target_object_id	=	16781824,
	}, -- end of [25]
	[26] = 
	{
		weapon_type	=	16843249,
		initiatorPilotName	=	"Bf-109K-4",
		target_coalition	=	1,
		linked_event_id	=	0,
		targetMissionID	=	"361",
		target_ws_type1	=	1,
		initiator_object_id	=	16781824,
		target	=	"Bf-109K-4",
		target_object_id	=	16782336,
		targetPilotName	=	"Bf-109K-4",
		type	=	"hit",
		target_unit_type	=	"Bf-109K-4",
		t	=	9.06,
		initiator_unit_type	=	"Bf-109K-4",
		event_id	=	130,
		weapon	=	"Bf 109 K-4",
		initiator_ws_type1	=	1,
		initiatorMissionID	=	"359",
		initiator_coalition	=	1,
	}, -- end of [26]
	[27] = 
	{
		targetPilotName	=	"Bf-109K-4",
		type	=	"bda",
		target_unit_type	=	"Bf-109K-4",
		target_coalition	=	1,
		t	=	9.06,
		targetMissionID	=	"361",
		target_ws_type1	=	1,
		linked_event_id	=	0,
		event_id	=	131,
		target	=	"Bf-109K-4",
		weapon_type	=	16843249,
		weapon	=	"Bf 109 K-4",
		target_object_id	=	16782336,
	}, -- end of [27]
	[28] = 
	{
		type	=	"ai abort mission",
		initiatorPilotName	=	"Bf-109K-4",
		t	=	9.06,
		initiator_unit_type	=	"Bf-109K-4",
		initiator_object_id	=	16782336,
		linked_event_id	=	0,
		event_id	=	132,
		initiator_coalition	=	1,
		initiator_ws_type1	=	1,
		initiatorMissionID	=	"361",
	}, -- end of [28]
	[29] = 
	{
		weapon_type	=	16843249,
		initiatorPilotName	=	"Bf-109K-4",
		target_coalition	=	1,
		linked_event_id	=	0,
		targetMissionID	=	"359",
		target_ws_type1	=	1,
		initiator_object_id	=	16782336,
		target	=	"Bf-109K-4",
		target_object_id	=	16781824,
		targetPilotName	=	"Bf-109K-4",
		type	=	"hit",
		target_unit_type	=	"Bf-109K-4",
		t	=	9.06,
		initiator_unit_type	=	"Bf-109K-4",
		event_id	=	133,
		weapon	=	"Bf 109 K-4",
		initiator_ws_type1	=	1,
		initiatorMissionID	=	"361",
		initiator_coalition	=	1,
	}, -- end of [29]
	[30] = 
	{
		targetPilotName	=	"Bf-109K-4",
		type	=	"bda",
		target_unit_type	=	"Bf-109K-4",
		target_coalition	=	1,
		t	=	9.06,
		targetMissionID	=	"359",
		target_ws_type1	=	1,
		linked_event_id	=	0,
		event_id	=	134,
		target	=	"Bf-109K-4",
		weapon_type	=	16843249,
		weapon	=	"Bf 109 K-4",
		target_object_id	=	16781824,
	}, -- end of [30]
	[31] = 
	{
		type	=	"ai abort mission",
		initiatorPilotName	=	"Bf-109K-4",
		t	=	9.48,
		initiator_unit_type	=	"Bf-109K-4",
		initiator_object_id	=	16781824,
		linked_event_id	=	0,
		event_id	=	135,
		initiator_coalition	=	1,
		initiator_ws_type1	=	1,
		initiatorMissionID	=	"359",
	}, -- end of [31]
	[32] = 
	{
		type	=	"ai abort mission",
		initiatorPilotName	=	"Bf-109K-4",
		t	=	9.56,
		initiator_unit_type	=	"Bf-109K-4",
		initiator_object_id	=	16782336,
		linked_event_id	=	0,
		event_id	=	136,
		initiator_coalition	=	1,
		initiator_ws_type1	=	1,
		initiatorMissionID	=	"361",
	}, -- end of [32]
	[33] = 
	{
		initiatorPilotName	=	"Bf-109K-4",
		target_coalition	=	1,
		linked_event_id	=	0,
		targetMissionID	=	"0",
		target_ws_type1	=	1,
		initiator_object_id	=	16782336,
		target	=	"",
		target_object_id	=	16801280,
		targetPilotName	=	"",
		type	=	"eject",
		target_unit_type	=	"",
		t	=	11.08,
		initiator_unit_type	=	"Bf-109K-4",
		event_id	=	137,
		initiator_ws_type1	=	1,
		initiatorMissionID	=	"361",
		initiator_coalition	=	1,
	}, -- end of [33]
	[34] = 
	{
		weapon_type	=	16843249,
		initiatorPilotName	=	"Bf-109K-4",
		target_coalition	=	1,
		linked_event_id	=	130,
		targetMissionID	=	"361",
		target_ws_type1	=	1,
		initiator_object_id	=	16781824,
		target	=	"Bf-109K-4",
		target_object_id	=	16782336,
		targetPilotName	=	"Bf-109K-4",
		type	=	"kill",
		target_unit_type	=	"Bf-109K-4",
		t	=	11.08,
		initiator_unit_type	=	"Bf-109K-4",
		event_id	=	138,
		weapon	=	"Bf 109 K-4",
		initiator_ws_type1	=	1,
		initiatorMissionID	=	"359",
		initiator_coalition	=	1,
	}, -- end of [34]
	[35] = 
	{
		type	=	"score",
		initiatorPilotName	=	"Bf-109K-4",
		t	=	11.08,
		linked_event_id	=	138,
		initiator_unit_type	=	"Bf-109K-4",
		event_id	=	139,
		initiator_object_id	=	16781824,
		amount	=	-20,
		comment	=	"air",
		initiator_coalition	=	1,
		initiator_ws_type1	=	1,
		initiatorMissionID	=	"359",
	}, -- end of [35]
	[36] = 
	{
		type	=	"crash",
		initiatorPilotName	=	"Bf-109K-4",
		t	=	15.1,
		initiator_unit_type	=	"Bf-109K-4",
		initiator_object_id	=	16781824,
		linked_event_id	=	0,
		event_id	=	141,
		initiator_coalition	=	1,
		initiator_ws_type1	=	1,
		initiatorMissionID	=	"359",
	}, -- end of [36]
	[37] = 
	{
		type	=	"crash",
		initiatorPilotName	=	"Bf-109K-4",
		t	=	17.26,
		initiator_unit_type	=	"Bf-109K-4",
		initiator_object_id	=	16782336,
		linked_event_id	=	0,
		event_id	=	142,
		initiator_coalition	=	1,
		initiator_ws_type1	=	1,
		initiatorMissionID	=	"361",
	}, -- end of [37]
	[38] = 
	{
		type	=	"engine startup",
		initiatorPilotName	=	"FW-190A8",
		place	=	"Merville Calonne",
		t	=	45.9,
		placeDisplayName	=	"Merville Calonne",
		initiator_unit_type	=	"FW-190A8",
		initiator_object_id	=	16800768,
		linked_event_id	=	0,
		event_id	=	143,
		initiator_coalition	=	1,
		initiator_ws_type1	=	1,
		initiatorMissionID	=	"4",
	}, -- end of [38]
	[39] = 
	{
		type	=	"engine startup",
		initiatorPilotName	=	"FW-190A8",
		place	=	"Merville Calonne",
		t	=	52.7,
		placeDisplayName	=	"Merville Calonne",
		initiator_unit_type	=	"FW-190A8",
		initiator_object_id	=	16801024,
		linked_event_id	=	0,
		event_id	=	144,
		initiator_coalition	=	1,
		initiator_ws_type1	=	1,
		initiatorMissionID	=	"5",
	}, -- end of [39]
	[40] = 
	{
		type	=	"engine startup",
		initiatorPilotName	=	"FW-190A8",
		place	=	"Merville Calonne",
		t	=	59.3,
		placeDisplayName	=	"Merville Calonne",
		initiator_unit_type	=	"FW-190A8",
		initiator_object_id	=	16800512,
		linked_event_id	=	0,
		event_id	=	145,
		initiator_coalition	=	1,
		initiator_ws_type1	=	1,
		initiatorMissionID	=	"3",
	}, -- end of [40]
	[41] = 
	{
		type	=	"pilot landing",
		initiatorPilotName	=	"",
		t	=	68.62,
		initiator_unit_type	=	"",
		initiator_object_id	=	16801280,
		linked_event_id	=	0,
		event_id	=	146,
		initiator_coalition	=	1,
		initiator_ws_type1	=	1,
		initiatorMissionID	=	"0",
	}, -- end of [41]
	[42] = 
	{
		type	=	"engine startup",
		initiatorPilotName	=	"FW-190A8",
		place	=	"Merville Calonne",
		t	=	157.98,
		placeDisplayName	=	"Merville Calonne",
		initiator_unit_type	=	"FW-190A8",
		initiator_object_id	=	16800256,
		linked_event_id	=	0,
		event_id	=	147,
		initiator_coalition	=	1,
		initiator_ws_type1	=	1,
		initiatorMissionID	=	"2",
	}, -- end of [42]
	[43] = 
	{
		type	=	"takeoff",
		initiatorPilotName	=	"FW-190A8",
		place	=	"Merville Calonne",
		t	=	569.38,
		placeDisplayName	=	"Merville Calonne",
		initiator_unit_type	=	"FW-190A8",
		initiator_object_id	=	16800256,
		linked_event_id	=	0,
		event_id	=	151,
		initiator_coalition	=	1,
		initiator_ws_type1	=	1,
		initiatorMissionID	=	"2",
	}, -- end of [43]
	[44] = 
	{
		type	=	"engine startup",
		initiatorPilotName	=	"P-51D",
		t	=	572.301,
		initiator_unit_type	=	"P-51D",
		initiator_object_id	=	16796672,
		linked_event_id	=	0,
		event_id	=	152,
		initiator_coalition	=	2,
		initiator_ws_type1	=	1,
		initiatorMissionID	=	"503",
	}, -- end of [44]
	[45] = 
	{
		type	=	"engine startup",
		initiatorPilotName	=	"P-51D",
		t	=	572.301,
		initiator_unit_type	=	"P-51D",
		initiator_object_id	=	16796928,
		linked_event_id	=	0,
		event_id	=	154,
		initiator_coalition	=	2,
		initiator_ws_type1	=	1,
		initiatorMissionID	=	"504",
	}, -- end of [45]
	[46] = 
	{
		initiatorPilotName	=	"flak30",
		target_coalition	=	2,
		linked_event_id	=	0,
		targetMissionID	=	"503",
		target_ws_type1	=	1,
		initiator_object_id	=	16794624,
		target	=	"P-51D",
		target_object_id	=	16796672,
		targetPilotName	=	"P-51D",
		type	=	"start shooting",
		target_unit_type	=	"P-51D",
		t	=	614.866,
		initiator_unit_type	=	"flak30",
		event_id	=	156,
		weapon	=	"Flak38_2_cm",
		initiator_ws_type1	=	2,
		initiatorMissionID	=	"694",
		initiator_coalition	=	1,
	}, -- end of [46]
	[47] = 
	{
		weapon_type	=	2566,
		type	=	"end shooting",
		initiatorPilotName	=	"flak30",
		t	=	615.249,
		linked_event_id	=	0,
		initiator_unit_type	=	"flak30",
		event_id	=	157,
		initiator_object_id	=	16794624,
		weapon	=	"Flak38_2_cm",
		ammo_consumption	=	0,
		initiator_coalition	=	1,
		initiator_ws_type1	=	2,
		initiatorMissionID	=	"694",
	}, -- end of [47]
	[48] = 
	{
		initiatorPilotName	=	"flak30",
		target_coalition	=	2,
		linked_event_id	=	0,
		targetMissionID	=	"504",
		target_ws_type1	=	1,
		initiator_object_id	=	16794880,
		target	=	"P-51D",
		target_object_id	=	16796928,
		targetPilotName	=	"P-51D",
		type	=	"start shooting",
		target_unit_type	=	"P-51D",
		t	=	617.566,
		initiator_unit_type	=	"flak30",
		event_id	=	158,
		weapon	=	"Flak38_2_cm",
		initiator_ws_type1	=	2,
		initiatorMissionID	=	"697",
		initiator_coalition	=	1,
	}, -- end of [48]
	[49] = 
	{
		weapon_type	=	2566,
		type	=	"end shooting",
		initiatorPilotName	=	"flak30",
		t	=	617.814,
		linked_event_id	=	0,
		initiator_unit_type	=	"flak30",
		event_id	=	159,
		initiator_object_id	=	16794880,
		weapon	=	"Flak38_2_cm",
		ammo_consumption	=	0,
		initiator_coalition	=	1,
		initiator_ws_type1	=	2,
		initiatorMissionID	=	"697",
	}, -- end of [49]
	[50] = 
	{
		initiatorPilotName	=	"flak30",
		target_coalition	=	2,
		linked_event_id	=	0,
		targetMissionID	=	"503",
		target_ws_type1	=	1,
		initiator_object_id	=	16794624,
		target	=	"P-51D",
		target_object_id	=	16796672,
		targetPilotName	=	"P-51D",
		type	=	"start shooting",
		target_unit_type	=	"P-51D",
		t	=	622.866,
		initiator_unit_type	=	"flak30",
		event_id	=	160,
		weapon	=	"Flak38_2_cm",
		initiator_ws_type1	=	2,
		initiatorMissionID	=	"694",
		initiator_coalition	=	1,
	}, -- end of [50]
	[51] = 
	{
		weapon_type	=	2566,
		type	=	"end shooting",
		initiatorPilotName	=	"flak30",
		t	=	623.241,
		linked_event_id	=	0,
		initiator_unit_type	=	"flak30",
		event_id	=	161,
		initiator_object_id	=	16794624,
		weapon	=	"Flak38_2_cm",
		ammo_consumption	=	0,
		initiator_coalition	=	1,
		initiator_ws_type1	=	2,
		initiatorMissionID	=	"694",
	}, -- end of [51]
	[52] = 
	{
		initiatorPilotName	=	"flak30",
		target_coalition	=	2,
		linked_event_id	=	0,
		targetMissionID	=	"504",
		target_ws_type1	=	1,
		initiator_object_id	=	16794880,
		target	=	"P-51D",
		target_object_id	=	16796928,
		targetPilotName	=	"P-51D",
		type	=	"start shooting",
		target_unit_type	=	"P-51D",
		t	=	624.906,
		initiator_unit_type	=	"flak30",
		event_id	=	162,
		weapon	=	"Flak38_2_cm",
		initiator_ws_type1	=	2,
		initiatorMissionID	=	"697",
		initiator_coalition	=	1,
	}, -- end of [52]
	[53] = 
	{
		weapon_type	=	2566,
		type	=	"end shooting",
		initiatorPilotName	=	"flak30",
		t	=	625.284,
		linked_event_id	=	0,
		initiator_unit_type	=	"flak30",
		event_id	=	163,
		initiator_object_id	=	16794880,
		weapon	=	"Flak38_2_cm",
		ammo_consumption	=	0,
		initiator_coalition	=	1,
		initiator_ws_type1	=	2,
		initiatorMissionID	=	"697",
	}, -- end of [53]
	[54] = 
	{
		initiatorPilotName	=	"flak30",
		target_coalition	=	2,
		linked_event_id	=	0,
		targetMissionID	=	"503",
		target_ws_type1	=	1,
		initiator_object_id	=	16794624,
		target	=	"P-51D",
		target_object_id	=	16796672,
		targetPilotName	=	"P-51D",
		type	=	"start shooting",
		target_unit_type	=	"P-51D",
		t	=	628.026,
		initiator_unit_type	=	"flak30",
		event_id	=	164,
		weapon	=	"Flak38_2_cm",
		initiator_ws_type1	=	2,
		initiatorMissionID	=	"694",
		initiator_coalition	=	1,
	}, -- end of [54]
	[55] = 
	{
		weapon_type	=	2566,
		type	=	"end shooting",
		initiatorPilotName	=	"flak30",
		t	=	628.279,
		linked_event_id	=	0,
		initiator_unit_type	=	"flak30",
		event_id	=	165,
		initiator_object_id	=	16794624,
		weapon	=	"Flak38_2_cm",
		ammo_consumption	=	0,
		initiator_coalition	=	1,
		initiator_ws_type1	=	2,
		initiatorMissionID	=	"694",
	}, -- end of [55]
	[56] = 
	{
		initiatorPilotName	=	"flak30",
		target_coalition	=	2,
		linked_event_id	=	0,
		targetMissionID	=	"504",
		target_ws_type1	=	1,
		initiator_object_id	=	16794880,
		target	=	"P-51D",
		target_object_id	=	16796928,
		targetPilotName	=	"P-51D",
		type	=	"start shooting",
		target_unit_type	=	"P-51D",
		t	=	629.966,
		initiator_unit_type	=	"flak30",
		event_id	=	166,
		weapon	=	"Flak38_2_cm",
		initiator_ws_type1	=	2,
		initiatorMissionID	=	"697",
		initiator_coalition	=	1,
	}, -- end of [56]
	[57] = 
	{
		weapon_type	=	2566,
		type	=	"end shooting",
		initiatorPilotName	=	"flak30",
		t	=	630.348,
		linked_event_id	=	0,
		initiator_unit_type	=	"flak30",
		event_id	=	167,
		initiator_object_id	=	16794880,
		weapon	=	"Flak38_2_cm",
		ammo_consumption	=	0,
		initiator_coalition	=	1,
		initiator_ws_type1	=	2,
		initiatorMissionID	=	"697",
	}, -- end of [57]
	[58] = 
	{
		initiatorPilotName	=	"flak30",
		target_coalition	=	2,
		linked_event_id	=	0,
		targetMissionID	=	"503",
		target_ws_type1	=	1,
		initiator_object_id	=	16794624,
		target	=	"P-51D",
		target_object_id	=	16796672,
		targetPilotName	=	"P-51D",
		type	=	"start shooting",
		target_unit_type	=	"P-51D",
		t	=	631.926,
		initiator_unit_type	=	"flak30",
		event_id	=	168,
		weapon	=	"Flak38_2_cm",
		initiator_ws_type1	=	2,
		initiatorMissionID	=	"694",
		initiator_coalition	=	1,
	}, -- end of [58]
	[59] = 
	{
		weapon_type	=	2566,
		type	=	"end shooting",
		initiatorPilotName	=	"flak30",
		t	=	632.297,
		linked_event_id	=	0,
		initiator_unit_type	=	"flak30",
		event_id	=	169,
		initiator_object_id	=	16794624,
		weapon	=	"Flak38_2_cm",
		ammo_consumption	=	0,
		initiator_coalition	=	1,
		initiator_ws_type1	=	2,
		initiatorMissionID	=	"694",
	}, -- end of [59]
	[60] = 
	{
		initiatorPilotName	=	"flak30",
		target_coalition	=	2,
		linked_event_id	=	0,
		targetMissionID	=	"503",
		target_ws_type1	=	1,
		initiator_object_id	=	16794880,
		target	=	"P-51D",
		target_object_id	=	16796672,
		targetPilotName	=	"P-51D",
		type	=	"start shooting",
		target_unit_type	=	"P-51D",
		t	=	668.406,
		initiator_unit_type	=	"flak30",
		event_id	=	170,
		weapon	=	"Flak38_2_cm",
		initiator_ws_type1	=	2,
		initiatorMissionID	=	"697",
		initiator_coalition	=	1,
	}, -- end of [60]
	[61] = 
	{
		weapon_type	=	2566,
		type	=	"end shooting",
		initiatorPilotName	=	"flak30",
		t	=	668.785,
		linked_event_id	=	0,
		initiator_unit_type	=	"flak30",
		event_id	=	171,
		initiator_object_id	=	16794880,
		weapon	=	"Flak38_2_cm",
		ammo_consumption	=	0,
		initiator_coalition	=	1,
		initiator_ws_type1	=	2,
		initiatorMissionID	=	"697",
	}, -- end of [61]
	[62] = 
	{
		initiatorPilotName	=	"flak30",
		target_coalition	=	2,
		linked_event_id	=	0,
		targetMissionID	=	"503",
		target_ws_type1	=	1,
		initiator_object_id	=	16794624,
		target	=	"P-51D",
		target_object_id	=	16796672,
		targetPilotName	=	"P-51D",
		type	=	"start shooting",
		target_unit_type	=	"P-51D",
		t	=	670.146,
		initiator_unit_type	=	"flak30",
		event_id	=	172,
		weapon	=	"Flak38_2_cm",
		initiator_ws_type1	=	2,
		initiatorMissionID	=	"694",
		initiator_coalition	=	1,
	}, -- end of [62]
	[63] = 
	{
		weapon_type	=	2566,
		type	=	"end shooting",
		initiatorPilotName	=	"flak30",
		t	=	670.528,
		linked_event_id	=	0,
		initiator_unit_type	=	"flak30",
		event_id	=	173,
		initiator_object_id	=	16794624,
		weapon	=	"Flak38_2_cm",
		ammo_consumption	=	0,
		initiator_coalition	=	1,
		initiator_ws_type1	=	2,
		initiatorMissionID	=	"694",
	}, -- end of [63]
	[64] = 
	{
		initiatorPilotName	=	"flak30",
		target_coalition	=	2,
		linked_event_id	=	0,
		targetMissionID	=	"503",
		target_ws_type1	=	1,
		initiator_object_id	=	16794880,
		target	=	"P-51D",
		target_object_id	=	16796672,
		targetPilotName	=	"P-51D",
		type	=	"start shooting",
		target_unit_type	=	"P-51D",
		t	=	676.926,
		initiator_unit_type	=	"flak30",
		event_id	=	174,
		weapon	=	"Flak38_2_cm",
		initiator_ws_type1	=	2,
		initiatorMissionID	=	"697",
		initiator_coalition	=	1,
	}, -- end of [64]
	[65] = 
	{
		weapon_type	=	2566,
		type	=	"end shooting",
		initiatorPilotName	=	"flak30",
		t	=	677.172,
		linked_event_id	=	0,
		initiator_unit_type	=	"flak30",
		event_id	=	175,
		initiator_object_id	=	16794880,
		weapon	=	"Flak38_2_cm",
		ammo_consumption	=	0,
		initiator_coalition	=	1,
		initiator_ws_type1	=	2,
		initiatorMissionID	=	"697",
	}, -- end of [65]
	[66] = 
	{
		initiatorPilotName	=	"flak30",
		target_coalition	=	2,
		linked_event_id	=	0,
		targetMissionID	=	"503",
		target_ws_type1	=	1,
		initiator_object_id	=	16794624,
		target	=	"P-51D",
		target_object_id	=	16796672,
		targetPilotName	=	"P-51D",
		type	=	"start shooting",
		target_unit_type	=	"P-51D",
		t	=	678.206,
		initiator_unit_type	=	"flak30",
		event_id	=	176,
		weapon	=	"Flak38_2_cm",
		initiator_ws_type1	=	2,
		initiatorMissionID	=	"694",
		initiator_coalition	=	1,
	}, -- end of [66]
	[67] = 
	{
		weapon_type	=	2566,
		type	=	"end shooting",
		initiatorPilotName	=	"flak30",
		t	=	678.206,
		linked_event_id	=	0,
		initiator_unit_type	=	"flak30",
		event_id	=	177,
		initiator_object_id	=	16794624,
		weapon	=	"Flak38_2_cm",
		ammo_consumption	=	0,
		initiator_coalition	=	1,
		initiator_ws_type1	=	2,
		initiatorMissionID	=	"694",
	}, -- end of [67]
	[68] = 
	{
		initiatorPilotName	=	"flak30",
		target_coalition	=	2,
		linked_event_id	=	0,
		targetMissionID	=	"503",
		target_ws_type1	=	1,
		initiator_object_id	=	16794880,
		target	=	"P-51D",
		target_object_id	=	16796672,
		targetPilotName	=	"P-51D",
		type	=	"start shooting",
		target_unit_type	=	"P-51D",
		t	=	682.446,
		initiator_unit_type	=	"flak30",
		event_id	=	178,
		weapon	=	"Flak38_2_cm",
		initiator_ws_type1	=	2,
		initiatorMissionID	=	"697",
		initiator_coalition	=	1,
	}, -- end of [68]
	[69] = 
	{
		weapon_type	=	2566,
		type	=	"end shooting",
		initiatorPilotName	=	"flak30",
		t	=	682.571,
		linked_event_id	=	0,
		initiator_unit_type	=	"flak30",
		event_id	=	179,
		initiator_object_id	=	16794880,
		weapon	=	"Flak38_2_cm",
		ammo_consumption	=	0,
		initiator_coalition	=	1,
		initiator_ws_type1	=	2,
		initiatorMissionID	=	"697",
	}, -- end of [69]
	[70] = 
	{
		initiatorPilotName	=	"flak30",
		target_coalition	=	2,
		linked_event_id	=	0,
		targetMissionID	=	"503",
		target_ws_type1	=	1,
		initiator_object_id	=	16794624,
		target	=	"P-51D",
		target_object_id	=	16796672,
		targetPilotName	=	"P-51D",
		type	=	"start shooting",
		target_unit_type	=	"P-51D",
		t	=	683.266,
		initiator_unit_type	=	"flak30",
		event_id	=	180,
		weapon	=	"Flak38_2_cm",
		initiator_ws_type1	=	2,
		initiatorMissionID	=	"694",
		initiator_coalition	=	1,
	}, -- end of [70]
	[71] = 
	{
		weapon_type	=	2566,
		type	=	"end shooting",
		initiatorPilotName	=	"flak30",
		t	=	683.651,
		linked_event_id	=	0,
		initiator_unit_type	=	"flak30",
		event_id	=	181,
		initiator_object_id	=	16794624,
		weapon	=	"Flak38_2_cm",
		ammo_consumption	=	0,
		initiator_coalition	=	1,
		initiator_ws_type1	=	2,
		initiatorMissionID	=	"694",
	}, -- end of [71]
	[72] = 
	{
		initiatorPilotName	=	"flak30",
		target_coalition	=	2,
		linked_event_id	=	0,
		targetMissionID	=	"503",
		target_ws_type1	=	1,
		initiator_object_id	=	16794880,
		target	=	"P-51D",
		target_object_id	=	16796672,
		targetPilotName	=	"P-51D",
		type	=	"start shooting",
		target_unit_type	=	"P-51D",
		t	=	686.426,
		initiator_unit_type	=	"flak30",
		event_id	=	182,
		weapon	=	"Flak38_2_cm",
		initiator_ws_type1	=	2,
		initiatorMissionID	=	"697",
		initiator_coalition	=	1,
	}, -- end of [72]
	[73] = 
	{
		initiatorPilotName	=	"flak30",
		target_coalition	=	2,
		linked_event_id	=	0,
		targetMissionID	=	"503",
		target_ws_type1	=	1,
		initiator_object_id	=	16794624,
		target	=	"P-51D",
		target_object_id	=	16796672,
		targetPilotName	=	"P-51D",
		type	=	"start shooting",
		target_unit_type	=	"P-51D",
		t	=	687.006,
		initiator_unit_type	=	"flak30",
		event_id	=	183,
		weapon	=	"Flak38_2_cm",
		initiator_ws_type1	=	2,
		initiatorMissionID	=	"694",
		initiator_coalition	=	1,
	}, -- end of [73]
	[74] = 
	{
		weapon_type	=	2566,
		type	=	"end shooting",
		initiatorPilotName	=	"flak30",
		t	=	687.057,
		linked_event_id	=	0,
		initiator_unit_type	=	"flak30",
		event_id	=	184,
		initiator_object_id	=	16794880,
		weapon	=	"Flak38_2_cm",
		ammo_consumption	=	0,
		initiator_coalition	=	1,
		initiator_ws_type1	=	2,
		initiatorMissionID	=	"697",
	}, -- end of [74]
	[75] = 
	{
		weapon_type	=	2566,
		type	=	"end shooting",
		initiatorPilotName	=	"flak30",
		t	=	687.635,
		linked_event_id	=	0,
		initiator_unit_type	=	"flak30",
		event_id	=	185,
		initiator_object_id	=	16794624,
		weapon	=	"Flak38_2_cm",
		ammo_consumption	=	0,
		initiator_coalition	=	1,
		initiator_ws_type1	=	2,
		initiatorMissionID	=	"694",
	}, -- end of [75]
	[76] = 
	{
		initiatorPilotName	=	"flak30",
		target_coalition	=	2,
		linked_event_id	=	0,
		targetMissionID	=	"503",
		target_ws_type1	=	1,
		initiator_object_id	=	16794880,
		target	=	"P-51D",
		target_object_id	=	16796672,
		targetPilotName	=	"P-51D",
		type	=	"hit",
		target_unit_type	=	"P-51D",
		t	=	688.541,
		initiator_unit_type	=	"flak30",
		event_id	=	186,
		initiator_ws_type1	=	2,
		initiatorMissionID	=	"697",
		initiator_coalition	=	1,
	}, -- end of [76]
	[77] = 
	{
		initiatorPilotName	=	"flak30",
		target_coalition	=	2,
		linked_event_id	=	0,
		targetMissionID	=	"503",
		target_ws_type1	=	1,
		initiator_object_id	=	16794880,
		target	=	"P-51D",
		target_object_id	=	16796672,
		targetPilotName	=	"P-51D",
		type	=	"bda",
		target_unit_type	=	"P-51D",
		t	=	688.541,
		initiator_unit_type	=	"flak30",
		event_id	=	187,
		initiator_ws_type1	=	2,
		initiatorMissionID	=	"697",
		initiator_coalition	=	1,
	}, -- end of [77]
	[78] = 
	{
		initiatorPilotName	=	"flak30",
		target_coalition	=	2,
		linked_event_id	=	0,
		targetMissionID	=	"503",
		target_ws_type1	=	1,
		initiator_object_id	=	16795392,
		target	=	"P-51D",
		target_object_id	=	16796672,
		targetPilotName	=	"P-51D",
		type	=	"start shooting",
		target_unit_type	=	"P-51D",
		t	=	689.041,
		initiator_unit_type	=	"flak30",
		event_id	=	188,
		weapon	=	"Flak38_2_cm",
		initiator_ws_type1	=	2,
		initiatorMissionID	=	"701",
		initiator_coalition	=	1,
	}, -- end of [78]
	[79] = 
	{
		weapon_type	=	2566,
		type	=	"end shooting",
		initiatorPilotName	=	"flak30",
		t	=	689.29,
		linked_event_id	=	0,
		initiator_unit_type	=	"flak30",
		event_id	=	189,
		initiator_object_id	=	16795392,
		weapon	=	"Flak38_2_cm",
		ammo_consumption	=	0,
		initiator_coalition	=	1,
		initiator_ws_type1	=	2,
		initiatorMissionID	=	"701",
	}, -- end of [79]
	[80] = 
	{
		initiatorPilotName	=	"flak30",
		target_coalition	=	2,
		linked_event_id	=	0,
		targetMissionID	=	"503",
		target_ws_type1	=	1,
		initiator_object_id	=	16794880,
		target	=	"P-51D",
		target_object_id	=	16796672,
		targetPilotName	=	"P-51D",
		type	=	"start shooting",
		target_unit_type	=	"P-51D",
		t	=	689.726,
		initiator_unit_type	=	"flak30",
		event_id	=	190,
		weapon	=	"Flak38_2_cm",
		initiator_ws_type1	=	2,
		initiatorMissionID	=	"697",
		initiator_coalition	=	1,
	}, -- end of [80]
	[81] = 
	{
		initiatorPilotName	=	"flak30",
		target_coalition	=	2,
		linked_event_id	=	0,
		targetMissionID	=	"503",
		target_ws_type1	=	1,
		initiator_object_id	=	16794624,
		target	=	"P-51D",
		target_object_id	=	16796672,
		targetPilotName	=	"P-51D",
		type	=	"start shooting",
		target_unit_type	=	"P-51D",
		t	=	690.066,
		initiator_unit_type	=	"flak30",
		event_id	=	191,
		weapon	=	"Flak38_2_cm",
		initiator_ws_type1	=	2,
		initiatorMissionID	=	"694",
		initiator_coalition	=	1,
	}, -- end of [81]
	[82] = 
	{
		weapon_type	=	2566,
		type	=	"end shooting",
		initiatorPilotName	=	"flak30",
		t	=	690.102,
		linked_event_id	=	0,
		initiator_unit_type	=	"flak30",
		event_id	=	192,
		initiator_object_id	=	16794880,
		weapon	=	"Flak38_2_cm",
		ammo_consumption	=	0,
		initiator_coalition	=	1,
		initiator_ws_type1	=	2,
		initiatorMissionID	=	"697",
	}, -- end of [82]
	[83] = 
	{
		weapon_type	=	2566,
		type	=	"end shooting",
		initiatorPilotName	=	"flak30",
		t	=	690.693,
		linked_event_id	=	0,
		initiator_unit_type	=	"flak30",
		event_id	=	193,
		initiator_object_id	=	16794624,
		weapon	=	"Flak38_2_cm",
		ammo_consumption	=	0,
		initiator_coalition	=	1,
		initiator_ws_type1	=	2,
		initiatorMissionID	=	"694",
	}, -- end of [83]
	[84] = 
	{
		initiatorPilotName	=	"flak30",
		target_coalition	=	2,
		linked_event_id	=	0,
		targetMissionID	=	"503",
		target_ws_type1	=	1,
		initiator_object_id	=	16794880,
		target	=	"P-51D",
		target_object_id	=	16796672,
		targetPilotName	=	"P-51D",
		type	=	"hit",
		target_unit_type	=	"P-51D",
		t	=	691.141,
		initiator_unit_type	=	"flak30",
		event_id	=	194,
		initiator_ws_type1	=	2,
		initiatorMissionID	=	"697",
		initiator_coalition	=	1,
	}, -- end of [84]
	[85] = 
	{
		initiatorPilotName	=	"flak30",
		target_coalition	=	2,
		linked_event_id	=	0,
		targetMissionID	=	"503",
		target_ws_type1	=	1,
		initiator_object_id	=	16794880,
		target	=	"P-51D",
		target_object_id	=	16796672,
		targetPilotName	=	"P-51D",
		type	=	"bda",
		target_unit_type	=	"P-51D",
		t	=	691.141,
		initiator_unit_type	=	"flak30",
		event_id	=	195,
		initiator_ws_type1	=	2,
		initiatorMissionID	=	"697",
		initiator_coalition	=	1,
	}, -- end of [85]
	[86] = 
	{
		initiatorPilotName	=	"flak30",
		target_coalition	=	2,
		linked_event_id	=	0,
		targetMissionID	=	"503",
		target_ws_type1	=	1,
		initiator_object_id	=	16794624,
		target	=	"P-51D",
		target_object_id	=	16796672,
		targetPilotName	=	"P-51D",
		type	=	"start shooting",
		target_unit_type	=	"P-51D",
		t	=	693.566,
		initiator_unit_type	=	"flak30",
		event_id	=	196,
		weapon	=	"Flak38_2_cm",
		initiator_ws_type1	=	2,
		initiatorMissionID	=	"694",
		initiator_coalition	=	1,
	}, -- end of [86]
	[87] = 
	{
		initiatorPilotName	=	"flak30",
		target_coalition	=	2,
		linked_event_id	=	0,
		targetMissionID	=	"503",
		target_ws_type1	=	1,
		initiator_object_id	=	16794880,
		target	=	"P-51D",
		target_object_id	=	16796672,
		targetPilotName	=	"P-51D",
		type	=	"start shooting",
		target_unit_type	=	"P-51D",
		t	=	693.606,
		initiator_unit_type	=	"flak30",
		event_id	=	197,
		weapon	=	"Flak38_2_cm",
		initiator_ws_type1	=	2,
		initiatorMissionID	=	"697",
		initiator_coalition	=	1,
	}, -- end of [87]
	[88] = 
	{
		weapon_type	=	2566,
		type	=	"end shooting",
		initiatorPilotName	=	"flak30",
		t	=	693.946,
		linked_event_id	=	0,
		initiator_unit_type	=	"flak30",
		event_id	=	198,
		initiator_object_id	=	16794624,
		weapon	=	"Flak38_2_cm",
		ammo_consumption	=	0,
		initiator_coalition	=	1,
		initiator_ws_type1	=	2,
		initiatorMissionID	=	"694",
	}, -- end of [88]
	[89] = 
	{
		weapon_type	=	2566,
		type	=	"end shooting",
		initiatorPilotName	=	"flak30",
		t	=	694.231,
		linked_event_id	=	0,
		initiator_unit_type	=	"flak30",
		event_id	=	199,
		initiator_object_id	=	16794880,
		weapon	=	"Flak38_2_cm",
		ammo_consumption	=	0,
		initiator_coalition	=	1,
		initiator_ws_type1	=	2,
		initiatorMissionID	=	"697",
	}, -- end of [89]
	[90] = 
	{
		initiatorPilotName	=	"flak30",
		target_coalition	=	2,
		linked_event_id	=	0,
		targetMissionID	=	"503",
		target_ws_type1	=	1,
		initiator_object_id	=	16795136,
		target	=	"P-51D",
		target_object_id	=	16796672,
		targetPilotName	=	"P-51D",
		type	=	"start shooting",
		target_unit_type	=	"P-51D",
		t	=	694.601,
		initiator_unit_type	=	"flak30",
		event_id	=	200,
		weapon	=	"Flak38_2_cm",
		initiator_ws_type1	=	2,
		initiatorMissionID	=	"700",
		initiator_coalition	=	1,
	}, -- end of [90]
	[91] = 
	{
		weapon_type	=	2566,
		type	=	"end shooting",
		initiatorPilotName	=	"flak30",
		t	=	694.98,
		linked_event_id	=	0,
		initiator_unit_type	=	"flak30",
		event_id	=	201,
		initiator_object_id	=	16795136,
		weapon	=	"Flak38_2_cm",
		ammo_consumption	=	0,
		initiator_coalition	=	1,
		initiator_ws_type1	=	2,
		initiatorMissionID	=	"700",
	}, -- end of [91]
	[92] = 
	{
		initiatorPilotName	=	"flak30",
		target_coalition	=	2,
		linked_event_id	=	0,
		targetMissionID	=	"503",
		target_ws_type1	=	1,
		initiator_object_id	=	16794368,
		target	=	"P-51D",
		target_object_id	=	16796672,
		targetPilotName	=	"P-51D",
		type	=	"start shooting",
		target_unit_type	=	"P-51D",
		t	=	695.077,
		initiator_unit_type	=	"flak30",
		event_id	=	202,
		weapon	=	"Flak38_2_cm",
		initiator_ws_type1	=	2,
		initiatorMissionID	=	"693",
		initiator_coalition	=	1,
	}, -- end of [92]
	[93] = 
	{
		weapon_type	=	2566,
		type	=	"end shooting",
		initiatorPilotName	=	"flak30",
		t	=	695.327,
		linked_event_id	=	0,
		initiator_unit_type	=	"flak30",
		event_id	=	203,
		initiator_object_id	=	16794368,
		weapon	=	"Flak38_2_cm",
		ammo_consumption	=	0,
		initiator_coalition	=	1,
		initiator_ws_type1	=	2,
		initiatorMissionID	=	"693",
	}, -- end of [93]
	[94] = 
	{
		initiatorPilotName	=	"flak30",
		target_coalition	=	2,
		linked_event_id	=	0,
		targetMissionID	=	"503",
		target_ws_type1	=	1,
		initiator_object_id	=	16794624,
		target	=	"P-51D",
		target_object_id	=	16796672,
		targetPilotName	=	"P-51D",
		type	=	"start shooting",
		target_unit_type	=	"P-51D",
		t	=	696.028,
		initiator_unit_type	=	"flak30",
		event_id	=	204,
		weapon	=	"Flak38_2_cm",
		initiator_ws_type1	=	2,
		initiatorMissionID	=	"694",
		initiator_coalition	=	1,
	}, -- end of [94]
	[95] = 
	{
		weapon_type	=	2566,
		type	=	"end shooting",
		initiatorPilotName	=	"flak30",
		t	=	696.655,
		linked_event_id	=	0,
		initiator_unit_type	=	"flak30",
		event_id	=	205,
		initiator_object_id	=	16794624,
		weapon	=	"Flak38_2_cm",
		ammo_consumption	=	0,
		initiator_coalition	=	1,
		initiator_ws_type1	=	2,
		initiatorMissionID	=	"694",
	}, -- end of [95]
	[96] = 
	{
		initiatorPilotName	=	"flak30",
		target_coalition	=	2,
		linked_event_id	=	0,
		targetMissionID	=	"503",
		target_ws_type1	=	1,
		initiator_object_id	=	16794880,
		target	=	"P-51D",
		target_object_id	=	16796672,
		targetPilotName	=	"P-51D",
		type	=	"start shooting",
		target_unit_type	=	"P-51D",
		t	=	696.666,
		initiator_unit_type	=	"flak30",
		event_id	=	206,
		weapon	=	"Flak38_2_cm",
		initiator_ws_type1	=	2,
		initiatorMissionID	=	"697",
		initiator_coalition	=	1,
	}, -- end of [96]
	[97] = 
	{
		initiatorPilotName	=	"flak30",
		target_coalition	=	2,
		linked_event_id	=	0,
		targetMissionID	=	"503",
		target_ws_type1	=	1,
		initiator_object_id	=	16795392,
		target	=	"P-51D",
		target_object_id	=	16796672,
		targetPilotName	=	"P-51D",
		type	=	"start shooting",
		target_unit_type	=	"P-51D",
		t	=	696.721,
		initiator_unit_type	=	"flak30",
		event_id	=	207,
		weapon	=	"Flak38_2_cm",
		initiator_ws_type1	=	2,
		initiatorMissionID	=	"701",
		initiator_coalition	=	1,
	}, -- end of [97]
	[98] = 
	{
		weapon_type	=	2566,
		type	=	"end shooting",
		initiatorPilotName	=	"flak30",
		t	=	696.974,
		linked_event_id	=	0,
		initiator_unit_type	=	"flak30",
		event_id	=	208,
		initiator_object_id	=	16795392,
		weapon	=	"Flak38_2_cm",
		ammo_consumption	=	0,
		initiator_coalition	=	1,
		initiator_ws_type1	=	2,
		initiatorMissionID	=	"701",
	}, -- end of [98]
	[99] = 
	{
		weapon_type	=	2566,
		type	=	"end shooting",
		initiatorPilotName	=	"flak30",
		t	=	697.043,
		linked_event_id	=	0,
		initiator_unit_type	=	"flak30",
		event_id	=	209,
		initiator_object_id	=	16794880,
		weapon	=	"Flak38_2_cm",
		ammo_consumption	=	0,
		initiator_coalition	=	1,
		initiator_ws_type1	=	2,
		initiatorMissionID	=	"697",
	}, -- end of [99]
	[100] = 
	{
		initiatorPilotName	=	"P-51D",
		target_coalition	=	1,
		linked_event_id	=	0,
		targetMissionID	=	"0",
		target_ws_type1	=	2,
		initiator_object_id	=	16796672,
		target	=	"Ju-88A4",
		target_object_id	=	50340608,
		targetPilotName	=	"Ju-88A4",
		type	=	"start shooting",
		target_unit_type	=	"Ju-88A4",
		t	=	698.061,
		initiator_unit_type	=	"P-51D",
		event_id	=	210,
		weapon	=	"Browning .50 M2",
		initiator_ws_type1	=	1,
		initiatorMissionID	=	"503",
		initiator_coalition	=	2,
	}, -- end of [100]
	[101] = 
	{
		initiatorPilotName	=	"P-51D",
		target_coalition	=	1,
		linked_event_id	=	0,
		targetMissionID	=	"0",
		target_ws_type1	=	2,
		initiator_object_id	=	16796672,
		target	=	"Ju-88A4",
		target_object_id	=	50340608,
		targetPilotName	=	"Ju-88A4",
		type	=	"start shooting",
		target_unit_type	=	"Ju-88A4",
		t	=	698.061,
		initiator_unit_type	=	"P-51D",
		event_id	=	211,
		weapon	=	"Browning .50 M2",
		initiator_ws_type1	=	1,
		initiatorMissionID	=	"503",
		initiator_coalition	=	2,
	}, -- end of [101]
	[102] = 
	{
		initiatorPilotName	=	"P-51D",
		target_coalition	=	1,
		linked_event_id	=	0,
		targetMissionID	=	"0",
		target_ws_type1	=	2,
		initiator_object_id	=	16796672,
		target	=	"Ju-88A4",
		target_object_id	=	50340608,
		targetPilotName	=	"Ju-88A4",
		type	=	"start shooting",
		target_unit_type	=	"Ju-88A4",
		t	=	698.061,
		initiator_unit_type	=	"P-51D",
		event_id	=	212,
		weapon	=	"Browning .50 M2",
		initiator_ws_type1	=	1,
		initiatorMissionID	=	"503",
		initiator_coalition	=	2,
	}, -- end of [102]
	[103] = 
	{
		initiatorPilotName	=	"P-51D",
		target_coalition	=	1,
		linked_event_id	=	0,
		targetMissionID	=	"0",
		target_ws_type1	=	2,
		initiator_object_id	=	16796672,
		target	=	"Ju-88A4",
		target_object_id	=	50340608,
		targetPilotName	=	"Ju-88A4",
		type	=	"start shooting",
		target_unit_type	=	"Ju-88A4",
		t	=	698.061,
		initiator_unit_type	=	"P-51D",
		event_id	=	213,
		weapon	=	"Browning .50 M2",
		initiator_ws_type1	=	1,
		initiatorMissionID	=	"503",
		initiator_coalition	=	2,
	}, -- end of [103]
	[104] = 
	{
		initiatorPilotName	=	"P-51D",
		target_coalition	=	1,
		linked_event_id	=	0,
		targetMissionID	=	"0",
		target_ws_type1	=	2,
		initiator_object_id	=	16796672,
		target	=	"Ju-88A4",
		target_object_id	=	50340608,
		targetPilotName	=	"Ju-88A4",
		type	=	"start shooting",
		target_unit_type	=	"Ju-88A4",
		t	=	698.061,
		initiator_unit_type	=	"P-51D",
		event_id	=	214,
		weapon	=	"Browning .50 M2",
		initiator_ws_type1	=	1,
		initiatorMissionID	=	"503",
		initiator_coalition	=	2,
	}, -- end of [104]
	[105] = 
	{
		initiatorPilotName	=	"P-51D",
		target_coalition	=	1,
		linked_event_id	=	0,
		targetMissionID	=	"0",
		target_ws_type1	=	2,
		initiator_object_id	=	16796672,
		target	=	"Ju-88A4",
		target_object_id	=	50340608,
		targetPilotName	=	"Ju-88A4",
		type	=	"start shooting",
		target_unit_type	=	"Ju-88A4",
		t	=	698.061,
		initiator_unit_type	=	"P-51D",
		event_id	=	215,
		weapon	=	"Browning .50 M2",
		initiator_ws_type1	=	1,
		initiatorMissionID	=	"503",
		initiator_coalition	=	2,
	}, -- end of [105]
	[106] = 
	{
		initiatorPilotName	=	"flak30",
		target_coalition	=	2,
		linked_event_id	=	0,
		targetMissionID	=	"503",
		target_ws_type1	=	1,
		initiator_object_id	=	16794624,
		target	=	"P-51D",
		target_object_id	=	16796672,
		targetPilotName	=	"P-51D",
		type	=	"start shooting",
		target_unit_type	=	"P-51D",
		t	=	698.306,
		initiator_unit_type	=	"flak30",
		event_id	=	216,
		weapon	=	"Flak38_2_cm",
		initiator_ws_type1	=	2,
		initiatorMissionID	=	"694",
		initiator_coalition	=	1,
	}, -- end of [106]
	[107] = 
	{
		type	=	"start shooting",
		initiatorPilotName	=	"FW-190A8",
		t	=	698.48,
		initiator_unit_type	=	"FW-190A8",
		linked_event_id	=	0,
		initiator_object_id	=	16800256,
		event_id	=	217,
		weapon	=	"MG 151/20",
		initiator_coalition	=	1,
		initiator_ws_type1	=	1,
		initiatorMissionID	=	"2",
	}, -- end of [107]
	[108] = 
	{
		type	=	"start shooting",
		initiatorPilotName	=	"FW-190A8",
		t	=	698.48,
		initiator_unit_type	=	"FW-190A8",
		linked_event_id	=	0,
		initiator_object_id	=	16800256,
		event_id	=	218,
		weapon	=	"MG 131",
		initiator_coalition	=	1,
		initiator_ws_type1	=	1,
		initiatorMissionID	=	"2",
	}, -- end of [108]
	[109] = 
	{
		type	=	"start shooting",
		initiatorPilotName	=	"FW-190A8",
		t	=	698.48,
		initiator_unit_type	=	"FW-190A8",
		linked_event_id	=	0,
		initiator_object_id	=	16800256,
		event_id	=	219,
		weapon	=	"MG 131",
		initiator_coalition	=	1,
		initiator_ws_type1	=	1,
		initiatorMissionID	=	"2",
	}, -- end of [109]
	[110] = 
	{
		type	=	"start shooting",
		initiatorPilotName	=	"FW-190A8",
		t	=	698.48,
		initiator_unit_type	=	"FW-190A8",
		linked_event_id	=	0,
		initiator_object_id	=	16800256,
		event_id	=	220,
		weapon	=	"MG 151/20",
		initiator_coalition	=	1,
		initiator_ws_type1	=	1,
		initiatorMissionID	=	"2",
	}, -- end of [110]
	[111] = 
	{
		type	=	"start shooting",
		initiatorPilotName	=	"FW-190A8",
		t	=	698.54,
		initiator_unit_type	=	"FW-190A8",
		linked_event_id	=	0,
		initiator_object_id	=	16800256,
		event_id	=	221,
		weapon	=	"MG 151/20",
		initiator_coalition	=	1,
		initiator_ws_type1	=	1,
		initiatorMissionID	=	"2",
	}, -- end of [111]
	[112] = 
	{
		type	=	"start shooting",
		initiatorPilotName	=	"FW-190A8",
		t	=	698.54,
		initiator_unit_type	=	"FW-190A8",
		linked_event_id	=	0,
		initiator_object_id	=	16800256,
		event_id	=	222,
		weapon	=	"MG 151/20",
		initiator_coalition	=	1,
		initiator_ws_type1	=	1,
		initiatorMissionID	=	"2",
	}, -- end of [112]
	[113] = 
	{
		weapon_type	=	2566,
		type	=	"end shooting",
		initiatorPilotName	=	"FW-190A8",
		t	=	698.62,
		linked_event_id	=	0,
		event_id	=	223,
		initiator_unit_type	=	"FW-190A8",
		uin64_t_value	=	2,
		initiator_object_id	=	16800256,
		weapon	=	"MG 131",
		ammo_consumption	=	2,
		initiator_coalition	=	1,
		initiator_ws_type1	=	1,
		initiatorMissionID	=	"2",
	}, -- end of [113]
	[114] = 
	{
		weapon_type	=	2566,
		type	=	"end shooting",
		initiatorPilotName	=	"FW-190A8",
		t	=	698.62,
		linked_event_id	=	0,
		event_id	=	224,
		initiator_unit_type	=	"FW-190A8",
		uin64_t_value	=	2,
		initiator_object_id	=	16800256,
		weapon	=	"MG 131",
		ammo_consumption	=	2,
		initiator_coalition	=	1,
		initiator_ws_type1	=	1,
		initiatorMissionID	=	"2",
	}, -- end of [114]
	[115] = 
	{
		weapon_type	=	2566,
		type	=	"end shooting",
		initiatorPilotName	=	"FW-190A8",
		t	=	698.627,
		linked_event_id	=	0,
		event_id	=	225,
		initiator_unit_type	=	"FW-190A8",
		uin64_t_value	=	1,
		initiator_object_id	=	16800256,
		weapon	=	"MG 151/20",
		ammo_consumption	=	1,
		initiator_coalition	=	1,
		initiator_ws_type1	=	1,
		initiatorMissionID	=	"2",
	}, -- end of [115]
	[116] = 
	{
		weapon_type	=	2566,
		type	=	"end shooting",
		initiatorPilotName	=	"FW-190A8",
		t	=	698.629,
		linked_event_id	=	0,
		event_id	=	226,
		initiator_unit_type	=	"FW-190A8",
		uin64_t_value	=	1,
		initiator_object_id	=	16800256,
		weapon	=	"MG 151/20",
		ammo_consumption	=	1,
		initiator_coalition	=	1,
		initiator_ws_type1	=	1,
		initiatorMissionID	=	"2",
	}, -- end of [116]
	[117] = 
	{
		weapon_type	=	2566,
		type	=	"end shooting",
		initiatorPilotName	=	"FW-190A8",
		t	=	698.66,
		linked_event_id	=	0,
		event_id	=	227,
		initiator_unit_type	=	"FW-190A8",
		uin64_t_value	=	2,
		initiator_object_id	=	16800256,
		weapon	=	"MG 151/20",
		ammo_consumption	=	2,
		initiator_coalition	=	1,
		initiator_ws_type1	=	1,
		initiatorMissionID	=	"2",
	}, -- end of [117]
	[118] = 
	{
		weapon_type	=	2566,
		type	=	"end shooting",
		initiatorPilotName	=	"FW-190A8",
		t	=	698.66,
		linked_event_id	=	0,
		event_id	=	228,
		initiator_unit_type	=	"FW-190A8",
		uin64_t_value	=	2,
		initiator_object_id	=	16800256,
		weapon	=	"MG 151/20",
		ammo_consumption	=	2,
		initiator_coalition	=	1,
		initiator_ws_type1	=	1,
		initiatorMissionID	=	"2",
	}, -- end of [118]
	[119] = 
	{
		weapon_type	=	2566,
		type	=	"end shooting",
		initiatorPilotName	=	"P-51D",
		t	=	699.036,
		linked_event_id	=	0,
		event_id	=	229,
		initiator_unit_type	=	"P-51D",
		uin64_t_value	=	13,
		initiator_object_id	=	16796672,
		weapon	=	"Browning .50 M2",
		ammo_consumption	=	13,
		initiator_coalition	=	2,
		initiator_ws_type1	=	1,
		initiatorMissionID	=	"503",
	}, -- end of [119]
	[120] = 
	{
		weapon_type	=	2566,
		type	=	"end shooting",
		initiatorPilotName	=	"P-51D",
		t	=	699.036,
		linked_event_id	=	0,
		event_id	=	230,
		initiator_unit_type	=	"P-51D",
		uin64_t_value	=	13,
		initiator_object_id	=	16796672,
		weapon	=	"Browning .50 M2",
		ammo_consumption	=	13,
		initiator_coalition	=	2,
		initiator_ws_type1	=	1,
		initiatorMissionID	=	"503",
	}, -- end of [120]
	[121] = 
	{
		weapon_type	=	2566,
		type	=	"end shooting",
		initiatorPilotName	=	"P-51D",
		t	=	699.036,
		linked_event_id	=	0,
		event_id	=	231,
		initiator_unit_type	=	"P-51D",
		uin64_t_value	=	13,
		initiator_object_id	=	16796672,
		weapon	=	"Browning .50 M2",
		ammo_consumption	=	13,
		initiator_coalition	=	2,
		initiator_ws_type1	=	1,
		initiatorMissionID	=	"503",
	}, -- end of [121]
	[122] = 
	{
		weapon_type	=	2566,
		type	=	"end shooting",
		initiatorPilotName	=	"P-51D",
		t	=	699.036,
		linked_event_id	=	0,
		event_id	=	232,
		initiator_unit_type	=	"P-51D",
		uin64_t_value	=	13,
		initiator_object_id	=	16796672,
		weapon	=	"Browning .50 M2",
		ammo_consumption	=	13,
		initiator_coalition	=	2,
		initiator_ws_type1	=	1,
		initiatorMissionID	=	"503",
	}, -- end of [122]
	[123] = 
	{
		weapon_type	=	9243142,
		initiatorPilotName	=	"P-51D",
		target_coalition	=	-1,
		linked_event_id	=	0,
		targetMissionID	=	"382",
		target_ws_type1	=	5,
		initiator_object_id	=	16796672,
		target	=	"Ju-88A4",
		target_object_id	=	8000004,
		targetPilotName	=	"Ju-88A4",
		type	=	"hit",
		target_unit_type	=	"Ju-88A4",
		t	=	699.047,
		initiator_unit_type	=	"P-51D",
		event_id	=	233,
		weapon	=	"50Browning_API_M8",
		initiator_ws_type1	=	1,
		initiatorMissionID	=	"503",
		initiator_coalition	=	2,
	}, -- end of [123]
	[124] = 
	{
		weapon_type	=	2566,
		type	=	"end shooting",
		initiatorPilotName	=	"P-51D",
		t	=	699.049,
		linked_event_id	=	0,
		event_id	=	234,
		initiator_unit_type	=	"P-51D",
		uin64_t_value	=	13,
		initiator_object_id	=	16796672,
		weapon	=	"Browning .50 M2",
		ammo_consumption	=	13,
		initiator_coalition	=	2,
		initiator_ws_type1	=	1,
		initiatorMissionID	=	"503",
	}, -- end of [124]
	[125] = 
	{
		weapon_type	=	2566,
		type	=	"end shooting",
		initiatorPilotName	=	"P-51D",
		t	=	699.049,
		linked_event_id	=	0,
		event_id	=	235,
		initiator_unit_type	=	"P-51D",
		uin64_t_value	=	13,
		initiator_object_id	=	16796672,
		weapon	=	"Browning .50 M2",
		ammo_consumption	=	13,
		initiator_coalition	=	2,
		initiator_ws_type1	=	1,
		initiatorMissionID	=	"503",
	}, -- end of [125]
	[126] = 
	{
		weapon_type	=	9243142,
		initiatorPilotName	=	"P-51D",
		target_coalition	=	-1,
		linked_event_id	=	0,
		targetMissionID	=	"382",
		target_ws_type1	=	5,
		initiator_object_id	=	16796672,
		target	=	"Ju-88A4",
		target_object_id	=	8000004,
		targetPilotName	=	"Ju-88A4",
		type	=	"hit",
		target_unit_type	=	"Ju-88A4",
		t	=	699.057,
		initiator_unit_type	=	"P-51D",
		event_id	=	236,
		weapon	=	"50Browning_API_M8",
		initiator_ws_type1	=	1,
		initiatorMissionID	=	"503",
		initiator_coalition	=	2,
	}, -- end of [126]
	[127] = 
	{
		weapon_type	=	9243142,
		initiatorPilotName	=	"P-51D",
		target_coalition	=	-1,
		linked_event_id	=	0,
		targetMissionID	=	"382",
		target_ws_type1	=	5,
		initiator_object_id	=	16796672,
		target	=	"Ju-88A4",
		target_object_id	=	8000004,
		targetPilotName	=	"Ju-88A4",
		type	=	"hit",
		target_unit_type	=	"Ju-88A4",
		t	=	699.065,
		initiator_unit_type	=	"P-51D",
		event_id	=	237,
		weapon	=	"50Browning_API_M8",
		initiator_ws_type1	=	1,
		initiatorMissionID	=	"503",
		initiator_coalition	=	2,
	}, -- end of [127]
	[128] = 
	{
		weapon_type	=	2566,
		type	=	"end shooting",
		initiatorPilotName	=	"flak30",
		t	=	699.065,
		linked_event_id	=	0,
		initiator_unit_type	=	"flak30",
		event_id	=	238,
		initiator_object_id	=	16794624,
		weapon	=	"Flak38_2_cm",
		ammo_consumption	=	0,
		initiator_coalition	=	1,
		initiator_ws_type1	=	2,
		initiatorMissionID	=	"694",
	}, -- end of [128]
	[129] = 
	{
		weapon_type	=	9243142,
		initiatorPilotName	=	"P-51D",
		target_coalition	=	-1,
		linked_event_id	=	0,
		targetMissionID	=	"382",
		target_ws_type1	=	5,
		initiator_object_id	=	16796672,
		target	=	"Ju-88A4",
		target_object_id	=	8000004,
		targetPilotName	=	"Ju-88A4",
		type	=	"hit",
		target_unit_type	=	"Ju-88A4",
		t	=	699.08,
		initiator_unit_type	=	"P-51D",
		event_id	=	239,
		weapon	=	"50Browning_API_M8",
		initiator_ws_type1	=	1,
		initiatorMissionID	=	"503",
		initiator_coalition	=	2,
	}, -- end of [129]
	[130] = 
	{
		weapon_type	=	9243142,
		initiatorPilotName	=	"P-51D",
		target_coalition	=	-1,
		linked_event_id	=	0,
		targetMissionID	=	"382",
		target_ws_type1	=	5,
		initiator_object_id	=	16796672,
		target	=	"Ju-88A4",
		target_object_id	=	8000004,
		targetPilotName	=	"Ju-88A4",
		type	=	"hit",
		target_unit_type	=	"Ju-88A4",
		t	=	699.093,
		initiator_unit_type	=	"P-51D",
		event_id	=	240,
		weapon	=	"50Browning_T_M1",
		initiator_ws_type1	=	1,
		initiatorMissionID	=	"503",
		initiator_coalition	=	2,
	}, -- end of [130]
	[131] = 
	{
		weapon_type	=	9243142,
		initiatorPilotName	=	"P-51D",
		target_coalition	=	-1,
		linked_event_id	=	0,
		targetMissionID	=	"382",
		target_ws_type1	=	5,
		initiator_object_id	=	16796672,
		target	=	"Ju-88A4",
		target_object_id	=	8000004,
		targetPilotName	=	"Ju-88A4",
		type	=	"hit",
		target_unit_type	=	"Ju-88A4",
		t	=	699.119,
		initiator_unit_type	=	"P-51D",
		event_id	=	241,
		weapon	=	"50Browning_T_M1",
		initiator_ws_type1	=	1,
		initiatorMissionID	=	"503",
		initiator_coalition	=	2,
	}, -- end of [131]
	[132] = 
	{
		initiatorPilotName	=	"flak30",
		target_coalition	=	2,
		linked_event_id	=	0,
		targetMissionID	=	"503",
		target_ws_type1	=	1,
		initiator_object_id	=	16794880,
		target	=	"P-51D",
		target_object_id	=	16796672,
		targetPilotName	=	"P-51D",
		type	=	"start shooting",
		target_unit_type	=	"P-51D",
		t	=	699.12,
		initiator_unit_type	=	"flak30",
		event_id	=	242,
		weapon	=	"Flak38_2_cm",
		initiator_ws_type1	=	2,
		initiatorMissionID	=	"697",
		initiator_coalition	=	1,
	}, -- end of [132]
	[133] = 
	{
		weapon_type	=	9243142,
		initiatorPilotName	=	"P-51D",
		target_coalition	=	-1,
		linked_event_id	=	0,
		targetMissionID	=	"382",
		target_ws_type1	=	5,
		initiator_object_id	=	16796672,
		target	=	"Ju-88A4",
		target_object_id	=	8000004,
		targetPilotName	=	"Ju-88A4",
		type	=	"hit",
		target_unit_type	=	"Ju-88A4",
		t	=	699.132,
		initiator_unit_type	=	"P-51D",
		event_id	=	243,
		weapon	=	"50Browning_I_M1",
		initiator_ws_type1	=	1,
		initiatorMissionID	=	"503",
		initiator_coalition	=	2,
	}, -- end of [133]
	[134] = 
	{
		weapon_type	=	9243142,
		initiatorPilotName	=	"P-51D",
		target_coalition	=	-1,
		linked_event_id	=	0,
		targetMissionID	=	"382",
		target_ws_type1	=	5,
		initiator_object_id	=	16796672,
		target	=	"Ju-88A4",
		target_object_id	=	8000004,
		targetPilotName	=	"Ju-88A4",
		type	=	"hit",
		target_unit_type	=	"Ju-88A4",
		t	=	699.141,
		initiator_unit_type	=	"P-51D",
		event_id	=	244,
		weapon	=	"50Browning_I_M1",
		initiator_ws_type1	=	1,
		initiatorMissionID	=	"503",
		initiator_coalition	=	2,
	}, -- end of [134]
	[135] = 
	{
		weapon_type	=	9243142,
		initiatorPilotName	=	"P-51D",
		target_coalition	=	-1,
		linked_event_id	=	0,
		targetMissionID	=	"382",
		target_ws_type1	=	5,
		initiator_object_id	=	16796672,
		target	=	"Ju-88A4",
		target_object_id	=	8000004,
		targetPilotName	=	"Ju-88A4",
		type	=	"hit",
		target_unit_type	=	"Ju-88A4",
		t	=	699.149,
		initiator_unit_type	=	"P-51D",
		event_id	=	245,
		weapon	=	"50Browning_I_M1",
		initiator_ws_type1	=	1,
		initiatorMissionID	=	"503",
		initiator_coalition	=	2,
	}, -- end of [135]
	[136] = 
	{
		weapon_type	=	9243142,
		initiatorPilotName	=	"P-51D",
		target_coalition	=	-1,
		linked_event_id	=	0,
		targetMissionID	=	"382",
		target_ws_type1	=	5,
		initiator_object_id	=	16796672,
		target	=	"Ju-88A4",
		target_object_id	=	8000004,
		targetPilotName	=	"Ju-88A4",
		type	=	"hit",
		target_unit_type	=	"Ju-88A4",
		t	=	699.174,
		initiator_unit_type	=	"P-51D",
		event_id	=	246,
		weapon	=	"50Browning_API_M8",
		initiator_ws_type1	=	1,
		initiatorMissionID	=	"503",
		initiator_coalition	=	2,
	}, -- end of [136]
	[137] = 
	{
		weapon_type	=	9243142,
		initiatorPilotName	=	"P-51D",
		target_coalition	=	-1,
		linked_event_id	=	0,
		targetMissionID	=	"382",
		target_ws_type1	=	5,
		initiator_object_id	=	16796672,
		target	=	"Ju-88A4",
		target_object_id	=	8000004,
		targetPilotName	=	"Ju-88A4",
		type	=	"hit",
		target_unit_type	=	"Ju-88A4",
		t	=	699.206,
		initiator_unit_type	=	"P-51D",
		event_id	=	247,
		weapon	=	"50Browning_API_M8",
		initiator_ws_type1	=	1,
		initiatorMissionID	=	"503",
		initiator_coalition	=	2,
	}, -- end of [137]
	[138] = 
	{
		weapon_type	=	9243142,
		initiatorPilotName	=	"P-51D",
		target_coalition	=	-1,
		linked_event_id	=	0,
		targetMissionID	=	"382",
		target_ws_type1	=	5,
		initiator_object_id	=	16796672,
		target	=	"Ju-88A4",
		target_object_id	=	8000004,
		targetPilotName	=	"Ju-88A4",
		type	=	"hit",
		target_unit_type	=	"Ju-88A4",
		t	=	699.235,
		initiator_unit_type	=	"P-51D",
		event_id	=	248,
		weapon	=	"50Browning_T_M1",
		initiator_ws_type1	=	1,
		initiatorMissionID	=	"503",
		initiator_coalition	=	2,
	}, -- end of [138]
	[139] = 
	{
		weapon_type	=	9243142,
		initiatorPilotName	=	"P-51D",
		target_coalition	=	-1,
		linked_event_id	=	0,
		targetMissionID	=	"382",
		target_ws_type1	=	5,
		initiator_object_id	=	16796672,
		target	=	"Ju-88A4",
		target_object_id	=	8000004,
		targetPilotName	=	"Ju-88A4",
		type	=	"hit",
		target_unit_type	=	"Ju-88A4",
		t	=	699.265,
		initiator_unit_type	=	"P-51D",
		event_id	=	249,
		weapon	=	"50Browning_I_M1",
		initiator_ws_type1	=	1,
		initiatorMissionID	=	"503",
		initiator_coalition	=	2,
	}, -- end of [139]
	[140] = 
	{
		weapon_type	=	9243142,
		initiatorPilotName	=	"P-51D",
		target_coalition	=	-1,
		linked_event_id	=	0,
		targetMissionID	=	"382",
		target_ws_type1	=	5,
		initiator_object_id	=	16796672,
		target	=	"Ju-88A4",
		target_object_id	=	8000004,
		targetPilotName	=	"Ju-88A4",
		type	=	"hit",
		target_unit_type	=	"Ju-88A4",
		t	=	699.288,
		initiator_unit_type	=	"P-51D",
		event_id	=	250,
		weapon	=	"50Browning_API_M8",
		initiator_ws_type1	=	1,
		initiatorMissionID	=	"503",
		initiator_coalition	=	2,
	}, -- end of [140]
	[141] = 
	{
		weapon_type	=	9243142,
		initiatorPilotName	=	"P-51D",
		target_coalition	=	-1,
		linked_event_id	=	0,
		targetMissionID	=	"382",
		target_ws_type1	=	5,
		initiator_object_id	=	16796672,
		target	=	"Ju-88A4",
		target_object_id	=	8000004,
		targetPilotName	=	"Ju-88A4",
		type	=	"hit",
		target_unit_type	=	"Ju-88A4",
		t	=	699.293,
		initiator_unit_type	=	"P-51D",
		event_id	=	251,
		weapon	=	"50Browning_API_M8",
		initiator_ws_type1	=	1,
		initiatorMissionID	=	"503",
		initiator_coalition	=	2,
	}, -- end of [141]
	[142] = 
	{
		weapon_type	=	9243142,
		initiatorPilotName	=	"P-51D",
		target_coalition	=	-1,
		linked_event_id	=	0,
		targetMissionID	=	"382",
		target_ws_type1	=	5,
		initiator_object_id	=	16796672,
		target	=	"Ju-88A4",
		target_object_id	=	8000004,
		targetPilotName	=	"Ju-88A4",
		type	=	"hit",
		target_unit_type	=	"Ju-88A4",
		t	=	699.314,
		initiator_unit_type	=	"P-51D",
		event_id	=	252,
		weapon	=	"50Browning_API_M8",
		initiator_ws_type1	=	1,
		initiatorMissionID	=	"503",
		initiator_coalition	=	2,
	}, -- end of [142]
	[143] = 
	{
		weapon_type	=	9243142,
		initiatorPilotName	=	"P-51D",
		target_coalition	=	-1,
		linked_event_id	=	0,
		targetMissionID	=	"382",
		target_ws_type1	=	5,
		initiator_object_id	=	16796672,
		target	=	"Ju-88A4",
		target_object_id	=	8000004,
		targetPilotName	=	"Ju-88A4",
		type	=	"hit",
		target_unit_type	=	"Ju-88A4",
		t	=	699.332,
		initiator_unit_type	=	"P-51D",
		event_id	=	253,
		weapon	=	"50Browning_T_M1",
		initiator_ws_type1	=	1,
		initiatorMissionID	=	"503",
		initiator_coalition	=	2,
	}, -- end of [143]
	[144] = 
	{
		weapon_type	=	9243142,
		initiatorPilotName	=	"P-51D",
		target_coalition	=	-1,
		linked_event_id	=	0,
		targetMissionID	=	"382",
		target_ws_type1	=	5,
		initiator_object_id	=	16796672,
		target	=	"Ju-88A4",
		target_object_id	=	8000004,
		targetPilotName	=	"Ju-88A4",
		type	=	"hit",
		target_unit_type	=	"Ju-88A4",
		t	=	699.343,
		initiator_unit_type	=	"P-51D",
		event_id	=	254,
		weapon	=	"50Browning_T_M1",
		initiator_ws_type1	=	1,
		initiatorMissionID	=	"503",
		initiator_coalition	=	2,
	}, -- end of [144]
	[145] = 
	{
		weapon_type	=	9243142,
		initiatorPilotName	=	"P-51D",
		target_coalition	=	-1,
		linked_event_id	=	0,
		targetMissionID	=	"382",
		target_ws_type1	=	5,
		initiator_object_id	=	16796672,
		target	=	"Ju-88A4",
		target_object_id	=	8000004,
		targetPilotName	=	"Ju-88A4",
		type	=	"hit",
		target_unit_type	=	"Ju-88A4",
		t	=	699.399,
		initiator_unit_type	=	"P-51D",
		event_id	=	255,
		weapon	=	"50Browning_API_M8",
		initiator_ws_type1	=	1,
		initiatorMissionID	=	"503",
		initiator_coalition	=	2,
	}, -- end of [145]
	[146] = 
	{
		weapon_type	=	9243142,
		initiatorPilotName	=	"P-51D",
		target_coalition	=	-1,
		linked_event_id	=	0,
		targetMissionID	=	"382",
		target_ws_type1	=	5,
		initiator_object_id	=	16796672,
		target	=	"Ju-88A4",
		target_object_id	=	8000004,
		targetPilotName	=	"Ju-88A4",
		type	=	"hit",
		target_unit_type	=	"Ju-88A4",
		t	=	699.416,
		initiator_unit_type	=	"P-51D",
		event_id	=	256,
		weapon	=	"50Browning_API_M8",
		initiator_ws_type1	=	1,
		initiatorMissionID	=	"503",
		initiator_coalition	=	2,
	}, -- end of [146]
	[147] = 
	{
		weapon_type	=	9243142,
		initiatorPilotName	=	"P-51D",
		target_coalition	=	-1,
		linked_event_id	=	0,
		targetMissionID	=	"382",
		target_ws_type1	=	5,
		initiator_object_id	=	16796672,
		target	=	"Ju-88A4",
		target_object_id	=	8000004,
		targetPilotName	=	"Ju-88A4",
		type	=	"hit",
		target_unit_type	=	"Ju-88A4",
		t	=	699.431,
		initiator_unit_type	=	"P-51D",
		event_id	=	257,
		weapon	=	"50Browning_API_M8",
		initiator_ws_type1	=	1,
		initiatorMissionID	=	"503",
		initiator_coalition	=	2,
	}, -- end of [147]
	[148] = 
	{
		weapon_type	=	9243142,
		initiatorPilotName	=	"P-51D",
		target_coalition	=	-1,
		linked_event_id	=	0,
		targetMissionID	=	"382",
		target_ws_type1	=	5,
		initiator_object_id	=	16796672,
		target	=	"Ju-88A4",
		target_object_id	=	8000004,
		targetPilotName	=	"Ju-88A4",
		type	=	"hit",
		target_unit_type	=	"Ju-88A4",
		t	=	699.433,
		initiator_unit_type	=	"P-51D",
		event_id	=	258,
		weapon	=	"50Browning_API_M8",
		initiator_ws_type1	=	1,
		initiatorMissionID	=	"503",
		initiator_coalition	=	2,
	}, -- end of [148]
	[149] = 
	{
		weapon_type	=	9243142,
		initiatorPilotName	=	"P-51D",
		target_coalition	=	-1,
		linked_event_id	=	0,
		targetMissionID	=	"382",
		target_ws_type1	=	5,
		initiator_object_id	=	16796672,
		target	=	"Ju-88A4",
		target_object_id	=	8000004,
		targetPilotName	=	"Ju-88A4",
		type	=	"hit",
		target_unit_type	=	"Ju-88A4",
		t	=	699.458,
		initiator_unit_type	=	"P-51D",
		event_id	=	259,
		weapon	=	"50Browning_API_M8",
		initiator_ws_type1	=	1,
		initiatorMissionID	=	"503",
		initiator_coalition	=	2,
	}, -- end of [149]
	[150] = 
	{
		weapon_type	=	9243142,
		initiatorPilotName	=	"P-51D",
		target_coalition	=	-1,
		linked_event_id	=	0,
		targetMissionID	=	"382",
		target_ws_type1	=	5,
		initiator_object_id	=	16796672,
		target	=	"Ju-88A4",
		target_object_id	=	8000004,
		targetPilotName	=	"Ju-88A4",
		type	=	"hit",
		target_unit_type	=	"Ju-88A4",
		t	=	699.463,
		initiator_unit_type	=	"P-51D",
		event_id	=	260,
		weapon	=	"50Browning_I_M1",
		initiator_ws_type1	=	1,
		initiatorMissionID	=	"503",
		initiator_coalition	=	2,
	}, -- end of [150]
	[151] = 
	{
		weapon_type	=	2566,
		type	=	"end shooting",
		initiatorPilotName	=	"flak30",
		t	=	699.494,
		linked_event_id	=	0,
		initiator_unit_type	=	"flak30",
		event_id	=	261,
		initiator_object_id	=	16794880,
		weapon	=	"Flak38_2_cm",
		ammo_consumption	=	0,
		initiator_coalition	=	1,
		initiator_ws_type1	=	2,
		initiatorMissionID	=	"697",
	}, -- end of [151]
	[152] = 
	{
		weapon_type	=	9243142,
		initiatorPilotName	=	"P-51D",
		target_coalition	=	-1,
		linked_event_id	=	0,
		targetMissionID	=	"382",
		target_ws_type1	=	5,
		initiator_object_id	=	16796672,
		target	=	"Ju-88A4",
		target_object_id	=	8000004,
		targetPilotName	=	"Ju-88A4",
		type	=	"hit",
		target_unit_type	=	"Ju-88A4",
		t	=	699.548,
		initiator_unit_type	=	"P-51D",
		event_id	=	262,
		weapon	=	"50Browning_API_M8",
		initiator_ws_type1	=	1,
		initiatorMissionID	=	"503",
		initiator_coalition	=	2,
	}, -- end of [152]
	[153] = 
	{
		weapon_type	=	9243142,
		initiatorPilotName	=	"P-51D",
		target_coalition	=	-1,
		linked_event_id	=	0,
		targetMissionID	=	"382",
		target_ws_type1	=	5,
		initiator_object_id	=	16796672,
		target	=	"Ju-88A4",
		target_object_id	=	8000004,
		targetPilotName	=	"Ju-88A4",
		type	=	"hit",
		target_unit_type	=	"Ju-88A4",
		t	=	699.555,
		initiator_unit_type	=	"P-51D",
		event_id	=	263,
		weapon	=	"50Browning_API_M8",
		initiator_ws_type1	=	1,
		initiatorMissionID	=	"503",
		initiator_coalition	=	2,
	}, -- end of [153]
	[154] = 
	{
		weapon_type	=	9243142,
		initiatorPilotName	=	"P-51D",
		target_coalition	=	-1,
		linked_event_id	=	0,
		targetMissionID	=	"382",
		target_ws_type1	=	5,
		initiator_object_id	=	16796672,
		target	=	"Ju-88A4",
		target_object_id	=	8000004,
		targetPilotName	=	"Ju-88A4",
		type	=	"hit",
		target_unit_type	=	"Ju-88A4",
		t	=	699.556,
		initiator_unit_type	=	"P-51D",
		event_id	=	264,
		weapon	=	"50Browning_T_M1",
		initiator_ws_type1	=	1,
		initiatorMissionID	=	"503",
		initiator_coalition	=	2,
	}, -- end of [154]
	[155] = 
	{
		weapon_type	=	9243142,
		initiatorPilotName	=	"P-51D",
		target_coalition	=	-1,
		linked_event_id	=	0,
		targetMissionID	=	"382",
		target_ws_type1	=	5,
		initiator_object_id	=	16796672,
		target	=	"Ju-88A4",
		target_object_id	=	8000004,
		targetPilotName	=	"Ju-88A4",
		type	=	"hit",
		target_unit_type	=	"Ju-88A4",
		t	=	699.583,
		initiator_unit_type	=	"P-51D",
		event_id	=	265,
		weapon	=	"50Browning_API_M8",
		initiator_ws_type1	=	1,
		initiatorMissionID	=	"503",
		initiator_coalition	=	2,
	}, -- end of [155]
	[156] = 
	{
		weapon_type	=	9243142,
		initiatorPilotName	=	"P-51D",
		target_coalition	=	-1,
		linked_event_id	=	0,
		targetMissionID	=	"382",
		target_ws_type1	=	5,
		initiator_object_id	=	16796672,
		target	=	"Ju-88A4",
		target_object_id	=	8000004,
		targetPilotName	=	"Ju-88A4",
		type	=	"hit",
		target_unit_type	=	"Ju-88A4",
		t	=	699.604,
		initiator_unit_type	=	"P-51D",
		event_id	=	266,
		weapon	=	"50Browning_I_M1",
		initiator_ws_type1	=	1,
		initiatorMissionID	=	"503",
		initiator_coalition	=	2,
	}, -- end of [156]
	[157] = 
	{
		weapon_type	=	9243142,
		initiatorPilotName	=	"P-51D",
		target_coalition	=	-1,
		linked_event_id	=	0,
		targetMissionID	=	"382",
		target_ws_type1	=	5,
		initiator_object_id	=	16796672,
		target	=	"Ju-88A4",
		target_object_id	=	8000004,
		targetPilotName	=	"Ju-88A4",
		type	=	"hit",
		target_unit_type	=	"Ju-88A4",
		t	=	699.653,
		initiator_unit_type	=	"P-51D",
		event_id	=	267,
		weapon	=	"50Browning_API_M8",
		initiator_ws_type1	=	1,
		initiatorMissionID	=	"503",
		initiator_coalition	=	2,
	}, -- end of [157]
	[158] = 
	{
		weapon_type	=	9243142,
		initiatorPilotName	=	"P-51D",
		target_coalition	=	-1,
		linked_event_id	=	0,
		targetMissionID	=	"382",
		target_ws_type1	=	5,
		initiator_object_id	=	16796672,
		target	=	"Ju-88A4",
		target_object_id	=	8000004,
		targetPilotName	=	"Ju-88A4",
		type	=	"hit",
		target_unit_type	=	"Ju-88A4",
		t	=	699.661,
		initiator_unit_type	=	"P-51D",
		event_id	=	268,
		weapon	=	"50Browning_API_M8",
		initiator_ws_type1	=	1,
		initiatorMissionID	=	"503",
		initiator_coalition	=	2,
	}, -- end of [158]
	[159] = 
	{
		weapon_type	=	9243142,
		initiatorPilotName	=	"P-51D",
		target_coalition	=	-1,
		linked_event_id	=	0,
		targetMissionID	=	"382",
		target_ws_type1	=	5,
		initiator_object_id	=	16796672,
		target	=	"Ju-88A4",
		target_object_id	=	8000004,
		targetPilotName	=	"Ju-88A4",
		type	=	"hit",
		target_unit_type	=	"Ju-88A4",
		t	=	699.678,
		initiator_unit_type	=	"P-51D",
		event_id	=	269,
		weapon	=	"50Browning_API_M8",
		initiator_ws_type1	=	1,
		initiatorMissionID	=	"503",
		initiator_coalition	=	2,
	}, -- end of [159]
	[160] = 
	{
		weapon_type	=	9243142,
		initiatorPilotName	=	"P-51D",
		target_coalition	=	-1,
		linked_event_id	=	0,
		targetMissionID	=	"382",
		target_ws_type1	=	5,
		initiator_object_id	=	16796672,
		target	=	"Ju-88A4",
		target_object_id	=	8000004,
		targetPilotName	=	"Ju-88A4",
		type	=	"hit",
		target_unit_type	=	"Ju-88A4",
		t	=	699.688,
		initiator_unit_type	=	"P-51D",
		event_id	=	270,
		weapon	=	"50Browning_API_M8",
		initiator_ws_type1	=	1,
		initiatorMissionID	=	"503",
		initiator_coalition	=	2,
	}, -- end of [160]
	[161] = 
	{
		weapon_type	=	9243142,
		initiatorPilotName	=	"P-51D",
		target_coalition	=	-1,
		linked_event_id	=	0,
		targetMissionID	=	"382",
		target_ws_type1	=	5,
		initiator_object_id	=	16796672,
		target	=	"Ju-88A4",
		target_object_id	=	8000004,
		targetPilotName	=	"Ju-88A4",
		type	=	"hit",
		target_unit_type	=	"Ju-88A4",
		t	=	699.702,
		initiator_unit_type	=	"P-51D",
		event_id	=	271,
		weapon	=	"50Browning_T_M1",
		initiator_ws_type1	=	1,
		initiatorMissionID	=	"503",
		initiator_coalition	=	2,
	}, -- end of [161]
	[162] = 
	{
		weapon_type	=	9243142,
		initiatorPilotName	=	"P-51D",
		target_coalition	=	-1,
		linked_event_id	=	0,
		targetMissionID	=	"382",
		target_ws_type1	=	5,
		initiator_object_id	=	16796672,
		target	=	"Ju-88A4",
		target_object_id	=	8000004,
		targetPilotName	=	"Ju-88A4",
		type	=	"hit",
		target_unit_type	=	"Ju-88A4",
		t	=	699.791,
		initiator_unit_type	=	"P-51D",
		event_id	=	272,
		weapon	=	"50Browning_API_M8",
		initiator_ws_type1	=	1,
		initiatorMissionID	=	"503",
		initiator_coalition	=	2,
	}, -- end of [162]
	[163] = 
	{
		weapon_type	=	9243142,
		initiatorPilotName	=	"P-51D",
		target_coalition	=	-1,
		linked_event_id	=	0,
		targetMissionID	=	"382",
		target_ws_type1	=	5,
		initiator_object_id	=	16796672,
		target	=	"Ju-88A4",
		target_object_id	=	8000004,
		targetPilotName	=	"Ju-88A4",
		type	=	"hit",
		target_unit_type	=	"Ju-88A4",
		t	=	699.797,
		initiator_unit_type	=	"P-51D",
		event_id	=	273,
		weapon	=	"50Browning_API_M8",
		initiator_ws_type1	=	1,
		initiatorMissionID	=	"503",
		initiator_coalition	=	2,
	}, -- end of [163]
	[164] = 
	{
		initiatorPilotName	=	"flak30",
		target_coalition	=	2,
		linked_event_id	=	0,
		targetMissionID	=	"503",
		target_ws_type1	=	1,
		initiator_object_id	=	16794112,
		target	=	"P-51D",
		target_object_id	=	16796672,
		targetPilotName	=	"P-51D",
		type	=	"start shooting",
		target_unit_type	=	"P-51D",
		t	=	700.157,
		initiator_unit_type	=	"flak30",
		event_id	=	274,
		weapon	=	"Flak38_2_cm",
		initiator_ws_type1	=	2,
		initiatorMissionID	=	"692",
		initiator_coalition	=	1,
	}, -- end of [164]
	[165] = 
	{
		weapon_type	=	2566,
		type	=	"end shooting",
		initiatorPilotName	=	"flak30",
		t	=	700.528,
		linked_event_id	=	0,
		initiator_unit_type	=	"flak30",
		event_id	=	275,
		initiator_object_id	=	16794112,
		weapon	=	"Flak38_2_cm",
		ammo_consumption	=	0,
		initiator_coalition	=	1,
		initiator_ws_type1	=	2,
		initiatorMissionID	=	"692",
	}, -- end of [165]
	[166] = 
	{
		initiatorPilotName	=	"flak30",
		target_coalition	=	2,
		linked_event_id	=	0,
		targetMissionID	=	"503",
		target_ws_type1	=	1,
		initiator_object_id	=	16794624,
		target	=	"P-51D",
		target_object_id	=	16796672,
		targetPilotName	=	"P-51D",
		type	=	"start shooting",
		target_unit_type	=	"P-51D",
		t	=	701.026,
		initiator_unit_type	=	"flak30",
		event_id	=	276,
		weapon	=	"Flak38_2_cm",
		initiator_ws_type1	=	2,
		initiatorMissionID	=	"694",
		initiator_coalition	=	1,
	}, -- end of [166]
	[167] = 
	{
		initiatorPilotName	=	"flak30",
		target_coalition	=	2,
		linked_event_id	=	0,
		targetMissionID	=	"503",
		target_ws_type1	=	1,
		initiator_object_id	=	16794880,
		target	=	"P-51D",
		target_object_id	=	16796672,
		targetPilotName	=	"P-51D",
		type	=	"start shooting",
		target_unit_type	=	"P-51D",
		t	=	701.586,
		initiator_unit_type	=	"flak30",
		event_id	=	277,
		weapon	=	"Flak38_2_cm",
		initiator_ws_type1	=	2,
		initiatorMissionID	=	"697",
		initiator_coalition	=	1,
	}, -- end of [167]
	[168] = 
	{
		weapon_type	=	2566,
		type	=	"end shooting",
		initiatorPilotName	=	"flak30",
		t	=	701.657,
		linked_event_id	=	0,
		initiator_unit_type	=	"flak30",
		event_id	=	278,
		initiator_object_id	=	16794624,
		weapon	=	"Flak38_2_cm",
		ammo_consumption	=	0,
		initiator_coalition	=	1,
		initiator_ws_type1	=	2,
		initiatorMissionID	=	"694",
	}, -- end of [168]
	[169] = 
	{
		initiatorPilotName	=	"flak30",
		target_coalition	=	2,
		linked_event_id	=	0,
		targetMissionID	=	"503",
		target_ws_type1	=	1,
		initiator_object_id	=	16794368,
		target	=	"P-51D",
		target_object_id	=	16796672,
		targetPilotName	=	"P-51D",
		type	=	"start shooting",
		target_unit_type	=	"P-51D",
		t	=	701.857,
		initiator_unit_type	=	"flak30",
		event_id	=	279,
		weapon	=	"Flak38_2_cm",
		initiator_ws_type1	=	2,
		initiatorMissionID	=	"693",
		initiator_coalition	=	1,
	}, -- end of [169]
	[170] = 
	{
		weapon_type	=	2566,
		type	=	"end shooting",
		initiatorPilotName	=	"flak30",
		t	=	701.962,
		linked_event_id	=	0,
		initiator_unit_type	=	"flak30",
		event_id	=	280,
		initiator_object_id	=	16794880,
		weapon	=	"Flak38_2_cm",
		ammo_consumption	=	0,
		initiator_coalition	=	1,
		initiator_ws_type1	=	2,
		initiatorMissionID	=	"697",
	}, -- end of [170]
	[171] = 
	{
		weapon_type	=	2566,
		type	=	"end shooting",
		initiatorPilotName	=	"flak30",
		t	=	702.102,
		linked_event_id	=	0,
		initiator_unit_type	=	"flak30",
		event_id	=	281,
		initiator_object_id	=	16794368,
		weapon	=	"Flak38_2_cm",
		ammo_consumption	=	0,
		initiator_coalition	=	1,
		initiator_ws_type1	=	2,
		initiatorMissionID	=	"693",
	}, -- end of [171]
	[172] = 
	{
		initiatorPilotName	=	"flak30",
		target_coalition	=	2,
		linked_event_id	=	0,
		targetMissionID	=	"503",
		target_ws_type1	=	1,
		initiator_object_id	=	16794880,
		target	=	"P-51D",
		target_object_id	=	16796672,
		targetPilotName	=	"P-51D",
		type	=	"start shooting",
		target_unit_type	=	"P-51D",
		t	=	704.686,
		initiator_unit_type	=	"flak30",
		event_id	=	285,
		weapon	=	"Flak38_2_cm",
		initiator_ws_type1	=	2,
		initiatorMissionID	=	"697",
		initiator_coalition	=	1,
	}, -- end of [172]
	[173] = 
	{
		initiatorPilotName	=	"flak30",
		target_coalition	=	2,
		linked_event_id	=	0,
		targetMissionID	=	"503",
		target_ws_type1	=	1,
		initiator_object_id	=	16794112,
		target	=	"P-51D",
		target_object_id	=	16796672,
		targetPilotName	=	"P-51D",
		type	=	"start shooting",
		target_unit_type	=	"P-51D",
		t	=	704.837,
		initiator_unit_type	=	"flak30",
		event_id	=	286,
		weapon	=	"Flak38_2_cm",
		initiator_ws_type1	=	2,
		initiatorMissionID	=	"692",
		initiator_coalition	=	1,
	}, -- end of [173]
	[174] = 
	{
		initiatorPilotName	=	"flak30",
		target_coalition	=	2,
		linked_event_id	=	0,
		targetMissionID	=	"503",
		target_ws_type1	=	1,
		initiator_object_id	=	16794624,
		target	=	"P-51D",
		target_object_id	=	16796672,
		targetPilotName	=	"P-51D",
		type	=	"start shooting",
		target_unit_type	=	"P-51D",
		t	=	705.166,
		initiator_unit_type	=	"flak30",
		event_id	=	287,
		weapon	=	"Flak38_2_cm",
		initiator_ws_type1	=	2,
		initiatorMissionID	=	"694",
		initiator_coalition	=	1,
	}, -- end of [174]
	[175] = 
	{
		weapon_type	=	2566,
		type	=	"end shooting",
		initiatorPilotName	=	"flak30",
		t	=	705.307,
		linked_event_id	=	0,
		initiator_unit_type	=	"flak30",
		event_id	=	288,
		initiator_object_id	=	16794880,
		weapon	=	"Flak38_2_cm",
		ammo_consumption	=	0,
		initiator_coalition	=	1,
		initiator_ws_type1	=	2,
		initiatorMissionID	=	"697",
	}, -- end of [175]
	[176] = 
	{
		weapon_type	=	2566,
		type	=	"end shooting",
		initiatorPilotName	=	"flak30",
		t	=	705.415,
		linked_event_id	=	0,
		initiator_unit_type	=	"flak30",
		event_id	=	289,
		initiator_object_id	=	16794624,
		weapon	=	"Flak38_2_cm",
		ammo_consumption	=	0,
		initiator_coalition	=	1,
		initiator_ws_type1	=	2,
		initiatorMissionID	=	"694",
	}, -- end of [176]
	[177] = 
	{
		weapon_type	=	2566,
		type	=	"end shooting",
		initiatorPilotName	=	"flak30",
		t	=	705.469,
		linked_event_id	=	0,
		initiator_unit_type	=	"flak30",
		event_id	=	290,
		initiator_object_id	=	16794112,
		weapon	=	"Flak38_2_cm",
		ammo_consumption	=	0,
		initiator_coalition	=	1,
		initiator_ws_type1	=	2,
		initiatorMissionID	=	"692",
	}, -- end of [177]
	[178] = 
	{
		initiatorPilotName	=	"flak30",
		target_coalition	=	2,
		linked_event_id	=	0,
		targetMissionID	=	"503",
		target_ws_type1	=	1,
		initiator_object_id	=	16794368,
		target	=	"P-51D",
		target_object_id	=	16796672,
		targetPilotName	=	"P-51D",
		type	=	"start shooting",
		target_unit_type	=	"P-51D",
		t	=	706.617,
		initiator_unit_type	=	"flak30",
		event_id	=	291,
		weapon	=	"Flak38_2_cm",
		initiator_ws_type1	=	2,
		initiatorMissionID	=	"693",
		initiator_coalition	=	1,
	}, -- end of [178]
	[179] = 
	{
		weapon_type	=	2566,
		type	=	"end shooting",
		initiatorPilotName	=	"flak30",
		t	=	706.997,
		linked_event_id	=	0,
		initiator_unit_type	=	"flak30",
		event_id	=	292,
		initiator_object_id	=	16794368,
		weapon	=	"Flak38_2_cm",
		ammo_consumption	=	0,
		initiator_coalition	=	1,
		initiator_ws_type1	=	2,
		initiatorMissionID	=	"693",
	}, -- end of [179]
	[180] = 
	{
		initiatorPilotName	=	"flak30",
		target_coalition	=	2,
		linked_event_id	=	0,
		targetMissionID	=	"503",
		target_ws_type1	=	1,
		initiator_object_id	=	16794112,
		target	=	"P-51D",
		target_object_id	=	16796672,
		targetPilotName	=	"P-51D",
		type	=	"start shooting",
		target_unit_type	=	"P-51D",
		t	=	708.637,
		initiator_unit_type	=	"flak30",
		event_id	=	293,
		weapon	=	"Flak38_2_cm",
		initiator_ws_type1	=	2,
		initiatorMissionID	=	"692",
		initiator_coalition	=	1,
	}, -- end of [180]
	[181] = 
	{
		weapon_type	=	2566,
		type	=	"end shooting",
		initiatorPilotName	=	"flak30",
		t	=	709.262,
		linked_event_id	=	0,
		initiator_unit_type	=	"flak30",
		event_id	=	294,
		initiator_object_id	=	16794112,
		weapon	=	"Flak38_2_cm",
		ammo_consumption	=	0,
		initiator_coalition	=	1,
		initiator_ws_type1	=	2,
		initiatorMissionID	=	"692",
	}, -- end of [181]
	[182] = 
	{
		initiatorPilotName	=	"flak30",
		target_coalition	=	2,
		linked_event_id	=	0,
		targetMissionID	=	"503",
		target_ws_type1	=	1,
		initiator_object_id	=	16794368,
		target	=	"P-51D",
		target_object_id	=	16796672,
		targetPilotName	=	"P-51D",
		type	=	"start shooting",
		target_unit_type	=	"P-51D",
		t	=	709.717,
		initiator_unit_type	=	"flak30",
		event_id	=	295,
		weapon	=	"Flak38_2_cm",
		initiator_ws_type1	=	2,
		initiatorMissionID	=	"693",
		initiator_coalition	=	1,
	}, -- end of [182]
	[183] = 
	{
		weapon_type	=	2566,
		type	=	"end shooting",
		initiatorPilotName	=	"flak30",
		t	=	710.096,
		linked_event_id	=	0,
		initiator_unit_type	=	"flak30",
		event_id	=	296,
		initiator_object_id	=	16794368,
		weapon	=	"Flak38_2_cm",
		ammo_consumption	=	0,
		initiator_coalition	=	1,
		initiator_ws_type1	=	2,
		initiatorMissionID	=	"693",
	}, -- end of [183]
	[184] = 
	{
		initiatorPilotName	=	"flak30",
		target_coalition	=	2,
		linked_event_id	=	0,
		targetMissionID	=	"503",
		target_ws_type1	=	1,
		initiator_object_id	=	16794112,
		target	=	"P-51D",
		target_object_id	=	16796672,
		targetPilotName	=	"P-51D",
		type	=	"start shooting",
		target_unit_type	=	"P-51D",
		t	=	711.517,
		initiator_unit_type	=	"flak30",
		event_id	=	297,
		weapon	=	"Flak38_2_cm",
		initiator_ws_type1	=	2,
		initiatorMissionID	=	"692",
		initiator_coalition	=	1,
	}, -- end of [184]
	[185] = 
	{
		weapon_type	=	2566,
		type	=	"end shooting",
		initiatorPilotName	=	"flak30",
		t	=	711.892,
		linked_event_id	=	0,
		initiator_unit_type	=	"flak30",
		event_id	=	298,
		initiator_object_id	=	16794112,
		weapon	=	"Flak38_2_cm",
		ammo_consumption	=	0,
		initiator_coalition	=	1,
		initiator_ws_type1	=	2,
		initiatorMissionID	=	"692",
	}, -- end of [185]
	[186] = 
	{
		initiatorPilotName	=	"flak30",
		target_coalition	=	2,
		linked_event_id	=	0,
		targetMissionID	=	"503",
		target_ws_type1	=	1,
		initiator_object_id	=	16794368,
		target	=	"P-51D",
		target_object_id	=	16796672,
		targetPilotName	=	"P-51D",
		type	=	"start shooting",
		target_unit_type	=	"P-51D",
		t	=	712.057,
		initiator_unit_type	=	"flak30",
		event_id	=	299,
		weapon	=	"Flak38_2_cm",
		initiator_ws_type1	=	2,
		initiatorMissionID	=	"693",
		initiator_coalition	=	1,
	}, -- end of [186]
	[187] = 
	{
		weapon_type	=	2566,
		type	=	"end shooting",
		initiatorPilotName	=	"flak30",
		t	=	712.432,
		linked_event_id	=	0,
		initiator_unit_type	=	"flak30",
		event_id	=	300,
		initiator_object_id	=	16794368,
		weapon	=	"Flak38_2_cm",
		ammo_consumption	=	0,
		initiator_coalition	=	1,
		initiator_ws_type1	=	2,
		initiatorMissionID	=	"693",
	}, -- end of [187]
	[188] = 
	{
		initiatorPilotName	=	"flak30",
		target_coalition	=	2,
		linked_event_id	=	0,
		targetMissionID	=	"503",
		target_ws_type1	=	1,
		initiator_object_id	=	16794112,
		target	=	"P-51D",
		target_object_id	=	16796672,
		targetPilotName	=	"P-51D",
		type	=	"hit",
		target_unit_type	=	"P-51D",
		t	=	712.641,
		initiator_unit_type	=	"flak30",
		event_id	=	301,
		initiator_ws_type1	=	2,
		initiatorMissionID	=	"692",
		initiator_coalition	=	1,
	}, -- end of [188]
	[189] = 
	{
		initiatorPilotName	=	"flak30",
		target_coalition	=	2,
		linked_event_id	=	0,
		targetMissionID	=	"503",
		target_ws_type1	=	1,
		initiator_object_id	=	16794112,
		target	=	"P-51D",
		target_object_id	=	16796672,
		targetPilotName	=	"P-51D",
		type	=	"bda",
		target_unit_type	=	"P-51D",
		t	=	712.641,
		initiator_unit_type	=	"flak30",
		event_id	=	302,
		initiator_ws_type1	=	2,
		initiatorMissionID	=	"692",
		initiator_coalition	=	1,
	}, -- end of [189]
	[190] = 
	{
		initiatorPilotName	=	"flak30",
		target_coalition	=	2,
		linked_event_id	=	0,
		targetMissionID	=	"503",
		target_ws_type1	=	1,
		initiator_object_id	=	16794112,
		target	=	"P-51D",
		target_object_id	=	16796672,
		targetPilotName	=	"P-51D",
		type	=	"start shooting",
		target_unit_type	=	"P-51D",
		t	=	713.941,
		initiator_unit_type	=	"flak30",
		event_id	=	303,
		weapon	=	"Flak38_2_cm",
		initiator_ws_type1	=	2,
		initiatorMissionID	=	"692",
		initiator_coalition	=	1,
	}, -- end of [190]
	[191] = 
	{
		weapon_type	=	2566,
		type	=	"end shooting",
		initiatorPilotName	=	"flak30",
		t	=	714.688,
		linked_event_id	=	0,
		initiator_unit_type	=	"flak30",
		event_id	=	304,
		initiator_object_id	=	16794112,
		weapon	=	"Flak38_2_cm",
		ammo_consumption	=	0,
		initiator_coalition	=	1,
		initiator_ws_type1	=	2,
		initiatorMissionID	=	"692",
	}, -- end of [191]
	[192] = 
	{
		initiatorPilotName	=	"flak30",
		target_coalition	=	2,
		linked_event_id	=	0,
		targetMissionID	=	"503",
		target_ws_type1	=	1,
		initiator_object_id	=	16794368,
		target	=	"P-51D",
		target_object_id	=	16796672,
		targetPilotName	=	"P-51D",
		type	=	"start shooting",
		target_unit_type	=	"P-51D",
		t	=	721.137,
		initiator_unit_type	=	"flak30",
		event_id	=	305,
		weapon	=	"Flak38_2_cm",
		initiator_ws_type1	=	2,
		initiatorMissionID	=	"693",
		initiator_coalition	=	1,
	}, -- end of [192]
	[193] = 
	{
		initiatorPilotName	=	"flak30",
		target_coalition	=	2,
		linked_event_id	=	0,
		targetMissionID	=	"503",
		target_ws_type1	=	1,
		initiator_object_id	=	16794112,
		target	=	"P-51D",
		target_object_id	=	16796672,
		targetPilotName	=	"P-51D",
		type	=	"start shooting",
		target_unit_type	=	"P-51D",
		t	=	721.257,
		initiator_unit_type	=	"flak30",
		event_id	=	306,
		weapon	=	"Flak38_2_cm",
		initiator_ws_type1	=	2,
		initiatorMissionID	=	"692",
		initiator_coalition	=	1,
	}, -- end of [193]
	[194] = 
	{
		weapon_type	=	2566,
		type	=	"end shooting",
		initiatorPilotName	=	"flak30",
		t	=	721.264,
		linked_event_id	=	0,
		initiator_unit_type	=	"flak30",
		event_id	=	307,
		initiator_object_id	=	16794368,
		weapon	=	"Flak38_2_cm",
		ammo_consumption	=	0,
		initiator_coalition	=	1,
		initiator_ws_type1	=	2,
		initiatorMissionID	=	"693",
	}, -- end of [194]
	[195] = 
	{
		weapon_type	=	2566,
		type	=	"end shooting",
		initiatorPilotName	=	"flak30",
		t	=	721.88,
		linked_event_id	=	0,
		initiator_unit_type	=	"flak30",
		event_id	=	308,
		initiator_object_id	=	16794112,
		weapon	=	"Flak38_2_cm",
		ammo_consumption	=	0,
		initiator_coalition	=	1,
		initiator_ws_type1	=	2,
		initiatorMissionID	=	"692",
	}, -- end of [195]
	[196] = 
	{
		initiatorPilotName	=	"flak30",
		target_coalition	=	2,
		linked_event_id	=	0,
		targetMissionID	=	"503",
		target_ws_type1	=	1,
		initiator_object_id	=	16794368,
		target	=	"P-51D",
		target_object_id	=	16796672,
		targetPilotName	=	"P-51D",
		type	=	"start shooting",
		target_unit_type	=	"P-51D",
		t	=	723.637,
		initiator_unit_type	=	"flak30",
		event_id	=	309,
		weapon	=	"Flak38_2_cm",
		initiator_ws_type1	=	2,
		initiatorMissionID	=	"693",
		initiator_coalition	=	1,
	}, -- end of [196]
	[197] = 
	{
		weapon_type	=	2566,
		type	=	"end shooting",
		initiatorPilotName	=	"flak30",
		t	=	724.018,
		linked_event_id	=	0,
		initiator_unit_type	=	"flak30",
		event_id	=	310,
		initiator_object_id	=	16794368,
		weapon	=	"Flak38_2_cm",
		ammo_consumption	=	0,
		initiator_coalition	=	1,
		initiator_ws_type1	=	2,
		initiatorMissionID	=	"693",
	}, -- end of [197]
	[198] = 
	{
		initiatorPilotName	=	"flak30",
		target_coalition	=	2,
		linked_event_id	=	0,
		targetMissionID	=	"503",
		target_ws_type1	=	1,
		initiator_object_id	=	16794112,
		target	=	"P-51D",
		target_object_id	=	16796672,
		targetPilotName	=	"P-51D",
		type	=	"start shooting",
		target_unit_type	=	"P-51D",
		t	=	724.637,
		initiator_unit_type	=	"flak30",
		event_id	=	311,
		weapon	=	"Flak38_2_cm",
		initiator_ws_type1	=	2,
		initiatorMissionID	=	"692",
		initiator_coalition	=	1,
	}, -- end of [198]
	[199] = 
	{
		weapon_type	=	2566,
		type	=	"end shooting",
		initiatorPilotName	=	"flak30",
		t	=	725.269,
		linked_event_id	=	0,
		initiator_unit_type	=	"flak30",
		event_id	=	312,
		initiator_object_id	=	16794112,
		weapon	=	"Flak38_2_cm",
		ammo_consumption	=	0,
		initiator_coalition	=	1,
		initiator_ws_type1	=	2,
		initiatorMissionID	=	"692",
	}, -- end of [199]
	[200] = 
	{
		initiatorPilotName	=	"flak30",
		target_coalition	=	2,
		linked_event_id	=	0,
		targetMissionID	=	"503",
		target_ws_type1	=	1,
		initiator_object_id	=	16794368,
		target	=	"P-51D",
		target_object_id	=	16796672,
		targetPilotName	=	"P-51D",
		type	=	"start shooting",
		target_unit_type	=	"P-51D",
		t	=	726.537,
		initiator_unit_type	=	"flak30",
		event_id	=	313,
		weapon	=	"Flak38_2_cm",
		initiator_ws_type1	=	2,
		initiatorMissionID	=	"693",
		initiator_coalition	=	1,
	}, -- end of [200]
	[201] = 
	{
		weapon_type	=	2566,
		type	=	"end shooting",
		initiatorPilotName	=	"flak30",
		t	=	726.917,
		linked_event_id	=	0,
		initiator_unit_type	=	"flak30",
		event_id	=	314,
		initiator_object_id	=	16794368,
		weapon	=	"Flak38_2_cm",
		ammo_consumption	=	0,
		initiator_coalition	=	1,
		initiator_ws_type1	=	2,
		initiatorMissionID	=	"693",
	}, -- end of [201]
	[202] = 
	{
		initiatorPilotName	=	"flak30",
		target_coalition	=	2,
		linked_event_id	=	0,
		targetMissionID	=	"504",
		target_ws_type1	=	1,
		initiator_object_id	=	16795136,
		target	=	"P-51D",
		target_object_id	=	16796928,
		targetPilotName	=	"P-51D",
		type	=	"start shooting",
		target_unit_type	=	"P-51D",
		t	=	739.101,
		initiator_unit_type	=	"flak30",
		event_id	=	315,
		weapon	=	"Flak38_2_cm",
		initiator_ws_type1	=	2,
		initiatorMissionID	=	"700",
		initiator_coalition	=	1,
	}, -- end of [202]
	[203] = 
	{
		weapon_type	=	2566,
		type	=	"end shooting",
		initiatorPilotName	=	"flak30",
		t	=	739.356,
		linked_event_id	=	0,
		initiator_unit_type	=	"flak30",
		event_id	=	316,
		initiator_object_id	=	16795136,
		weapon	=	"Flak38_2_cm",
		ammo_consumption	=	0,
		initiator_coalition	=	1,
		initiator_ws_type1	=	2,
		initiatorMissionID	=	"700",
	}, -- end of [203]
	[204] = 
	{
		initiatorPilotName	=	"flak30",
		target_coalition	=	2,
		linked_event_id	=	0,
		targetMissionID	=	"504",
		target_ws_type1	=	1,
		initiator_object_id	=	16795392,
		target	=	"P-51D",
		target_object_id	=	16796928,
		targetPilotName	=	"P-51D",
		type	=	"start shooting",
		target_unit_type	=	"P-51D",
		t	=	741.041,
		initiator_unit_type	=	"flak30",
		event_id	=	317,
		weapon	=	"Flak38_2_cm",
		initiator_ws_type1	=	2,
		initiatorMissionID	=	"701",
		initiator_coalition	=	1,
	}, -- end of [204]
	[205] = 
	{
		weapon_type	=	2566,
		type	=	"end shooting",
		initiatorPilotName	=	"flak30",
		t	=	741.29,
		linked_event_id	=	0,
		initiator_unit_type	=	"flak30",
		event_id	=	318,
		initiator_object_id	=	16795392,
		weapon	=	"Flak38_2_cm",
		ammo_consumption	=	0,
		initiator_coalition	=	1,
		initiator_ws_type1	=	2,
		initiatorMissionID	=	"701",
	}, -- end of [205]
	[206] = 
	{
		initiatorPilotName	=	"flak30",
		target_coalition	=	2,
		linked_event_id	=	0,
		targetMissionID	=	"504",
		target_ws_type1	=	1,
		initiator_object_id	=	16795136,
		target	=	"P-51D",
		target_object_id	=	16796928,
		targetPilotName	=	"P-51D",
		type	=	"start shooting",
		target_unit_type	=	"P-51D",
		t	=	746.441,
		initiator_unit_type	=	"flak30",
		event_id	=	319,
		weapon	=	"Flak38_2_cm",
		initiator_ws_type1	=	2,
		initiatorMissionID	=	"700",
		initiator_coalition	=	1,
	}, -- end of [206]
	[207] = 
	{
		weapon_type	=	2566,
		type	=	"end shooting",
		initiatorPilotName	=	"flak30",
		t	=	746.695,
		linked_event_id	=	0,
		initiator_unit_type	=	"flak30",
		event_id	=	320,
		initiator_object_id	=	16795136,
		weapon	=	"Flak38_2_cm",
		ammo_consumption	=	0,
		initiator_coalition	=	1,
		initiator_ws_type1	=	2,
		initiatorMissionID	=	"700",
	}, -- end of [207]
	[208] = 
	{
		initiatorPilotName	=	"flak30",
		target_coalition	=	2,
		linked_event_id	=	0,
		targetMissionID	=	"504",
		target_ws_type1	=	1,
		initiator_object_id	=	16795392,
		target	=	"P-51D",
		target_object_id	=	16796928,
		targetPilotName	=	"P-51D",
		type	=	"start shooting",
		target_unit_type	=	"P-51D",
		t	=	748.041,
		initiator_unit_type	=	"flak30",
		event_id	=	321,
		weapon	=	"Flak38_2_cm",
		initiator_ws_type1	=	2,
		initiatorMissionID	=	"701",
		initiator_coalition	=	1,
	}, -- end of [208]
	[209] = 
	{
		weapon_type	=	2566,
		type	=	"end shooting",
		initiatorPilotName	=	"flak30",
		t	=	748.423,
		linked_event_id	=	0,
		initiator_unit_type	=	"flak30",
		event_id	=	322,
		initiator_object_id	=	16795392,
		weapon	=	"Flak38_2_cm",
		ammo_consumption	=	0,
		initiator_coalition	=	1,
		initiator_ws_type1	=	2,
		initiatorMissionID	=	"701",
	}, -- end of [209]
	[210] = 
	{
		initiatorPilotName	=	"flak30",
		target_coalition	=	2,
		linked_event_id	=	0,
		targetMissionID	=	"504",
		target_ws_type1	=	1,
		initiator_object_id	=	16795136,
		target	=	"P-51D",
		target_object_id	=	16796928,
		targetPilotName	=	"P-51D",
		type	=	"start shooting",
		target_unit_type	=	"P-51D",
		t	=	753.621,
		initiator_unit_type	=	"flak30",
		event_id	=	323,
		weapon	=	"Flak38_2_cm",
		initiator_ws_type1	=	2,
		initiatorMissionID	=	"700",
		initiator_coalition	=	1,
	}, -- end of [210]
	[211] = 
	{
		weapon_type	=	2566,
		type	=	"end shooting",
		initiatorPilotName	=	"flak30",
		t	=	754.247,
		linked_event_id	=	0,
		initiator_unit_type	=	"flak30",
		event_id	=	324,
		initiator_object_id	=	16795136,
		weapon	=	"Flak38_2_cm",
		ammo_consumption	=	0,
		initiator_coalition	=	1,
		initiator_ws_type1	=	2,
		initiatorMissionID	=	"700",
	}, -- end of [211]
	[212] = 
	{
		initiatorPilotName	=	"flak30",
		target_coalition	=	2,
		linked_event_id	=	0,
		targetMissionID	=	"504",
		target_ws_type1	=	1,
		initiator_object_id	=	16795392,
		target	=	"P-51D",
		target_object_id	=	16796928,
		targetPilotName	=	"P-51D",
		type	=	"start shooting",
		target_unit_type	=	"P-51D",
		t	=	754.701,
		initiator_unit_type	=	"flak30",
		event_id	=	325,
		weapon	=	"Flak38_2_cm",
		initiator_ws_type1	=	2,
		initiatorMissionID	=	"701",
		initiator_coalition	=	1,
	}, -- end of [212]
	[213] = 
	{
		weapon_type	=	2566,
		type	=	"end shooting",
		initiatorPilotName	=	"flak30",
		t	=	755.33,
		linked_event_id	=	0,
		initiator_unit_type	=	"flak30",
		event_id	=	326,
		initiator_object_id	=	16795392,
		weapon	=	"Flak38_2_cm",
		ammo_consumption	=	0,
		initiator_coalition	=	1,
		initiator_ws_type1	=	2,
		initiatorMissionID	=	"701",
	}, -- end of [213]
	[214] = 
	{
		initiatorPilotName	=	"P-51D",
		target_coalition	=	1,
		linked_event_id	=	0,
		targetMissionID	=	"0",
		target_ws_type1	=	2,
		initiator_object_id	=	16796928,
		target	=	"Bf-109K-4",
		target_object_id	=	50343424,
		targetPilotName	=	"Bf-109K-4",
		type	=	"start shooting",
		target_unit_type	=	"Bf-109K-4",
		t	=	757.321,
		initiator_unit_type	=	"P-51D",
		event_id	=	327,
		weapon	=	"Browning .50 M2",
		initiator_ws_type1	=	1,
		initiatorMissionID	=	"504",
		initiator_coalition	=	2,
	}, -- end of [214]
	[215] = 
	{
		initiatorPilotName	=	"P-51D",
		target_coalition	=	1,
		linked_event_id	=	0,
		targetMissionID	=	"0",
		target_ws_type1	=	2,
		initiator_object_id	=	16796928,
		target	=	"Bf-109K-4",
		target_object_id	=	50343424,
		targetPilotName	=	"Bf-109K-4",
		type	=	"start shooting",
		target_unit_type	=	"Bf-109K-4",
		t	=	757.321,
		initiator_unit_type	=	"P-51D",
		event_id	=	328,
		weapon	=	"Browning .50 M2",
		initiator_ws_type1	=	1,
		initiatorMissionID	=	"504",
		initiator_coalition	=	2,
	}, -- end of [215]
	[216] = 
	{
		initiatorPilotName	=	"P-51D",
		target_coalition	=	1,
		linked_event_id	=	0,
		targetMissionID	=	"0",
		target_ws_type1	=	2,
		initiator_object_id	=	16796928,
		target	=	"Bf-109K-4",
		target_object_id	=	50343424,
		targetPilotName	=	"Bf-109K-4",
		type	=	"start shooting",
		target_unit_type	=	"Bf-109K-4",
		t	=	757.321,
		initiator_unit_type	=	"P-51D",
		event_id	=	329,
		weapon	=	"Browning .50 M2",
		initiator_ws_type1	=	1,
		initiatorMissionID	=	"504",
		initiator_coalition	=	2,
	}, -- end of [216]
	[217] = 
	{
		initiatorPilotName	=	"P-51D",
		target_coalition	=	1,
		linked_event_id	=	0,
		targetMissionID	=	"0",
		target_ws_type1	=	2,
		initiator_object_id	=	16796928,
		target	=	"Bf-109K-4",
		target_object_id	=	50343424,
		targetPilotName	=	"Bf-109K-4",
		type	=	"start shooting",
		target_unit_type	=	"Bf-109K-4",
		t	=	757.321,
		initiator_unit_type	=	"P-51D",
		event_id	=	330,
		weapon	=	"Browning .50 M2",
		initiator_ws_type1	=	1,
		initiatorMissionID	=	"504",
		initiator_coalition	=	2,
	}, -- end of [217]
	[218] = 
	{
		initiatorPilotName	=	"P-51D",
		target_coalition	=	1,
		linked_event_id	=	0,
		targetMissionID	=	"0",
		target_ws_type1	=	2,
		initiator_object_id	=	16796928,
		target	=	"Bf-109K-4",
		target_object_id	=	50343424,
		targetPilotName	=	"Bf-109K-4",
		type	=	"start shooting",
		target_unit_type	=	"Bf-109K-4",
		t	=	757.321,
		initiator_unit_type	=	"P-51D",
		event_id	=	331,
		weapon	=	"Browning .50 M2",
		initiator_ws_type1	=	1,
		initiatorMissionID	=	"504",
		initiator_coalition	=	2,
	}, -- end of [218]
	[219] = 
	{
		initiatorPilotName	=	"P-51D",
		target_coalition	=	1,
		linked_event_id	=	0,
		targetMissionID	=	"0",
		target_ws_type1	=	2,
		initiator_object_id	=	16796928,
		target	=	"Bf-109K-4",
		target_object_id	=	50343424,
		targetPilotName	=	"Bf-109K-4",
		type	=	"start shooting",
		target_unit_type	=	"Bf-109K-4",
		t	=	757.321,
		initiator_unit_type	=	"P-51D",
		event_id	=	332,
		weapon	=	"Browning .50 M2",
		initiator_ws_type1	=	1,
		initiatorMissionID	=	"504",
		initiator_coalition	=	2,
	}, -- end of [219]
	[220] = 
	{
		weapon_type	=	9243142,
		initiatorPilotName	=	"P-51D",
		target_coalition	=	-1,
		linked_event_id	=	0,
		targetMissionID	=	"652",
		target_ws_type1	=	5,
		initiator_object_id	=	16796928,
		target	=	"Bf-109K-4",
		target_object_id	=	8000015,
		targetPilotName	=	"Bf-109K-4",
		type	=	"hit",
		target_unit_type	=	"Bf-109K-4",
		t	=	758.385,
		initiator_unit_type	=	"P-51D",
		event_id	=	333,
		weapon	=	"50Browning_T_M1",
		initiator_ws_type1	=	1,
		initiatorMissionID	=	"504",
		initiator_coalition	=	2,
	}, -- end of [220]
	[221] = 
	{
		weapon_type	=	9243142,
		initiatorPilotName	=	"P-51D",
		target_coalition	=	-1,
		linked_event_id	=	0,
		targetMissionID	=	"652",
		target_ws_type1	=	5,
		initiator_object_id	=	16796928,
		target	=	"Bf-109K-4",
		target_object_id	=	8000015,
		targetPilotName	=	"Bf-109K-4",
		type	=	"hit",
		target_unit_type	=	"Bf-109K-4",
		t	=	758.457,
		initiator_unit_type	=	"P-51D",
		event_id	=	334,
		weapon	=	"50Browning_API_M8",
		initiator_ws_type1	=	1,
		initiatorMissionID	=	"504",
		initiator_coalition	=	2,
	}, -- end of [221]
	[222] = 
	{
		weapon_type	=	9243142,
		initiatorPilotName	=	"P-51D",
		target_coalition	=	-1,
		linked_event_id	=	0,
		targetMissionID	=	"652",
		target_ws_type1	=	5,
		initiator_object_id	=	16796928,
		target	=	"Bf-109K-4",
		target_object_id	=	8000015,
		targetPilotName	=	"Bf-109K-4",
		type	=	"hit",
		target_unit_type	=	"Bf-109K-4",
		t	=	758.474,
		initiator_unit_type	=	"P-51D",
		event_id	=	335,
		weapon	=	"50Browning_API_M8",
		initiator_ws_type1	=	1,
		initiatorMissionID	=	"504",
		initiator_coalition	=	2,
	}, -- end of [222]
	[223] = 
	{
		weapon_type	=	9243142,
		initiatorPilotName	=	"P-51D",
		target_coalition	=	-1,
		linked_event_id	=	0,
		targetMissionID	=	"652",
		target_ws_type1	=	5,
		initiator_object_id	=	16796928,
		target	=	"Bf-109K-4",
		target_object_id	=	8000015,
		targetPilotName	=	"Bf-109K-4",
		type	=	"hit",
		target_unit_type	=	"Bf-109K-4",
		t	=	758.496,
		initiator_unit_type	=	"P-51D",
		event_id	=	336,
		weapon	=	"50Browning_T_M1",
		initiator_ws_type1	=	1,
		initiatorMissionID	=	"504",
		initiator_coalition	=	2,
	}, -- end of [223]
	[224] = 
	{
		weapon_type	=	9243142,
		initiatorPilotName	=	"P-51D",
		target_coalition	=	-1,
		linked_event_id	=	0,
		targetMissionID	=	"652",
		target_ws_type1	=	5,
		initiator_object_id	=	16796928,
		target	=	"Bf-109K-4",
		target_object_id	=	8000015,
		targetPilotName	=	"Bf-109K-4",
		type	=	"hit",
		target_unit_type	=	"Bf-109K-4",
		t	=	758.523,
		initiator_unit_type	=	"P-51D",
		event_id	=	337,
		weapon	=	"50Browning_I_M1",
		initiator_ws_type1	=	1,
		initiatorMissionID	=	"504",
		initiator_coalition	=	2,
	}, -- end of [224]
	[225] = 
	{
		weapon_type	=	9243142,
		initiatorPilotName	=	"P-51D",
		target_coalition	=	-1,
		linked_event_id	=	0,
		targetMissionID	=	"652",
		target_ws_type1	=	5,
		initiator_object_id	=	16796928,
		target	=	"Bf-109K-4",
		target_object_id	=	8000015,
		targetPilotName	=	"Bf-109K-4",
		type	=	"hit",
		target_unit_type	=	"Bf-109K-4",
		t	=	758.542,
		initiator_unit_type	=	"P-51D",
		event_id	=	338,
		weapon	=	"50Browning_I_M1",
		initiator_ws_type1	=	1,
		initiatorMissionID	=	"504",
		initiator_coalition	=	2,
	}, -- end of [225]
	[226] = 
	{
		weapon_type	=	9243142,
		initiatorPilotName	=	"P-51D",
		target_coalition	=	-1,
		linked_event_id	=	0,
		targetMissionID	=	"652",
		target_ws_type1	=	5,
		initiator_object_id	=	16796928,
		target	=	"Bf-109K-4",
		target_object_id	=	8000015,
		targetPilotName	=	"Bf-109K-4",
		type	=	"hit",
		target_unit_type	=	"Bf-109K-4",
		t	=	758.583,
		initiator_unit_type	=	"P-51D",
		event_id	=	339,
		weapon	=	"50Browning_API_M8",
		initiator_ws_type1	=	1,
		initiatorMissionID	=	"504",
		initiator_coalition	=	2,
	}, -- end of [226]
	[227] = 
	{
		initiatorPilotName	=	"flak30",
		target_coalition	=	2,
		linked_event_id	=	0,
		targetMissionID	=	"504",
		target_ws_type1	=	1,
		initiator_object_id	=	16795136,
		target	=	"P-51D",
		target_object_id	=	16796928,
		targetPilotName	=	"P-51D",
		type	=	"start shooting",
		target_unit_type	=	"P-51D",
		t	=	758.701,
		initiator_unit_type	=	"flak30",
		event_id	=	340,
		weapon	=	"Flak38_2_cm",
		initiator_ws_type1	=	2,
		initiatorMissionID	=	"700",
		initiator_coalition	=	1,
	}, -- end of [227]
	[228] = 
	{
		weapon_type	=	9243142,
		initiatorPilotName	=	"P-51D",
		target_coalition	=	-1,
		linked_event_id	=	0,
		targetMissionID	=	"652",
		target_ws_type1	=	5,
		initiator_object_id	=	16796928,
		target	=	"Bf-109K-4",
		target_object_id	=	8000015,
		targetPilotName	=	"Bf-109K-4",
		type	=	"hit",
		target_unit_type	=	"Bf-109K-4",
		t	=	758.74,
		initiator_unit_type	=	"P-51D",
		event_id	=	341,
		weapon	=	"50Browning_API_M8",
		initiator_ws_type1	=	1,
		initiatorMissionID	=	"504",
		initiator_coalition	=	2,
	}, -- end of [228]
	[229] = 
	{
		weapon_type	=	9243142,
		initiatorPilotName	=	"P-51D",
		target_coalition	=	-1,
		linked_event_id	=	0,
		targetMissionID	=	"652",
		target_ws_type1	=	5,
		initiator_object_id	=	16796928,
		target	=	"Bf-109K-4",
		target_object_id	=	8000015,
		targetPilotName	=	"Bf-109K-4",
		type	=	"hit",
		target_unit_type	=	"Bf-109K-4",
		t	=	758.784,
		initiator_unit_type	=	"P-51D",
		event_id	=	342,
		weapon	=	"50Browning_I_M1",
		initiator_ws_type1	=	1,
		initiatorMissionID	=	"504",
		initiator_coalition	=	2,
	}, -- end of [229]
	[230] = 
	{
		weapon_type	=	9243142,
		initiatorPilotName	=	"P-51D",
		target_coalition	=	-1,
		linked_event_id	=	0,
		targetMissionID	=	"652",
		target_ws_type1	=	5,
		initiator_object_id	=	16796928,
		target	=	"Bf-109K-4",
		target_object_id	=	8000015,
		targetPilotName	=	"Bf-109K-4",
		type	=	"hit",
		target_unit_type	=	"Bf-109K-4",
		t	=	758.852,
		initiator_unit_type	=	"P-51D",
		event_id	=	343,
		weapon	=	"50Browning_API_M8",
		initiator_ws_type1	=	1,
		initiatorMissionID	=	"504",
		initiator_coalition	=	2,
	}, -- end of [230]
	[231] = 
	{
		weapon_type	=	2566,
		type	=	"end shooting",
		initiatorPilotName	=	"P-51D",
		t	=	758.971,
		linked_event_id	=	0,
		event_id	=	344,
		initiator_unit_type	=	"P-51D",
		uin64_t_value	=	22,
		initiator_object_id	=	16796928,
		weapon	=	"Browning .50 M2",
		ammo_consumption	=	22,
		initiator_coalition	=	2,
		initiator_ws_type1	=	1,
		initiatorMissionID	=	"504",
	}, -- end of [231]
	[232] = 
	{
		weapon_type	=	2566,
		type	=	"end shooting",
		initiatorPilotName	=	"P-51D",
		t	=	758.971,
		linked_event_id	=	0,
		event_id	=	345,
		initiator_unit_type	=	"P-51D",
		uin64_t_value	=	22,
		initiator_object_id	=	16796928,
		weapon	=	"Browning .50 M2",
		ammo_consumption	=	22,
		initiator_coalition	=	2,
		initiator_ws_type1	=	1,
		initiatorMissionID	=	"504",
	}, -- end of [232]
	[233] = 
	{
		weapon_type	=	2566,
		type	=	"end shooting",
		initiatorPilotName	=	"P-51D",
		t	=	758.971,
		linked_event_id	=	0,
		event_id	=	346,
		initiator_unit_type	=	"P-51D",
		uin64_t_value	=	22,
		initiator_object_id	=	16796928,
		weapon	=	"Browning .50 M2",
		ammo_consumption	=	22,
		initiator_coalition	=	2,
		initiator_ws_type1	=	1,
		initiatorMissionID	=	"504",
	}, -- end of [233]
	[234] = 
	{
		weapon_type	=	2566,
		type	=	"end shooting",
		initiatorPilotName	=	"P-51D",
		t	=	758.971,
		linked_event_id	=	0,
		event_id	=	347,
		initiator_unit_type	=	"P-51D",
		uin64_t_value	=	22,
		initiator_object_id	=	16796928,
		weapon	=	"Browning .50 M2",
		ammo_consumption	=	22,
		initiator_coalition	=	2,
		initiator_ws_type1	=	1,
		initiatorMissionID	=	"504",
	}, -- end of [234]
	[235] = 
	{
		weapon_type	=	2566,
		type	=	"end shooting",
		initiatorPilotName	=	"P-51D",
		t	=	758.993,
		linked_event_id	=	0,
		event_id	=	348,
		initiator_unit_type	=	"P-51D",
		uin64_t_value	=	22,
		initiator_object_id	=	16796928,
		weapon	=	"Browning .50 M2",
		ammo_consumption	=	22,
		initiator_coalition	=	2,
		initiator_ws_type1	=	1,
		initiatorMissionID	=	"504",
	}, -- end of [235]
	[236] = 
	{
		weapon_type	=	2566,
		type	=	"end shooting",
		initiatorPilotName	=	"P-51D",
		t	=	758.993,
		linked_event_id	=	0,
		event_id	=	349,
		initiator_unit_type	=	"P-51D",
		uin64_t_value	=	22,
		initiator_object_id	=	16796928,
		weapon	=	"Browning .50 M2",
		ammo_consumption	=	22,
		initiator_coalition	=	2,
		initiator_ws_type1	=	1,
		initiatorMissionID	=	"504",
	}, -- end of [236]
	[237] = 
	{
		weapon_type	=	9243142,
		initiatorPilotName	=	"P-51D",
		target_coalition	=	-1,
		linked_event_id	=	0,
		targetMissionID	=	"652",
		target_ws_type1	=	5,
		initiator_object_id	=	16796928,
		target	=	"Bf-109K-4",
		target_object_id	=	8000015,
		targetPilotName	=	"Bf-109K-4",
		type	=	"hit",
		target_unit_type	=	"Bf-109K-4",
		t	=	759.01,
		initiator_unit_type	=	"P-51D",
		event_id	=	350,
		weapon	=	"50Browning_I_M1",
		initiator_ws_type1	=	1,
		initiatorMissionID	=	"504",
		initiator_coalition	=	2,
	}, -- end of [237]
	[238] = 
	{
		weapon_type	=	2566,
		type	=	"end shooting",
		initiatorPilotName	=	"flak30",
		t	=	759.083,
		linked_event_id	=	0,
		initiator_unit_type	=	"flak30",
		event_id	=	351,
		initiator_object_id	=	16795136,
		weapon	=	"Flak38_2_cm",
		ammo_consumption	=	0,
		initiator_coalition	=	1,
		initiator_ws_type1	=	2,
		initiatorMissionID	=	"700",
	}, -- end of [238]
	[239] = 
	{
		initiatorPilotName	=	"flak30",
		target_coalition	=	2,
		linked_event_id	=	0,
		targetMissionID	=	"504",
		target_ws_type1	=	1,
		initiator_object_id	=	16795392,
		target	=	"P-51D",
		target_object_id	=	16796928,
		targetPilotName	=	"P-51D",
		type	=	"start shooting",
		target_unit_type	=	"P-51D",
		t	=	759.701,
		initiator_unit_type	=	"flak30",
		event_id	=	352,
		weapon	=	"Flak38_2_cm",
		initiator_ws_type1	=	2,
		initiatorMissionID	=	"701",
		initiator_coalition	=	1,
	}, -- end of [239]
	[240] = 
	{
		weapon_type	=	2566,
		type	=	"end shooting",
		initiatorPilotName	=	"flak30",
		t	=	759.701,
		linked_event_id	=	0,
		initiator_unit_type	=	"flak30",
		event_id	=	353,
		initiator_object_id	=	16795392,
		weapon	=	"Flak38_2_cm",
		ammo_consumption	=	0,
		initiator_coalition	=	1,
		initiator_ws_type1	=	2,
		initiatorMissionID	=	"701",
	}, -- end of [240]
	[241] = 
	{
		initiatorPilotName	=	"flak30",
		target_coalition	=	2,
		linked_event_id	=	0,
		targetMissionID	=	"504",
		target_ws_type1	=	1,
		initiator_object_id	=	16795136,
		target	=	"P-51D",
		target_object_id	=	16796928,
		targetPilotName	=	"P-51D",
		type	=	"start shooting",
		target_unit_type	=	"P-51D",
		t	=	763.381,
		initiator_unit_type	=	"flak30",
		event_id	=	354,
		weapon	=	"Flak38_2_cm",
		initiator_ws_type1	=	2,
		initiatorMissionID	=	"700",
		initiator_coalition	=	1,
	}, -- end of [241]
	[242] = 
	{
		weapon_type	=	2566,
		type	=	"end shooting",
		initiatorPilotName	=	"flak30",
		t	=	763.763,
		linked_event_id	=	0,
		initiator_unit_type	=	"flak30",
		event_id	=	355,
		initiator_object_id	=	16795136,
		weapon	=	"Flak38_2_cm",
		ammo_consumption	=	0,
		initiator_coalition	=	1,
		initiator_ws_type1	=	2,
		initiatorMissionID	=	"700",
	}, -- end of [242]
	[243] = 
	{
		initiatorPilotName	=	"flak30",
		target_coalition	=	2,
		linked_event_id	=	0,
		targetMissionID	=	"504",
		target_ws_type1	=	1,
		initiator_object_id	=	16795392,
		target	=	"P-51D",
		target_object_id	=	16796928,
		targetPilotName	=	"P-51D",
		type	=	"start shooting",
		target_unit_type	=	"P-51D",
		t	=	764.341,
		initiator_unit_type	=	"flak30",
		event_id	=	356,
		weapon	=	"Flak38_2_cm",
		initiator_ws_type1	=	2,
		initiatorMissionID	=	"701",
		initiator_coalition	=	1,
	}, -- end of [243]
	[244] = 
	{
		weapon_type	=	2566,
		type	=	"end shooting",
		initiatorPilotName	=	"flak30",
		t	=	764.589,
		linked_event_id	=	0,
		initiator_unit_type	=	"flak30",
		event_id	=	357,
		initiator_object_id	=	16795392,
		weapon	=	"Flak38_2_cm",
		ammo_consumption	=	0,
		initiator_coalition	=	1,
		initiator_ws_type1	=	2,
		initiatorMissionID	=	"701",
	}, -- end of [244]
	[245] = 
	{
		initiatorPilotName	=	"flak30",
		target_coalition	=	2,
		linked_event_id	=	0,
		targetMissionID	=	"504",
		target_ws_type1	=	1,
		initiator_object_id	=	16795136,
		target	=	"P-51D",
		target_object_id	=	16796928,
		targetPilotName	=	"P-51D",
		type	=	"start shooting",
		target_unit_type	=	"P-51D",
		t	=	768.301,
		initiator_unit_type	=	"flak30",
		event_id	=	358,
		weapon	=	"Flak38_2_cm",
		initiator_ws_type1	=	2,
		initiatorMissionID	=	"700",
		initiator_coalition	=	1,
	}, -- end of [245]
	[246] = 
	{
		weapon_type	=	2566,
		type	=	"end shooting",
		initiatorPilotName	=	"flak30",
		t	=	768.553,
		linked_event_id	=	0,
		initiator_unit_type	=	"flak30",
		event_id	=	359,
		initiator_object_id	=	16795136,
		weapon	=	"Flak38_2_cm",
		ammo_consumption	=	0,
		initiator_coalition	=	1,
		initiator_ws_type1	=	2,
		initiatorMissionID	=	"700",
	}, -- end of [246]
	[247] = 
	{
		initiatorPilotName	=	"flak30",
		target_coalition	=	2,
		linked_event_id	=	0,
		targetMissionID	=	"504",
		target_ws_type1	=	1,
		initiator_object_id	=	16795392,
		target	=	"P-51D",
		target_object_id	=	16796928,
		targetPilotName	=	"P-51D",
		type	=	"start shooting",
		target_unit_type	=	"P-51D",
		t	=	769.041,
		initiator_unit_type	=	"flak30",
		event_id	=	360,
		weapon	=	"Flak38_2_cm",
		initiator_ws_type1	=	2,
		initiatorMissionID	=	"701",
		initiator_coalition	=	1,
	}, -- end of [247]
	[248] = 
	{
		weapon_type	=	2566,
		type	=	"end shooting",
		initiatorPilotName	=	"flak30",
		t	=	769.659,
		linked_event_id	=	0,
		initiator_unit_type	=	"flak30",
		event_id	=	361,
		initiator_object_id	=	16795392,
		weapon	=	"Flak38_2_cm",
		ammo_consumption	=	0,
		initiator_coalition	=	1,
		initiator_ws_type1	=	2,
		initiatorMissionID	=	"701",
	}, -- end of [248]
	[249] = 
	{
		initiatorPilotName	=	"flak30",
		target_coalition	=	2,
		linked_event_id	=	0,
		targetMissionID	=	"504",
		target_ws_type1	=	1,
		initiator_object_id	=	16794880,
		target	=	"P-51D",
		target_object_id	=	16796928,
		targetPilotName	=	"P-51D",
		type	=	"start shooting",
		target_unit_type	=	"P-51D",
		t	=	772.506,
		initiator_unit_type	=	"flak30",
		event_id	=	362,
		weapon	=	"Flak38_2_cm",
		initiator_ws_type1	=	2,
		initiatorMissionID	=	"697",
		initiator_coalition	=	1,
	}, -- end of [249]
	[250] = 
	{
		weapon_type	=	2566,
		type	=	"end shooting",
		initiatorPilotName	=	"flak30",
		t	=	772.882,
		linked_event_id	=	0,
		initiator_unit_type	=	"flak30",
		event_id	=	363,
		initiator_object_id	=	16794880,
		weapon	=	"Flak38_2_cm",
		ammo_consumption	=	0,
		initiator_coalition	=	1,
		initiator_ws_type1	=	2,
		initiatorMissionID	=	"697",
	}, -- end of [250]
	[251] = 
	{
		initiatorPilotName	=	"flak30",
		target_coalition	=	2,
		linked_event_id	=	0,
		targetMissionID	=	"504",
		target_ws_type1	=	1,
		initiator_object_id	=	16794112,
		target	=	"P-51D",
		target_object_id	=	16796928,
		targetPilotName	=	"P-51D",
		type	=	"start shooting",
		target_unit_type	=	"P-51D",
		t	=	785.257,
		initiator_unit_type	=	"flak30",
		event_id	=	364,
		weapon	=	"Flak38_2_cm",
		initiator_ws_type1	=	2,
		initiatorMissionID	=	"692",
		initiator_coalition	=	1,
	}, -- end of [251]
	[252] = 
	{
		weapon_type	=	2566,
		type	=	"end shooting",
		initiatorPilotName	=	"flak30",
		t	=	785.637,
		linked_event_id	=	0,
		initiator_unit_type	=	"flak30",
		event_id	=	365,
		initiator_object_id	=	16794112,
		weapon	=	"Flak38_2_cm",
		ammo_consumption	=	0,
		initiator_coalition	=	1,
		initiator_ws_type1	=	2,
		initiatorMissionID	=	"692",
	}, -- end of [252]
	[253] = 
	{
		initiatorPilotName	=	"flak30",
		target_coalition	=	2,
		linked_event_id	=	0,
		targetMissionID	=	"504",
		target_ws_type1	=	1,
		initiator_object_id	=	16794368,
		target	=	"P-51D",
		target_object_id	=	16796928,
		targetPilotName	=	"P-51D",
		type	=	"start shooting",
		target_unit_type	=	"P-51D",
		t	=	786.757,
		initiator_unit_type	=	"flak30",
		event_id	=	366,
		weapon	=	"Flak38_2_cm",
		initiator_ws_type1	=	2,
		initiatorMissionID	=	"693",
		initiator_coalition	=	1,
	}, -- end of [253]
	[254] = 
	{
		weapon_type	=	2566,
		type	=	"end shooting",
		initiatorPilotName	=	"flak30",
		t	=	787.385,
		linked_event_id	=	0,
		initiator_unit_type	=	"flak30",
		event_id	=	367,
		initiator_object_id	=	16794368,
		weapon	=	"Flak38_2_cm",
		ammo_consumption	=	0,
		initiator_coalition	=	1,
		initiator_ws_type1	=	2,
		initiatorMissionID	=	"693",
	}, -- end of [254]
	[255] = 
	{
		initiatorPilotName	=	"flak30",
		target_coalition	=	2,
		linked_event_id	=	0,
		targetMissionID	=	"504",
		target_ws_type1	=	1,
		initiator_object_id	=	16794112,
		target	=	"P-51D",
		target_object_id	=	16796928,
		targetPilotName	=	"P-51D",
		type	=	"start shooting",
		target_unit_type	=	"P-51D",
		t	=	787.477,
		initiator_unit_type	=	"flak30",
		event_id	=	368,
		weapon	=	"Flak38_2_cm",
		initiator_ws_type1	=	2,
		initiatorMissionID	=	"692",
		initiator_coalition	=	1,
	}, -- end of [255]
	[256] = 
	{
		weapon_type	=	2566,
		type	=	"end shooting",
		initiatorPilotName	=	"flak30",
		t	=	788.105,
		linked_event_id	=	0,
		initiator_unit_type	=	"flak30",
		event_id	=	369,
		initiator_object_id	=	16794112,
		weapon	=	"Flak38_2_cm",
		ammo_consumption	=	0,
		initiator_coalition	=	1,
		initiator_ws_type1	=	2,
		initiatorMissionID	=	"692",
	}, -- end of [256]
	[257] = 
	{
		initiatorPilotName	=	"flak30",
		target_coalition	=	2,
		linked_event_id	=	0,
		targetMissionID	=	"504",
		target_ws_type1	=	1,
		initiator_object_id	=	16794368,
		target	=	"P-51D",
		target_object_id	=	16796928,
		targetPilotName	=	"P-51D",
		type	=	"start shooting",
		target_unit_type	=	"P-51D",
		t	=	789.037,
		initiator_unit_type	=	"flak30",
		event_id	=	370,
		weapon	=	"Flak38_2_cm",
		initiator_ws_type1	=	2,
		initiatorMissionID	=	"693",
		initiator_coalition	=	1,
	}, -- end of [257]
	[258] = 
	{
		weapon_type	=	2566,
		type	=	"end shooting",
		initiatorPilotName	=	"flak30",
		t	=	789.661,
		linked_event_id	=	0,
		initiator_unit_type	=	"flak30",
		event_id	=	371,
		initiator_object_id	=	16794368,
		weapon	=	"Flak38_2_cm",
		ammo_consumption	=	0,
		initiator_coalition	=	1,
		initiator_ws_type1	=	2,
		initiatorMissionID	=	"693",
	}, -- end of [258]
	[259] = 
	{
		initiatorPilotName	=	"flak30",
		target_coalition	=	2,
		linked_event_id	=	0,
		targetMissionID	=	"504",
		target_ws_type1	=	1,
		initiator_object_id	=	16794112,
		target	=	"P-51D",
		target_object_id	=	16796928,
		targetPilotName	=	"P-51D",
		type	=	"start shooting",
		target_unit_type	=	"P-51D",
		t	=	790.597,
		initiator_unit_type	=	"flak30",
		event_id	=	372,
		weapon	=	"Flak38_2_cm",
		initiator_ws_type1	=	2,
		initiatorMissionID	=	"692",
		initiator_coalition	=	1,
	}, -- end of [259]
	[260] = 
	{
		weapon_type	=	2566,
		type	=	"end shooting",
		initiatorPilotName	=	"flak30",
		t	=	790.971,
		linked_event_id	=	0,
		initiator_unit_type	=	"flak30",
		event_id	=	373,
		initiator_object_id	=	16794112,
		weapon	=	"Flak38_2_cm",
		ammo_consumption	=	0,
		initiator_coalition	=	1,
		initiator_ws_type1	=	2,
		initiatorMissionID	=	"692",
	}, -- end of [260]
	[261] = 
	{
		initiatorPilotName	=	"flak30",
		target_coalition	=	2,
		linked_event_id	=	0,
		targetMissionID	=	"504",
		target_ws_type1	=	1,
		initiator_object_id	=	16794368,
		target	=	"P-51D",
		target_object_id	=	16796928,
		targetPilotName	=	"P-51D",
		type	=	"start shooting",
		target_unit_type	=	"P-51D",
		t	=	791.749,
		initiator_unit_type	=	"flak30",
		event_id	=	374,
		weapon	=	"Flak38_2_cm",
		initiator_ws_type1	=	2,
		initiatorMissionID	=	"693",
		initiator_coalition	=	1,
	}, -- end of [261]
	[262] = 
	{
		weapon_type	=	2566,
		type	=	"end shooting",
		initiatorPilotName	=	"flak30",
		t	=	791.876,
		linked_event_id	=	0,
		initiator_unit_type	=	"flak30",
		event_id	=	375,
		initiator_object_id	=	16794368,
		weapon	=	"Flak38_2_cm",
		ammo_consumption	=	0,
		initiator_coalition	=	1,
		initiator_ws_type1	=	2,
		initiatorMissionID	=	"693",
	}, -- end of [262]
	[263] = 
	{
		initiatorPilotName	=	"flak30",
		target_coalition	=	2,
		linked_event_id	=	0,
		targetMissionID	=	"504",
		target_ws_type1	=	1,
		initiator_object_id	=	16794368,
		target	=	"P-51D",
		target_object_id	=	16796928,
		targetPilotName	=	"P-51D",
		type	=	"start shooting",
		target_unit_type	=	"P-51D",
		t	=	794.937,
		initiator_unit_type	=	"flak30",
		event_id	=	376,
		weapon	=	"Flak38_2_cm",
		initiator_ws_type1	=	2,
		initiatorMissionID	=	"693",
		initiator_coalition	=	1,
	}, -- end of [263]
	[264] = 
	{
		weapon_type	=	2566,
		type	=	"end shooting",
		initiatorPilotName	=	"flak30",
		t	=	795.19,
		linked_event_id	=	0,
		initiator_unit_type	=	"flak30",
		event_id	=	377,
		initiator_object_id	=	16794368,
		weapon	=	"Flak38_2_cm",
		ammo_consumption	=	0,
		initiator_coalition	=	1,
		initiator_ws_type1	=	2,
		initiatorMissionID	=	"693",
	}, -- end of [264]
	[265] = 
	{
		initiatorPilotName	=	"flak30",
		target_coalition	=	2,
		linked_event_id	=	0,
		targetMissionID	=	"504",
		target_ws_type1	=	1,
		initiator_object_id	=	16794112,
		target	=	"P-51D",
		target_object_id	=	16796928,
		targetPilotName	=	"P-51D",
		type	=	"start shooting",
		target_unit_type	=	"P-51D",
		t	=	831.237,
		initiator_unit_type	=	"flak30",
		event_id	=	378,
		weapon	=	"Flak38_2_cm",
		initiator_ws_type1	=	2,
		initiatorMissionID	=	"692",
		initiator_coalition	=	1,
	}, -- end of [265]
	[266] = 
	{
		weapon_type	=	2566,
		type	=	"end shooting",
		initiatorPilotName	=	"flak30",
		t	=	831.61,
		linked_event_id	=	0,
		initiator_unit_type	=	"flak30",
		event_id	=	379,
		initiator_object_id	=	16794112,
		weapon	=	"Flak38_2_cm",
		ammo_consumption	=	0,
		initiator_coalition	=	1,
		initiator_ws_type1	=	2,
		initiatorMissionID	=	"692",
	}, -- end of [266]
	[267] = 
	{
		initiatorPilotName	=	"flak30",
		target_coalition	=	2,
		linked_event_id	=	0,
		targetMissionID	=	"504",
		target_ws_type1	=	1,
		initiator_object_id	=	16794368,
		target	=	"P-51D",
		target_object_id	=	16796928,
		targetPilotName	=	"P-51D",
		type	=	"start shooting",
		target_unit_type	=	"P-51D",
		t	=	832.677,
		initiator_unit_type	=	"flak30",
		event_id	=	380,
		weapon	=	"Flak38_2_cm",
		initiator_ws_type1	=	2,
		initiatorMissionID	=	"693",
		initiator_coalition	=	1,
	}, -- end of [267]
	[268] = 
	{
		weapon_type	=	2566,
		type	=	"end shooting",
		initiatorPilotName	=	"flak30",
		t	=	832.929,
		linked_event_id	=	0,
		initiator_unit_type	=	"flak30",
		event_id	=	381,
		initiator_object_id	=	16794368,
		weapon	=	"Flak38_2_cm",
		ammo_consumption	=	0,
		initiator_coalition	=	1,
		initiator_ws_type1	=	2,
		initiatorMissionID	=	"693",
	}, -- end of [268]
	[269] = 
	{
		initiatorPilotName	=	"flak30",
		target_coalition	=	2,
		linked_event_id	=	0,
		targetMissionID	=	"504",
		target_ws_type1	=	1,
		initiator_object_id	=	16794112,
		target	=	"P-51D",
		target_object_id	=	16796928,
		targetPilotName	=	"P-51D",
		type	=	"start shooting",
		target_unit_type	=	"P-51D",
		t	=	838.977,
		initiator_unit_type	=	"flak30",
		event_id	=	382,
		weapon	=	"Flak38_2_cm",
		initiator_ws_type1	=	2,
		initiatorMissionID	=	"692",
		initiator_coalition	=	1,
	}, -- end of [269]
	[270] = 
	{
		weapon_type	=	2566,
		type	=	"end shooting",
		initiatorPilotName	=	"flak30",
		t	=	839.23,
		linked_event_id	=	0,
		initiator_unit_type	=	"flak30",
		event_id	=	383,
		initiator_object_id	=	16794112,
		weapon	=	"Flak38_2_cm",
		ammo_consumption	=	0,
		initiator_coalition	=	1,
		initiator_ws_type1	=	2,
		initiatorMissionID	=	"692",
	}, -- end of [270]
	[271] = 
	{
		initiatorPilotName	=	"flak30",
		target_coalition	=	2,
		linked_event_id	=	0,
		targetMissionID	=	"504",
		target_ws_type1	=	1,
		initiator_object_id	=	16794368,
		target	=	"P-51D",
		target_object_id	=	16796928,
		targetPilotName	=	"P-51D",
		type	=	"start shooting",
		target_unit_type	=	"P-51D",
		t	=	840.397,
		initiator_unit_type	=	"flak30",
		event_id	=	384,
		weapon	=	"Flak38_2_cm",
		initiator_ws_type1	=	2,
		initiatorMissionID	=	"693",
		initiator_coalition	=	1,
	}, -- end of [271]
	[272] = 
	{
		weapon_type	=	2566,
		type	=	"end shooting",
		initiatorPilotName	=	"flak30",
		t	=	840.776,
		linked_event_id	=	0,
		initiator_unit_type	=	"flak30",
		event_id	=	385,
		initiator_object_id	=	16794368,
		weapon	=	"Flak38_2_cm",
		ammo_consumption	=	0,
		initiator_coalition	=	1,
		initiator_ws_type1	=	2,
		initiatorMissionID	=	"693",
	}, -- end of [272]
	[273] = 
	{
		initiatorPilotName	=	"flak30",
		target_coalition	=	2,
		linked_event_id	=	0,
		targetMissionID	=	"504",
		target_ws_type1	=	1,
		initiator_object_id	=	16794112,
		target	=	"P-51D",
		target_object_id	=	16796928,
		targetPilotName	=	"P-51D",
		type	=	"start shooting",
		target_unit_type	=	"P-51D",
		t	=	843.997,
		initiator_unit_type	=	"flak30",
		event_id	=	386,
		weapon	=	"Flak38_2_cm",
		initiator_ws_type1	=	2,
		initiatorMissionID	=	"692",
		initiator_coalition	=	1,
	}, -- end of [273]
	[274] = 
	{
		weapon_type	=	2566,
		type	=	"end shooting",
		initiatorPilotName	=	"flak30",
		t	=	844.25,
		linked_event_id	=	0,
		initiator_unit_type	=	"flak30",
		event_id	=	387,
		initiator_object_id	=	16794112,
		weapon	=	"Flak38_2_cm",
		ammo_consumption	=	0,
		initiator_coalition	=	1,
		initiator_ws_type1	=	2,
		initiatorMissionID	=	"692",
	}, -- end of [274]
	[275] = 
	{
		initiatorPilotName	=	"flak30",
		target_coalition	=	2,
		linked_event_id	=	0,
		targetMissionID	=	"504",
		target_ws_type1	=	1,
		initiator_object_id	=	16794368,
		target	=	"P-51D",
		target_object_id	=	16796928,
		targetPilotName	=	"P-51D",
		type	=	"start shooting",
		target_unit_type	=	"P-51D",
		t	=	845.157,
		initiator_unit_type	=	"flak30",
		event_id	=	388,
		weapon	=	"Flak38_2_cm",
		initiator_ws_type1	=	2,
		initiatorMissionID	=	"693",
		initiator_coalition	=	1,
	}, -- end of [275]
	[276] = 
	{
		weapon_type	=	2566,
		type	=	"end shooting",
		initiatorPilotName	=	"flak30",
		t	=	845.533,
		linked_event_id	=	0,
		initiator_unit_type	=	"flak30",
		event_id	=	389,
		initiator_object_id	=	16794368,
		weapon	=	"Flak38_2_cm",
		ammo_consumption	=	0,
		initiator_coalition	=	1,
		initiator_ws_type1	=	2,
		initiatorMissionID	=	"693",
	}, -- end of [276]
	[277] = 
	{
		initiatorPilotName	=	"flak30",
		target_coalition	=	2,
		linked_event_id	=	0,
		targetMissionID	=	"504",
		target_ws_type1	=	1,
		initiator_object_id	=	16794112,
		target	=	"P-51D",
		target_object_id	=	16796928,
		targetPilotName	=	"P-51D",
		type	=	"start shooting",
		target_unit_type	=	"P-51D",
		t	=	847.797,
		initiator_unit_type	=	"flak30",
		event_id	=	390,
		weapon	=	"Flak38_2_cm",
		initiator_ws_type1	=	2,
		initiatorMissionID	=	"692",
		initiator_coalition	=	1,
	}, -- end of [277]
	[278] = 
	{
		weapon_type	=	2566,
		type	=	"end shooting",
		initiatorPilotName	=	"flak30",
		t	=	848.172,
		linked_event_id	=	0,
		initiator_unit_type	=	"flak30",
		event_id	=	391,
		initiator_object_id	=	16794112,
		weapon	=	"Flak38_2_cm",
		ammo_consumption	=	0,
		initiator_coalition	=	1,
		initiator_ws_type1	=	2,
		initiatorMissionID	=	"692",
	}, -- end of [278]
	[279] = 
	{
		initiatorPilotName	=	"flak30",
		target_coalition	=	2,
		linked_event_id	=	0,
		targetMissionID	=	"504",
		target_ws_type1	=	1,
		initiator_object_id	=	16794368,
		target	=	"P-51D",
		target_object_id	=	16796928,
		targetPilotName	=	"P-51D",
		type	=	"start shooting",
		target_unit_type	=	"P-51D",
		t	=	848.957,
		initiator_unit_type	=	"flak30",
		event_id	=	392,
		weapon	=	"Flak38_2_cm",
		initiator_ws_type1	=	2,
		initiatorMissionID	=	"693",
		initiator_coalition	=	1,
	}, -- end of [279]
	[280] = 
	{
		weapon_type	=	2566,
		type	=	"end shooting",
		initiatorPilotName	=	"flak30",
		t	=	849.59,
		linked_event_id	=	0,
		initiator_unit_type	=	"flak30",
		event_id	=	393,
		initiator_object_id	=	16794368,
		weapon	=	"Flak38_2_cm",
		ammo_consumption	=	0,
		initiator_coalition	=	1,
		initiator_ws_type1	=	2,
		initiatorMissionID	=	"693",
	}, -- end of [280]
	[281] = 
	{
		initiatorPilotName	=	"flak30",
		target_coalition	=	2,
		linked_event_id	=	0,
		targetMissionID	=	"504",
		target_ws_type1	=	1,
		initiator_object_id	=	16794112,
		target	=	"P-51D",
		target_object_id	=	16796928,
		targetPilotName	=	"P-51D",
		type	=	"start shooting",
		target_unit_type	=	"P-51D",
		t	=	851.217,
		initiator_unit_type	=	"flak30",
		event_id	=	394,
		weapon	=	"Flak38_2_cm",
		initiator_ws_type1	=	2,
		initiatorMissionID	=	"692",
		initiator_coalition	=	1,
	}, -- end of [281]
	[282] = 
	{
		weapon_type	=	2566,
		type	=	"end shooting",
		initiatorPilotName	=	"flak30",
		t	=	851.594,
		linked_event_id	=	0,
		initiator_unit_type	=	"flak30",
		event_id	=	395,
		initiator_object_id	=	16794112,
		weapon	=	"Flak38_2_cm",
		ammo_consumption	=	0,
		initiator_coalition	=	1,
		initiator_ws_type1	=	2,
		initiatorMissionID	=	"692",
	}, -- end of [282]
	[283] = 
	{
		initiatorPilotName	=	"flak30",
		target_coalition	=	2,
		linked_event_id	=	0,
		targetMissionID	=	"504",
		target_ws_type1	=	1,
		initiator_object_id	=	16794368,
		target	=	"P-51D",
		target_object_id	=	16796928,
		targetPilotName	=	"P-51D",
		type	=	"start shooting",
		target_unit_type	=	"P-51D",
		t	=	853.277,
		initiator_unit_type	=	"flak30",
		event_id	=	396,
		weapon	=	"Flak38_2_cm",
		initiator_ws_type1	=	2,
		initiatorMissionID	=	"693",
		initiator_coalition	=	1,
	}, -- end of [283]
	[284] = 
	{
		weapon_type	=	2566,
		type	=	"end shooting",
		initiatorPilotName	=	"flak30",
		t	=	853.908,
		linked_event_id	=	0,
		initiator_unit_type	=	"flak30",
		event_id	=	397,
		initiator_object_id	=	16794368,
		weapon	=	"Flak38_2_cm",
		ammo_consumption	=	0,
		initiator_coalition	=	1,
		initiator_ws_type1	=	2,
		initiatorMissionID	=	"693",
	}, -- end of [284]
	[285] = 
	{
		initiatorPilotName	=	"flak30",
		target_coalition	=	2,
		linked_event_id	=	0,
		targetMissionID	=	"504",
		target_ws_type1	=	1,
		initiator_object_id	=	16794112,
		target	=	"P-51D",
		target_object_id	=	16796928,
		targetPilotName	=	"P-51D",
		type	=	"start shooting",
		target_unit_type	=	"P-51D",
		t	=	854.417,
		initiator_unit_type	=	"flak30",
		event_id	=	398,
		weapon	=	"Flak38_2_cm",
		initiator_ws_type1	=	2,
		initiatorMissionID	=	"692",
		initiator_coalition	=	1,
	}, -- end of [285]
	[286] = 
	{
		weapon_type	=	2566,
		type	=	"end shooting",
		initiatorPilotName	=	"flak30",
		t	=	855.057,
		linked_event_id	=	0,
		initiator_unit_type	=	"flak30",
		event_id	=	399,
		initiator_object_id	=	16794112,
		weapon	=	"Flak38_2_cm",
		ammo_consumption	=	0,
		initiator_coalition	=	1,
		initiator_ws_type1	=	2,
		initiatorMissionID	=	"692",
	}, -- end of [286]
	[287] = 
	{
		initiatorPilotName	=	"flak30",
		target_coalition	=	2,
		linked_event_id	=	0,
		targetMissionID	=	"504",
		target_ws_type1	=	1,
		initiator_object_id	=	16794368,
		target	=	"P-51D",
		target_object_id	=	16796928,
		targetPilotName	=	"P-51D",
		type	=	"start shooting",
		target_unit_type	=	"P-51D",
		t	=	856.297,
		initiator_unit_type	=	"flak30",
		event_id	=	400,
		weapon	=	"Flak38_2_cm",
		initiator_ws_type1	=	2,
		initiatorMissionID	=	"693",
		initiator_coalition	=	1,
	}, -- end of [287]
	[288] = 
	{
		weapon_type	=	2566,
		type	=	"end shooting",
		initiatorPilotName	=	"flak30",
		t	=	856.934,
		linked_event_id	=	0,
		initiator_unit_type	=	"flak30",
		event_id	=	401,
		initiator_object_id	=	16794368,
		weapon	=	"Flak38_2_cm",
		ammo_consumption	=	0,
		initiator_coalition	=	1,
		initiator_ws_type1	=	2,
		initiatorMissionID	=	"693",
	}, -- end of [288]
	[289] = 
	{
		initiatorPilotName	=	"flak30",
		target_coalition	=	2,
		linked_event_id	=	0,
		targetMissionID	=	"504",
		target_ws_type1	=	1,
		initiator_object_id	=	16794112,
		target	=	"P-51D",
		target_object_id	=	16796928,
		targetPilotName	=	"P-51D",
		type	=	"start shooting",
		target_unit_type	=	"P-51D",
		t	=	857.537,
		initiator_unit_type	=	"flak30",
		event_id	=	402,
		weapon	=	"Flak38_2_cm",
		initiator_ws_type1	=	2,
		initiatorMissionID	=	"692",
		initiator_coalition	=	1,
	}, -- end of [289]
	[290] = 
	{
		weapon_type	=	2566,
		type	=	"end shooting",
		initiatorPilotName	=	"flak30",
		t	=	857.785,
		linked_event_id	=	0,
		initiator_unit_type	=	"flak30",
		event_id	=	403,
		initiator_object_id	=	16794112,
		weapon	=	"Flak38_2_cm",
		ammo_consumption	=	0,
		initiator_coalition	=	1,
		initiator_ws_type1	=	2,
		initiatorMissionID	=	"692",
	}, -- end of [290]
	[291] = 
	{
		initiatorPilotName	=	"flak30",
		target_coalition	=	2,
		linked_event_id	=	0,
		targetMissionID	=	"504",
		target_ws_type1	=	1,
		initiator_object_id	=	16794368,
		target	=	"P-51D",
		target_object_id	=	16796928,
		targetPilotName	=	"P-51D",
		type	=	"start shooting",
		target_unit_type	=	"P-51D",
		t	=	859.397,
		initiator_unit_type	=	"flak30",
		event_id	=	404,
		weapon	=	"Flak38_2_cm",
		initiator_ws_type1	=	2,
		initiatorMissionID	=	"693",
		initiator_coalition	=	1,
	}, -- end of [291]
	[292] = 
	{
		weapon_type	=	2566,
		type	=	"end shooting",
		initiatorPilotName	=	"flak30",
		t	=	860.027,
		linked_event_id	=	0,
		initiator_unit_type	=	"flak30",
		event_id	=	405,
		initiator_object_id	=	16794368,
		weapon	=	"Flak38_2_cm",
		ammo_consumption	=	0,
		initiator_coalition	=	1,
		initiator_ws_type1	=	2,
		initiatorMissionID	=	"693",
	}, -- end of [292]
	[293] = 
	{
		initiatorPilotName	=	"flak30",
		target_coalition	=	2,
		linked_event_id	=	0,
		targetMissionID	=	"504",
		target_ws_type1	=	1,
		initiator_object_id	=	16794112,
		target	=	"P-51D",
		target_object_id	=	16796928,
		targetPilotName	=	"P-51D",
		type	=	"start shooting",
		target_unit_type	=	"P-51D",
		t	=	860.917,
		initiator_unit_type	=	"flak30",
		event_id	=	406,
		weapon	=	"Flak38_2_cm",
		initiator_ws_type1	=	2,
		initiatorMissionID	=	"692",
		initiator_coalition	=	1,
	}, -- end of [293]
	[294] = 
	{
		weapon_type	=	2566,
		type	=	"end shooting",
		initiatorPilotName	=	"flak30",
		t	=	861.289,
		linked_event_id	=	0,
		initiator_unit_type	=	"flak30",
		event_id	=	407,
		initiator_object_id	=	16794112,
		weapon	=	"Flak38_2_cm",
		ammo_consumption	=	0,
		initiator_coalition	=	1,
		initiator_ws_type1	=	2,
		initiatorMissionID	=	"692",
	}, -- end of [294]
	[295] = 
	{
		initiatorPilotName	=	"flak30",
		target_coalition	=	2,
		linked_event_id	=	0,
		targetMissionID	=	"504",
		target_ws_type1	=	1,
		initiator_object_id	=	16794368,
		target	=	"P-51D",
		target_object_id	=	16796928,
		targetPilotName	=	"P-51D",
		type	=	"start shooting",
		target_unit_type	=	"P-51D",
		t	=	864.417,
		initiator_unit_type	=	"flak30",
		event_id	=	408,
		weapon	=	"Flak38_2_cm",
		initiator_ws_type1	=	2,
		initiatorMissionID	=	"693",
		initiator_coalition	=	1,
	}, -- end of [295]
	[296] = 
	{
		initiatorPilotName	=	"flak30",
		target_coalition	=	2,
		linked_event_id	=	0,
		targetMissionID	=	"504",
		target_ws_type1	=	1,
		initiator_object_id	=	16794112,
		target	=	"P-51D",
		target_object_id	=	16796928,
		targetPilotName	=	"P-51D",
		type	=	"start shooting",
		target_unit_type	=	"P-51D",
		t	=	864.537,
		initiator_unit_type	=	"flak30",
		event_id	=	409,
		weapon	=	"Flak38_2_cm",
		initiator_ws_type1	=	2,
		initiatorMissionID	=	"692",
		initiator_coalition	=	1,
	}, -- end of [296]
	[297] = 
	{
		weapon_type	=	2566,
		type	=	"end shooting",
		initiatorPilotName	=	"flak30",
		t	=	864.544,
		linked_event_id	=	0,
		initiator_unit_type	=	"flak30",
		event_id	=	410,
		initiator_object_id	=	16794368,
		weapon	=	"Flak38_2_cm",
		ammo_consumption	=	0,
		initiator_coalition	=	1,
		initiator_ws_type1	=	2,
		initiatorMissionID	=	"693",
	}, -- end of [297]
	[298] = 
	{
		weapon_type	=	2566,
		type	=	"end shooting",
		initiatorPilotName	=	"flak30",
		t	=	864.917,
		linked_event_id	=	0,
		initiator_unit_type	=	"flak30",
		event_id	=	411,
		initiator_object_id	=	16794112,
		weapon	=	"Flak38_2_cm",
		ammo_consumption	=	0,
		initiator_coalition	=	1,
		initiator_ws_type1	=	2,
		initiatorMissionID	=	"692",
	}, -- end of [298]
	[299] = 
	{
		initiatorPilotName	=	"flak30",
		target_coalition	=	2,
		linked_event_id	=	0,
		targetMissionID	=	"504",
		target_ws_type1	=	1,
		initiator_object_id	=	16794880,
		target	=	"P-51D",
		target_object_id	=	16796928,
		targetPilotName	=	"P-51D",
		type	=	"start shooting",
		target_unit_type	=	"P-51D",
		t	=	872.086,
		initiator_unit_type	=	"flak30",
		event_id	=	412,
		weapon	=	"Flak38_2_cm",
		initiator_ws_type1	=	2,
		initiatorMissionID	=	"697",
		initiator_coalition	=	1,
	}, -- end of [299]
	[300] = 
	{
		weapon_type	=	2566,
		type	=	"end shooting",
		initiatorPilotName	=	"flak30",
		t	=	872.213,
		linked_event_id	=	0,
		initiator_unit_type	=	"flak30",
		event_id	=	413,
		initiator_object_id	=	16794880,
		weapon	=	"Flak38_2_cm",
		ammo_consumption	=	0,
		initiator_coalition	=	1,
		initiator_ws_type1	=	2,
		initiatorMissionID	=	"697",
	}, -- end of [300]
	[301] = 
	{
		initiatorPilotName	=	"flak30",
		target_coalition	=	2,
		linked_event_id	=	0,
		targetMissionID	=	"504",
		target_ws_type1	=	1,
		initiator_object_id	=	16794624,
		target	=	"P-51D",
		target_object_id	=	16796928,
		targetPilotName	=	"P-51D",
		type	=	"start shooting",
		target_unit_type	=	"P-51D",
		t	=	873.766,
		initiator_unit_type	=	"flak30",
		event_id	=	414,
		weapon	=	"Flak38_2_cm",
		initiator_ws_type1	=	2,
		initiatorMissionID	=	"694",
		initiator_coalition	=	1,
	}, -- end of [301]
	[302] = 
	{
		initiatorPilotName	=	"flak30",
		target_coalition	=	2,
		linked_event_id	=	0,
		targetMissionID	=	"504",
		target_ws_type1	=	1,
		initiator_object_id	=	16794880,
		target	=	"P-51D",
		target_object_id	=	16796928,
		targetPilotName	=	"P-51D",
		type	=	"start shooting",
		target_unit_type	=	"P-51D",
		t	=	874.383,
		initiator_unit_type	=	"flak30",
		event_id	=	415,
		weapon	=	"Flak38_2_cm",
		initiator_ws_type1	=	2,
		initiatorMissionID	=	"697",
		initiator_coalition	=	1,
	}, -- end of [302]
	[303] = 
	{
		weapon_type	=	2566,
		type	=	"end shooting",
		initiatorPilotName	=	"flak30",
		t	=	874.4,
		linked_event_id	=	0,
		initiator_unit_type	=	"flak30",
		event_id	=	416,
		initiator_object_id	=	16794624,
		weapon	=	"Flak38_2_cm",
		ammo_consumption	=	0,
		initiator_coalition	=	1,
		initiator_ws_type1	=	2,
		initiatorMissionID	=	"694",
	}, -- end of [303]
	[304] = 
	{
		weapon_type	=	2566,
		type	=	"end shooting",
		initiatorPilotName	=	"flak30",
		t	=	875.136,
		linked_event_id	=	0,
		initiator_unit_type	=	"flak30",
		event_id	=	417,
		initiator_object_id	=	16794880,
		weapon	=	"Flak38_2_cm",
		ammo_consumption	=	0,
		initiator_coalition	=	1,
		initiator_ws_type1	=	2,
		initiatorMissionID	=	"697",
	}, -- end of [304]
	[305] = 
	{
		initiatorPilotName	=	"flak30",
		target_coalition	=	2,
		linked_event_id	=	0,
		targetMissionID	=	"504",
		target_ws_type1	=	1,
		initiator_object_id	=	16794624,
		target	=	"P-51D",
		target_object_id	=	16796928,
		targetPilotName	=	"P-51D",
		type	=	"start shooting",
		target_unit_type	=	"P-51D",
		t	=	876.626,
		initiator_unit_type	=	"flak30",
		event_id	=	418,
		weapon	=	"Flak38_2_cm",
		initiator_ws_type1	=	2,
		initiatorMissionID	=	"694",
		initiator_coalition	=	1,
	}, -- end of [305]
	[306] = 
	{
		initiatorPilotName	=	"flak30",
		target_coalition	=	2,
		linked_event_id	=	0,
		targetMissionID	=	"504",
		target_ws_type1	=	1,
		initiator_object_id	=	16794880,
		target	=	"P-51D",
		target_object_id	=	16796928,
		targetPilotName	=	"P-51D",
		type	=	"start shooting",
		target_unit_type	=	"P-51D",
		t	=	877.046,
		initiator_unit_type	=	"flak30",
		event_id	=	419,
		weapon	=	"Flak38_2_cm",
		initiator_ws_type1	=	2,
		initiatorMissionID	=	"697",
		initiator_coalition	=	1,
	}, -- end of [306]
	[307] = 
	{
		weapon_type	=	2566,
		type	=	"end shooting",
		initiatorPilotName	=	"flak30",
		t	=	877.252,
		linked_event_id	=	0,
		initiator_unit_type	=	"flak30",
		event_id	=	420,
		initiator_object_id	=	16794624,
		weapon	=	"Flak38_2_cm",
		ammo_consumption	=	0,
		initiator_coalition	=	1,
		initiator_ws_type1	=	2,
		initiatorMissionID	=	"694",
	}, -- end of [307]
	[308] = 
	{
		weapon_type	=	2566,
		type	=	"end shooting",
		initiatorPilotName	=	"flak30",
		t	=	877.678,
		linked_event_id	=	0,
		initiator_unit_type	=	"flak30",
		event_id	=	421,
		initiator_object_id	=	16794880,
		weapon	=	"Flak38_2_cm",
		ammo_consumption	=	0,
		initiator_coalition	=	1,
		initiator_ws_type1	=	2,
		initiatorMissionID	=	"697",
	}, -- end of [308]
	[309] = 
	{
		initiatorPilotName	=	"flak30",
		target_coalition	=	2,
		linked_event_id	=	0,
		targetMissionID	=	"504",
		target_ws_type1	=	1,
		initiator_object_id	=	16794624,
		target	=	"P-51D",
		target_object_id	=	16796928,
		targetPilotName	=	"P-51D",
		type	=	"start shooting",
		target_unit_type	=	"P-51D",
		t	=	879.406,
		initiator_unit_type	=	"flak30",
		event_id	=	422,
		weapon	=	"Flak38_2_cm",
		initiator_ws_type1	=	2,
		initiatorMissionID	=	"694",
		initiator_coalition	=	1,
	}, -- end of [309]
	[310] = 
	{
		weapon_type	=	2566,
		type	=	"end shooting",
		initiatorPilotName	=	"flak30",
		t	=	880.033,
		linked_event_id	=	0,
		initiator_unit_type	=	"flak30",
		event_id	=	423,
		initiator_object_id	=	16794624,
		weapon	=	"Flak38_2_cm",
		ammo_consumption	=	0,
		initiator_coalition	=	1,
		initiator_ws_type1	=	2,
		initiatorMissionID	=	"694",
	}, -- end of [310]
	[311] = 
	{
		initiatorPilotName	=	"flak30",
		target_coalition	=	2,
		linked_event_id	=	0,
		targetMissionID	=	"504",
		target_ws_type1	=	1,
		initiator_object_id	=	16794880,
		target	=	"P-51D",
		target_object_id	=	16796928,
		targetPilotName	=	"P-51D",
		type	=	"start shooting",
		target_unit_type	=	"P-51D",
		t	=	880.526,
		initiator_unit_type	=	"flak30",
		event_id	=	424,
		weapon	=	"Flak38_2_cm",
		initiator_ws_type1	=	2,
		initiatorMissionID	=	"697",
		initiator_coalition	=	1,
	}, -- end of [311]
	[312] = 
	{
		weapon_type	=	2566,
		type	=	"end shooting",
		initiatorPilotName	=	"flak30",
		t	=	880.906,
		linked_event_id	=	0,
		initiator_unit_type	=	"flak30",
		event_id	=	425,
		initiator_object_id	=	16794880,
		weapon	=	"Flak38_2_cm",
		ammo_consumption	=	0,
		initiator_coalition	=	1,
		initiator_ws_type1	=	2,
		initiatorMissionID	=	"697",
	}, -- end of [312]
	[313] = 
	{
		initiatorPilotName	=	"flak30",
		target_coalition	=	2,
		linked_event_id	=	0,
		targetMissionID	=	"504",
		target_ws_type1	=	1,
		initiator_object_id	=	16794624,
		target	=	"P-51D",
		target_object_id	=	16796928,
		targetPilotName	=	"P-51D",
		type	=	"start shooting",
		target_unit_type	=	"P-51D",
		t	=	883.166,
		initiator_unit_type	=	"flak30",
		event_id	=	426,
		weapon	=	"Flak38_2_cm",
		initiator_ws_type1	=	2,
		initiatorMissionID	=	"694",
		initiator_coalition	=	1,
	}, -- end of [313]
	[314] = 
	{
		weapon_type	=	2566,
		type	=	"end shooting",
		initiatorPilotName	=	"flak30",
		t	=	883.789,
		linked_event_id	=	0,
		initiator_unit_type	=	"flak30",
		event_id	=	427,
		initiator_object_id	=	16794624,
		weapon	=	"Flak38_2_cm",
		ammo_consumption	=	0,
		initiator_coalition	=	1,
		initiator_ws_type1	=	2,
		initiatorMissionID	=	"694",
	}, -- end of [314]
	[315] = 
	{
		initiatorPilotName	=	"flak30",
		target_coalition	=	2,
		linked_event_id	=	0,
		targetMissionID	=	"504",
		target_ws_type1	=	1,
		initiator_object_id	=	16794880,
		target	=	"P-51D",
		target_object_id	=	16796928,
		targetPilotName	=	"P-51D",
		type	=	"start shooting",
		target_unit_type	=	"P-51D",
		t	=	883.806,
		initiator_unit_type	=	"flak30",
		event_id	=	428,
		weapon	=	"Flak38_2_cm",
		initiator_ws_type1	=	2,
		initiatorMissionID	=	"697",
		initiator_coalition	=	1,
	}, -- end of [315]
	[316] = 
	{
		weapon_type	=	2566,
		type	=	"end shooting",
		initiatorPilotName	=	"flak30",
		t	=	884.057,
		linked_event_id	=	0,
		initiator_unit_type	=	"flak30",
		event_id	=	429,
		initiator_object_id	=	16794880,
		weapon	=	"Flak38_2_cm",
		ammo_consumption	=	0,
		initiator_coalition	=	1,
		initiator_ws_type1	=	2,
		initiatorMissionID	=	"697",
	}, -- end of [316]
	[317] = 
	{
		weapon_type	=	9243142,
		type	=	"shot",
		initiatorPilotName	=	"flak37",
		t	=	890.69,
		initiator_unit_type	=	"flak37",
		linked_event_id	=	0,
		initiator_object_id	=	16793088,
		event_id	=	430,
		weapon	=	"Sprgr. L/4.5 Kz.",
		initiator_coalition	=	1,
		initiator_ws_type1	=	2,
		initiatorMissionID	=	"686",
	}, -- end of [317]
	[318] = 
	{
		weapon_type	=	9243142,
		type	=	"shot",
		initiatorPilotName	=	"flak37",
		t	=	890.694,
		initiator_unit_type	=	"flak37",
		linked_event_id	=	0,
		initiator_object_id	=	16792576,
		event_id	=	431,
		weapon	=	"Sprgr. L/4.5 Kz.",
		initiator_coalition	=	1,
		initiator_ws_type1	=	2,
		initiatorMissionID	=	"684",
	}, -- end of [318]
	[319] = 
	{
		weapon_type	=	9243142,
		type	=	"shot",
		initiatorPilotName	=	"flak37",
		t	=	890.695,
		initiator_unit_type	=	"flak37",
		linked_event_id	=	0,
		initiator_object_id	=	16793344,
		event_id	=	432,
		weapon	=	"Sprgr. L/4.5 Kz.",
		initiator_coalition	=	1,
		initiator_ws_type1	=	2,
		initiatorMissionID	=	"687",
	}, -- end of [319]
	[320] = 
	{
		weapon_type	=	9243142,
		type	=	"shot",
		initiatorPilotName	=	"flak37",
		t	=	890.696,
		initiator_unit_type	=	"flak37",
		linked_event_id	=	0,
		initiator_object_id	=	16792832,
		event_id	=	433,
		weapon	=	"Sprgr. L/4.5 Kz.",
		initiator_coalition	=	1,
		initiator_ws_type1	=	2,
		initiatorMissionID	=	"685",
	}, -- end of [320]
	[321] = 
	{
		weapon_type	=	9243142,
		type	=	"shot",
		initiatorPilotName	=	"flak37",
		t	=	895.319,
		initiator_unit_type	=	"flak37",
		linked_event_id	=	0,
		initiator_object_id	=	16793088,
		event_id	=	434,
		weapon	=	"Sprgr. L/4.5 Kz.",
		initiator_coalition	=	1,
		initiator_ws_type1	=	2,
		initiatorMissionID	=	"686",
	}, -- end of [321]
	[322] = 
	{
		weapon_type	=	9243142,
		type	=	"shot",
		initiatorPilotName	=	"flak37",
		t	=	895.654,
		initiator_unit_type	=	"flak37",
		linked_event_id	=	0,
		initiator_object_id	=	16793344,
		event_id	=	435,
		weapon	=	"Sprgr. L/4.5 Kz.",
		initiator_coalition	=	1,
		initiator_ws_type1	=	2,
		initiatorMissionID	=	"687",
	}, -- end of [322]
	[323] = 
	{
		weapon_type	=	9243142,
		type	=	"shot",
		initiatorPilotName	=	"flak37",
		t	=	895.885,
		initiator_unit_type	=	"flak37",
		linked_event_id	=	0,
		initiator_object_id	=	16792576,
		event_id	=	436,
		weapon	=	"Sprgr. L/4.5 Kz.",
		initiator_coalition	=	1,
		initiator_ws_type1	=	2,
		initiatorMissionID	=	"684",
	}, -- end of [323]
	[324] = 
	{
		weapon_type	=	9243142,
		type	=	"shot",
		initiatorPilotName	=	"flak37",
		t	=	896.058,
		initiator_unit_type	=	"flak37",
		linked_event_id	=	0,
		initiator_object_id	=	16792832,
		event_id	=	437,
		weapon	=	"Sprgr. L/4.5 Kz.",
		initiator_coalition	=	1,
		initiator_ws_type1	=	2,
		initiatorMissionID	=	"685",
	}, -- end of [324]
	[325] = 
	{
		initiatorPilotName	=	"P-51D",
		target_coalition	=	1,
		linked_event_id	=	0,
		targetMissionID	=	"2",
		target_ws_type1	=	1,
		initiator_object_id	=	16796672,
		target	=	"FW-190A8",
		target_object_id	=	16800256,
		targetPilotName	=	"FW-190A8",
		type	=	"start shooting",
		target_unit_type	=	"FW-190A8",
		t	=	899.581,
		initiator_unit_type	=	"P-51D",
		event_id	=	438,
		weapon	=	"Browning .50 M2",
		initiator_ws_type1	=	1,
		initiatorMissionID	=	"503",
		initiator_coalition	=	2,
	}, -- end of [325]
	[326] = 
	{
		initiatorPilotName	=	"P-51D",
		target_coalition	=	1,
		linked_event_id	=	0,
		targetMissionID	=	"2",
		target_ws_type1	=	1,
		initiator_object_id	=	16796672,
		target	=	"FW-190A8",
		target_object_id	=	16800256,
		targetPilotName	=	"FW-190A8",
		type	=	"start shooting",
		target_unit_type	=	"FW-190A8",
		t	=	899.581,
		initiator_unit_type	=	"P-51D",
		event_id	=	439,
		weapon	=	"Browning .50 M2",
		initiator_ws_type1	=	1,
		initiatorMissionID	=	"503",
		initiator_coalition	=	2,
	}, -- end of [326]
	[327] = 
	{
		initiatorPilotName	=	"P-51D",
		target_coalition	=	1,
		linked_event_id	=	0,
		targetMissionID	=	"2",
		target_ws_type1	=	1,
		initiator_object_id	=	16796672,
		target	=	"FW-190A8",
		target_object_id	=	16800256,
		targetPilotName	=	"FW-190A8",
		type	=	"start shooting",
		target_unit_type	=	"FW-190A8",
		t	=	899.581,
		initiator_unit_type	=	"P-51D",
		event_id	=	440,
		weapon	=	"Browning .50 M2",
		initiator_ws_type1	=	1,
		initiatorMissionID	=	"503",
		initiator_coalition	=	2,
	}, -- end of [327]
	[328] = 
	{
		initiatorPilotName	=	"P-51D",
		target_coalition	=	1,
		linked_event_id	=	0,
		targetMissionID	=	"2",
		target_ws_type1	=	1,
		initiator_object_id	=	16796672,
		target	=	"FW-190A8",
		target_object_id	=	16800256,
		targetPilotName	=	"FW-190A8",
		type	=	"start shooting",
		target_unit_type	=	"FW-190A8",
		t	=	899.581,
		initiator_unit_type	=	"P-51D",
		event_id	=	441,
		weapon	=	"Browning .50 M2",
		initiator_ws_type1	=	1,
		initiatorMissionID	=	"503",
		initiator_coalition	=	2,
	}, -- end of [328]
	[329] = 
	{
		initiatorPilotName	=	"P-51D",
		target_coalition	=	1,
		linked_event_id	=	0,
		targetMissionID	=	"2",
		target_ws_type1	=	1,
		initiator_object_id	=	16796672,
		target	=	"FW-190A8",
		target_object_id	=	16800256,
		targetPilotName	=	"FW-190A8",
		type	=	"start shooting",
		target_unit_type	=	"FW-190A8",
		t	=	899.581,
		initiator_unit_type	=	"P-51D",
		event_id	=	442,
		weapon	=	"Browning .50 M2",
		initiator_ws_type1	=	1,
		initiatorMissionID	=	"503",
		initiator_coalition	=	2,
	}, -- end of [329]
	[330] = 
	{
		initiatorPilotName	=	"P-51D",
		target_coalition	=	1,
		linked_event_id	=	0,
		targetMissionID	=	"2",
		target_ws_type1	=	1,
		initiator_object_id	=	16796672,
		target	=	"FW-190A8",
		target_object_id	=	16800256,
		targetPilotName	=	"FW-190A8",
		type	=	"start shooting",
		target_unit_type	=	"FW-190A8",
		t	=	899.581,
		initiator_unit_type	=	"P-51D",
		event_id	=	443,
		weapon	=	"Browning .50 M2",
		initiator_ws_type1	=	1,
		initiatorMissionID	=	"503",
		initiator_coalition	=	2,
	}, -- end of [330]
	[331] = 
	{
		weapon_type	=	9243142,
		type	=	"shot",
		initiatorPilotName	=	"flak37",
		t	=	900.255,
		initiator_unit_type	=	"flak37",
		linked_event_id	=	0,
		initiator_object_id	=	16793088,
		event_id	=	444,
		weapon	=	"Sprgr. L/4.5 Kz.",
		initiator_coalition	=	1,
		initiator_ws_type1	=	2,
		initiatorMissionID	=	"686",
	}, -- end of [331]
	[332] = 
	{
		weapon_type	=	9243142,
		type	=	"shot",
		initiatorPilotName	=	"flak37",
		t	=	900.255,
		initiator_unit_type	=	"flak37",
		linked_event_id	=	0,
		initiator_object_id	=	16792576,
		event_id	=	445,
		weapon	=	"Sprgr. L/4.5 Kz.",
		initiator_coalition	=	1,
		initiator_ws_type1	=	2,
		initiatorMissionID	=	"684",
	}, -- end of [332]
	[333] = 
	{
		initiatorPilotName	=	"P-51D",
		target_coalition	=	1,
		linked_event_id	=	0,
		targetMissionID	=	"2",
		target_ws_type1	=	1,
		initiator_object_id	=	16796672,
		target	=	"FW-190A8",
		target_object_id	=	16800256,
		targetPilotName	=	"FW-190A8",
		type	=	"hit",
		target_unit_type	=	"FW-190A8",
		t	=	900.66,
		initiator_unit_type	=	"P-51D",
		event_id	=	446,
		initiator_ws_type1	=	1,
		initiatorMissionID	=	"503",
		initiator_coalition	=	2,
	}, -- end of [333]
	[334] = 
	{
		initiatorPilotName	=	"P-51D",
		target_coalition	=	1,
		linked_event_id	=	0,
		targetMissionID	=	"2",
		target_ws_type1	=	1,
		initiator_object_id	=	16796672,
		target	=	"FW-190A8",
		target_object_id	=	16800256,
		targetPilotName	=	"FW-190A8",
		type	=	"bda",
		target_unit_type	=	"FW-190A8",
		t	=	900.66,
		initiator_unit_type	=	"P-51D",
		event_id	=	447,
		initiator_ws_type1	=	1,
		initiatorMissionID	=	"503",
		initiator_coalition	=	2,
	}, -- end of [334]
	[335] = 
	{
		initiatorPilotName	=	"P-51D",
		target_coalition	=	1,
		linked_event_id	=	0,
		targetMissionID	=	"2",
		target_ws_type1	=	1,
		initiator_object_id	=	16796672,
		target	=	"FW-190A8",
		target_object_id	=	16800256,
		targetPilotName	=	"FW-190A8",
		type	=	"hit",
		target_unit_type	=	"FW-190A8",
		t	=	900.76,
		initiator_unit_type	=	"P-51D",
		event_id	=	448,
		initiator_ws_type1	=	1,
		initiatorMissionID	=	"503",
		initiator_coalition	=	2,
	}, -- end of [335]
	[336] = 
	{
		initiatorPilotName	=	"P-51D",
		target_coalition	=	1,
		linked_event_id	=	0,
		targetMissionID	=	"2",
		target_ws_type1	=	1,
		initiator_object_id	=	16796672,
		target	=	"FW-190A8",
		target_object_id	=	16800256,
		targetPilotName	=	"FW-190A8",
		type	=	"bda",
		target_unit_type	=	"FW-190A8",
		t	=	900.76,
		initiator_unit_type	=	"P-51D",
		event_id	=	449,
		initiator_ws_type1	=	1,
		initiatorMissionID	=	"503",
		initiator_coalition	=	2,
	}, -- end of [336]
	[337] = 
	{
		initiatorPilotName	=	"P-51D",
		target_coalition	=	1,
		linked_event_id	=	0,
		targetMissionID	=	"2",
		failureDisplayName	=	"Oil Radiator pierced.",
		target_ws_type1	=	1,
		initiator_object_id	=	16796672,
		target	=	"FW-190A8",
		target_object_id	=	16800256,
		targetPilotName	=	"FW-190A8",
		type	=	"failure",
		target_unit_type	=	"FW-190A8",
		t	=	900.76,
		initiator_unit_type	=	"P-51D",
		event_id	=	450,
		failure	=	"ENG0_OIL_RADIATOR_0_PIERCED",
		weapon	=	"weapons.shells.50Browning_I_M1",
		initiator_ws_type1	=	1,
		initiatorMissionID	=	"503",
		initiator_coalition	=	2,
	}, -- end of [337]
	[338] = 
	{
		initiatorPilotName	=	"P-51D",
		target_coalition	=	1,
		linked_event_id	=	0,
		targetMissionID	=	"2",
		target_ws_type1	=	1,
		initiator_object_id	=	16796672,
		target	=	"FW-190A8",
		target_object_id	=	16800256,
		targetPilotName	=	"FW-190A8",
		type	=	"hit",
		target_unit_type	=	"FW-190A8",
		t	=	900.86,
		initiator_unit_type	=	"P-51D",
		event_id	=	451,
		initiator_ws_type1	=	1,
		initiatorMissionID	=	"503",
		initiator_coalition	=	2,
	}, -- end of [338]
	[339] = 
	{
		initiatorPilotName	=	"P-51D",
		target_coalition	=	1,
		linked_event_id	=	0,
		targetMissionID	=	"2",
		target_ws_type1	=	1,
		initiator_object_id	=	16796672,
		target	=	"FW-190A8",
		target_object_id	=	16800256,
		targetPilotName	=	"FW-190A8",
		type	=	"bda",
		target_unit_type	=	"FW-190A8",
		t	=	900.86,
		initiator_unit_type	=	"P-51D",
		event_id	=	452,
		initiator_ws_type1	=	1,
		initiatorMissionID	=	"503",
		initiator_coalition	=	2,
	}, -- end of [339]
	[340] = 
	{
		initiatorPilotName	=	"P-51D",
		target_coalition	=	1,
		linked_event_id	=	0,
		targetMissionID	=	"2",
		failureDisplayName	=	"Magneto 1 Fault.",
		target_ws_type1	=	1,
		initiator_object_id	=	16796672,
		target	=	"FW-190A8",
		target_object_id	=	16800256,
		targetPilotName	=	"FW-190A8",
		type	=	"failure",
		target_unit_type	=	"FW-190A8",
		t	=	900.86,
		initiator_unit_type	=	"P-51D",
		event_id	=	453,
		failure	=	"ENG0_MAGNETO0",
		weapon	=	"weapons.shells.50Browning_API_M8",
		initiator_ws_type1	=	1,
		initiatorMissionID	=	"503",
		initiator_coalition	=	2,
	}, -- end of [340]
	[341] = 
	{
		initiatorPilotName	=	"P-51D",
		target_coalition	=	1,
		linked_event_id	=	0,
		targetMissionID	=	"2",
		target_ws_type1	=	1,
		initiator_object_id	=	16796672,
		target	=	"FW-190A8",
		target_object_id	=	16800256,
		targetPilotName	=	"FW-190A8",
		type	=	"hit",
		target_unit_type	=	"FW-190A8",
		t	=	900.96,
		initiator_unit_type	=	"P-51D",
		event_id	=	454,
		initiator_ws_type1	=	1,
		initiatorMissionID	=	"503",
		initiator_coalition	=	2,
	}, -- end of [341]
	[342] = 
	{
		initiatorPilotName	=	"P-51D",
		target_coalition	=	1,
		linked_event_id	=	0,
		targetMissionID	=	"2",
		target_ws_type1	=	1,
		initiator_object_id	=	16796672,
		target	=	"FW-190A8",
		target_object_id	=	16800256,
		targetPilotName	=	"FW-190A8",
		type	=	"bda",
		target_unit_type	=	"FW-190A8",
		t	=	900.96,
		initiator_unit_type	=	"P-51D",
		event_id	=	455,
		initiator_ws_type1	=	1,
		initiatorMissionID	=	"503",
		initiator_coalition	=	2,
	}, -- end of [342]
	[343] = 
	{
		initiatorPilotName	=	"P-51D",
		target_coalition	=	1,
		linked_event_id	=	0,
		targetMissionID	=	"2",
		target_ws_type1	=	1,
		initiator_object_id	=	16796672,
		target	=	"FW-190A8",
		target_object_id	=	16800256,
		targetPilotName	=	"FW-190A8",
		type	=	"hit",
		target_unit_type	=	"FW-190A8",
		t	=	901.06,
		initiator_unit_type	=	"P-51D",
		event_id	=	456,
		initiator_ws_type1	=	1,
		initiatorMissionID	=	"503",
		initiator_coalition	=	2,
	}, -- end of [343]
	[344] = 
	{
		initiatorPilotName	=	"P-51D",
		target_coalition	=	1,
		linked_event_id	=	0,
		targetMissionID	=	"2",
		target_ws_type1	=	1,
		initiator_object_id	=	16796672,
		target	=	"FW-190A8",
		target_object_id	=	16800256,
		targetPilotName	=	"FW-190A8",
		type	=	"bda",
		target_unit_type	=	"FW-190A8",
		t	=	901.06,
		initiator_unit_type	=	"P-51D",
		event_id	=	457,
		initiator_ws_type1	=	1,
		initiatorMissionID	=	"503",
		initiator_coalition	=	2,
	}, -- end of [344]
	[345] = 
	{
		initiatorPilotName	=	"P-51D",
		target_coalition	=	1,
		linked_event_id	=	0,
		targetMissionID	=	"2",
		target_ws_type1	=	1,
		initiator_object_id	=	16796672,
		target	=	"FW-190A8",
		target_object_id	=	16800256,
		targetPilotName	=	"FW-190A8",
		type	=	"hit",
		target_unit_type	=	"FW-190A8",
		t	=	901.16,
		initiator_unit_type	=	"P-51D",
		event_id	=	458,
		initiator_ws_type1	=	1,
		initiatorMissionID	=	"503",
		initiator_coalition	=	2,
	}, -- end of [345]
	[346] = 
	{
		initiatorPilotName	=	"P-51D",
		target_coalition	=	1,
		linked_event_id	=	0,
		targetMissionID	=	"2",
		target_ws_type1	=	1,
		initiator_object_id	=	16796672,
		target	=	"FW-190A8",
		target_object_id	=	16800256,
		targetPilotName	=	"FW-190A8",
		type	=	"bda",
		target_unit_type	=	"FW-190A8",
		t	=	901.16,
		initiator_unit_type	=	"P-51D",
		event_id	=	459,
		initiator_ws_type1	=	1,
		initiatorMissionID	=	"503",
		initiator_coalition	=	2,
	}, -- end of [346]
	[347] = 
	{
		weapon_type	=	9243142,
		type	=	"shot",
		initiatorPilotName	=	"flak37",
		t	=	901.175,
		initiator_unit_type	=	"flak37",
		linked_event_id	=	0,
		initiator_object_id	=	16792832,
		event_id	=	460,
		weapon	=	"Sprgr. L/4.5 Kz.",
		initiator_coalition	=	1,
		initiator_ws_type1	=	2,
		initiatorMissionID	=	"685",
	}, -- end of [347]
	[348] = 
	{
		initiatorPilotName	=	"P-51D",
		target_coalition	=	1,
		linked_event_id	=	0,
		targetMissionID	=	"2",
		target_ws_type1	=	1,
		initiator_object_id	=	16796672,
		target	=	"FW-190A8",
		target_object_id	=	16800256,
		targetPilotName	=	"FW-190A8",
		type	=	"hit",
		target_unit_type	=	"FW-190A8",
		t	=	901.26,
		initiator_unit_type	=	"P-51D",
		event_id	=	461,
		initiator_ws_type1	=	1,
		initiatorMissionID	=	"503",
		initiator_coalition	=	2,
	}, -- end of [348]
	[349] = 
	{
		initiatorPilotName	=	"P-51D",
		target_coalition	=	1,
		linked_event_id	=	0,
		targetMissionID	=	"2",
		target_ws_type1	=	1,
		initiator_object_id	=	16796672,
		target	=	"FW-190A8",
		target_object_id	=	16800256,
		targetPilotName	=	"FW-190A8",
		type	=	"bda",
		target_unit_type	=	"FW-190A8",
		t	=	901.26,
		initiator_unit_type	=	"P-51D",
		event_id	=	462,
		initiator_ws_type1	=	1,
		initiatorMissionID	=	"503",
		initiator_coalition	=	2,
	}, -- end of [349]
	[350] = 
	{
		initiatorPilotName	=	"P-51D",
		target_coalition	=	1,
		linked_event_id	=	0,
		targetMissionID	=	"2",
		target_ws_type1	=	1,
		initiator_object_id	=	16796672,
		target	=	"FW-190A8",
		target_object_id	=	16800256,
		targetPilotName	=	"FW-190A8",
		type	=	"hit",
		target_unit_type	=	"FW-190A8",
		t	=	901.36,
		initiator_unit_type	=	"P-51D",
		event_id	=	463,
		initiator_ws_type1	=	1,
		initiatorMissionID	=	"503",
		initiator_coalition	=	2,
	}, -- end of [350]
	[351] = 
	{
		initiatorPilotName	=	"P-51D",
		target_coalition	=	1,
		linked_event_id	=	0,
		targetMissionID	=	"2",
		target_ws_type1	=	1,
		initiator_object_id	=	16796672,
		target	=	"FW-190A8",
		target_object_id	=	16800256,
		targetPilotName	=	"FW-190A8",
		type	=	"bda",
		target_unit_type	=	"FW-190A8",
		t	=	901.36,
		initiator_unit_type	=	"P-51D",
		event_id	=	464,
		initiator_ws_type1	=	1,
		initiatorMissionID	=	"503",
		initiator_coalition	=	2,
	}, -- end of [351]
	[352] = 
	{
		initiatorPilotName	=	"P-51D",
		target_coalition	=	1,
		linked_event_id	=	0,
		targetMissionID	=	"2",
		target_ws_type1	=	1,
		initiator_object_id	=	16796672,
		target	=	"FW-190A8",
		target_object_id	=	16800256,
		targetPilotName	=	"FW-190A8",
		type	=	"hit",
		target_unit_type	=	"FW-190A8",
		t	=	901.46,
		initiator_unit_type	=	"P-51D",
		event_id	=	465,
		initiator_ws_type1	=	1,
		initiatorMissionID	=	"503",
		initiator_coalition	=	2,
	}, -- end of [352]
	[353] = 
	{
		initiatorPilotName	=	"P-51D",
		target_coalition	=	1,
		linked_event_id	=	0,
		targetMissionID	=	"2",
		target_ws_type1	=	1,
		initiator_object_id	=	16796672,
		target	=	"FW-190A8",
		target_object_id	=	16800256,
		targetPilotName	=	"FW-190A8",
		type	=	"bda",
		target_unit_type	=	"FW-190A8",
		t	=	901.46,
		initiator_unit_type	=	"P-51D",
		event_id	=	466,
		initiator_ws_type1	=	1,
		initiatorMissionID	=	"503",
		initiator_coalition	=	2,
	}, -- end of [353]
	[354] = 
	{
		weapon_type	=	9243142,
		type	=	"shot",
		initiatorPilotName	=	"flak37",
		t	=	901.469,
		initiator_unit_type	=	"flak37",
		linked_event_id	=	0,
		initiator_object_id	=	16793344,
		event_id	=	467,
		weapon	=	"Sprgr. L/4.5 Kz.",
		initiator_coalition	=	1,
		initiator_ws_type1	=	2,
		initiatorMissionID	=	"687",
	}, -- end of [354]
	[355] = 
	{
		initiatorPilotName	=	"P-51D",
		target_coalition	=	1,
		linked_event_id	=	0,
		targetMissionID	=	"2",
		target_ws_type1	=	1,
		initiator_object_id	=	16796672,
		target	=	"FW-190A8",
		target_object_id	=	16800256,
		targetPilotName	=	"FW-190A8",
		type	=	"hit",
		target_unit_type	=	"FW-190A8",
		t	=	901.56,
		initiator_unit_type	=	"P-51D",
		event_id	=	468,
		initiator_ws_type1	=	1,
		initiatorMissionID	=	"503",
		initiator_coalition	=	2,
	}, -- end of [355]
	[356] = 
	{
		initiatorPilotName	=	"P-51D",
		target_coalition	=	1,
		linked_event_id	=	0,
		targetMissionID	=	"2",
		target_ws_type1	=	1,
		initiator_object_id	=	16796672,
		target	=	"FW-190A8",
		target_object_id	=	16800256,
		targetPilotName	=	"FW-190A8",
		type	=	"bda",
		target_unit_type	=	"FW-190A8",
		t	=	901.56,
		initiator_unit_type	=	"P-51D",
		event_id	=	469,
		initiator_ws_type1	=	1,
		initiatorMissionID	=	"503",
		initiator_coalition	=	2,
	}, -- end of [356]
	[357] = 
	{
		initiatorPilotName	=	"P-51D",
		target_coalition	=	1,
		linked_event_id	=	0,
		targetMissionID	=	"2",
		failureDisplayName	=	"Gun (No. 6) ammo supply damaged",
		target_ws_type1	=	1,
		initiator_object_id	=	16796672,
		target	=	"FW-190A8",
		target_object_id	=	16800256,
		targetPilotName	=	"FW-190A8",
		type	=	"failure",
		target_unit_type	=	"FW-190A8",
		t	=	901.56,
		initiator_unit_type	=	"P-51D",
		event_id	=	470,
		failure	=	"WEAP_GUN_05_AMMO_BELT_SEVERED",
		weapon	=	"weapons.shells.50Browning_I_M1",
		initiator_ws_type1	=	1,
		initiatorMissionID	=	"503",
		initiator_coalition	=	2,
	}, -- end of [357]
	[358] = 
	{
		weapon_type	=	2566,
		type	=	"end shooting",
		initiatorPilotName	=	"P-51D",
		t	=	901.606,
		linked_event_id	=	0,
		event_id	=	471,
		initiator_unit_type	=	"P-51D",
		uin64_t_value	=	27,
		initiator_object_id	=	16796672,
		weapon	=	"Browning .50 M2",
		ammo_consumption	=	27,
		initiator_coalition	=	2,
		initiator_ws_type1	=	1,
		initiatorMissionID	=	"503",
	}, -- end of [358]
	[359] = 
	{
		weapon_type	=	2566,
		type	=	"end shooting",
		initiatorPilotName	=	"P-51D",
		t	=	901.606,
		linked_event_id	=	0,
		event_id	=	472,
		initiator_unit_type	=	"P-51D",
		uin64_t_value	=	27,
		initiator_object_id	=	16796672,
		weapon	=	"Browning .50 M2",
		ammo_consumption	=	27,
		initiator_coalition	=	2,
		initiator_ws_type1	=	1,
		initiatorMissionID	=	"503",
	}, -- end of [359]
	[360] = 
	{
		weapon_type	=	2566,
		type	=	"end shooting",
		initiatorPilotName	=	"P-51D",
		t	=	901.606,
		linked_event_id	=	0,
		event_id	=	473,
		initiator_unit_type	=	"P-51D",
		uin64_t_value	=	27,
		initiator_object_id	=	16796672,
		weapon	=	"Browning .50 M2",
		ammo_consumption	=	27,
		initiator_coalition	=	2,
		initiator_ws_type1	=	1,
		initiatorMissionID	=	"503",
	}, -- end of [360]
	[361] = 
	{
		weapon_type	=	2566,
		type	=	"end shooting",
		initiatorPilotName	=	"P-51D",
		t	=	901.606,
		linked_event_id	=	0,
		event_id	=	474,
		initiator_unit_type	=	"P-51D",
		uin64_t_value	=	27,
		initiator_object_id	=	16796672,
		weapon	=	"Browning .50 M2",
		ammo_consumption	=	27,
		initiator_coalition	=	2,
		initiator_ws_type1	=	1,
		initiatorMissionID	=	"503",
	}, -- end of [361]
	[362] = 
	{
		weapon_type	=	2566,
		type	=	"end shooting",
		initiatorPilotName	=	"P-51D",
		t	=	901.633,
		linked_event_id	=	0,
		event_id	=	475,
		initiator_unit_type	=	"P-51D",
		uin64_t_value	=	27,
		initiator_object_id	=	16796672,
		weapon	=	"Browning .50 M2",
		ammo_consumption	=	27,
		initiator_coalition	=	2,
		initiator_ws_type1	=	1,
		initiatorMissionID	=	"503",
	}, -- end of [362]
	[363] = 
	{
		weapon_type	=	2566,
		type	=	"end shooting",
		initiatorPilotName	=	"P-51D",
		t	=	901.633,
		linked_event_id	=	0,
		event_id	=	476,
		initiator_unit_type	=	"P-51D",
		uin64_t_value	=	27,
		initiator_object_id	=	16796672,
		weapon	=	"Browning .50 M2",
		ammo_consumption	=	27,
		initiator_coalition	=	2,
		initiator_ws_type1	=	1,
		initiatorMissionID	=	"503",
	}, -- end of [363]
	[364] = 
	{
		initiatorPilotName	=	"P-51D",
		target_coalition	=	1,
		linked_event_id	=	0,
		targetMissionID	=	"2",
		target_ws_type1	=	1,
		initiator_object_id	=	16796672,
		target	=	"FW-190A8",
		target_object_id	=	16800256,
		targetPilotName	=	"FW-190A8",
		type	=	"hit",
		target_unit_type	=	"FW-190A8",
		t	=	901.66,
		initiator_unit_type	=	"P-51D",
		event_id	=	477,
		initiator_ws_type1	=	1,
		initiatorMissionID	=	"503",
		initiator_coalition	=	2,
	}, -- end of [364]
	[365] = 
	{
		initiatorPilotName	=	"P-51D",
		target_coalition	=	1,
		linked_event_id	=	0,
		targetMissionID	=	"2",
		target_ws_type1	=	1,
		initiator_object_id	=	16796672,
		target	=	"FW-190A8",
		target_object_id	=	16800256,
		targetPilotName	=	"FW-190A8",
		type	=	"bda",
		target_unit_type	=	"FW-190A8",
		t	=	901.66,
		initiator_unit_type	=	"P-51D",
		event_id	=	478,
		initiator_ws_type1	=	1,
		initiatorMissionID	=	"503",
		initiator_coalition	=	2,
	}, -- end of [365]
	[366] = 
	{
		initiatorPilotName	=	"P-51D",
		target_coalition	=	1,
		linked_event_id	=	0,
		targetMissionID	=	"2",
		failureDisplayName	=	"Right Gear Brake Fault.",
		target_ws_type1	=	1,
		initiator_object_id	=	16796672,
		target	=	"FW-190A8",
		target_object_id	=	16800256,
		targetPilotName	=	"FW-190A8",
		type	=	"failure",
		target_unit_type	=	"FW-190A8",
		t	=	901.66,
		initiator_unit_type	=	"P-51D",
		event_id	=	479,
		failure	=	"UNCR_RH_WHEEL_BRAKE_DAMAGED",
		weapon	=	"weapons.shells.50Browning_T_M1",
		initiator_ws_type1	=	1,
		initiatorMissionID	=	"503",
		initiator_coalition	=	2,
	}, -- end of [366]
	[367] = 
	{
		initiatorPilotName	=	"P-51D",
		target_coalition	=	1,
		linked_event_id	=	0,
		targetMissionID	=	"2",
		target_ws_type1	=	1,
		initiator_object_id	=	16796672,
		target	=	"FW-190A8",
		target_object_id	=	16800256,
		targetPilotName	=	"FW-190A8",
		type	=	"hit",
		target_unit_type	=	"FW-190A8",
		t	=	901.76,
		initiator_unit_type	=	"P-51D",
		event_id	=	480,
		initiator_ws_type1	=	1,
		initiatorMissionID	=	"503",
		initiator_coalition	=	2,
	}, -- end of [367]
	[368] = 
	{
		initiatorPilotName	=	"P-51D",
		target_coalition	=	1,
		linked_event_id	=	0,
		targetMissionID	=	"2",
		target_ws_type1	=	1,
		initiator_object_id	=	16796672,
		target	=	"FW-190A8",
		target_object_id	=	16800256,
		targetPilotName	=	"FW-190A8",
		type	=	"bda",
		target_unit_type	=	"FW-190A8",
		t	=	901.76,
		initiator_unit_type	=	"P-51D",
		event_id	=	481,
		initiator_ws_type1	=	1,
		initiatorMissionID	=	"503",
		initiator_coalition	=	2,
	}, -- end of [368]
	[369] = 
	{
		initiatorPilotName	=	"P-51D",
		target_coalition	=	1,
		linked_event_id	=	0,
		targetMissionID	=	"2",
		failureDisplayName	=	"Gun (No. 3) ammo supply damaged",
		target_ws_type1	=	1,
		initiator_object_id	=	16796672,
		target	=	"FW-190A8",
		target_object_id	=	16800256,
		targetPilotName	=	"FW-190A8",
		type	=	"failure",
		target_unit_type	=	"FW-190A8",
		t	=	901.76,
		initiator_unit_type	=	"P-51D",
		event_id	=	482,
		failure	=	"WEAP_GUN_02_AMMO_BELT_SEVERED",
		weapon	=	"weapons.shells.50Browning_API_M8",
		initiator_ws_type1	=	1,
		initiatorMissionID	=	"503",
		initiator_coalition	=	2,
	}, -- end of [369]
	[370] = 
	{
		initiatorPilotName	=	"P-51D",
		target_coalition	=	1,
		linked_event_id	=	0,
		targetMissionID	=	"2",
		failureDisplayName	=	"Gun (No. 1) ammo supply damaged",
		target_ws_type1	=	1,
		initiator_object_id	=	16796672,
		target	=	"FW-190A8",
		target_object_id	=	16800256,
		targetPilotName	=	"FW-190A8",
		type	=	"failure",
		target_unit_type	=	"FW-190A8",
		t	=	901.76,
		initiator_unit_type	=	"P-51D",
		event_id	=	483,
		failure	=	"WEAP_GUN_00_AMMO_BELT_SEVERED",
		weapon	=	"weapons.shells.50Browning_API_M8",
		initiator_ws_type1	=	1,
		initiatorMissionID	=	"503",
		initiator_coalition	=	2,
	}, -- end of [370]
	[371] = 
	{
		initiatorPilotName	=	"P-51D",
		target_coalition	=	1,
		linked_event_id	=	0,
		targetMissionID	=	"2",
		failureDisplayName	=	"Gun (No. 4) ammo supply damaged",
		target_ws_type1	=	1,
		initiator_object_id	=	16796672,
		target	=	"FW-190A8",
		target_object_id	=	16800256,
		targetPilotName	=	"FW-190A8",
		type	=	"failure",
		target_unit_type	=	"FW-190A8",
		t	=	901.76,
		initiator_unit_type	=	"P-51D",
		event_id	=	484,
		failure	=	"WEAP_GUN_03_AMMO_BELT_SEVERED",
		weapon	=	"weapons.shells.50Browning_API_M8",
		initiator_ws_type1	=	1,
		initiatorMissionID	=	"503",
		initiator_coalition	=	2,
	}, -- end of [371]
	[372] = 
	{
		initiatorPilotName	=	"P-51D",
		target_coalition	=	1,
		linked_event_id	=	0,
		targetMissionID	=	"2",
		failureDisplayName	=	"Gun (No. 1) inoperable",
		target_ws_type1	=	1,
		initiator_object_id	=	16796672,
		target	=	"FW-190A8",
		target_object_id	=	16800256,
		targetPilotName	=	"FW-190A8",
		type	=	"failure",
		target_unit_type	=	"FW-190A8",
		t	=	901.76,
		initiator_unit_type	=	"P-51D",
		event_id	=	485,
		failure	=	"WEAP_GUN_00_DAMAGED",
		weapon	=	"weapons.shells.50Browning_API_M8",
		initiator_ws_type1	=	1,
		initiatorMissionID	=	"503",
		initiator_coalition	=	2,
	}, -- end of [372]
	[373] = 
	{
		initiatorPilotName	=	"P-51D",
		target_coalition	=	1,
		linked_event_id	=	0,
		targetMissionID	=	"2",
		target_ws_type1	=	1,
		initiator_object_id	=	16796672,
		target	=	"FW-190A8",
		target_object_id	=	16800256,
		targetPilotName	=	"FW-190A8",
		type	=	"hit",
		target_unit_type	=	"FW-190A8",
		t	=	901.86,
		initiator_unit_type	=	"P-51D",
		event_id	=	486,
		initiator_ws_type1	=	1,
		initiatorMissionID	=	"503",
		initiator_coalition	=	2,
	}, -- end of [373]
	[374] = 
	{
		initiatorPilotName	=	"P-51D",
		target_coalition	=	1,
		linked_event_id	=	0,
		targetMissionID	=	"2",
		target_ws_type1	=	1,
		initiator_object_id	=	16796672,
		target	=	"FW-190A8",
		target_object_id	=	16800256,
		targetPilotName	=	"FW-190A8",
		type	=	"bda",
		target_unit_type	=	"FW-190A8",
		t	=	901.86,
		initiator_unit_type	=	"P-51D",
		event_id	=	487,
		initiator_ws_type1	=	1,
		initiatorMissionID	=	"503",
		initiator_coalition	=	2,
	}, -- end of [374]
	[375] = 
	{
		initiatorPilotName	=	"P-51D",
		target_coalition	=	1,
		linked_event_id	=	0,
		targetMissionID	=	"2",
		target_ws_type1	=	1,
		initiator_object_id	=	16796672,
		target	=	"FW-190A8",
		target_object_id	=	16800256,
		targetPilotName	=	"FW-190A8",
		type	=	"hit",
		target_unit_type	=	"FW-190A8",
		t	=	901.96,
		initiator_unit_type	=	"P-51D",
		event_id	=	488,
		initiator_ws_type1	=	1,
		initiatorMissionID	=	"503",
		initiator_coalition	=	2,
	}, -- end of [375]
	[376] = 
	{
		initiatorPilotName	=	"P-51D",
		target_coalition	=	1,
		linked_event_id	=	0,
		targetMissionID	=	"2",
		target_ws_type1	=	1,
		initiator_object_id	=	16796672,
		target	=	"FW-190A8",
		target_object_id	=	16800256,
		targetPilotName	=	"FW-190A8",
		type	=	"bda",
		target_unit_type	=	"FW-190A8",
		t	=	901.96,
		initiator_unit_type	=	"P-51D",
		event_id	=	489,
		initiator_ws_type1	=	1,
		initiatorMissionID	=	"503",
		initiator_coalition	=	2,
	}, -- end of [376]
	[377] = 
	{
		initiatorPilotName	=	"P-51D",
		target_coalition	=	1,
		linked_event_id	=	0,
		targetMissionID	=	"2",
		target_ws_type1	=	1,
		initiator_object_id	=	16796672,
		target	=	"FW-190A8",
		target_object_id	=	16800256,
		targetPilotName	=	"FW-190A8",
		type	=	"hit",
		target_unit_type	=	"FW-190A8",
		t	=	902.06,
		initiator_unit_type	=	"P-51D",
		event_id	=	490,
		initiator_ws_type1	=	1,
		initiatorMissionID	=	"503",
		initiator_coalition	=	2,
	}, -- end of [377]
	[378] = 
	{
		initiatorPilotName	=	"P-51D",
		target_coalition	=	1,
		linked_event_id	=	0,
		targetMissionID	=	"2",
		target_ws_type1	=	1,
		initiator_object_id	=	16796672,
		target	=	"FW-190A8",
		target_object_id	=	16800256,
		targetPilotName	=	"FW-190A8",
		type	=	"bda",
		target_unit_type	=	"FW-190A8",
		t	=	902.06,
		initiator_unit_type	=	"P-51D",
		event_id	=	491,
		initiator_ws_type1	=	1,
		initiatorMissionID	=	"503",
		initiator_coalition	=	2,
	}, -- end of [378]
	[379] = 
	{
		initiatorPilotName	=	"P-51D",
		target_coalition	=	1,
		linked_event_id	=	0,
		targetMissionID	=	"2",
		target_ws_type1	=	1,
		initiator_object_id	=	16796672,
		target	=	"FW-190A8",
		target_object_id	=	16800256,
		targetPilotName	=	"FW-190A8",
		type	=	"start shooting",
		target_unit_type	=	"FW-190A8",
		t	=	902.481,
		initiator_unit_type	=	"P-51D",
		event_id	=	492,
		weapon	=	"Browning .50 M2",
		initiator_ws_type1	=	1,
		initiatorMissionID	=	"503",
		initiator_coalition	=	2,
	}, -- end of [379]
	[380] = 
	{
		initiatorPilotName	=	"P-51D",
		target_coalition	=	1,
		linked_event_id	=	0,
		targetMissionID	=	"2",
		target_ws_type1	=	1,
		initiator_object_id	=	16796672,
		target	=	"FW-190A8",
		target_object_id	=	16800256,
		targetPilotName	=	"FW-190A8",
		type	=	"start shooting",
		target_unit_type	=	"FW-190A8",
		t	=	902.481,
		initiator_unit_type	=	"P-51D",
		event_id	=	493,
		weapon	=	"Browning .50 M2",
		initiator_ws_type1	=	1,
		initiatorMissionID	=	"503",
		initiator_coalition	=	2,
	}, -- end of [380]
	[381] = 
	{
		initiatorPilotName	=	"P-51D",
		target_coalition	=	1,
		linked_event_id	=	0,
		targetMissionID	=	"2",
		target_ws_type1	=	1,
		initiator_object_id	=	16796672,
		target	=	"FW-190A8",
		target_object_id	=	16800256,
		targetPilotName	=	"FW-190A8",
		type	=	"start shooting",
		target_unit_type	=	"FW-190A8",
		t	=	902.481,
		initiator_unit_type	=	"P-51D",
		event_id	=	494,
		weapon	=	"Browning .50 M2",
		initiator_ws_type1	=	1,
		initiatorMissionID	=	"503",
		initiator_coalition	=	2,
	}, -- end of [381]
	[382] = 
	{
		initiatorPilotName	=	"P-51D",
		target_coalition	=	1,
		linked_event_id	=	0,
		targetMissionID	=	"2",
		target_ws_type1	=	1,
		initiator_object_id	=	16796672,
		target	=	"FW-190A8",
		target_object_id	=	16800256,
		targetPilotName	=	"FW-190A8",
		type	=	"start shooting",
		target_unit_type	=	"FW-190A8",
		t	=	902.481,
		initiator_unit_type	=	"P-51D",
		event_id	=	495,
		weapon	=	"Browning .50 M2",
		initiator_ws_type1	=	1,
		initiatorMissionID	=	"503",
		initiator_coalition	=	2,
	}, -- end of [382]
	[383] = 
	{
		initiatorPilotName	=	"P-51D",
		target_coalition	=	1,
		linked_event_id	=	0,
		targetMissionID	=	"2",
		target_ws_type1	=	1,
		initiator_object_id	=	16796672,
		target	=	"FW-190A8",
		target_object_id	=	16800256,
		targetPilotName	=	"FW-190A8",
		type	=	"start shooting",
		target_unit_type	=	"FW-190A8",
		t	=	902.481,
		initiator_unit_type	=	"P-51D",
		event_id	=	496,
		weapon	=	"Browning .50 M2",
		initiator_ws_type1	=	1,
		initiatorMissionID	=	"503",
		initiator_coalition	=	2,
	}, -- end of [383]
	[384] = 
	{
		initiatorPilotName	=	"P-51D",
		target_coalition	=	1,
		linked_event_id	=	0,
		targetMissionID	=	"2",
		target_ws_type1	=	1,
		initiator_object_id	=	16796672,
		target	=	"FW-190A8",
		target_object_id	=	16800256,
		targetPilotName	=	"FW-190A8",
		type	=	"start shooting",
		target_unit_type	=	"FW-190A8",
		t	=	902.481,
		initiator_unit_type	=	"P-51D",
		event_id	=	497,
		weapon	=	"Browning .50 M2",
		initiator_ws_type1	=	1,
		initiatorMissionID	=	"503",
		initiator_coalition	=	2,
	}, -- end of [384]
	[385] = 
	{
		initiatorPilotName	=	"P-51D",
		target_coalition	=	1,
		linked_event_id	=	0,
		targetMissionID	=	"2",
		target_ws_type1	=	1,
		initiator_object_id	=	16796672,
		target	=	"FW-190A8",
		target_object_id	=	16800256,
		targetPilotName	=	"FW-190A8",
		type	=	"hit",
		target_unit_type	=	"FW-190A8",
		t	=	902.96,
		initiator_unit_type	=	"P-51D",
		event_id	=	498,
		initiator_ws_type1	=	1,
		initiatorMissionID	=	"503",
		initiator_coalition	=	2,
	}, -- end of [385]
	[386] = 
	{
		initiatorPilotName	=	"P-51D",
		target_coalition	=	1,
		linked_event_id	=	0,
		targetMissionID	=	"2",
		target_ws_type1	=	1,
		initiator_object_id	=	16796672,
		target	=	"FW-190A8",
		target_object_id	=	16800256,
		targetPilotName	=	"FW-190A8",
		type	=	"bda",
		target_unit_type	=	"FW-190A8",
		t	=	902.96,
		initiator_unit_type	=	"P-51D",
		event_id	=	499,
		initiator_ws_type1	=	1,
		initiatorMissionID	=	"503",
		initiator_coalition	=	2,
	}, -- end of [386]
	[387] = 
	{
		weapon_type	=	2566,
		type	=	"end shooting",
		initiatorPilotName	=	"P-51D",
		t	=	903.006,
		linked_event_id	=	0,
		event_id	=	500,
		initiator_unit_type	=	"P-51D",
		uin64_t_value	=	7,
		initiator_object_id	=	16796672,
		weapon	=	"Browning .50 M2",
		ammo_consumption	=	7,
		initiator_coalition	=	2,
		initiator_ws_type1	=	1,
		initiatorMissionID	=	"503",
	}, -- end of [387]
	[388] = 
	{
		weapon_type	=	2566,
		type	=	"end shooting",
		initiatorPilotName	=	"P-51D",
		t	=	903.006,
		linked_event_id	=	0,
		event_id	=	501,
		initiator_unit_type	=	"P-51D",
		uin64_t_value	=	7,
		initiator_object_id	=	16796672,
		weapon	=	"Browning .50 M2",
		ammo_consumption	=	7,
		initiator_coalition	=	2,
		initiator_ws_type1	=	1,
		initiatorMissionID	=	"503",
	}, -- end of [388]
	[389] = 
	{
		weapon_type	=	2566,
		type	=	"end shooting",
		initiatorPilotName	=	"P-51D",
		t	=	903.006,
		linked_event_id	=	0,
		event_id	=	502,
		initiator_unit_type	=	"P-51D",
		uin64_t_value	=	7,
		initiator_object_id	=	16796672,
		weapon	=	"Browning .50 M2",
		ammo_consumption	=	7,
		initiator_coalition	=	2,
		initiator_ws_type1	=	1,
		initiatorMissionID	=	"503",
	}, -- end of [389]
	[390] = 
	{
		weapon_type	=	2566,
		type	=	"end shooting",
		initiatorPilotName	=	"P-51D",
		t	=	903.006,
		linked_event_id	=	0,
		event_id	=	503,
		initiator_unit_type	=	"P-51D",
		uin64_t_value	=	7,
		initiator_object_id	=	16796672,
		weapon	=	"Browning .50 M2",
		ammo_consumption	=	7,
		initiator_coalition	=	2,
		initiator_ws_type1	=	1,
		initiatorMissionID	=	"503",
	}, -- end of [390]
	[391] = 
	{
		weapon_type	=	2566,
		type	=	"end shooting",
		initiatorPilotName	=	"P-51D",
		t	=	903.013,
		linked_event_id	=	0,
		event_id	=	504,
		initiator_unit_type	=	"P-51D",
		uin64_t_value	=	7,
		initiator_object_id	=	16796672,
		weapon	=	"Browning .50 M2",
		ammo_consumption	=	7,
		initiator_coalition	=	2,
		initiator_ws_type1	=	1,
		initiatorMissionID	=	"503",
	}, -- end of [391]
	[392] = 
	{
		weapon_type	=	2566,
		type	=	"end shooting",
		initiatorPilotName	=	"P-51D",
		t	=	903.013,
		linked_event_id	=	0,
		event_id	=	505,
		initiator_unit_type	=	"P-51D",
		uin64_t_value	=	7,
		initiator_object_id	=	16796672,
		weapon	=	"Browning .50 M2",
		ammo_consumption	=	7,
		initiator_coalition	=	2,
		initiator_ws_type1	=	1,
		initiatorMissionID	=	"503",
	}, -- end of [392]
	[393] = 
	{
		initiatorPilotName	=	"P-51D",
		target_coalition	=	1,
		linked_event_id	=	0,
		targetMissionID	=	"2",
		target_ws_type1	=	1,
		initiator_object_id	=	16796672,
		target	=	"FW-190A8",
		target_object_id	=	16800256,
		targetPilotName	=	"FW-190A8",
		type	=	"hit",
		target_unit_type	=	"FW-190A8",
		t	=	903.06,
		initiator_unit_type	=	"P-51D",
		event_id	=	506,
		initiator_ws_type1	=	1,
		initiatorMissionID	=	"503",
		initiator_coalition	=	2,
	}, -- end of [393]
	[394] = 
	{
		initiatorPilotName	=	"P-51D",
		target_coalition	=	1,
		linked_event_id	=	0,
		targetMissionID	=	"2",
		target_ws_type1	=	1,
		initiator_object_id	=	16796672,
		target	=	"FW-190A8",
		target_object_id	=	16800256,
		targetPilotName	=	"FW-190A8",
		type	=	"bda",
		target_unit_type	=	"FW-190A8",
		t	=	903.06,
		initiator_unit_type	=	"P-51D",
		event_id	=	507,
		initiator_ws_type1	=	1,
		initiatorMissionID	=	"503",
		initiator_coalition	=	2,
	}, -- end of [394]
	[395] = 
	{
		initiatorPilotName	=	"P-51D",
		target_coalition	=	1,
		linked_event_id	=	0,
		targetMissionID	=	"2",
		target_ws_type1	=	1,
		initiator_object_id	=	16796672,
		target	=	"FW-190A8",
		target_object_id	=	16800256,
		targetPilotName	=	"FW-190A8",
		type	=	"start shooting",
		target_unit_type	=	"FW-190A8",
		t	=	906.601,
		initiator_unit_type	=	"P-51D",
		event_id	=	508,
		weapon	=	"Browning .50 M2",
		initiator_ws_type1	=	1,
		initiatorMissionID	=	"503",
		initiator_coalition	=	2,
	}, -- end of [395]
	[396] = 
	{
		initiatorPilotName	=	"P-51D",
		target_coalition	=	1,
		linked_event_id	=	0,
		targetMissionID	=	"2",
		target_ws_type1	=	1,
		initiator_object_id	=	16796672,
		target	=	"FW-190A8",
		target_object_id	=	16800256,
		targetPilotName	=	"FW-190A8",
		type	=	"start shooting",
		target_unit_type	=	"FW-190A8",
		t	=	906.601,
		initiator_unit_type	=	"P-51D",
		event_id	=	509,
		weapon	=	"Browning .50 M2",
		initiator_ws_type1	=	1,
		initiatorMissionID	=	"503",
		initiator_coalition	=	2,
	}, -- end of [396]
	[397] = 
	{
		initiatorPilotName	=	"P-51D",
		target_coalition	=	1,
		linked_event_id	=	0,
		targetMissionID	=	"2",
		target_ws_type1	=	1,
		initiator_object_id	=	16796672,
		target	=	"FW-190A8",
		target_object_id	=	16800256,
		targetPilotName	=	"FW-190A8",
		type	=	"start shooting",
		target_unit_type	=	"FW-190A8",
		t	=	906.601,
		initiator_unit_type	=	"P-51D",
		event_id	=	510,
		weapon	=	"Browning .50 M2",
		initiator_ws_type1	=	1,
		initiatorMissionID	=	"503",
		initiator_coalition	=	2,
	}, -- end of [397]
	[398] = 
	{
		initiatorPilotName	=	"P-51D",
		target_coalition	=	1,
		linked_event_id	=	0,
		targetMissionID	=	"2",
		target_ws_type1	=	1,
		initiator_object_id	=	16796672,
		target	=	"FW-190A8",
		target_object_id	=	16800256,
		targetPilotName	=	"FW-190A8",
		type	=	"start shooting",
		target_unit_type	=	"FW-190A8",
		t	=	906.601,
		initiator_unit_type	=	"P-51D",
		event_id	=	511,
		weapon	=	"Browning .50 M2",
		initiator_ws_type1	=	1,
		initiatorMissionID	=	"503",
		initiator_coalition	=	2,
	}, -- end of [398]
	[399] = 
	{
		initiatorPilotName	=	"P-51D",
		target_coalition	=	1,
		linked_event_id	=	0,
		targetMissionID	=	"2",
		target_ws_type1	=	1,
		initiator_object_id	=	16796672,
		target	=	"FW-190A8",
		target_object_id	=	16800256,
		targetPilotName	=	"FW-190A8",
		type	=	"start shooting",
		target_unit_type	=	"FW-190A8",
		t	=	906.601,
		initiator_unit_type	=	"P-51D",
		event_id	=	512,
		weapon	=	"Browning .50 M2",
		initiator_ws_type1	=	1,
		initiatorMissionID	=	"503",
		initiator_coalition	=	2,
	}, -- end of [399]
	[400] = 
	{
		initiatorPilotName	=	"P-51D",
		target_coalition	=	1,
		linked_event_id	=	0,
		targetMissionID	=	"2",
		target_ws_type1	=	1,
		initiator_object_id	=	16796672,
		target	=	"FW-190A8",
		target_object_id	=	16800256,
		targetPilotName	=	"FW-190A8",
		type	=	"start shooting",
		target_unit_type	=	"FW-190A8",
		t	=	906.601,
		initiator_unit_type	=	"P-51D",
		event_id	=	513,
		weapon	=	"Browning .50 M2",
		initiator_ws_type1	=	1,
		initiatorMissionID	=	"503",
		initiator_coalition	=	2,
	}, -- end of [400]
	[401] = 
	{
		weapon_type	=	9243142,
		type	=	"shot",
		initiatorPilotName	=	"flak37",
		t	=	906.826,
		initiator_unit_type	=	"flak37",
		linked_event_id	=	0,
		initiator_object_id	=	16792576,
		event_id	=	514,
		weapon	=	"Sprgr. L/4.5 Kz.",
		initiator_coalition	=	1,
		initiator_ws_type1	=	2,
		initiatorMissionID	=	"684",
	}, -- end of [401]
	[402] = 
	{
		weapon_type	=	9243142,
		type	=	"shot",
		initiatorPilotName	=	"flak37",
		t	=	906.829,
		initiator_unit_type	=	"flak37",
		linked_event_id	=	0,
		initiator_object_id	=	16792832,
		event_id	=	515,
		weapon	=	"Sprgr. L/4.5 Kz.",
		initiator_coalition	=	1,
		initiator_ws_type1	=	2,
		initiatorMissionID	=	"685",
	}, -- end of [402]
	[403] = 
	{
		weapon_type	=	9243142,
		type	=	"shot",
		initiatorPilotName	=	"flak37",
		t	=	906.952,
		initiator_unit_type	=	"flak37",
		linked_event_id	=	0,
		initiator_object_id	=	16793088,
		event_id	=	516,
		weapon	=	"Sprgr. L/4.5 Kz.",
		initiator_coalition	=	1,
		initiator_ws_type1	=	2,
		initiatorMissionID	=	"686",
	}, -- end of [403]
	[404] = 
	{
		weapon_type	=	9243142,
		type	=	"shot",
		initiatorPilotName	=	"flak37",
		t	=	907.251,
		initiator_unit_type	=	"flak37",
		linked_event_id	=	0,
		initiator_object_id	=	16793344,
		event_id	=	517,
		weapon	=	"Sprgr. L/4.5 Kz.",
		initiator_coalition	=	1,
		initiator_ws_type1	=	2,
		initiatorMissionID	=	"687",
	}, -- end of [404]
	[405] = 
	{
		weapon_type	=	2566,
		type	=	"end shooting",
		initiatorPilotName	=	"P-51D",
		t	=	907.276,
		linked_event_id	=	0,
		event_id	=	518,
		initiator_unit_type	=	"P-51D",
		uin64_t_value	=	9,
		initiator_object_id	=	16796672,
		weapon	=	"Browning .50 M2",
		ammo_consumption	=	9,
		initiator_coalition	=	2,
		initiator_ws_type1	=	1,
		initiatorMissionID	=	"503",
	}, -- end of [405]
	[406] = 
	{
		weapon_type	=	2566,
		type	=	"end shooting",
		initiatorPilotName	=	"P-51D",
		t	=	907.276,
		linked_event_id	=	0,
		event_id	=	519,
		initiator_unit_type	=	"P-51D",
		uin64_t_value	=	9,
		initiator_object_id	=	16796672,
		weapon	=	"Browning .50 M2",
		ammo_consumption	=	9,
		initiator_coalition	=	2,
		initiator_ws_type1	=	1,
		initiatorMissionID	=	"503",
	}, -- end of [406]
	[407] = 
	{
		weapon_type	=	2566,
		type	=	"end shooting",
		initiatorPilotName	=	"P-51D",
		t	=	907.276,
		linked_event_id	=	0,
		event_id	=	520,
		initiator_unit_type	=	"P-51D",
		uin64_t_value	=	9,
		initiator_object_id	=	16796672,
		weapon	=	"Browning .50 M2",
		ammo_consumption	=	9,
		initiator_coalition	=	2,
		initiator_ws_type1	=	1,
		initiatorMissionID	=	"503",
	}, -- end of [407]
	[408] = 
	{
		weapon_type	=	2566,
		type	=	"end shooting",
		initiatorPilotName	=	"P-51D",
		t	=	907.276,
		linked_event_id	=	0,
		event_id	=	521,
		initiator_unit_type	=	"P-51D",
		uin64_t_value	=	9,
		initiator_object_id	=	16796672,
		weapon	=	"Browning .50 M2",
		ammo_consumption	=	9,
		initiator_coalition	=	2,
		initiator_ws_type1	=	1,
		initiatorMissionID	=	"503",
	}, -- end of [408]
	[409] = 
	{
		weapon_type	=	2566,
		type	=	"end shooting",
		initiatorPilotName	=	"P-51D",
		t	=	907.285,
		linked_event_id	=	0,
		event_id	=	522,
		initiator_unit_type	=	"P-51D",
		uin64_t_value	=	9,
		initiator_object_id	=	16796672,
		weapon	=	"Browning .50 M2",
		ammo_consumption	=	9,
		initiator_coalition	=	2,
		initiator_ws_type1	=	1,
		initiatorMissionID	=	"503",
	}, -- end of [409]
	[410] = 
	{
		weapon_type	=	2566,
		type	=	"end shooting",
		initiatorPilotName	=	"P-51D",
		t	=	907.285,
		linked_event_id	=	0,
		event_id	=	523,
		initiator_unit_type	=	"P-51D",
		uin64_t_value	=	9,
		initiator_object_id	=	16796672,
		weapon	=	"Browning .50 M2",
		ammo_consumption	=	9,
		initiator_coalition	=	2,
		initiator_ws_type1	=	1,
		initiatorMissionID	=	"503",
	}, -- end of [410]
	[411] = 
	{
		initiatorPilotName	=	"P-51D",
		target_coalition	=	1,
		linked_event_id	=	0,
		targetMissionID	=	"2",
		target_ws_type1	=	1,
		initiator_object_id	=	16796672,
		target	=	"FW-190A8",
		target_object_id	=	16800256,
		targetPilotName	=	"FW-190A8",
		type	=	"start shooting",
		target_unit_type	=	"FW-190A8",
		t	=	907.461,
		initiator_unit_type	=	"P-51D",
		event_id	=	524,
		weapon	=	"Browning .50 M2",
		initiator_ws_type1	=	1,
		initiatorMissionID	=	"503",
		initiator_coalition	=	2,
	}, -- end of [411]
	[412] = 
	{
		initiatorPilotName	=	"P-51D",
		target_coalition	=	1,
		linked_event_id	=	0,
		targetMissionID	=	"2",
		target_ws_type1	=	1,
		initiator_object_id	=	16796672,
		target	=	"FW-190A8",
		target_object_id	=	16800256,
		targetPilotName	=	"FW-190A8",
		type	=	"start shooting",
		target_unit_type	=	"FW-190A8",
		t	=	907.461,
		initiator_unit_type	=	"P-51D",
		event_id	=	525,
		weapon	=	"Browning .50 M2",
		initiator_ws_type1	=	1,
		initiatorMissionID	=	"503",
		initiator_coalition	=	2,
	}, -- end of [412]
	[413] = 
	{
		initiatorPilotName	=	"P-51D",
		target_coalition	=	1,
		linked_event_id	=	0,
		targetMissionID	=	"2",
		target_ws_type1	=	1,
		initiator_object_id	=	16796672,
		target	=	"FW-190A8",
		target_object_id	=	16800256,
		targetPilotName	=	"FW-190A8",
		type	=	"start shooting",
		target_unit_type	=	"FW-190A8",
		t	=	907.461,
		initiator_unit_type	=	"P-51D",
		event_id	=	526,
		weapon	=	"Browning .50 M2",
		initiator_ws_type1	=	1,
		initiatorMissionID	=	"503",
		initiator_coalition	=	2,
	}, -- end of [413]
	[414] = 
	{
		initiatorPilotName	=	"P-51D",
		target_coalition	=	1,
		linked_event_id	=	0,
		targetMissionID	=	"2",
		target_ws_type1	=	1,
		initiator_object_id	=	16796672,
		target	=	"FW-190A8",
		target_object_id	=	16800256,
		targetPilotName	=	"FW-190A8",
		type	=	"start shooting",
		target_unit_type	=	"FW-190A8",
		t	=	907.461,
		initiator_unit_type	=	"P-51D",
		event_id	=	527,
		weapon	=	"Browning .50 M2",
		initiator_ws_type1	=	1,
		initiatorMissionID	=	"503",
		initiator_coalition	=	2,
	}, -- end of [414]
	[415] = 
	{
		initiatorPilotName	=	"P-51D",
		target_coalition	=	1,
		linked_event_id	=	0,
		targetMissionID	=	"2",
		target_ws_type1	=	1,
		initiator_object_id	=	16796672,
		target	=	"FW-190A8",
		target_object_id	=	16800256,
		targetPilotName	=	"FW-190A8",
		type	=	"start shooting",
		target_unit_type	=	"FW-190A8",
		t	=	907.461,
		initiator_unit_type	=	"P-51D",
		event_id	=	528,
		weapon	=	"Browning .50 M2",
		initiator_ws_type1	=	1,
		initiatorMissionID	=	"503",
		initiator_coalition	=	2,
	}, -- end of [415]
	[416] = 
	{
		initiatorPilotName	=	"P-51D",
		target_coalition	=	1,
		linked_event_id	=	0,
		targetMissionID	=	"2",
		target_ws_type1	=	1,
		initiator_object_id	=	16796672,
		target	=	"FW-190A8",
		target_object_id	=	16800256,
		targetPilotName	=	"FW-190A8",
		type	=	"start shooting",
		target_unit_type	=	"FW-190A8",
		t	=	907.461,
		initiator_unit_type	=	"P-51D",
		event_id	=	529,
		weapon	=	"Browning .50 M2",
		initiator_ws_type1	=	1,
		initiatorMissionID	=	"503",
		initiator_coalition	=	2,
	}, -- end of [416]
	[417] = 
	{
		weapon_type	=	2566,
		type	=	"end shooting",
		initiatorPilotName	=	"P-51D",
		t	=	907.611,
		linked_event_id	=	0,
		event_id	=	530,
		initiator_unit_type	=	"P-51D",
		uin64_t_value	=	2,
		initiator_object_id	=	16796672,
		weapon	=	"Browning .50 M2",
		ammo_consumption	=	2,
		initiator_coalition	=	2,
		initiator_ws_type1	=	1,
		initiatorMissionID	=	"503",
	}, -- end of [417]
	[418] = 
	{
		weapon_type	=	2566,
		type	=	"end shooting",
		initiatorPilotName	=	"P-51D",
		t	=	907.611,
		linked_event_id	=	0,
		event_id	=	531,
		initiator_unit_type	=	"P-51D",
		uin64_t_value	=	2,
		initiator_object_id	=	16796672,
		weapon	=	"Browning .50 M2",
		ammo_consumption	=	2,
		initiator_coalition	=	2,
		initiator_ws_type1	=	1,
		initiatorMissionID	=	"503",
	}, -- end of [418]
	[419] = 
	{
		weapon_type	=	2566,
		type	=	"end shooting",
		initiatorPilotName	=	"P-51D",
		t	=	907.611,
		linked_event_id	=	0,
		event_id	=	532,
		initiator_unit_type	=	"P-51D",
		uin64_t_value	=	2,
		initiator_object_id	=	16796672,
		weapon	=	"Browning .50 M2",
		ammo_consumption	=	2,
		initiator_coalition	=	2,
		initiator_ws_type1	=	1,
		initiatorMissionID	=	"503",
	}, -- end of [419]
	[420] = 
	{
		weapon_type	=	2566,
		type	=	"end shooting",
		initiatorPilotName	=	"P-51D",
		t	=	907.611,
		linked_event_id	=	0,
		event_id	=	533,
		initiator_unit_type	=	"P-51D",
		uin64_t_value	=	2,
		initiator_object_id	=	16796672,
		weapon	=	"Browning .50 M2",
		ammo_consumption	=	2,
		initiator_coalition	=	2,
		initiator_ws_type1	=	1,
		initiatorMissionID	=	"503",
	}, -- end of [420]
	[421] = 
	{
		weapon_type	=	2566,
		type	=	"end shooting",
		initiatorPilotName	=	"P-51D",
		t	=	907.613,
		linked_event_id	=	0,
		event_id	=	534,
		initiator_unit_type	=	"P-51D",
		uin64_t_value	=	2,
		initiator_object_id	=	16796672,
		weapon	=	"Browning .50 M2",
		ammo_consumption	=	2,
		initiator_coalition	=	2,
		initiator_ws_type1	=	1,
		initiatorMissionID	=	"503",
	}, -- end of [421]
	[422] = 
	{
		weapon_type	=	2566,
		type	=	"end shooting",
		initiatorPilotName	=	"P-51D",
		t	=	907.613,
		linked_event_id	=	0,
		event_id	=	535,
		initiator_unit_type	=	"P-51D",
		uin64_t_value	=	2,
		initiator_object_id	=	16796672,
		weapon	=	"Browning .50 M2",
		ammo_consumption	=	2,
		initiator_coalition	=	2,
		initiator_ws_type1	=	1,
		initiatorMissionID	=	"503",
	}, -- end of [422]
	[423] = 
	{
		weapon_type	=	9243142,
		type	=	"shot",
		initiatorPilotName	=	"flak37",
		t	=	908.661,
		initiator_unit_type	=	"flak37",
		linked_event_id	=	0,
		initiator_object_id	=	16791040,
		event_id	=	536,
		weapon	=	"Sprgr. L/4.5 Kz.",
		initiator_coalition	=	1,
		initiator_ws_type1	=	2,
		initiatorMissionID	=	"678",
	}, -- end of [423]
	[424] = 
	{
		weapon_type	=	9243142,
		type	=	"shot",
		initiatorPilotName	=	"flak37",
		t	=	908.661,
		initiator_unit_type	=	"flak37",
		linked_event_id	=	0,
		initiator_object_id	=	16791296,
		event_id	=	537,
		weapon	=	"Sprgr. L/4.5 Kz.",
		initiator_coalition	=	1,
		initiator_ws_type1	=	2,
		initiatorMissionID	=	"679",
	}, -- end of [424]
	[425] = 
	{
		weapon_type	=	9243142,
		type	=	"shot",
		initiatorPilotName	=	"flak37",
		t	=	908.673,
		initiator_unit_type	=	"flak37",
		linked_event_id	=	0,
		initiator_object_id	=	16791552,
		event_id	=	538,
		weapon	=	"Sprgr. L/4.5 Kz.",
		initiator_coalition	=	1,
		initiator_ws_type1	=	2,
		initiatorMissionID	=	"680",
	}, -- end of [425]
	[426] = 
	{
		weapon_type	=	9243142,
		type	=	"shot",
		initiatorPilotName	=	"flak37",
		t	=	908.675,
		initiator_unit_type	=	"flak37",
		linked_event_id	=	0,
		initiator_object_id	=	16790784,
		event_id	=	539,
		weapon	=	"Sprgr. L/4.5 Kz.",
		initiator_coalition	=	1,
		initiator_ws_type1	=	2,
		initiatorMissionID	=	"677",
	}, -- end of [426]
	[427] = 
	{
		weapon_type	=	9243142,
		type	=	"shot",
		initiatorPilotName	=	"flak37",
		t	=	911.598,
		initiator_unit_type	=	"flak37",
		linked_event_id	=	0,
		initiator_object_id	=	16792832,
		event_id	=	540,
		weapon	=	"Sprgr. L/4.5 Kz.",
		initiator_coalition	=	1,
		initiator_ws_type1	=	2,
		initiatorMissionID	=	"685",
	}, -- end of [427]
	[428] = 
	{
		weapon_type	=	9243142,
		type	=	"shot",
		initiatorPilotName	=	"flak37",
		t	=	911.796,
		initiator_unit_type	=	"flak37",
		linked_event_id	=	0,
		initiator_object_id	=	16792576,
		event_id	=	541,
		weapon	=	"Sprgr. L/4.5 Kz.",
		initiator_coalition	=	1,
		initiator_ws_type1	=	2,
		initiatorMissionID	=	"684",
	}, -- end of [428]
	[429] = 
	{
		weapon_type	=	9243142,
		type	=	"shot",
		initiatorPilotName	=	"flak37",
		t	=	912.661,
		initiator_unit_type	=	"flak37",
		linked_event_id	=	0,
		initiator_object_id	=	16788992,
		event_id	=	542,
		weapon	=	"Sprgr. L/4.5 Kz.",
		initiator_coalition	=	1,
		initiator_ws_type1	=	2,
		initiatorMissionID	=	"670",
	}, -- end of [429]
	[430] = 
	{
		weapon_type	=	9243142,
		type	=	"shot",
		initiatorPilotName	=	"flak37",
		t	=	912.715,
		initiator_unit_type	=	"flak37",
		linked_event_id	=	0,
		initiator_object_id	=	16789504,
		event_id	=	543,
		weapon	=	"Sprgr. L/4.5 Kz.",
		initiator_coalition	=	1,
		initiator_ws_type1	=	2,
		initiatorMissionID	=	"672",
	}, -- end of [430]
	[431] = 
	{
		weapon_type	=	9243142,
		type	=	"shot",
		initiatorPilotName	=	"flak37",
		t	=	913.072,
		initiator_unit_type	=	"flak37",
		linked_event_id	=	0,
		initiator_object_id	=	16793088,
		event_id	=	544,
		weapon	=	"Sprgr. L/4.5 Kz.",
		initiator_coalition	=	1,
		initiator_ws_type1	=	2,
		initiatorMissionID	=	"686",
	}, -- end of [431]
	[432] = 
	{
		weapon_type	=	9243142,
		type	=	"shot",
		initiatorPilotName	=	"flak37",
		t	=	913.073,
		initiator_unit_type	=	"flak37",
		linked_event_id	=	0,
		initiator_object_id	=	16793344,
		event_id	=	545,
		weapon	=	"Sprgr. L/4.5 Kz.",
		initiator_coalition	=	1,
		initiator_ws_type1	=	2,
		initiatorMissionID	=	"687",
	}, -- end of [432]
	[433] = 
	{
		initiatorPilotName	=	"flak38",
		target_coalition	=	2,
		linked_event_id	=	0,
		targetMissionID	=	"503",
		target_ws_type1	=	1,
		initiator_object_id	=	16792064,
		target	=	"P-51D",
		target_object_id	=	16796672,
		targetPilotName	=	"P-51D",
		type	=	"start shooting",
		target_unit_type	=	"P-51D",
		t	=	913.578,
		initiator_unit_type	=	"flak38",
		event_id	=	546,
		weapon	=	"Flak38_2_cm",
		initiator_ws_type1	=	2,
		initiatorMissionID	=	"682",
		initiator_coalition	=	1,
	}, -- end of [433]
	[434] = 
	{
		weapon_type	=	9243142,
		type	=	"shot",
		initiatorPilotName	=	"flak37",
		t	=	913.758,
		initiator_unit_type	=	"flak37",
		linked_event_id	=	0,
		initiator_object_id	=	16789248,
		event_id	=	547,
		weapon	=	"Sprgr. L/4.5 Kz.",
		initiator_coalition	=	1,
		initiator_ws_type1	=	2,
		initiatorMissionID	=	"671",
	}, -- end of [434]
	[435] = 
	{
		weapon_type	=	2566,
		type	=	"end shooting",
		initiatorPilotName	=	"flak38",
		t	=	914.085,
		linked_event_id	=	0,
		initiator_unit_type	=	"flak38",
		event_id	=	548,
		initiator_object_id	=	16792064,
		weapon	=	"Flak38_2_cm",
		ammo_consumption	=	0,
		initiator_coalition	=	1,
		initiator_ws_type1	=	2,
		initiatorMissionID	=	"682",
	}, -- end of [435]
	[436] = 
	{
		initiatorPilotName	=	"flak38",
		target_coalition	=	2,
		linked_event_id	=	0,
		targetMissionID	=	"503",
		target_ws_type1	=	1,
		initiator_object_id	=	16793856,
		target	=	"P-51D",
		target_object_id	=	16796672,
		targetPilotName	=	"P-51D",
		type	=	"start shooting",
		target_unit_type	=	"P-51D",
		t	=	914.103,
		initiator_unit_type	=	"flak38",
		event_id	=	549,
		weapon	=	"Flak38_2_cm",
		initiator_ws_type1	=	2,
		initiatorMissionID	=	"689",
		initiator_coalition	=	1,
	}, -- end of [436]
	[437] = 
	{
		weapon_type	=	2566,
		type	=	"end shooting",
		initiatorPilotName	=	"flak38",
		t	=	914.353,
		linked_event_id	=	0,
		initiator_unit_type	=	"flak38",
		event_id	=	550,
		initiator_object_id	=	16793856,
		weapon	=	"Flak38_2_cm",
		ammo_consumption	=	0,
		initiator_coalition	=	1,
		initiator_ws_type1	=	2,
		initiatorMissionID	=	"689",
	}, -- end of [437]
	[438] = 
	{
		weapon_type	=	9243142,
		type	=	"shot",
		initiatorPilotName	=	"flak37",
		t	=	915.668,
		initiator_unit_type	=	"flak37",
		linked_event_id	=	0,
		initiator_object_id	=	16792832,
		event_id	=	551,
		weapon	=	"Sprgr. L/4.5 Kz.",
		initiator_coalition	=	1,
		initiator_ws_type1	=	2,
		initiatorMissionID	=	"685",
	}, -- end of [438]
	[439] = 
	{
		weapon_type	=	9243142,
		type	=	"shot",
		initiatorPilotName	=	"flak37",
		t	=	916.634,
		initiator_unit_type	=	"flak37",
		linked_event_id	=	0,
		initiator_object_id	=	16792576,
		event_id	=	552,
		weapon	=	"Sprgr. L/4.5 Kz.",
		initiator_coalition	=	1,
		initiator_ws_type1	=	2,
		initiatorMissionID	=	"684",
	}, -- end of [439]
	[440] = 
	{
		weapon_type	=	9243142,
		type	=	"shot",
		initiatorPilotName	=	"flak37",
		t	=	917.765,
		initiator_unit_type	=	"flak37",
		linked_event_id	=	0,
		initiator_object_id	=	16789760,
		event_id	=	553,
		weapon	=	"Sprgr. L/4.5 Kz.",
		initiator_coalition	=	1,
		initiator_ws_type1	=	2,
		initiatorMissionID	=	"673",
	}, -- end of [440]
	[441] = 
	{
		weapon_type	=	9243142,
		type	=	"shot",
		initiatorPilotName	=	"flak37",
		t	=	917.922,
		initiator_unit_type	=	"flak37",
		linked_event_id	=	0,
		initiator_object_id	=	16789504,
		event_id	=	554,
		weapon	=	"Sprgr. L/4.5 Kz.",
		initiator_coalition	=	1,
		initiator_ws_type1	=	2,
		initiatorMissionID	=	"672",
	}, -- end of [441]
	[442] = 
	{
		weapon_type	=	9243142,
		type	=	"shot",
		initiatorPilotName	=	"flak37",
		t	=	918.243,
		initiator_unit_type	=	"flak37",
		linked_event_id	=	0,
		initiator_object_id	=	16788992,
		event_id	=	555,
		weapon	=	"Sprgr. L/4.5 Kz.",
		initiator_coalition	=	1,
		initiator_ws_type1	=	2,
		initiatorMissionID	=	"670",
	}, -- end of [442]
	[443] = 
	{
		weapon_type	=	9243142,
		type	=	"shot",
		initiatorPilotName	=	"flak37",
		t	=	918.286,
		initiator_unit_type	=	"flak37",
		linked_event_id	=	0,
		initiator_object_id	=	16793344,
		event_id	=	556,
		weapon	=	"Sprgr. L/4.5 Kz.",
		initiator_coalition	=	1,
		initiator_ws_type1	=	2,
		initiatorMissionID	=	"687",
	}, -- end of [443]
	[444] = 
	{
		weapon_type	=	9243142,
		type	=	"shot",
		initiatorPilotName	=	"flak37",
		t	=	918.492,
		initiator_unit_type	=	"flak37",
		linked_event_id	=	0,
		initiator_object_id	=	16793088,
		event_id	=	557,
		weapon	=	"Sprgr. L/4.5 Kz.",
		initiator_coalition	=	1,
		initiator_ws_type1	=	2,
		initiatorMissionID	=	"686",
	}, -- end of [444]
	[445] = 
	{
		weapon_type	=	9243142,
		type	=	"shot",
		initiatorPilotName	=	"flak37",
		t	=	918.727,
		initiator_unit_type	=	"flak37",
		linked_event_id	=	0,
		initiator_object_id	=	16789248,
		event_id	=	558,
		weapon	=	"Sprgr. L/4.5 Kz.",
		initiator_coalition	=	1,
		initiator_ws_type1	=	2,
		initiatorMissionID	=	"671",
	}, -- end of [445]
	[446] = 
	{
		weapon_type	=	9243142,
		type	=	"shot",
		initiatorPilotName	=	"flak37",
		t	=	921.723,
		initiator_unit_type	=	"flak37",
		linked_event_id	=	0,
		initiator_object_id	=	16792832,
		event_id	=	559,
		weapon	=	"Sprgr. L/4.5 Kz.",
		initiator_coalition	=	1,
		initiator_ws_type1	=	2,
		initiatorMissionID	=	"685",
	}, -- end of [446]
	[447] = 
	{
		weapon_type	=	9243142,
		type	=	"shot",
		initiatorPilotName	=	"flak37",
		t	=	922.164,
		initiator_unit_type	=	"flak37",
		linked_event_id	=	0,
		initiator_object_id	=	16792576,
		event_id	=	560,
		weapon	=	"Sprgr. L/4.5 Kz.",
		initiator_coalition	=	1,
		initiator_ws_type1	=	2,
		initiatorMissionID	=	"684",
	}, -- end of [447]
	[448] = 
	{
		weapon_type	=	9243142,
		type	=	"shot",
		initiatorPilotName	=	"flak37",
		t	=	923.115,
		initiator_unit_type	=	"flak37",
		linked_event_id	=	0,
		initiator_object_id	=	16789760,
		event_id	=	561,
		weapon	=	"Sprgr. L/4.5 Kz.",
		initiator_coalition	=	1,
		initiator_ws_type1	=	2,
		initiatorMissionID	=	"673",
	}, -- end of [448]
	[449] = 
	{
		weapon_type	=	9243142,
		type	=	"shot",
		initiatorPilotName	=	"flak37",
		t	=	923.223,
		initiator_unit_type	=	"flak37",
		linked_event_id	=	0,
		initiator_object_id	=	16789248,
		event_id	=	562,
		weapon	=	"Sprgr. L/4.5 Kz.",
		initiator_coalition	=	1,
		initiator_ws_type1	=	2,
		initiatorMissionID	=	"671",
	}, -- end of [449]
	[450] = 
	{
		weapon_type	=	9243142,
		type	=	"shot",
		initiatorPilotName	=	"flak37",
		t	=	923.645,
		initiator_unit_type	=	"flak37",
		linked_event_id	=	0,
		initiator_object_id	=	16788992,
		event_id	=	563,
		weapon	=	"Sprgr. L/4.5 Kz.",
		initiator_coalition	=	1,
		initiator_ws_type1	=	2,
		initiatorMissionID	=	"670",
	}, -- end of [450]
	[451] = 
	{
		weapon_type	=	9243142,
		type	=	"shot",
		initiatorPilotName	=	"flak37",
		t	=	923.662,
		initiator_unit_type	=	"flak37",
		linked_event_id	=	0,
		initiator_object_id	=	16789504,
		event_id	=	564,
		weapon	=	"Sprgr. L/4.5 Kz.",
		initiator_coalition	=	1,
		initiator_ws_type1	=	2,
		initiatorMissionID	=	"672",
	}, -- end of [451]
	[452] = 
	{
		weapon_type	=	9243142,
		type	=	"shot",
		initiatorPilotName	=	"flak37",
		t	=	923.727,
		initiator_unit_type	=	"flak37",
		linked_event_id	=	0,
		initiator_object_id	=	16793088,
		event_id	=	565,
		weapon	=	"Sprgr. L/4.5 Kz.",
		initiator_coalition	=	1,
		initiator_ws_type1	=	2,
		initiatorMissionID	=	"686",
	}, -- end of [452]
	[453] = 
	{
		weapon_type	=	9243142,
		type	=	"shot",
		initiatorPilotName	=	"flak37",
		t	=	924.004,
		initiator_unit_type	=	"flak37",
		linked_event_id	=	0,
		initiator_object_id	=	16793344,
		event_id	=	566,
		weapon	=	"Sprgr. L/4.5 Kz.",
		initiator_coalition	=	1,
		initiator_ws_type1	=	2,
		initiatorMissionID	=	"687",
	}, -- end of [453]
	[454] = 
	{
		initiatorPilotName	=	"flak38",
		target_coalition	=	2,
		linked_event_id	=	0,
		targetMissionID	=	"503",
		target_ws_type1	=	1,
		initiator_object_id	=	16793856,
		target	=	"P-51D",
		target_object_id	=	16796672,
		targetPilotName	=	"P-51D",
		type	=	"start shooting",
		target_unit_type	=	"P-51D",
		t	=	924.783,
		initiator_unit_type	=	"flak38",
		event_id	=	567,
		weapon	=	"Flak38_2_cm",
		initiator_ws_type1	=	2,
		initiatorMissionID	=	"689",
		initiator_coalition	=	1,
	}, -- end of [454]
	[455] = 
	{
		weapon_type	=	2566,
		type	=	"end shooting",
		initiatorPilotName	=	"flak38",
		t	=	925.291,
		linked_event_id	=	0,
		initiator_unit_type	=	"flak38",
		event_id	=	568,
		initiator_object_id	=	16793856,
		weapon	=	"Flak38_2_cm",
		ammo_consumption	=	0,
		initiator_coalition	=	1,
		initiator_ws_type1	=	2,
		initiatorMissionID	=	"689",
	}, -- end of [455]
	[456] = 
	{
		weapon_type	=	9243142,
		type	=	"shot",
		initiatorPilotName	=	"flak37",
		t	=	926.735,
		initiator_unit_type	=	"flak37",
		linked_event_id	=	0,
		initiator_object_id	=	16792576,
		event_id	=	569,
		weapon	=	"Sprgr. L/4.5 Kz.",
		initiator_coalition	=	1,
		initiator_ws_type1	=	2,
		initiatorMissionID	=	"684",
	}, -- end of [456]
	[457] = 
	{
		weapon_type	=	9243142,
		type	=	"shot",
		initiatorPilotName	=	"flak37",
		t	=	927.598,
		initiator_unit_type	=	"flak37",
		linked_event_id	=	0,
		initiator_object_id	=	16792832,
		event_id	=	570,
		weapon	=	"Sprgr. L/4.5 Kz.",
		initiator_coalition	=	1,
		initiator_ws_type1	=	2,
		initiatorMissionID	=	"685",
	}, -- end of [457]
	[458] = 
	{
		weapon_type	=	9243142,
		type	=	"shot",
		initiatorPilotName	=	"flak37",
		t	=	929.601,
		initiator_unit_type	=	"flak37",
		linked_event_id	=	0,
		initiator_object_id	=	16793088,
		event_id	=	571,
		weapon	=	"Sprgr. L/4.5 Kz.",
		initiator_coalition	=	1,
		initiator_ws_type1	=	2,
		initiatorMissionID	=	"686",
	}, -- end of [458]
	[459] = 
	{
		weapon_type	=	9243142,
		type	=	"shot",
		initiatorPilotName	=	"flak37",
		t	=	929.846,
		initiator_unit_type	=	"flak37",
		linked_event_id	=	0,
		initiator_object_id	=	16793344,
		event_id	=	572,
		weapon	=	"Sprgr. L/4.5 Kz.",
		initiator_coalition	=	1,
		initiator_ws_type1	=	2,
		initiatorMissionID	=	"687",
	}, -- end of [459]
	[460] = 
	{
		initiatorPilotName	=	"flak30",
		target_coalition	=	2,
		linked_event_id	=	0,
		targetMissionID	=	"504",
		target_ws_type1	=	1,
		initiator_object_id	=	16795392,
		target	=	"P-51D",
		target_object_id	=	16796928,
		targetPilotName	=	"P-51D",
		type	=	"start shooting",
		target_unit_type	=	"P-51D",
		t	=	932.261,
		initiator_unit_type	=	"flak30",
		event_id	=	573,
		weapon	=	"Flak38_2_cm",
		initiator_ws_type1	=	2,
		initiatorMissionID	=	"701",
		initiator_coalition	=	1,
	}, -- end of [460]
	[461] = 
	{
		weapon_type	=	2566,
		type	=	"end shooting",
		initiatorPilotName	=	"flak30",
		t	=	932.513,
		linked_event_id	=	0,
		initiator_unit_type	=	"flak30",
		event_id	=	574,
		initiator_object_id	=	16795392,
		weapon	=	"Flak38_2_cm",
		ammo_consumption	=	0,
		initiator_coalition	=	1,
		initiator_ws_type1	=	2,
		initiatorMissionID	=	"701",
	}, -- end of [461]
	[462] = 
	{
		initiatorPilotName	=	"flak30",
		target_coalition	=	2,
		linked_event_id	=	0,
		targetMissionID	=	"504",
		target_ws_type1	=	1,
		initiator_object_id	=	16795136,
		target	=	"P-51D",
		target_object_id	=	16796928,
		targetPilotName	=	"P-51D",
		type	=	"start shooting",
		target_unit_type	=	"P-51D",
		t	=	933.101,
		initiator_unit_type	=	"flak30",
		event_id	=	575,
		weapon	=	"Flak38_2_cm",
		initiator_ws_type1	=	2,
		initiatorMissionID	=	"700",
		initiator_coalition	=	1,
	}, -- end of [462]
	[463] = 
	{
		weapon_type	=	2566,
		type	=	"end shooting",
		initiatorPilotName	=	"flak30",
		t	=	933.349,
		linked_event_id	=	0,
		initiator_unit_type	=	"flak30",
		event_id	=	576,
		initiator_object_id	=	16795136,
		weapon	=	"Flak38_2_cm",
		ammo_consumption	=	0,
		initiator_coalition	=	1,
		initiator_ws_type1	=	2,
		initiatorMissionID	=	"700",
	}, -- end of [463]
	[464] = 
	{
		initiatorPilotName	=	"flak38",
		target_coalition	=	2,
		linked_event_id	=	0,
		targetMissionID	=	"503",
		target_ws_type1	=	1,
		initiator_object_id	=	16793856,
		target	=	"P-51D",
		target_object_id	=	16796672,
		targetPilotName	=	"P-51D",
		type	=	"start shooting",
		target_unit_type	=	"P-51D",
		t	=	934.083,
		initiator_unit_type	=	"flak38",
		event_id	=	577,
		weapon	=	"Flak38_2_cm",
		initiator_ws_type1	=	2,
		initiatorMissionID	=	"689",
		initiator_coalition	=	1,
	}, -- end of [464]
	[465] = 
	{
		weapon_type	=	2566,
		type	=	"end shooting",
		initiatorPilotName	=	"flak38",
		t	=	934.714,
		linked_event_id	=	0,
		initiator_unit_type	=	"flak38",
		event_id	=	578,
		initiator_object_id	=	16793856,
		weapon	=	"Flak38_2_cm",
		ammo_consumption	=	0,
		initiator_coalition	=	1,
		initiator_ws_type1	=	2,
		initiatorMissionID	=	"689",
	}, -- end of [465]
	[466] = 
	{
		initiatorPilotName	=	"flak38",
		target_coalition	=	2,
		linked_event_id	=	0,
		targetMissionID	=	"503",
		target_ws_type1	=	1,
		initiator_object_id	=	16793856,
		target	=	"P-51D",
		target_object_id	=	16796672,
		targetPilotName	=	"P-51D",
		type	=	"start shooting",
		target_unit_type	=	"P-51D",
		t	=	940.463,
		initiator_unit_type	=	"flak38",
		event_id	=	579,
		weapon	=	"Flak38_2_cm",
		initiator_ws_type1	=	2,
		initiatorMissionID	=	"689",
		initiator_coalition	=	1,
	}, -- end of [466]
	[467] = 
	{
		weapon_type	=	2566,
		type	=	"end shooting",
		initiatorPilotName	=	"flak38",
		t	=	941.217,
		linked_event_id	=	0,
		initiator_unit_type	=	"flak38",
		event_id	=	580,
		initiator_object_id	=	16793856,
		weapon	=	"Flak38_2_cm",
		ammo_consumption	=	0,
		initiator_coalition	=	1,
		initiator_ws_type1	=	2,
		initiatorMissionID	=	"689",
	}, -- end of [467]
	[468] = 
	{
		weapon_type	=	9243142,
		type	=	"shot",
		initiatorPilotName	=	"flak37",
		t	=	944.082,
		initiator_unit_type	=	"flak37",
		linked_event_id	=	0,
		initiator_object_id	=	16791296,
		event_id	=	581,
		weapon	=	"Sprgr. L/4.5 Kz.",
		initiator_coalition	=	1,
		initiator_ws_type1	=	2,
		initiatorMissionID	=	"679",
	}, -- end of [468]
	[469] = 
	{
		weapon_type	=	9243142,
		type	=	"shot",
		initiatorPilotName	=	"flak37",
		t	=	944.091,
		initiator_unit_type	=	"flak37",
		linked_event_id	=	0,
		initiator_object_id	=	16790784,
		event_id	=	582,
		weapon	=	"Sprgr. L/4.5 Kz.",
		initiator_coalition	=	1,
		initiator_ws_type1	=	2,
		initiatorMissionID	=	"677",
	}, -- end of [469]
	[470] = 
	{
		weapon_type	=	9243142,
		type	=	"shot",
		initiatorPilotName	=	"flak37",
		t	=	944.091,
		initiator_unit_type	=	"flak37",
		linked_event_id	=	0,
		initiator_object_id	=	16791552,
		event_id	=	583,
		weapon	=	"Sprgr. L/4.5 Kz.",
		initiator_coalition	=	1,
		initiator_ws_type1	=	2,
		initiatorMissionID	=	"680",
	}, -- end of [470]
	[471] = 
	{
		weapon_type	=	9243142,
		type	=	"shot",
		initiatorPilotName	=	"flak37",
		t	=	944.092,
		initiator_unit_type	=	"flak37",
		linked_event_id	=	0,
		initiator_object_id	=	16791040,
		event_id	=	584,
		weapon	=	"Sprgr. L/4.5 Kz.",
		initiator_coalition	=	1,
		initiator_ws_type1	=	2,
		initiatorMissionID	=	"678",
	}, -- end of [471]
	[472] = 
	{
		weapon_type	=	9243142,
		type	=	"shot",
		initiatorPilotName	=	"flak37",
		t	=	950.625,
		initiator_unit_type	=	"flak37",
		linked_event_id	=	0,
		initiator_object_id	=	16791040,
		event_id	=	585,
		weapon	=	"Sprgr. L/4.5 Kz.",
		initiator_coalition	=	1,
		initiator_ws_type1	=	2,
		initiatorMissionID	=	"678",
	}, -- end of [472]
	[473] = 
	{
		weapon_type	=	9243142,
		type	=	"shot",
		initiatorPilotName	=	"flak37",
		t	=	950.625,
		initiator_unit_type	=	"flak37",
		linked_event_id	=	0,
		initiator_object_id	=	16791296,
		event_id	=	586,
		weapon	=	"Sprgr. L/4.5 Kz.",
		initiator_coalition	=	1,
		initiator_ws_type1	=	2,
		initiatorMissionID	=	"679",
	}, -- end of [473]
	[474] = 
	{
		weapon_type	=	9243142,
		type	=	"shot",
		initiatorPilotName	=	"flak37",
		t	=	950.627,
		initiator_unit_type	=	"flak37",
		linked_event_id	=	0,
		initiator_object_id	=	16791552,
		event_id	=	587,
		weapon	=	"Sprgr. L/4.5 Kz.",
		initiator_coalition	=	1,
		initiator_ws_type1	=	2,
		initiatorMissionID	=	"680",
	}, -- end of [474]
	[475] = 
	{
		weapon_type	=	9243142,
		type	=	"shot",
		initiatorPilotName	=	"flak37",
		t	=	950.629,
		initiator_unit_type	=	"flak37",
		linked_event_id	=	0,
		initiator_object_id	=	16790784,
		event_id	=	588,
		weapon	=	"Sprgr. L/4.5 Kz.",
		initiator_coalition	=	1,
		initiator_ws_type1	=	2,
		initiatorMissionID	=	"677",
	}, -- end of [475]
	[476] = 
	{
		initiatorPilotName	=	"flak38",
		target_coalition	=	2,
		linked_event_id	=	0,
		targetMissionID	=	"503",
		target_ws_type1	=	1,
		initiator_object_id	=	16793856,
		target	=	"P-51D",
		target_object_id	=	16796672,
		targetPilotName	=	"P-51D",
		type	=	"start shooting",
		target_unit_type	=	"P-51D",
		t	=	951.643,
		initiator_unit_type	=	"flak38",
		event_id	=	589,
		weapon	=	"Flak38_2_cm",
		initiator_ws_type1	=	2,
		initiatorMissionID	=	"689",
		initiator_coalition	=	1,
	}, -- end of [476]
	[477] = 
	{
		weapon_type	=	2566,
		type	=	"end shooting",
		initiatorPilotName	=	"flak38",
		t	=	951.773,
		linked_event_id	=	0,
		initiator_unit_type	=	"flak38",
		event_id	=	590,
		initiator_object_id	=	16793856,
		weapon	=	"Flak38_2_cm",
		ammo_consumption	=	0,
		initiator_coalition	=	1,
		initiator_ws_type1	=	2,
		initiatorMissionID	=	"689",
	}, -- end of [477]
	[478] = 
	{
		initiatorPilotName	=	"P-51D",
		target_coalition	=	1,
		linked_event_id	=	0,
		targetMissionID	=	"2",
		target_ws_type1	=	1,
		initiator_object_id	=	16796672,
		target	=	"FW-190A8",
		target_object_id	=	16800256,
		targetPilotName	=	"FW-190A8",
		type	=	"start shooting",
		target_unit_type	=	"FW-190A8",
		t	=	953.081,
		initiator_unit_type	=	"P-51D",
		event_id	=	591,
		weapon	=	"Browning .50 M2",
		initiator_ws_type1	=	1,
		initiatorMissionID	=	"503",
		initiator_coalition	=	2,
	}, -- end of [478]
	[479] = 
	{
		initiatorPilotName	=	"P-51D",
		target_coalition	=	1,
		linked_event_id	=	0,
		targetMissionID	=	"2",
		target_ws_type1	=	1,
		initiator_object_id	=	16796672,
		target	=	"FW-190A8",
		target_object_id	=	16800256,
		targetPilotName	=	"FW-190A8",
		type	=	"start shooting",
		target_unit_type	=	"FW-190A8",
		t	=	953.081,
		initiator_unit_type	=	"P-51D",
		event_id	=	592,
		weapon	=	"Browning .50 M2",
		initiator_ws_type1	=	1,
		initiatorMissionID	=	"503",
		initiator_coalition	=	2,
	}, -- end of [479]
	[480] = 
	{
		initiatorPilotName	=	"P-51D",
		target_coalition	=	1,
		linked_event_id	=	0,
		targetMissionID	=	"2",
		target_ws_type1	=	1,
		initiator_object_id	=	16796672,
		target	=	"FW-190A8",
		target_object_id	=	16800256,
		targetPilotName	=	"FW-190A8",
		type	=	"start shooting",
		target_unit_type	=	"FW-190A8",
		t	=	953.081,
		initiator_unit_type	=	"P-51D",
		event_id	=	593,
		weapon	=	"Browning .50 M2",
		initiator_ws_type1	=	1,
		initiatorMissionID	=	"503",
		initiator_coalition	=	2,
	}, -- end of [480]
	[481] = 
	{
		initiatorPilotName	=	"P-51D",
		target_coalition	=	1,
		linked_event_id	=	0,
		targetMissionID	=	"2",
		target_ws_type1	=	1,
		initiator_object_id	=	16796672,
		target	=	"FW-190A8",
		target_object_id	=	16800256,
		targetPilotName	=	"FW-190A8",
		type	=	"start shooting",
		target_unit_type	=	"FW-190A8",
		t	=	953.081,
		initiator_unit_type	=	"P-51D",
		event_id	=	594,
		weapon	=	"Browning .50 M2",
		initiator_ws_type1	=	1,
		initiatorMissionID	=	"503",
		initiator_coalition	=	2,
	}, -- end of [481]
	[482] = 
	{
		initiatorPilotName	=	"P-51D",
		target_coalition	=	1,
		linked_event_id	=	0,
		targetMissionID	=	"2",
		target_ws_type1	=	1,
		initiator_object_id	=	16796672,
		target	=	"FW-190A8",
		target_object_id	=	16800256,
		targetPilotName	=	"FW-190A8",
		type	=	"start shooting",
		target_unit_type	=	"FW-190A8",
		t	=	953.081,
		initiator_unit_type	=	"P-51D",
		event_id	=	595,
		weapon	=	"Browning .50 M2",
		initiator_ws_type1	=	1,
		initiatorMissionID	=	"503",
		initiator_coalition	=	2,
	}, -- end of [482]
	[483] = 
	{
		initiatorPilotName	=	"P-51D",
		target_coalition	=	1,
		linked_event_id	=	0,
		targetMissionID	=	"2",
		target_ws_type1	=	1,
		initiator_object_id	=	16796672,
		target	=	"FW-190A8",
		target_object_id	=	16800256,
		targetPilotName	=	"FW-190A8",
		type	=	"start shooting",
		target_unit_type	=	"FW-190A8",
		t	=	953.081,
		initiator_unit_type	=	"P-51D",
		event_id	=	596,
		weapon	=	"Browning .50 M2",
		initiator_ws_type1	=	1,
		initiatorMissionID	=	"503",
		initiator_coalition	=	2,
	}, -- end of [483]
	[484] = 
	{
		weapon_type	=	2566,
		type	=	"end shooting",
		initiatorPilotName	=	"P-51D",
		t	=	953.156,
		linked_event_id	=	0,
		event_id	=	597,
		initiator_unit_type	=	"P-51D",
		uin64_t_value	=	1,
		initiator_object_id	=	16796672,
		weapon	=	"Browning .50 M2",
		ammo_consumption	=	1,
		initiator_coalition	=	2,
		initiator_ws_type1	=	1,
		initiatorMissionID	=	"503",
	}, -- end of [484]
	[485] = 
	{
		weapon_type	=	2566,
		type	=	"end shooting",
		initiatorPilotName	=	"P-51D",
		t	=	953.156,
		linked_event_id	=	0,
		event_id	=	598,
		initiator_unit_type	=	"P-51D",
		uin64_t_value	=	1,
		initiator_object_id	=	16796672,
		weapon	=	"Browning .50 M2",
		ammo_consumption	=	1,
		initiator_coalition	=	2,
		initiator_ws_type1	=	1,
		initiatorMissionID	=	"503",
	}, -- end of [485]
	[486] = 
	{
		weapon_type	=	2566,
		type	=	"end shooting",
		initiatorPilotName	=	"P-51D",
		t	=	953.156,
		linked_event_id	=	0,
		event_id	=	599,
		initiator_unit_type	=	"P-51D",
		uin64_t_value	=	1,
		initiator_object_id	=	16796672,
		weapon	=	"Browning .50 M2",
		ammo_consumption	=	1,
		initiator_coalition	=	2,
		initiator_ws_type1	=	1,
		initiatorMissionID	=	"503",
	}, -- end of [486]
	[487] = 
	{
		weapon_type	=	2566,
		type	=	"end shooting",
		initiatorPilotName	=	"P-51D",
		t	=	953.156,
		linked_event_id	=	0,
		event_id	=	600,
		initiator_unit_type	=	"P-51D",
		uin64_t_value	=	1,
		initiator_object_id	=	16796672,
		weapon	=	"Browning .50 M2",
		ammo_consumption	=	1,
		initiator_coalition	=	2,
		initiator_ws_type1	=	1,
		initiatorMissionID	=	"503",
	}, -- end of [487]
	[488] = 
	{
		weapon_type	=	2566,
		type	=	"end shooting",
		initiatorPilotName	=	"P-51D",
		t	=	953.157,
		linked_event_id	=	0,
		event_id	=	601,
		initiator_unit_type	=	"P-51D",
		uin64_t_value	=	1,
		initiator_object_id	=	16796672,
		weapon	=	"Browning .50 M2",
		ammo_consumption	=	1,
		initiator_coalition	=	2,
		initiator_ws_type1	=	1,
		initiatorMissionID	=	"503",
	}, -- end of [488]
	[489] = 
	{
		weapon_type	=	2566,
		type	=	"end shooting",
		initiatorPilotName	=	"P-51D",
		t	=	953.157,
		linked_event_id	=	0,
		event_id	=	602,
		initiator_unit_type	=	"P-51D",
		uin64_t_value	=	1,
		initiator_object_id	=	16796672,
		weapon	=	"Browning .50 M2",
		ammo_consumption	=	1,
		initiator_coalition	=	2,
		initiator_ws_type1	=	1,
		initiatorMissionID	=	"503",
	}, -- end of [489]
	[490] = 
	{
		initiatorPilotName	=	"P-51D",
		target_coalition	=	1,
		linked_event_id	=	0,
		targetMissionID	=	"2",
		target_ws_type1	=	1,
		initiator_object_id	=	16796672,
		target	=	"FW-190A8",
		target_object_id	=	16800256,
		targetPilotName	=	"FW-190A8",
		type	=	"start shooting",
		target_unit_type	=	"FW-190A8",
		t	=	953.281,
		initiator_unit_type	=	"P-51D",
		event_id	=	603,
		weapon	=	"Browning .50 M2",
		initiator_ws_type1	=	1,
		initiatorMissionID	=	"503",
		initiator_coalition	=	2,
	}, -- end of [490]
	[491] = 
	{
		initiatorPilotName	=	"P-51D",
		target_coalition	=	1,
		linked_event_id	=	0,
		targetMissionID	=	"2",
		target_ws_type1	=	1,
		initiator_object_id	=	16796672,
		target	=	"FW-190A8",
		target_object_id	=	16800256,
		targetPilotName	=	"FW-190A8",
		type	=	"start shooting",
		target_unit_type	=	"FW-190A8",
		t	=	953.281,
		initiator_unit_type	=	"P-51D",
		event_id	=	604,
		weapon	=	"Browning .50 M2",
		initiator_ws_type1	=	1,
		initiatorMissionID	=	"503",
		initiator_coalition	=	2,
	}, -- end of [491]
	[492] = 
	{
		initiatorPilotName	=	"P-51D",
		target_coalition	=	1,
		linked_event_id	=	0,
		targetMissionID	=	"2",
		target_ws_type1	=	1,
		initiator_object_id	=	16796672,
		target	=	"FW-190A8",
		target_object_id	=	16800256,
		targetPilotName	=	"FW-190A8",
		type	=	"start shooting",
		target_unit_type	=	"FW-190A8",
		t	=	953.281,
		initiator_unit_type	=	"P-51D",
		event_id	=	605,
		weapon	=	"Browning .50 M2",
		initiator_ws_type1	=	1,
		initiatorMissionID	=	"503",
		initiator_coalition	=	2,
	}, -- end of [492]
	[493] = 
	{
		initiatorPilotName	=	"P-51D",
		target_coalition	=	1,
		linked_event_id	=	0,
		targetMissionID	=	"2",
		target_ws_type1	=	1,
		initiator_object_id	=	16796672,
		target	=	"FW-190A8",
		target_object_id	=	16800256,
		targetPilotName	=	"FW-190A8",
		type	=	"start shooting",
		target_unit_type	=	"FW-190A8",
		t	=	953.281,
		initiator_unit_type	=	"P-51D",
		event_id	=	606,
		weapon	=	"Browning .50 M2",
		initiator_ws_type1	=	1,
		initiatorMissionID	=	"503",
		initiator_coalition	=	2,
	}, -- end of [493]
	[494] = 
	{
		initiatorPilotName	=	"P-51D",
		target_coalition	=	1,
		linked_event_id	=	0,
		targetMissionID	=	"2",
		target_ws_type1	=	1,
		initiator_object_id	=	16796672,
		target	=	"FW-190A8",
		target_object_id	=	16800256,
		targetPilotName	=	"FW-190A8",
		type	=	"start shooting",
		target_unit_type	=	"FW-190A8",
		t	=	953.281,
		initiator_unit_type	=	"P-51D",
		event_id	=	607,
		weapon	=	"Browning .50 M2",
		initiator_ws_type1	=	1,
		initiatorMissionID	=	"503",
		initiator_coalition	=	2,
	}, -- end of [494]
	[495] = 
	{
		initiatorPilotName	=	"P-51D",
		target_coalition	=	1,
		linked_event_id	=	0,
		targetMissionID	=	"2",
		target_ws_type1	=	1,
		initiator_object_id	=	16796672,
		target	=	"FW-190A8",
		target_object_id	=	16800256,
		targetPilotName	=	"FW-190A8",
		type	=	"start shooting",
		target_unit_type	=	"FW-190A8",
		t	=	953.281,
		initiator_unit_type	=	"P-51D",
		event_id	=	608,
		weapon	=	"Browning .50 M2",
		initiator_ws_type1	=	1,
		initiatorMissionID	=	"503",
		initiator_coalition	=	2,
	}, -- end of [495]
	[496] = 
	{
		weapon_type	=	2566,
		type	=	"end shooting",
		initiatorPilotName	=	"P-51D",
		t	=	953.356,
		linked_event_id	=	0,
		event_id	=	609,
		initiator_unit_type	=	"P-51D",
		uin64_t_value	=	1,
		initiator_object_id	=	16796672,
		weapon	=	"Browning .50 M2",
		ammo_consumption	=	1,
		initiator_coalition	=	2,
		initiator_ws_type1	=	1,
		initiatorMissionID	=	"503",
	}, -- end of [496]
	[497] = 
	{
		weapon_type	=	2566,
		type	=	"end shooting",
		initiatorPilotName	=	"P-51D",
		t	=	953.356,
		linked_event_id	=	0,
		event_id	=	610,
		initiator_unit_type	=	"P-51D",
		uin64_t_value	=	1,
		initiator_object_id	=	16796672,
		weapon	=	"Browning .50 M2",
		ammo_consumption	=	1,
		initiator_coalition	=	2,
		initiator_ws_type1	=	1,
		initiatorMissionID	=	"503",
	}, -- end of [497]
	[498] = 
	{
		weapon_type	=	2566,
		type	=	"end shooting",
		initiatorPilotName	=	"P-51D",
		t	=	953.356,
		linked_event_id	=	0,
		event_id	=	611,
		initiator_unit_type	=	"P-51D",
		uin64_t_value	=	1,
		initiator_object_id	=	16796672,
		weapon	=	"Browning .50 M2",
		ammo_consumption	=	1,
		initiator_coalition	=	2,
		initiator_ws_type1	=	1,
		initiatorMissionID	=	"503",
	}, -- end of [498]
	[499] = 
	{
		weapon_type	=	2566,
		type	=	"end shooting",
		initiatorPilotName	=	"P-51D",
		t	=	953.356,
		linked_event_id	=	0,
		event_id	=	612,
		initiator_unit_type	=	"P-51D",
		uin64_t_value	=	1,
		initiator_object_id	=	16796672,
		weapon	=	"Browning .50 M2",
		ammo_consumption	=	1,
		initiator_coalition	=	2,
		initiator_ws_type1	=	1,
		initiatorMissionID	=	"503",
	}, -- end of [499]
	[500] = 
	{
		weapon_type	=	2566,
		type	=	"end shooting",
		initiatorPilotName	=	"P-51D",
		t	=	953.357,
		linked_event_id	=	0,
		event_id	=	613,
		initiator_unit_type	=	"P-51D",
		uin64_t_value	=	1,
		initiator_object_id	=	16796672,
		weapon	=	"Browning .50 M2",
		ammo_consumption	=	1,
		initiator_coalition	=	2,
		initiator_ws_type1	=	1,
		initiatorMissionID	=	"503",
	}, -- end of [500]
	[501] = 
	{
		weapon_type	=	2566,
		type	=	"end shooting",
		initiatorPilotName	=	"P-51D",
		t	=	953.357,
		linked_event_id	=	0,
		event_id	=	614,
		initiator_unit_type	=	"P-51D",
		uin64_t_value	=	1,
		initiator_object_id	=	16796672,
		weapon	=	"Browning .50 M2",
		ammo_consumption	=	1,
		initiator_coalition	=	2,
		initiator_ws_type1	=	1,
		initiatorMissionID	=	"503",
	}, -- end of [501]
	[502] = 
	{
		initiatorPilotName	=	"P-51D",
		target_coalition	=	1,
		linked_event_id	=	0,
		targetMissionID	=	"2",
		target_ws_type1	=	1,
		initiator_object_id	=	16796672,
		target	=	"FW-190A8",
		target_object_id	=	16800256,
		targetPilotName	=	"FW-190A8",
		type	=	"hit",
		target_unit_type	=	"FW-190A8",
		t	=	953.66,
		initiator_unit_type	=	"P-51D",
		event_id	=	615,
		initiator_ws_type1	=	1,
		initiatorMissionID	=	"503",
		initiator_coalition	=	2,
	}, -- end of [502]
	[503] = 
	{
		initiatorPilotName	=	"P-51D",
		target_coalition	=	1,
		linked_event_id	=	0,
		targetMissionID	=	"2",
		target_ws_type1	=	1,
		initiator_object_id	=	16796672,
		target	=	"FW-190A8",
		target_object_id	=	16800256,
		targetPilotName	=	"FW-190A8",
		type	=	"bda",
		target_unit_type	=	"FW-190A8",
		t	=	953.66,
		initiator_unit_type	=	"P-51D",
		event_id	=	616,
		initiator_ws_type1	=	1,
		initiatorMissionID	=	"503",
		initiator_coalition	=	2,
	}, -- end of [503]
	[504] = 
	{
		weapon_type	=	9243142,
		type	=	"shot",
		initiatorPilotName	=	"flak37",
		t	=	954.887,
		initiator_unit_type	=	"flak37",
		linked_event_id	=	0,
		initiator_object_id	=	16791296,
		event_id	=	617,
		weapon	=	"Sprgr. L/4.5 Kz.",
		initiator_coalition	=	1,
		initiator_ws_type1	=	2,
		initiatorMissionID	=	"679",
	}, -- end of [504]
	[505] = 
	{
		weapon_type	=	9243142,
		type	=	"shot",
		initiatorPilotName	=	"flak37",
		t	=	955.411,
		initiator_unit_type	=	"flak37",
		linked_event_id	=	0,
		initiator_object_id	=	16791552,
		event_id	=	618,
		weapon	=	"Sprgr. L/4.5 Kz.",
		initiator_coalition	=	1,
		initiator_ws_type1	=	2,
		initiatorMissionID	=	"680",
	}, -- end of [505]
	[506] = 
	{
		weapon_type	=	9243142,
		type	=	"shot",
		initiatorPilotName	=	"flak37",
		t	=	955.481,
		initiator_unit_type	=	"flak37",
		linked_event_id	=	0,
		initiator_object_id	=	16790784,
		event_id	=	619,
		weapon	=	"Sprgr. L/4.5 Kz.",
		initiator_coalition	=	1,
		initiator_ws_type1	=	2,
		initiatorMissionID	=	"677",
	}, -- end of [506]
	[507] = 
	{
		initiatorPilotName	=	"P-51D",
		target_coalition	=	1,
		linked_event_id	=	0,
		targetMissionID	=	"2",
		target_ws_type1	=	1,
		initiator_object_id	=	16796672,
		target	=	"FW-190A8",
		target_object_id	=	16800256,
		targetPilotName	=	"FW-190A8",
		type	=	"start shooting",
		target_unit_type	=	"FW-190A8",
		t	=	955.601,
		initiator_unit_type	=	"P-51D",
		event_id	=	620,
		weapon	=	"Browning .50 M2",
		initiator_ws_type1	=	1,
		initiatorMissionID	=	"503",
		initiator_coalition	=	2,
	}, -- end of [507]
	[508] = 
	{
		initiatorPilotName	=	"P-51D",
		target_coalition	=	1,
		linked_event_id	=	0,
		targetMissionID	=	"2",
		target_ws_type1	=	1,
		initiator_object_id	=	16796672,
		target	=	"FW-190A8",
		target_object_id	=	16800256,
		targetPilotName	=	"FW-190A8",
		type	=	"start shooting",
		target_unit_type	=	"FW-190A8",
		t	=	955.601,
		initiator_unit_type	=	"P-51D",
		event_id	=	621,
		weapon	=	"Browning .50 M2",
		initiator_ws_type1	=	1,
		initiatorMissionID	=	"503",
		initiator_coalition	=	2,
	}, -- end of [508]
	[509] = 
	{
		initiatorPilotName	=	"P-51D",
		target_coalition	=	1,
		linked_event_id	=	0,
		targetMissionID	=	"2",
		target_ws_type1	=	1,
		initiator_object_id	=	16796672,
		target	=	"FW-190A8",
		target_object_id	=	16800256,
		targetPilotName	=	"FW-190A8",
		type	=	"start shooting",
		target_unit_type	=	"FW-190A8",
		t	=	955.601,
		initiator_unit_type	=	"P-51D",
		event_id	=	622,
		weapon	=	"Browning .50 M2",
		initiator_ws_type1	=	1,
		initiatorMissionID	=	"503",
		initiator_coalition	=	2,
	}, -- end of [509]
	[510] = 
	{
		initiatorPilotName	=	"P-51D",
		target_coalition	=	1,
		linked_event_id	=	0,
		targetMissionID	=	"2",
		target_ws_type1	=	1,
		initiator_object_id	=	16796672,
		target	=	"FW-190A8",
		target_object_id	=	16800256,
		targetPilotName	=	"FW-190A8",
		type	=	"start shooting",
		target_unit_type	=	"FW-190A8",
		t	=	955.601,
		initiator_unit_type	=	"P-51D",
		event_id	=	623,
		weapon	=	"Browning .50 M2",
		initiator_ws_type1	=	1,
		initiatorMissionID	=	"503",
		initiator_coalition	=	2,
	}, -- end of [510]
	[511] = 
	{
		initiatorPilotName	=	"P-51D",
		target_coalition	=	1,
		linked_event_id	=	0,
		targetMissionID	=	"2",
		target_ws_type1	=	1,
		initiator_object_id	=	16796672,
		target	=	"FW-190A8",
		target_object_id	=	16800256,
		targetPilotName	=	"FW-190A8",
		type	=	"start shooting",
		target_unit_type	=	"FW-190A8",
		t	=	955.601,
		initiator_unit_type	=	"P-51D",
		event_id	=	624,
		weapon	=	"Browning .50 M2",
		initiator_ws_type1	=	1,
		initiatorMissionID	=	"503",
		initiator_coalition	=	2,
	}, -- end of [511]
	[512] = 
	{
		initiatorPilotName	=	"P-51D",
		target_coalition	=	1,
		linked_event_id	=	0,
		targetMissionID	=	"2",
		target_ws_type1	=	1,
		initiator_object_id	=	16796672,
		target	=	"FW-190A8",
		target_object_id	=	16800256,
		targetPilotName	=	"FW-190A8",
		type	=	"start shooting",
		target_unit_type	=	"FW-190A8",
		t	=	955.601,
		initiator_unit_type	=	"P-51D",
		event_id	=	625,
		weapon	=	"Browning .50 M2",
		initiator_ws_type1	=	1,
		initiatorMissionID	=	"503",
		initiator_coalition	=	2,
	}, -- end of [512]
	[513] = 
	{
		weapon_type	=	2566,
		type	=	"end shooting",
		initiatorPilotName	=	"P-51D",
		t	=	955.901,
		linked_event_id	=	0,
		event_id	=	626,
		initiator_unit_type	=	"P-51D",
		uin64_t_value	=	4,
		initiator_object_id	=	16796672,
		weapon	=	"Browning .50 M2",
		ammo_consumption	=	4,
		initiator_coalition	=	2,
		initiator_ws_type1	=	1,
		initiatorMissionID	=	"503",
	}, -- end of [513]
	[514] = 
	{
		weapon_type	=	2566,
		type	=	"end shooting",
		initiatorPilotName	=	"P-51D",
		t	=	955.901,
		linked_event_id	=	0,
		event_id	=	627,
		initiator_unit_type	=	"P-51D",
		uin64_t_value	=	4,
		initiator_object_id	=	16796672,
		weapon	=	"Browning .50 M2",
		ammo_consumption	=	4,
		initiator_coalition	=	2,
		initiator_ws_type1	=	1,
		initiatorMissionID	=	"503",
	}, -- end of [514]
	[515] = 
	{
		weapon_type	=	2566,
		type	=	"end shooting",
		initiatorPilotName	=	"P-51D",
		t	=	955.901,
		linked_event_id	=	0,
		event_id	=	628,
		initiator_unit_type	=	"P-51D",
		uin64_t_value	=	4,
		initiator_object_id	=	16796672,
		weapon	=	"Browning .50 M2",
		ammo_consumption	=	4,
		initiator_coalition	=	2,
		initiator_ws_type1	=	1,
		initiatorMissionID	=	"503",
	}, -- end of [515]
	[516] = 
	{
		weapon_type	=	2566,
		type	=	"end shooting",
		initiatorPilotName	=	"P-51D",
		t	=	955.901,
		linked_event_id	=	0,
		event_id	=	629,
		initiator_unit_type	=	"P-51D",
		uin64_t_value	=	4,
		initiator_object_id	=	16796672,
		weapon	=	"Browning .50 M2",
		ammo_consumption	=	4,
		initiator_coalition	=	2,
		initiator_ws_type1	=	1,
		initiatorMissionID	=	"503",
	}, -- end of [516]
	[517] = 
	{
		weapon_type	=	2566,
		type	=	"end shooting",
		initiatorPilotName	=	"P-51D",
		t	=	955.905,
		linked_event_id	=	0,
		event_id	=	630,
		initiator_unit_type	=	"P-51D",
		uin64_t_value	=	4,
		initiator_object_id	=	16796672,
		weapon	=	"Browning .50 M2",
		ammo_consumption	=	4,
		initiator_coalition	=	2,
		initiator_ws_type1	=	1,
		initiatorMissionID	=	"503",
	}, -- end of [517]
	[518] = 
	{
		weapon_type	=	2566,
		type	=	"end shooting",
		initiatorPilotName	=	"P-51D",
		t	=	955.905,
		linked_event_id	=	0,
		event_id	=	631,
		initiator_unit_type	=	"P-51D",
		uin64_t_value	=	4,
		initiator_object_id	=	16796672,
		weapon	=	"Browning .50 M2",
		ammo_consumption	=	4,
		initiator_coalition	=	2,
		initiator_ws_type1	=	1,
		initiatorMissionID	=	"503",
	}, -- end of [518]
	[519] = 
	{
		initiatorPilotName	=	"P-51D",
		target_coalition	=	1,
		linked_event_id	=	0,
		targetMissionID	=	"2",
		target_ws_type1	=	1,
		initiator_object_id	=	16796672,
		target	=	"FW-190A8",
		target_object_id	=	16800256,
		targetPilotName	=	"FW-190A8",
		type	=	"start shooting",
		target_unit_type	=	"FW-190A8",
		t	=	955.941,
		initiator_unit_type	=	"P-51D",
		event_id	=	632,
		weapon	=	"Browning .50 M2",
		initiator_ws_type1	=	1,
		initiatorMissionID	=	"503",
		initiator_coalition	=	2,
	}, -- end of [519]
	[520] = 
	{
		initiatorPilotName	=	"P-51D",
		target_coalition	=	1,
		linked_event_id	=	0,
		targetMissionID	=	"2",
		target_ws_type1	=	1,
		initiator_object_id	=	16796672,
		target	=	"FW-190A8",
		target_object_id	=	16800256,
		targetPilotName	=	"FW-190A8",
		type	=	"start shooting",
		target_unit_type	=	"FW-190A8",
		t	=	955.941,
		initiator_unit_type	=	"P-51D",
		event_id	=	633,
		weapon	=	"Browning .50 M2",
		initiator_ws_type1	=	1,
		initiatorMissionID	=	"503",
		initiator_coalition	=	2,
	}, -- end of [520]
	[521] = 
	{
		initiatorPilotName	=	"P-51D",
		target_coalition	=	1,
		linked_event_id	=	0,
		targetMissionID	=	"2",
		target_ws_type1	=	1,
		initiator_object_id	=	16796672,
		target	=	"FW-190A8",
		target_object_id	=	16800256,
		targetPilotName	=	"FW-190A8",
		type	=	"start shooting",
		target_unit_type	=	"FW-190A8",
		t	=	955.941,
		initiator_unit_type	=	"P-51D",
		event_id	=	634,
		weapon	=	"Browning .50 M2",
		initiator_ws_type1	=	1,
		initiatorMissionID	=	"503",
		initiator_coalition	=	2,
	}, -- end of [521]
	[522] = 
	{
		initiatorPilotName	=	"P-51D",
		target_coalition	=	1,
		linked_event_id	=	0,
		targetMissionID	=	"2",
		target_ws_type1	=	1,
		initiator_object_id	=	16796672,
		target	=	"FW-190A8",
		target_object_id	=	16800256,
		targetPilotName	=	"FW-190A8",
		type	=	"start shooting",
		target_unit_type	=	"FW-190A8",
		t	=	955.941,
		initiator_unit_type	=	"P-51D",
		event_id	=	635,
		weapon	=	"Browning .50 M2",
		initiator_ws_type1	=	1,
		initiatorMissionID	=	"503",
		initiator_coalition	=	2,
	}, -- end of [522]
	[523] = 
	{
		initiatorPilotName	=	"P-51D",
		target_coalition	=	1,
		linked_event_id	=	0,
		targetMissionID	=	"2",
		target_ws_type1	=	1,
		initiator_object_id	=	16796672,
		target	=	"FW-190A8",
		target_object_id	=	16800256,
		targetPilotName	=	"FW-190A8",
		type	=	"start shooting",
		target_unit_type	=	"FW-190A8",
		t	=	955.941,
		initiator_unit_type	=	"P-51D",
		event_id	=	636,
		weapon	=	"Browning .50 M2",
		initiator_ws_type1	=	1,
		initiatorMissionID	=	"503",
		initiator_coalition	=	2,
	}, -- end of [523]
	[524] = 
	{
		initiatorPilotName	=	"P-51D",
		target_coalition	=	1,
		linked_event_id	=	0,
		targetMissionID	=	"2",
		target_ws_type1	=	1,
		initiator_object_id	=	16796672,
		target	=	"FW-190A8",
		target_object_id	=	16800256,
		targetPilotName	=	"FW-190A8",
		type	=	"start shooting",
		target_unit_type	=	"FW-190A8",
		t	=	955.941,
		initiator_unit_type	=	"P-51D",
		event_id	=	637,
		weapon	=	"Browning .50 M2",
		initiator_ws_type1	=	1,
		initiatorMissionID	=	"503",
		initiator_coalition	=	2,
	}, -- end of [524]
	[525] = 
	{
		weapon_type	=	2566,
		type	=	"end shooting",
		initiatorPilotName	=	"P-51D",
		t	=	956.016,
		linked_event_id	=	0,
		event_id	=	638,
		initiator_unit_type	=	"P-51D",
		uin64_t_value	=	1,
		initiator_object_id	=	16796672,
		weapon	=	"Browning .50 M2",
		ammo_consumption	=	1,
		initiator_coalition	=	2,
		initiator_ws_type1	=	1,
		initiatorMissionID	=	"503",
	}, -- end of [525]
	[526] = 
	{
		weapon_type	=	2566,
		type	=	"end shooting",
		initiatorPilotName	=	"P-51D",
		t	=	956.016,
		linked_event_id	=	0,
		event_id	=	639,
		initiator_unit_type	=	"P-51D",
		uin64_t_value	=	1,
		initiator_object_id	=	16796672,
		weapon	=	"Browning .50 M2",
		ammo_consumption	=	1,
		initiator_coalition	=	2,
		initiator_ws_type1	=	1,
		initiatorMissionID	=	"503",
	}, -- end of [526]
	[527] = 
	{
		weapon_type	=	2566,
		type	=	"end shooting",
		initiatorPilotName	=	"P-51D",
		t	=	956.016,
		linked_event_id	=	0,
		event_id	=	640,
		initiator_unit_type	=	"P-51D",
		uin64_t_value	=	1,
		initiator_object_id	=	16796672,
		weapon	=	"Browning .50 M2",
		ammo_consumption	=	1,
		initiator_coalition	=	2,
		initiator_ws_type1	=	1,
		initiatorMissionID	=	"503",
	}, -- end of [527]
	[528] = 
	{
		weapon_type	=	2566,
		type	=	"end shooting",
		initiatorPilotName	=	"P-51D",
		t	=	956.016,
		linked_event_id	=	0,
		event_id	=	641,
		initiator_unit_type	=	"P-51D",
		uin64_t_value	=	1,
		initiator_object_id	=	16796672,
		weapon	=	"Browning .50 M2",
		ammo_consumption	=	1,
		initiator_coalition	=	2,
		initiator_ws_type1	=	1,
		initiatorMissionID	=	"503",
	}, -- end of [528]
	[529] = 
	{
		weapon_type	=	2566,
		type	=	"end shooting",
		initiatorPilotName	=	"P-51D",
		t	=	956.017,
		linked_event_id	=	0,
		event_id	=	642,
		initiator_unit_type	=	"P-51D",
		uin64_t_value	=	1,
		initiator_object_id	=	16796672,
		weapon	=	"Browning .50 M2",
		ammo_consumption	=	1,
		initiator_coalition	=	2,
		initiator_ws_type1	=	1,
		initiatorMissionID	=	"503",
	}, -- end of [529]
	[530] = 
	{
		weapon_type	=	2566,
		type	=	"end shooting",
		initiatorPilotName	=	"P-51D",
		t	=	956.017,
		linked_event_id	=	0,
		event_id	=	643,
		initiator_unit_type	=	"P-51D",
		uin64_t_value	=	1,
		initiator_object_id	=	16796672,
		weapon	=	"Browning .50 M2",
		ammo_consumption	=	1,
		initiator_coalition	=	2,
		initiator_ws_type1	=	1,
		initiatorMissionID	=	"503",
	}, -- end of [530]
	[531] = 
	{
		initiatorPilotName	=	"P-51D",
		target_coalition	=	1,
		linked_event_id	=	0,
		targetMissionID	=	"2",
		target_ws_type1	=	1,
		initiator_object_id	=	16796672,
		target	=	"FW-190A8",
		target_object_id	=	16800256,
		targetPilotName	=	"FW-190A8",
		type	=	"start shooting",
		target_unit_type	=	"FW-190A8",
		t	=	956.021,
		initiator_unit_type	=	"P-51D",
		event_id	=	644,
		weapon	=	"Browning .50 M2",
		initiator_ws_type1	=	1,
		initiatorMissionID	=	"503",
		initiator_coalition	=	2,
	}, -- end of [531]
	[532] = 
	{
		initiatorPilotName	=	"P-51D",
		target_coalition	=	1,
		linked_event_id	=	0,
		targetMissionID	=	"2",
		target_ws_type1	=	1,
		initiator_object_id	=	16796672,
		target	=	"FW-190A8",
		target_object_id	=	16800256,
		targetPilotName	=	"FW-190A8",
		type	=	"start shooting",
		target_unit_type	=	"FW-190A8",
		t	=	956.021,
		initiator_unit_type	=	"P-51D",
		event_id	=	645,
		weapon	=	"Browning .50 M2",
		initiator_ws_type1	=	1,
		initiatorMissionID	=	"503",
		initiator_coalition	=	2,
	}, -- end of [532]
	[533] = 
	{
		initiatorPilotName	=	"P-51D",
		target_coalition	=	1,
		linked_event_id	=	0,
		targetMissionID	=	"2",
		target_ws_type1	=	1,
		initiator_object_id	=	16796672,
		target	=	"FW-190A8",
		target_object_id	=	16800256,
		targetPilotName	=	"FW-190A8",
		type	=	"start shooting",
		target_unit_type	=	"FW-190A8",
		t	=	956.021,
		initiator_unit_type	=	"P-51D",
		event_id	=	646,
		weapon	=	"Browning .50 M2",
		initiator_ws_type1	=	1,
		initiatorMissionID	=	"503",
		initiator_coalition	=	2,
	}, -- end of [533]
	[534] = 
	{
		initiatorPilotName	=	"P-51D",
		target_coalition	=	1,
		linked_event_id	=	0,
		targetMissionID	=	"2",
		target_ws_type1	=	1,
		initiator_object_id	=	16796672,
		target	=	"FW-190A8",
		target_object_id	=	16800256,
		targetPilotName	=	"FW-190A8",
		type	=	"start shooting",
		target_unit_type	=	"FW-190A8",
		t	=	956.021,
		initiator_unit_type	=	"P-51D",
		event_id	=	647,
		weapon	=	"Browning .50 M2",
		initiator_ws_type1	=	1,
		initiatorMissionID	=	"503",
		initiator_coalition	=	2,
	}, -- end of [534]
	[535] = 
	{
		initiatorPilotName	=	"P-51D",
		target_coalition	=	1,
		linked_event_id	=	0,
		targetMissionID	=	"2",
		target_ws_type1	=	1,
		initiator_object_id	=	16796672,
		target	=	"FW-190A8",
		target_object_id	=	16800256,
		targetPilotName	=	"FW-190A8",
		type	=	"start shooting",
		target_unit_type	=	"FW-190A8",
		t	=	956.021,
		initiator_unit_type	=	"P-51D",
		event_id	=	648,
		weapon	=	"Browning .50 M2",
		initiator_ws_type1	=	1,
		initiatorMissionID	=	"503",
		initiator_coalition	=	2,
	}, -- end of [535]
	[536] = 
	{
		initiatorPilotName	=	"P-51D",
		target_coalition	=	1,
		linked_event_id	=	0,
		targetMissionID	=	"2",
		target_ws_type1	=	1,
		initiator_object_id	=	16796672,
		target	=	"FW-190A8",
		target_object_id	=	16800256,
		targetPilotName	=	"FW-190A8",
		type	=	"start shooting",
		target_unit_type	=	"FW-190A8",
		t	=	956.021,
		initiator_unit_type	=	"P-51D",
		event_id	=	649,
		weapon	=	"Browning .50 M2",
		initiator_ws_type1	=	1,
		initiatorMissionID	=	"503",
		initiator_coalition	=	2,
	}, -- end of [536]
	[537] = 
	{
		weapon_type	=	2566,
		type	=	"end shooting",
		initiatorPilotName	=	"P-51D",
		t	=	956.096,
		linked_event_id	=	0,
		event_id	=	650,
		initiator_unit_type	=	"P-51D",
		uin64_t_value	=	1,
		initiator_object_id	=	16796672,
		weapon	=	"Browning .50 M2",
		ammo_consumption	=	1,
		initiator_coalition	=	2,
		initiator_ws_type1	=	1,
		initiatorMissionID	=	"503",
	}, -- end of [537]
	[538] = 
	{
		weapon_type	=	2566,
		type	=	"end shooting",
		initiatorPilotName	=	"P-51D",
		t	=	956.096,
		linked_event_id	=	0,
		event_id	=	651,
		initiator_unit_type	=	"P-51D",
		uin64_t_value	=	1,
		initiator_object_id	=	16796672,
		weapon	=	"Browning .50 M2",
		ammo_consumption	=	1,
		initiator_coalition	=	2,
		initiator_ws_type1	=	1,
		initiatorMissionID	=	"503",
	}, -- end of [538]
	[539] = 
	{
		weapon_type	=	2566,
		type	=	"end shooting",
		initiatorPilotName	=	"P-51D",
		t	=	956.096,
		linked_event_id	=	0,
		event_id	=	652,
		initiator_unit_type	=	"P-51D",
		uin64_t_value	=	1,
		initiator_object_id	=	16796672,
		weapon	=	"Browning .50 M2",
		ammo_consumption	=	1,
		initiator_coalition	=	2,
		initiator_ws_type1	=	1,
		initiatorMissionID	=	"503",
	}, -- end of [539]
	[540] = 
	{
		weapon_type	=	2566,
		type	=	"end shooting",
		initiatorPilotName	=	"P-51D",
		t	=	956.096,
		linked_event_id	=	0,
		event_id	=	653,
		initiator_unit_type	=	"P-51D",
		uin64_t_value	=	1,
		initiator_object_id	=	16796672,
		weapon	=	"Browning .50 M2",
		ammo_consumption	=	1,
		initiator_coalition	=	2,
		initiator_ws_type1	=	1,
		initiatorMissionID	=	"503",
	}, -- end of [540]
	[541] = 
	{
		weapon_type	=	2566,
		type	=	"end shooting",
		initiatorPilotName	=	"P-51D",
		t	=	956.097,
		linked_event_id	=	0,
		event_id	=	654,
		initiator_unit_type	=	"P-51D",
		uin64_t_value	=	1,
		initiator_object_id	=	16796672,
		weapon	=	"Browning .50 M2",
		ammo_consumption	=	1,
		initiator_coalition	=	2,
		initiator_ws_type1	=	1,
		initiatorMissionID	=	"503",
	}, -- end of [541]
	[542] = 
	{
		weapon_type	=	2566,
		type	=	"end shooting",
		initiatorPilotName	=	"P-51D",
		t	=	956.097,
		linked_event_id	=	0,
		event_id	=	655,
		initiator_unit_type	=	"P-51D",
		uin64_t_value	=	1,
		initiator_object_id	=	16796672,
		weapon	=	"Browning .50 M2",
		ammo_consumption	=	1,
		initiator_coalition	=	2,
		initiator_ws_type1	=	1,
		initiatorMissionID	=	"503",
	}, -- end of [542]
	[543] = 
	{
		initiatorPilotName	=	"P-51D",
		target_coalition	=	1,
		linked_event_id	=	0,
		targetMissionID	=	"2",
		target_ws_type1	=	1,
		initiator_object_id	=	16796672,
		target	=	"FW-190A8",
		target_object_id	=	16800256,
		targetPilotName	=	"FW-190A8",
		type	=	"hit",
		target_unit_type	=	"FW-190A8",
		t	=	956.46,
		initiator_unit_type	=	"P-51D",
		event_id	=	656,
		initiator_ws_type1	=	1,
		initiatorMissionID	=	"503",
		initiator_coalition	=	2,
	}, -- end of [543]
	[544] = 
	{
		initiatorPilotName	=	"P-51D",
		target_coalition	=	1,
		linked_event_id	=	0,
		targetMissionID	=	"2",
		target_ws_type1	=	1,
		initiator_object_id	=	16796672,
		target	=	"FW-190A8",
		target_object_id	=	16800256,
		targetPilotName	=	"FW-190A8",
		type	=	"bda",
		target_unit_type	=	"FW-190A8",
		t	=	956.46,
		initiator_unit_type	=	"P-51D",
		event_id	=	657,
		initiator_ws_type1	=	1,
		initiatorMissionID	=	"503",
		initiator_coalition	=	2,
	}, -- end of [544]
	[545] = 
	{
		weapon_type	=	9243142,
		type	=	"shot",
		initiatorPilotName	=	"flak37",
		t	=	956.473,
		initiator_unit_type	=	"flak37",
		linked_event_id	=	0,
		initiator_object_id	=	16791040,
		event_id	=	658,
		weapon	=	"Sprgr. L/4.5 Kz.",
		initiator_coalition	=	1,
		initiator_ws_type1	=	2,
		initiatorMissionID	=	"678",
	}, -- end of [545]
	[546] = 
	{
		initiatorPilotName	=	"P-51D",
		target_coalition	=	1,
		linked_event_id	=	0,
		targetMissionID	=	"2",
		target_ws_type1	=	1,
		initiator_object_id	=	16796672,
		target	=	"FW-190A8",
		target_object_id	=	16800256,
		targetPilotName	=	"FW-190A8",
		type	=	"hit",
		target_unit_type	=	"FW-190A8",
		t	=	956.56,
		initiator_unit_type	=	"P-51D",
		event_id	=	659,
		initiator_ws_type1	=	1,
		initiatorMissionID	=	"503",
		initiator_coalition	=	2,
	}, -- end of [546]
	[547] = 
	{
		initiatorPilotName	=	"P-51D",
		target_coalition	=	1,
		linked_event_id	=	0,
		targetMissionID	=	"2",
		target_ws_type1	=	1,
		initiator_object_id	=	16796672,
		target	=	"FW-190A8",
		target_object_id	=	16800256,
		targetPilotName	=	"FW-190A8",
		type	=	"bda",
		target_unit_type	=	"FW-190A8",
		t	=	956.56,
		initiator_unit_type	=	"P-51D",
		event_id	=	660,
		initiator_ws_type1	=	1,
		initiatorMissionID	=	"503",
		initiator_coalition	=	2,
	}, -- end of [547]
	[548] = 
	{
		initiatorPilotName	=	"P-51D",
		target_coalition	=	1,
		linked_event_id	=	0,
		targetMissionID	=	"2",
		failureDisplayName	=	"Gun (No. 5) ammo supply damaged",
		target_ws_type1	=	1,
		initiator_object_id	=	16796672,
		target	=	"FW-190A8",
		target_object_id	=	16800256,
		targetPilotName	=	"FW-190A8",
		type	=	"failure",
		target_unit_type	=	"FW-190A8",
		t	=	956.56,
		initiator_unit_type	=	"P-51D",
		event_id	=	661,
		failure	=	"WEAP_GUN_04_AMMO_BELT_SEVERED",
		weapon	=	"weapons.shells.50Browning_I_M1",
		initiator_ws_type1	=	1,
		initiatorMissionID	=	"503",
		initiator_coalition	=	2,
	}, -- end of [548]
	[549] = 
	{
		initiatorPilotName	=	"P-51D",
		target_coalition	=	1,
		linked_event_id	=	0,
		targetMissionID	=	"2",
		target_ws_type1	=	1,
		initiator_object_id	=	16796672,
		target	=	"FW-190A8",
		target_object_id	=	16800256,
		targetPilotName	=	"FW-190A8",
		type	=	"start shooting",
		target_unit_type	=	"FW-190A8",
		t	=	957.461,
		initiator_unit_type	=	"P-51D",
		event_id	=	663,
		weapon	=	"Browning .50 M2",
		initiator_ws_type1	=	1,
		initiatorMissionID	=	"503",
		initiator_coalition	=	2,
	}, -- end of [549]
	[550] = 
	{
		initiatorPilotName	=	"P-51D",
		target_coalition	=	1,
		linked_event_id	=	0,
		targetMissionID	=	"2",
		target_ws_type1	=	1,
		initiator_object_id	=	16796672,
		target	=	"FW-190A8",
		target_object_id	=	16800256,
		targetPilotName	=	"FW-190A8",
		type	=	"start shooting",
		target_unit_type	=	"FW-190A8",
		t	=	957.461,
		initiator_unit_type	=	"P-51D",
		event_id	=	664,
		weapon	=	"Browning .50 M2",
		initiator_ws_type1	=	1,
		initiatorMissionID	=	"503",
		initiator_coalition	=	2,
	}, -- end of [550]
	[551] = 
	{
		initiatorPilotName	=	"P-51D",
		target_coalition	=	1,
		linked_event_id	=	0,
		targetMissionID	=	"2",
		target_ws_type1	=	1,
		initiator_object_id	=	16796672,
		target	=	"FW-190A8",
		target_object_id	=	16800256,
		targetPilotName	=	"FW-190A8",
		type	=	"start shooting",
		target_unit_type	=	"FW-190A8",
		t	=	957.461,
		initiator_unit_type	=	"P-51D",
		event_id	=	665,
		weapon	=	"Browning .50 M2",
		initiator_ws_type1	=	1,
		initiatorMissionID	=	"503",
		initiator_coalition	=	2,
	}, -- end of [551]
	[552] = 
	{
		initiatorPilotName	=	"P-51D",
		target_coalition	=	1,
		linked_event_id	=	0,
		targetMissionID	=	"2",
		target_ws_type1	=	1,
		initiator_object_id	=	16796672,
		target	=	"FW-190A8",
		target_object_id	=	16800256,
		targetPilotName	=	"FW-190A8",
		type	=	"start shooting",
		target_unit_type	=	"FW-190A8",
		t	=	957.461,
		initiator_unit_type	=	"P-51D",
		event_id	=	666,
		weapon	=	"Browning .50 M2",
		initiator_ws_type1	=	1,
		initiatorMissionID	=	"503",
		initiator_coalition	=	2,
	}, -- end of [552]
	[553] = 
	{
		initiatorPilotName	=	"P-51D",
		target_coalition	=	1,
		linked_event_id	=	0,
		targetMissionID	=	"2",
		target_ws_type1	=	1,
		initiator_object_id	=	16796672,
		target	=	"FW-190A8",
		target_object_id	=	16800256,
		targetPilotName	=	"FW-190A8",
		type	=	"start shooting",
		target_unit_type	=	"FW-190A8",
		t	=	957.461,
		initiator_unit_type	=	"P-51D",
		event_id	=	667,
		weapon	=	"Browning .50 M2",
		initiator_ws_type1	=	1,
		initiatorMissionID	=	"503",
		initiator_coalition	=	2,
	}, -- end of [553]
	[554] = 
	{
		initiatorPilotName	=	"P-51D",
		target_coalition	=	1,
		linked_event_id	=	0,
		targetMissionID	=	"2",
		target_ws_type1	=	1,
		initiator_object_id	=	16796672,
		target	=	"FW-190A8",
		target_object_id	=	16800256,
		targetPilotName	=	"FW-190A8",
		type	=	"start shooting",
		target_unit_type	=	"FW-190A8",
		t	=	957.461,
		initiator_unit_type	=	"P-51D",
		event_id	=	668,
		weapon	=	"Browning .50 M2",
		initiator_ws_type1	=	1,
		initiatorMissionID	=	"503",
		initiator_coalition	=	2,
	}, -- end of [554]
	[555] = 
	{
		weapon_type	=	2566,
		type	=	"end shooting",
		initiatorPilotName	=	"P-51D",
		t	=	957.536,
		linked_event_id	=	0,
		event_id	=	669,
		initiator_unit_type	=	"P-51D",
		uin64_t_value	=	1,
		initiator_object_id	=	16796672,
		weapon	=	"Browning .50 M2",
		ammo_consumption	=	1,
		initiator_coalition	=	2,
		initiator_ws_type1	=	1,
		initiatorMissionID	=	"503",
	}, -- end of [555]
	[556] = 
	{
		weapon_type	=	2566,
		type	=	"end shooting",
		initiatorPilotName	=	"P-51D",
		t	=	957.536,
		linked_event_id	=	0,
		event_id	=	670,
		initiator_unit_type	=	"P-51D",
		uin64_t_value	=	1,
		initiator_object_id	=	16796672,
		weapon	=	"Browning .50 M2",
		ammo_consumption	=	1,
		initiator_coalition	=	2,
		initiator_ws_type1	=	1,
		initiatorMissionID	=	"503",
	}, -- end of [556]
	[557] = 
	{
		weapon_type	=	2566,
		type	=	"end shooting",
		initiatorPilotName	=	"P-51D",
		t	=	957.536,
		linked_event_id	=	0,
		event_id	=	671,
		initiator_unit_type	=	"P-51D",
		uin64_t_value	=	1,
		initiator_object_id	=	16796672,
		weapon	=	"Browning .50 M2",
		ammo_consumption	=	1,
		initiator_coalition	=	2,
		initiator_ws_type1	=	1,
		initiatorMissionID	=	"503",
	}, -- end of [557]
	[558] = 
	{
		weapon_type	=	2566,
		type	=	"end shooting",
		initiatorPilotName	=	"P-51D",
		t	=	957.536,
		linked_event_id	=	0,
		event_id	=	672,
		initiator_unit_type	=	"P-51D",
		uin64_t_value	=	1,
		initiator_object_id	=	16796672,
		weapon	=	"Browning .50 M2",
		ammo_consumption	=	1,
		initiator_coalition	=	2,
		initiator_ws_type1	=	1,
		initiatorMissionID	=	"503",
	}, -- end of [558]
	[559] = 
	{
		weapon_type	=	2566,
		type	=	"end shooting",
		initiatorPilotName	=	"P-51D",
		t	=	957.537,
		linked_event_id	=	0,
		event_id	=	673,
		initiator_unit_type	=	"P-51D",
		uin64_t_value	=	1,
		initiator_object_id	=	16796672,
		weapon	=	"Browning .50 M2",
		ammo_consumption	=	1,
		initiator_coalition	=	2,
		initiator_ws_type1	=	1,
		initiatorMissionID	=	"503",
	}, -- end of [559]
	[560] = 
	{
		weapon_type	=	2566,
		type	=	"end shooting",
		initiatorPilotName	=	"P-51D",
		t	=	957.537,
		linked_event_id	=	0,
		event_id	=	674,
		initiator_unit_type	=	"P-51D",
		uin64_t_value	=	1,
		initiator_object_id	=	16796672,
		weapon	=	"Browning .50 M2",
		ammo_consumption	=	1,
		initiator_coalition	=	2,
		initiator_ws_type1	=	1,
		initiatorMissionID	=	"503",
	}, -- end of [560]
	[561] = 
	{
		initiatorPilotName	=	"P-51D",
		target_coalition	=	1,
		linked_event_id	=	0,
		targetMissionID	=	"2",
		target_ws_type1	=	1,
		initiator_object_id	=	16796672,
		target	=	"FW-190A8",
		target_object_id	=	16800256,
		targetPilotName	=	"FW-190A8",
		type	=	"start shooting",
		target_unit_type	=	"FW-190A8",
		t	=	957.681,
		initiator_unit_type	=	"P-51D",
		event_id	=	675,
		weapon	=	"Browning .50 M2",
		initiator_ws_type1	=	1,
		initiatorMissionID	=	"503",
		initiator_coalition	=	2,
	}, -- end of [561]
	[562] = 
	{
		initiatorPilotName	=	"P-51D",
		target_coalition	=	1,
		linked_event_id	=	0,
		targetMissionID	=	"2",
		target_ws_type1	=	1,
		initiator_object_id	=	16796672,
		target	=	"FW-190A8",
		target_object_id	=	16800256,
		targetPilotName	=	"FW-190A8",
		type	=	"start shooting",
		target_unit_type	=	"FW-190A8",
		t	=	957.681,
		initiator_unit_type	=	"P-51D",
		event_id	=	676,
		weapon	=	"Browning .50 M2",
		initiator_ws_type1	=	1,
		initiatorMissionID	=	"503",
		initiator_coalition	=	2,
	}, -- end of [562]
	[563] = 
	{
		initiatorPilotName	=	"P-51D",
		target_coalition	=	1,
		linked_event_id	=	0,
		targetMissionID	=	"2",
		target_ws_type1	=	1,
		initiator_object_id	=	16796672,
		target	=	"FW-190A8",
		target_object_id	=	16800256,
		targetPilotName	=	"FW-190A8",
		type	=	"start shooting",
		target_unit_type	=	"FW-190A8",
		t	=	957.681,
		initiator_unit_type	=	"P-51D",
		event_id	=	677,
		weapon	=	"Browning .50 M2",
		initiator_ws_type1	=	1,
		initiatorMissionID	=	"503",
		initiator_coalition	=	2,
	}, -- end of [563]
	[564] = 
	{
		initiatorPilotName	=	"P-51D",
		target_coalition	=	1,
		linked_event_id	=	0,
		targetMissionID	=	"2",
		target_ws_type1	=	1,
		initiator_object_id	=	16796672,
		target	=	"FW-190A8",
		target_object_id	=	16800256,
		targetPilotName	=	"FW-190A8",
		type	=	"start shooting",
		target_unit_type	=	"FW-190A8",
		t	=	957.681,
		initiator_unit_type	=	"P-51D",
		event_id	=	678,
		weapon	=	"Browning .50 M2",
		initiator_ws_type1	=	1,
		initiatorMissionID	=	"503",
		initiator_coalition	=	2,
	}, -- end of [564]
	[565] = 
	{
		initiatorPilotName	=	"P-51D",
		target_coalition	=	1,
		linked_event_id	=	0,
		targetMissionID	=	"2",
		target_ws_type1	=	1,
		initiator_object_id	=	16796672,
		target	=	"FW-190A8",
		target_object_id	=	16800256,
		targetPilotName	=	"FW-190A8",
		type	=	"start shooting",
		target_unit_type	=	"FW-190A8",
		t	=	957.681,
		initiator_unit_type	=	"P-51D",
		event_id	=	679,
		weapon	=	"Browning .50 M2",
		initiator_ws_type1	=	1,
		initiatorMissionID	=	"503",
		initiator_coalition	=	2,
	}, -- end of [565]
	[566] = 
	{
		initiatorPilotName	=	"P-51D",
		target_coalition	=	1,
		linked_event_id	=	0,
		targetMissionID	=	"2",
		target_ws_type1	=	1,
		initiator_object_id	=	16796672,
		target	=	"FW-190A8",
		target_object_id	=	16800256,
		targetPilotName	=	"FW-190A8",
		type	=	"start shooting",
		target_unit_type	=	"FW-190A8",
		t	=	957.681,
		initiator_unit_type	=	"P-51D",
		event_id	=	680,
		weapon	=	"Browning .50 M2",
		initiator_ws_type1	=	1,
		initiatorMissionID	=	"503",
		initiator_coalition	=	2,
	}, -- end of [566]
	[567] = 
	{
		weapon_type	=	2566,
		type	=	"end shooting",
		initiatorPilotName	=	"P-51D",
		t	=	957.906,
		linked_event_id	=	0,
		event_id	=	681,
		initiator_unit_type	=	"P-51D",
		uin64_t_value	=	3,
		initiator_object_id	=	16796672,
		weapon	=	"Browning .50 M2",
		ammo_consumption	=	3,
		initiator_coalition	=	2,
		initiator_ws_type1	=	1,
		initiatorMissionID	=	"503",
	}, -- end of [567]
	[568] = 
	{
		weapon_type	=	2566,
		type	=	"end shooting",
		initiatorPilotName	=	"P-51D",
		t	=	957.906,
		linked_event_id	=	0,
		event_id	=	682,
		initiator_unit_type	=	"P-51D",
		uin64_t_value	=	3,
		initiator_object_id	=	16796672,
		weapon	=	"Browning .50 M2",
		ammo_consumption	=	3,
		initiator_coalition	=	2,
		initiator_ws_type1	=	1,
		initiatorMissionID	=	"503",
	}, -- end of [568]
	[569] = 
	{
		weapon_type	=	2566,
		type	=	"end shooting",
		initiatorPilotName	=	"P-51D",
		t	=	957.906,
		linked_event_id	=	0,
		event_id	=	683,
		initiator_unit_type	=	"P-51D",
		uin64_t_value	=	3,
		initiator_object_id	=	16796672,
		weapon	=	"Browning .50 M2",
		ammo_consumption	=	3,
		initiator_coalition	=	2,
		initiator_ws_type1	=	1,
		initiatorMissionID	=	"503",
	}, -- end of [569]
	[570] = 
	{
		weapon_type	=	2566,
		type	=	"end shooting",
		initiatorPilotName	=	"P-51D",
		t	=	957.906,
		linked_event_id	=	0,
		event_id	=	684,
		initiator_unit_type	=	"P-51D",
		uin64_t_value	=	3,
		initiator_object_id	=	16796672,
		weapon	=	"Browning .50 M2",
		ammo_consumption	=	3,
		initiator_coalition	=	2,
		initiator_ws_type1	=	1,
		initiatorMissionID	=	"503",
	}, -- end of [570]
	[571] = 
	{
		weapon_type	=	2566,
		type	=	"end shooting",
		initiatorPilotName	=	"P-51D",
		t	=	957.909,
		linked_event_id	=	0,
		event_id	=	685,
		initiator_unit_type	=	"P-51D",
		uin64_t_value	=	3,
		initiator_object_id	=	16796672,
		weapon	=	"Browning .50 M2",
		ammo_consumption	=	3,
		initiator_coalition	=	2,
		initiator_ws_type1	=	1,
		initiatorMissionID	=	"503",
	}, -- end of [571]
	[572] = 
	{
		weapon_type	=	2566,
		type	=	"end shooting",
		initiatorPilotName	=	"P-51D",
		t	=	957.909,
		linked_event_id	=	0,
		event_id	=	686,
		initiator_unit_type	=	"P-51D",
		uin64_t_value	=	3,
		initiator_object_id	=	16796672,
		weapon	=	"Browning .50 M2",
		ammo_consumption	=	3,
		initiator_coalition	=	2,
		initiator_ws_type1	=	1,
		initiatorMissionID	=	"503",
	}, -- end of [572]
	[573] = 
	{
		initiatorPilotName	=	"P-51D",
		target_coalition	=	1,
		linked_event_id	=	0,
		targetMissionID	=	"2",
		target_ws_type1	=	1,
		initiator_object_id	=	16796672,
		target	=	"FW-190A8",
		target_object_id	=	16800256,
		targetPilotName	=	"FW-190A8",
		type	=	"hit",
		target_unit_type	=	"FW-190A8",
		t	=	957.96,
		initiator_unit_type	=	"P-51D",
		event_id	=	687,
		initiator_ws_type1	=	1,
		initiatorMissionID	=	"503",
		initiator_coalition	=	2,
	}, -- end of [573]
	[574] = 
	{
		initiatorPilotName	=	"P-51D",
		target_coalition	=	1,
		linked_event_id	=	0,
		targetMissionID	=	"2",
		target_ws_type1	=	1,
		initiator_object_id	=	16796672,
		target	=	"FW-190A8",
		target_object_id	=	16800256,
		targetPilotName	=	"FW-190A8",
		type	=	"bda",
		target_unit_type	=	"FW-190A8",
		t	=	957.96,
		initiator_unit_type	=	"P-51D",
		event_id	=	688,
		initiator_ws_type1	=	1,
		initiatorMissionID	=	"503",
		initiator_coalition	=	2,
	}, -- end of [574]
	[575] = 
	{
		initiatorPilotName	=	"P-51D",
		target_coalition	=	1,
		linked_event_id	=	0,
		targetMissionID	=	"2",
		failureDisplayName	=	"Rear fuel tank minor leak",
		target_ws_type1	=	1,
		initiator_object_id	=	16796672,
		target	=	"FW-190A8",
		target_object_id	=	16800256,
		targetPilotName	=	"FW-190A8",
		type	=	"failure",
		target_unit_type	=	"FW-190A8",
		t	=	957.96,
		initiator_unit_type	=	"P-51D",
		event_id	=	689,
		failure	=	"FUEL_TANK_00_MINOR_LEAK",
		weapon	=	"weapons.shells.50Browning_API_M8",
		initiator_ws_type1	=	1,
		initiatorMissionID	=	"503",
		initiator_coalition	=	2,
	}, -- end of [575]
	[576] = 
	{
		type	=	"failure",
		initiatorPilotName	=	"FW-190A8",
		t	=	957.96,
		failure	=	"VHF_TOTAL_DAMAGE",
		initiator_unit_type	=	"FW-190A8",
		linked_event_id	=	0,
		initiator_object_id	=	16800256,
		event_id	=	690,
		failureDisplayName	=	"Radio Transceiver Failure",
		initiator_coalition	=	1,
		initiator_ws_type1	=	1,
		initiatorMissionID	=	"2",
	}, -- end of [576]
	[577] = 
	{
		type	=	"failure",
		initiatorPilotName	=	"FW-190A8",
		t	=	957.96,
		failure	=	"MANIFOLD_LINE_LEAK",
		initiator_unit_type	=	"FW-190A8",
		linked_event_id	=	0,
		initiator_object_id	=	16800256,
		event_id	=	691,
		failureDisplayName	=	"Manifold ind. line leak",
		initiator_coalition	=	1,
		initiator_ws_type1	=	1,
		initiatorMissionID	=	"2",
	}, -- end of [577]
	[578] = 
	{
		type	=	"failure",
		initiatorPilotName	=	"FW-190A8",
		t	=	957.96,
		failure	=	"TACH_BREAK_CIRCUIT",
		initiator_unit_type	=	"FW-190A8",
		linked_event_id	=	0,
		initiator_object_id	=	16800256,
		event_id	=	692,
		failureDisplayName	=	"Tachometer circuit break",
		initiator_coalition	=	1,
		initiator_ws_type1	=	1,
		initiatorMissionID	=	"2",
	}, -- end of [578]
	[579] = 
	{
		type	=	"failure",
		initiatorPilotName	=	"FW-190A8",
		t	=	957.96,
		failure	=	"OIL_T_IND_FAULT",
		initiator_unit_type	=	"FW-190A8",
		linked_event_id	=	0,
		initiator_object_id	=	16800256,
		event_id	=	693,
		failureDisplayName	=	"Oil Temp. ind. failure",
		initiator_coalition	=	1,
		initiator_ws_type1	=	1,
		initiatorMissionID	=	"2",
	}, -- end of [579]
	[580] = 
	{
		initiatorPilotName	=	"P-51D",
		target_coalition	=	1,
		linked_event_id	=	0,
		targetMissionID	=	"2",
		target_ws_type1	=	1,
		initiator_object_id	=	16796672,
		target	=	"FW-190A8",
		target_object_id	=	16800256,
		targetPilotName	=	"FW-190A8",
		type	=	"hit",
		target_unit_type	=	"FW-190A8",
		t	=	958.16,
		initiator_unit_type	=	"P-51D",
		event_id	=	694,
		initiator_ws_type1	=	1,
		initiatorMissionID	=	"503",
		initiator_coalition	=	2,
	}, -- end of [580]
	[581] = 
	{
		initiatorPilotName	=	"P-51D",
		target_coalition	=	1,
		linked_event_id	=	0,
		targetMissionID	=	"2",
		target_ws_type1	=	1,
		initiator_object_id	=	16796672,
		target	=	"FW-190A8",
		target_object_id	=	16800256,
		targetPilotName	=	"FW-190A8",
		type	=	"bda",
		target_unit_type	=	"FW-190A8",
		t	=	958.16,
		initiator_unit_type	=	"P-51D",
		event_id	=	695,
		initiator_ws_type1	=	1,
		initiatorMissionID	=	"503",
		initiator_coalition	=	2,
	}, -- end of [581]
	[582] = 
	{
		initiatorPilotName	=	"P-51D",
		target_coalition	=	1,
		linked_event_id	=	0,
		targetMissionID	=	"2",
		target_ws_type1	=	1,
		initiator_object_id	=	16796672,
		target	=	"FW-190A8",
		target_object_id	=	16800256,
		targetPilotName	=	"FW-190A8",
		type	=	"hit",
		target_unit_type	=	"FW-190A8",
		t	=	958.26,
		initiator_unit_type	=	"P-51D",
		event_id	=	696,
		initiator_ws_type1	=	1,
		initiatorMissionID	=	"503",
		initiator_coalition	=	2,
	}, -- end of [582]
	[583] = 
	{
		initiatorPilotName	=	"P-51D",
		target_coalition	=	1,
		linked_event_id	=	0,
		targetMissionID	=	"2",
		target_ws_type1	=	1,
		initiator_object_id	=	16796672,
		target	=	"FW-190A8",
		target_object_id	=	16800256,
		targetPilotName	=	"FW-190A8",
		type	=	"bda",
		target_unit_type	=	"FW-190A8",
		t	=	958.26,
		initiator_unit_type	=	"P-51D",
		event_id	=	697,
		initiator_ws_type1	=	1,
		initiatorMissionID	=	"503",
		initiator_coalition	=	2,
	}, -- end of [583]
	[584] = 
	{
		initiatorPilotName	=	"flak38",
		target_coalition	=	2,
		linked_event_id	=	0,
		targetMissionID	=	"503",
		target_ws_type1	=	1,
		initiator_object_id	=	16793856,
		target	=	"P-51D",
		target_object_id	=	16796672,
		targetPilotName	=	"P-51D",
		type	=	"start shooting",
		target_unit_type	=	"P-51D",
		t	=	958.303,
		initiator_unit_type	=	"flak38",
		event_id	=	698,
		weapon	=	"Flak38_2_cm",
		initiator_ws_type1	=	2,
		initiatorMissionID	=	"689",
		initiator_coalition	=	1,
	}, -- end of [584]
	[585] = 
	{
		initiatorPilotName	=	"P-51D",
		target_coalition	=	1,
		linked_event_id	=	0,
		targetMissionID	=	"2",
		target_ws_type1	=	1,
		initiator_object_id	=	16796672,
		target	=	"FW-190A8",
		target_object_id	=	16800256,
		targetPilotName	=	"FW-190A8",
		type	=	"hit",
		target_unit_type	=	"FW-190A8",
		t	=	958.36,
		initiator_unit_type	=	"P-51D",
		event_id	=	699,
		initiator_ws_type1	=	1,
		initiatorMissionID	=	"503",
		initiator_coalition	=	2,
	}, -- end of [585]
	[586] = 
	{
		initiatorPilotName	=	"P-51D",
		target_coalition	=	1,
		linked_event_id	=	0,
		targetMissionID	=	"2",
		target_ws_type1	=	1,
		initiator_object_id	=	16796672,
		target	=	"FW-190A8",
		target_object_id	=	16800256,
		targetPilotName	=	"FW-190A8",
		type	=	"bda",
		target_unit_type	=	"FW-190A8",
		t	=	958.36,
		initiator_unit_type	=	"P-51D",
		event_id	=	700,
		initiator_ws_type1	=	1,
		initiatorMissionID	=	"503",
		initiator_coalition	=	2,
	}, -- end of [586]
	[587] = 
	{
		weapon_type	=	2566,
		type	=	"end shooting",
		initiatorPilotName	=	"flak38",
		t	=	958.935,
		linked_event_id	=	0,
		initiator_unit_type	=	"flak38",
		event_id	=	701,
		initiator_object_id	=	16793856,
		weapon	=	"Flak38_2_cm",
		ammo_consumption	=	0,
		initiator_coalition	=	1,
		initiator_ws_type1	=	2,
		initiatorMissionID	=	"689",
	}, -- end of [587]
	[588] = 
	{
		weapon_type	=	9243142,
		type	=	"shot",
		initiatorPilotName	=	"flak37",
		t	=	959.057,
		initiator_unit_type	=	"flak37",
		linked_event_id	=	0,
		initiator_object_id	=	16789504,
		event_id	=	702,
		weapon	=	"Sprgr. L/4.5 Kz.",
		initiator_coalition	=	1,
		initiator_ws_type1	=	2,
		initiatorMissionID	=	"672",
	}, -- end of [588]
	[589] = 
	{
		weapon_type	=	9243142,
		type	=	"shot",
		initiatorPilotName	=	"flak37",
		t	=	959.059,
		initiator_unit_type	=	"flak37",
		linked_event_id	=	0,
		initiator_object_id	=	16789760,
		event_id	=	703,
		weapon	=	"Sprgr. L/4.5 Kz.",
		initiator_coalition	=	1,
		initiator_ws_type1	=	2,
		initiatorMissionID	=	"673",
	}, -- end of [589]
	[590] = 
	{
		weapon_type	=	9243142,
		type	=	"shot",
		initiatorPilotName	=	"flak37",
		t	=	959.069,
		initiator_unit_type	=	"flak37",
		linked_event_id	=	0,
		initiator_object_id	=	16788992,
		event_id	=	704,
		weapon	=	"Sprgr. L/4.5 Kz.",
		initiator_coalition	=	1,
		initiator_ws_type1	=	2,
		initiatorMissionID	=	"670",
	}, -- end of [590]
	[591] = 
	{
		weapon_type	=	9243142,
		type	=	"shot",
		initiatorPilotName	=	"flak37",
		t	=	959.073,
		initiator_unit_type	=	"flak37",
		linked_event_id	=	0,
		initiator_object_id	=	16789248,
		event_id	=	705,
		weapon	=	"Sprgr. L/4.5 Kz.",
		initiator_coalition	=	1,
		initiator_ws_type1	=	2,
		initiatorMissionID	=	"671",
	}, -- end of [591]
	[592] = 
	{
		initiatorPilotName	=	"flak38",
		target_coalition	=	2,
		linked_event_id	=	0,
		targetMissionID	=	"503",
		target_ws_type1	=	1,
		initiator_object_id	=	16790272,
		target	=	"P-51D",
		target_object_id	=	16796672,
		targetPilotName	=	"P-51D",
		type	=	"start shooting",
		target_unit_type	=	"P-51D",
		t	=	963.457,
		initiator_unit_type	=	"flak38",
		event_id	=	706,
		weapon	=	"Flak38_2_cm",
		initiator_ws_type1	=	2,
		initiatorMissionID	=	"675",
		initiator_coalition	=	1,
	}, -- end of [592]
	[593] = 
	{
		weapon_type	=	2566,
		type	=	"end shooting",
		initiatorPilotName	=	"flak38",
		t	=	963.957,
		linked_event_id	=	0,
		initiator_unit_type	=	"flak38",
		event_id	=	707,
		initiator_object_id	=	16790272,
		weapon	=	"Flak38_2_cm",
		ammo_consumption	=	0,
		initiator_coalition	=	1,
		initiator_ws_type1	=	2,
		initiatorMissionID	=	"675",
	}, -- end of [593]
	[594] = 
	{
		weapon_type	=	9243142,
		type	=	"shot",
		initiatorPilotName	=	"flak37",
		t	=	964.158,
		initiator_unit_type	=	"flak37",
		linked_event_id	=	0,
		initiator_object_id	=	16789504,
		event_id	=	708,
		weapon	=	"Sprgr. L/4.5 Kz.",
		initiator_coalition	=	1,
		initiator_ws_type1	=	2,
		initiatorMissionID	=	"672",
	}, -- end of [594]
	[595] = 
	{
		weapon_type	=	9243142,
		type	=	"shot",
		initiatorPilotName	=	"flak37",
		t	=	964.305,
		initiator_unit_type	=	"flak37",
		linked_event_id	=	0,
		initiator_object_id	=	16788992,
		event_id	=	709,
		weapon	=	"Sprgr. L/4.5 Kz.",
		initiator_coalition	=	1,
		initiator_ws_type1	=	2,
		initiatorMissionID	=	"670",
	}, -- end of [595]
	[596] = 
	{
		weapon_type	=	9243142,
		type	=	"shot",
		initiatorPilotName	=	"flak37",
		t	=	964.582,
		initiator_unit_type	=	"flak37",
		linked_event_id	=	0,
		initiator_object_id	=	16789248,
		event_id	=	710,
		weapon	=	"Sprgr. L/4.5 Kz.",
		initiator_coalition	=	1,
		initiator_ws_type1	=	2,
		initiatorMissionID	=	"671",
	}, -- end of [596]
	[597] = 
	{
		weapon_type	=	9243142,
		type	=	"shot",
		initiatorPilotName	=	"flak37",
		t	=	964.897,
		initiator_unit_type	=	"flak37",
		linked_event_id	=	0,
		initiator_object_id	=	16789760,
		event_id	=	711,
		weapon	=	"Sprgr. L/4.5 Kz.",
		initiator_coalition	=	1,
		initiator_ws_type1	=	2,
		initiatorMissionID	=	"673",
	}, -- end of [597]
	[598] = 
	{
		weapon_type	=	9243142,
		type	=	"shot",
		initiatorPilotName	=	"flak37",
		t	=	968.917,
		initiator_unit_type	=	"flak37",
		linked_event_id	=	0,
		initiator_object_id	=	16788992,
		event_id	=	712,
		weapon	=	"Sprgr. L/4.5 Kz.",
		initiator_coalition	=	1,
		initiator_ws_type1	=	2,
		initiatorMissionID	=	"670",
	}, -- end of [598]
	[599] = 
	{
		weapon_type	=	9243142,
		type	=	"shot",
		initiatorPilotName	=	"flak37",
		t	=	968.967,
		initiator_unit_type	=	"flak37",
		linked_event_id	=	0,
		initiator_object_id	=	16789504,
		event_id	=	713,
		weapon	=	"Sprgr. L/4.5 Kz.",
		initiator_coalition	=	1,
		initiator_ws_type1	=	2,
		initiatorMissionID	=	"672",
	}, -- end of [599]
	[600] = 
	{
		initiatorPilotName	=	"P-51D",
		target_coalition	=	1,
		linked_event_id	=	0,
		targetMissionID	=	"2",
		failureDisplayName	=	"Rear fuel tank leak stopped",
		target_ws_type1	=	1,
		initiator_object_id	=	16796672,
		target	=	"FW-190A8",
		target_object_id	=	16800256,
		targetPilotName	=	"FW-190A8",
		type	=	"failure",
		target_unit_type	=	"FW-190A8",
		t	=	969.46,
		initiator_unit_type	=	"P-51D",
		event_id	=	714,
		failure	=	"FUEL_TANK_00_LEAK_STOPPED",
		weapon	=	"weapons.shells.50Browning_T_M1",
		initiator_ws_type1	=	1,
		initiatorMissionID	=	"503",
		initiator_coalition	=	2,
	}, -- end of [600]
	[601] = 
	{
		weapon_type	=	9243142,
		type	=	"shot",
		initiatorPilotName	=	"flak37",
		t	=	969.636,
		initiator_unit_type	=	"flak37",
		linked_event_id	=	0,
		initiator_object_id	=	16789760,
		event_id	=	715,
		weapon	=	"Sprgr. L/4.5 Kz.",
		initiator_coalition	=	1,
		initiator_ws_type1	=	2,
		initiatorMissionID	=	"673",
	}, -- end of [601]
	[602] = 
	{
		weapon_type	=	9243142,
		type	=	"shot",
		initiatorPilotName	=	"flak37",
		t	=	970.443,
		initiator_unit_type	=	"flak37",
		linked_event_id	=	0,
		initiator_object_id	=	16793344,
		event_id	=	716,
		weapon	=	"Sprgr. L/4.5 Kz.",
		initiator_coalition	=	1,
		initiator_ws_type1	=	2,
		initiatorMissionID	=	"687",
	}, -- end of [602]
	[603] = 
	{
		weapon_type	=	9243142,
		type	=	"shot",
		initiatorPilotName	=	"flak37",
		t	=	970.443,
		initiator_unit_type	=	"flak37",
		linked_event_id	=	0,
		initiator_object_id	=	16792576,
		event_id	=	717,
		weapon	=	"Sprgr. L/4.5 Kz.",
		initiator_coalition	=	1,
		initiator_ws_type1	=	2,
		initiatorMissionID	=	"684",
	}, -- end of [603]
	[604] = 
	{
		weapon_type	=	9243142,
		type	=	"shot",
		initiatorPilotName	=	"flak37",
		t	=	970.45,
		initiator_unit_type	=	"flak37",
		linked_event_id	=	0,
		initiator_object_id	=	16792832,
		event_id	=	718,
		weapon	=	"Sprgr. L/4.5 Kz.",
		initiator_coalition	=	1,
		initiator_ws_type1	=	2,
		initiatorMissionID	=	"685",
	}, -- end of [604]
	[605] = 
	{
		weapon_type	=	9243142,
		type	=	"shot",
		initiatorPilotName	=	"flak37",
		t	=	970.456,
		initiator_unit_type	=	"flak37",
		linked_event_id	=	0,
		initiator_object_id	=	16793088,
		event_id	=	719,
		weapon	=	"Sprgr. L/4.5 Kz.",
		initiator_coalition	=	1,
		initiator_ws_type1	=	2,
		initiatorMissionID	=	"686",
	}, -- end of [605]
	[606] = 
	{
		weapon_type	=	9243142,
		type	=	"shot",
		initiatorPilotName	=	"flak37",
		t	=	970.521,
		initiator_unit_type	=	"flak37",
		linked_event_id	=	0,
		initiator_object_id	=	16789248,
		event_id	=	720,
		weapon	=	"Sprgr. L/4.5 Kz.",
		initiator_coalition	=	1,
		initiator_ws_type1	=	2,
		initiatorMissionID	=	"671",
	}, -- end of [606]
	[607] = 
	{
		weapon_type	=	9243142,
		initiatorPilotName	=	"flak37",
		target_coalition	=	2,
		linked_event_id	=	713,
		targetMissionID	=	"503",
		target_ws_type1	=	1,
		initiator_object_id	=	16789504,
		target	=	"P-51D",
		target_object_id	=	16796672,
		targetPilotName	=	"P-51D",
		type	=	"hit",
		target_unit_type	=	"P-51D",
		t	=	971.241,
		initiator_unit_type	=	"flak37",
		event_id	=	721,
		weapon	=	"Sprgr. L/4.5 Kz.",
		initiator_ws_type1	=	2,
		initiatorMissionID	=	"672",
		initiator_coalition	=	1,
	}, -- end of [607]
	[608] = 
	{
		weapon_type	=	9243142,
		initiatorPilotName	=	"flak37",
		target_coalition	=	2,
		linked_event_id	=	0,
		targetMissionID	=	"503",
		target_ws_type1	=	1,
		initiator_object_id	=	16789504,
		target	=	"P-51D",
		target_object_id	=	16796672,
		targetPilotName	=	"P-51D",
		type	=	"bda",
		target_unit_type	=	"P-51D",
		t	=	971.241,
		initiator_unit_type	=	"flak37",
		event_id	=	722,
		weapon	=	"Sprgr. L/4.5 Kz.",
		initiator_ws_type1	=	2,
		initiatorMissionID	=	"672",
		initiator_coalition	=	1,
	}, -- end of [608]
	[609] = 
	{
		initiatorPilotName	=	"flak38",
		target_coalition	=	2,
		linked_event_id	=	0,
		targetMissionID	=	"503",
		target_ws_type1	=	1,
		initiator_object_id	=	16790272,
		target	=	"P-51D",
		target_object_id	=	16796672,
		targetPilotName	=	"P-51D",
		type	=	"start shooting",
		target_unit_type	=	"P-51D",
		t	=	973.717,
		initiator_unit_type	=	"flak38",
		event_id	=	723,
		weapon	=	"Flak38_2_cm",
		initiator_ws_type1	=	2,
		initiatorMissionID	=	"675",
		initiator_coalition	=	1,
	}, -- end of [609]
	[610] = 
	{
		weapon_type	=	2566,
		type	=	"end shooting",
		initiatorPilotName	=	"flak38",
		t	=	974.348,
		linked_event_id	=	0,
		initiator_unit_type	=	"flak38",
		event_id	=	724,
		initiator_object_id	=	16790272,
		weapon	=	"Flak38_2_cm",
		ammo_consumption	=	0,
		initiator_coalition	=	1,
		initiator_ws_type1	=	2,
		initiatorMissionID	=	"675",
	}, -- end of [610]
	[611] = 
	{
		initiatorPilotName	=	"flak38",
		target_coalition	=	2,
		linked_event_id	=	0,
		targetMissionID	=	"503",
		target_ws_type1	=	1,
		initiator_object_id	=	16792064,
		target	=	"P-51D",
		target_object_id	=	16796672,
		targetPilotName	=	"P-51D",
		type	=	"start shooting",
		target_unit_type	=	"P-51D",
		t	=	975.878,
		initiator_unit_type	=	"flak38",
		event_id	=	725,
		weapon	=	"Flak38_2_cm",
		initiator_ws_type1	=	2,
		initiatorMissionID	=	"682",
		initiator_coalition	=	1,
	}, -- end of [611]
	[612] = 
	{
		weapon_type	=	2566,
		type	=	"end shooting",
		initiatorPilotName	=	"flak38",
		t	=	976.26,
		linked_event_id	=	0,
		initiator_unit_type	=	"flak38",
		event_id	=	726,
		initiator_object_id	=	16792064,
		weapon	=	"Flak38_2_cm",
		ammo_consumption	=	0,
		initiator_coalition	=	1,
		initiator_ws_type1	=	2,
		initiatorMissionID	=	"682",
	}, -- end of [612]
	[613] = 
	{
		weapon_type	=	9243142,
		type	=	"shot",
		initiatorPilotName	=	"flak37",
		t	=	978.274,
		initiator_unit_type	=	"flak37",
		linked_event_id	=	0,
		initiator_object_id	=	16791552,
		event_id	=	727,
		weapon	=	"Sprgr. L/4.5 Kz.",
		initiator_coalition	=	1,
		initiator_ws_type1	=	2,
		initiatorMissionID	=	"680",
	}, -- end of [613]
	[614] = 
	{
		weapon_type	=	9243142,
		type	=	"shot",
		initiatorPilotName	=	"flak37",
		t	=	978.279,
		initiator_unit_type	=	"flak37",
		linked_event_id	=	0,
		initiator_object_id	=	16791296,
		event_id	=	728,
		weapon	=	"Sprgr. L/4.5 Kz.",
		initiator_coalition	=	1,
		initiator_ws_type1	=	2,
		initiatorMissionID	=	"679",
	}, -- end of [614]
	[615] = 
	{
		weapon_type	=	9243142,
		type	=	"shot",
		initiatorPilotName	=	"flak37",
		t	=	978.29,
		initiator_unit_type	=	"flak37",
		linked_event_id	=	0,
		initiator_object_id	=	16791040,
		event_id	=	729,
		weapon	=	"Sprgr. L/4.5 Kz.",
		initiator_coalition	=	1,
		initiator_ws_type1	=	2,
		initiatorMissionID	=	"678",
	}, -- end of [615]
	[616] = 
	{
		weapon_type	=	9243142,
		type	=	"shot",
		initiatorPilotName	=	"flak37",
		t	=	978.303,
		initiator_unit_type	=	"flak37",
		linked_event_id	=	0,
		initiator_object_id	=	16790784,
		event_id	=	730,
		weapon	=	"Sprgr. L/4.5 Kz.",
		initiator_coalition	=	1,
		initiator_ws_type1	=	2,
		initiatorMissionID	=	"677",
	}, -- end of [616]
	[617] = 
	{
		initiatorPilotName	=	"flak38",
		target_coalition	=	2,
		linked_event_id	=	0,
		targetMissionID	=	"503",
		target_ws_type1	=	1,
		initiator_object_id	=	16790272,
		target	=	"P-51D",
		target_object_id	=	16796672,
		targetPilotName	=	"P-51D",
		type	=	"start shooting",
		target_unit_type	=	"P-51D",
		t	=	979.457,
		initiator_unit_type	=	"flak38",
		event_id	=	731,
		weapon	=	"Flak38_2_cm",
		initiator_ws_type1	=	2,
		initiatorMissionID	=	"675",
		initiator_coalition	=	1,
	}, -- end of [617]
	[618] = 
	{
		weapon_type	=	2566,
		type	=	"end shooting",
		initiatorPilotName	=	"flak38",
		t	=	980.092,
		linked_event_id	=	0,
		initiator_unit_type	=	"flak38",
		event_id	=	732,
		initiator_object_id	=	16790272,
		weapon	=	"Flak38_2_cm",
		ammo_consumption	=	0,
		initiator_coalition	=	1,
		initiator_ws_type1	=	2,
		initiatorMissionID	=	"675",
	}, -- end of [618]
	[619] = 
	{
		weapon_type	=	9243142,
		type	=	"shot",
		initiatorPilotName	=	"flak37",
		t	=	982.74,
		initiator_unit_type	=	"flak37",
		linked_event_id	=	0,
		initiator_object_id	=	16790784,
		event_id	=	733,
		weapon	=	"Sprgr. L/4.5 Kz.",
		initiator_coalition	=	1,
		initiator_ws_type1	=	2,
		initiatorMissionID	=	"677",
	}, -- end of [619]
	[620] = 
	{
		weapon_type	=	9243142,
		type	=	"shot",
		initiatorPilotName	=	"flak37",
		t	=	982.866,
		initiator_unit_type	=	"flak37",
		linked_event_id	=	0,
		initiator_object_id	=	16792832,
		event_id	=	734,
		weapon	=	"Sprgr. L/4.5 Kz.",
		initiator_coalition	=	1,
		initiator_ws_type1	=	2,
		initiatorMissionID	=	"685",
	}, -- end of [620]
	[621] = 
	{
		weapon_type	=	9243142,
		type	=	"shot",
		initiatorPilotName	=	"flak37",
		t	=	982.868,
		initiator_unit_type	=	"flak37",
		linked_event_id	=	0,
		initiator_object_id	=	16792576,
		event_id	=	735,
		weapon	=	"Sprgr. L/4.5 Kz.",
		initiator_coalition	=	1,
		initiator_ws_type1	=	2,
		initiatorMissionID	=	"684",
	}, -- end of [621]
	[622] = 
	{
		weapon_type	=	9243142,
		type	=	"shot",
		initiatorPilotName	=	"flak37",
		t	=	982.871,
		initiator_unit_type	=	"flak37",
		linked_event_id	=	0,
		initiator_object_id	=	16793088,
		event_id	=	736,
		weapon	=	"Sprgr. L/4.5 Kz.",
		initiator_coalition	=	1,
		initiator_ws_type1	=	2,
		initiatorMissionID	=	"686",
	}, -- end of [622]
	[623] = 
	{
		weapon_type	=	9243142,
		type	=	"shot",
		initiatorPilotName	=	"flak37",
		t	=	982.874,
		initiator_unit_type	=	"flak37",
		linked_event_id	=	0,
		initiator_object_id	=	16793344,
		event_id	=	737,
		weapon	=	"Sprgr. L/4.5 Kz.",
		initiator_coalition	=	1,
		initiator_ws_type1	=	2,
		initiatorMissionID	=	"687",
	}, -- end of [623]
	[624] = 
	{
		weapon_type	=	9243142,
		type	=	"shot",
		initiatorPilotName	=	"flak37",
		t	=	983.238,
		initiator_unit_type	=	"flak37",
		linked_event_id	=	0,
		initiator_object_id	=	16791296,
		event_id	=	738,
		weapon	=	"Sprgr. L/4.5 Kz.",
		initiator_coalition	=	1,
		initiator_ws_type1	=	2,
		initiatorMissionID	=	"679",
	}, -- end of [624]
	[625] = 
	{
		weapon_type	=	9243142,
		type	=	"shot",
		initiatorPilotName	=	"flak37",
		t	=	983.329,
		initiator_unit_type	=	"flak37",
		linked_event_id	=	0,
		initiator_object_id	=	16791552,
		event_id	=	739,
		weapon	=	"Sprgr. L/4.5 Kz.",
		initiator_coalition	=	1,
		initiator_ws_type1	=	2,
		initiatorMissionID	=	"680",
	}, -- end of [625]
	[626] = 
	{
		weapon_type	=	9243142,
		type	=	"shot",
		initiatorPilotName	=	"flak37",
		t	=	983.833,
		initiator_unit_type	=	"flak37",
		linked_event_id	=	0,
		initiator_object_id	=	16791040,
		event_id	=	740,
		weapon	=	"Sprgr. L/4.5 Kz.",
		initiator_coalition	=	1,
		initiator_ws_type1	=	2,
		initiatorMissionID	=	"678",
	}, -- end of [626]
	[627] = 
	{
		initiatorPilotName	=	"flak38",
		target_coalition	=	2,
		linked_event_id	=	0,
		targetMissionID	=	"503",
		target_ws_type1	=	1,
		initiator_object_id	=	16790272,
		target	=	"P-51D",
		target_object_id	=	16796672,
		targetPilotName	=	"P-51D",
		type	=	"start shooting",
		target_unit_type	=	"P-51D",
		t	=	984.937,
		initiator_unit_type	=	"flak38",
		event_id	=	741,
		weapon	=	"Flak38_2_cm",
		initiator_ws_type1	=	2,
		initiatorMissionID	=	"675",
		initiator_coalition	=	1,
	}, -- end of [627]
	[628] = 
	{
		initiatorPilotName	=	"flak38",
		target_coalition	=	2,
		linked_event_id	=	0,
		targetMissionID	=	"503",
		target_ws_type1	=	1,
		initiator_object_id	=	16792064,
		target	=	"P-51D",
		target_object_id	=	16796672,
		targetPilotName	=	"P-51D",
		type	=	"start shooting",
		target_unit_type	=	"P-51D",
		t	=	985.098,
		initiator_unit_type	=	"flak38",
		event_id	=	742,
		weapon	=	"Flak38_2_cm",
		initiator_ws_type1	=	2,
		initiatorMissionID	=	"682",
		initiator_coalition	=	1,
	}, -- end of [628]
	[629] = 
	{
		weapon_type	=	2566,
		type	=	"end shooting",
		initiatorPilotName	=	"flak38",
		t	=	985.444,
		linked_event_id	=	0,
		initiator_unit_type	=	"flak38",
		event_id	=	743,
		initiator_object_id	=	16790272,
		weapon	=	"Flak38_2_cm",
		ammo_consumption	=	0,
		initiator_coalition	=	1,
		initiator_ws_type1	=	2,
		initiatorMissionID	=	"675",
	}, -- end of [629]
	[630] = 
	{
		weapon_type	=	2566,
		type	=	"end shooting",
		initiatorPilotName	=	"flak38",
		t	=	985.607,
		linked_event_id	=	0,
		initiator_unit_type	=	"flak38",
		event_id	=	744,
		initiator_object_id	=	16792064,
		weapon	=	"Flak38_2_cm",
		ammo_consumption	=	0,
		initiator_coalition	=	1,
		initiator_ws_type1	=	2,
		initiatorMissionID	=	"682",
	}, -- end of [630]
	[631] = 
	{
		weapon_type	=	9243142,
		type	=	"shot",
		initiatorPilotName	=	"flak37",
		t	=	987.922,
		initiator_unit_type	=	"flak37",
		linked_event_id	=	0,
		initiator_object_id	=	16793344,
		event_id	=	745,
		weapon	=	"Sprgr. L/4.5 Kz.",
		initiator_coalition	=	1,
		initiator_ws_type1	=	2,
		initiatorMissionID	=	"687",
	}, -- end of [631]
	[632] = 
	{
		weapon_type	=	9243142,
		type	=	"shot",
		initiatorPilotName	=	"flak37",
		t	=	988.106,
		initiator_unit_type	=	"flak37",
		linked_event_id	=	0,
		initiator_object_id	=	16793088,
		event_id	=	746,
		weapon	=	"Sprgr. L/4.5 Kz.",
		initiator_coalition	=	1,
		initiator_ws_type1	=	2,
		initiatorMissionID	=	"686",
	}, -- end of [632]
	[633] = 
	{
		weapon_type	=	9243142,
		type	=	"shot",
		initiatorPilotName	=	"flak37",
		t	=	988.134,
		initiator_unit_type	=	"flak37",
		linked_event_id	=	0,
		initiator_object_id	=	16792832,
		event_id	=	747,
		weapon	=	"Sprgr. L/4.5 Kz.",
		initiator_coalition	=	1,
		initiator_ws_type1	=	2,
		initiatorMissionID	=	"685",
	}, -- end of [633]
	[634] = 
	{
		weapon_type	=	9243142,
		type	=	"shot",
		initiatorPilotName	=	"flak37",
		t	=	988.457,
		initiator_unit_type	=	"flak37",
		linked_event_id	=	0,
		initiator_object_id	=	16792576,
		event_id	=	748,
		weapon	=	"Sprgr. L/4.5 Kz.",
		initiator_coalition	=	1,
		initiator_ws_type1	=	2,
		initiatorMissionID	=	"684",
	}, -- end of [634]
	[635] = 
	{
		weapon_type	=	9243142,
		type	=	"shot",
		initiatorPilotName	=	"flak37",
		t	=	988.464,
		initiator_unit_type	=	"flak37",
		linked_event_id	=	0,
		initiator_object_id	=	16791552,
		event_id	=	749,
		weapon	=	"Sprgr. L/4.5 Kz.",
		initiator_coalition	=	1,
		initiator_ws_type1	=	2,
		initiatorMissionID	=	"680",
	}, -- end of [635]
	[636] = 
	{
		weapon_type	=	9243142,
		type	=	"shot",
		initiatorPilotName	=	"flak37",
		t	=	988.719,
		initiator_unit_type	=	"flak37",
		linked_event_id	=	0,
		initiator_object_id	=	16790784,
		event_id	=	750,
		weapon	=	"Sprgr. L/4.5 Kz.",
		initiator_coalition	=	1,
		initiator_ws_type1	=	2,
		initiatorMissionID	=	"677",
	}, -- end of [636]
	[637] = 
	{
		weapon_type	=	9243142,
		type	=	"shot",
		initiatorPilotName	=	"flak37",
		t	=	988.818,
		initiator_unit_type	=	"flak37",
		linked_event_id	=	0,
		initiator_object_id	=	16791296,
		event_id	=	751,
		weapon	=	"Sprgr. L/4.5 Kz.",
		initiator_coalition	=	1,
		initiator_ws_type1	=	2,
		initiatorMissionID	=	"679",
	}, -- end of [637]
	[638] = 
	{
		weapon_type	=	9243142,
		type	=	"shot",
		initiatorPilotName	=	"flak37",
		t	=	989.023,
		initiator_unit_type	=	"flak37",
		linked_event_id	=	0,
		initiator_object_id	=	16791040,
		event_id	=	752,
		weapon	=	"Sprgr. L/4.5 Kz.",
		initiator_coalition	=	1,
		initiator_ws_type1	=	2,
		initiatorMissionID	=	"678",
	}, -- end of [638]
	[639] = 
	{
		weapon_type	=	9243142,
		type	=	"shot",
		initiatorPilotName	=	"flak37",
		t	=	990.817,
		initiator_unit_type	=	"flak37",
		linked_event_id	=	0,
		initiator_object_id	=	16789760,
		event_id	=	753,
		weapon	=	"Sprgr. L/4.5 Kz.",
		initiator_coalition	=	1,
		initiator_ws_type1	=	2,
		initiatorMissionID	=	"673",
	}, -- end of [639]
	[640] = 
	{
		weapon_type	=	9243142,
		type	=	"shot",
		initiatorPilotName	=	"flak37",
		t	=	990.817,
		initiator_unit_type	=	"flak37",
		linked_event_id	=	0,
		initiator_object_id	=	16788992,
		event_id	=	754,
		weapon	=	"Sprgr. L/4.5 Kz.",
		initiator_coalition	=	1,
		initiator_ws_type1	=	2,
		initiatorMissionID	=	"670",
	}, -- end of [640]
	[641] = 
	{
		weapon_type	=	9243142,
		type	=	"shot",
		initiatorPilotName	=	"flak37",
		t	=	990.823,
		initiator_unit_type	=	"flak37",
		linked_event_id	=	0,
		initiator_object_id	=	16789504,
		event_id	=	755,
		weapon	=	"Sprgr. L/4.5 Kz.",
		initiator_coalition	=	1,
		initiator_ws_type1	=	2,
		initiatorMissionID	=	"672",
	}, -- end of [641]
	[642] = 
	{
		weapon_type	=	9243142,
		type	=	"shot",
		initiatorPilotName	=	"flak37",
		t	=	990.827,
		initiator_unit_type	=	"flak37",
		linked_event_id	=	0,
		initiator_object_id	=	16789248,
		event_id	=	756,
		weapon	=	"Sprgr. L/4.5 Kz.",
		initiator_coalition	=	1,
		initiator_ws_type1	=	2,
		initiatorMissionID	=	"671",
	}, -- end of [642]
	[643] = 
	{
		weapon_type	=	9243142,
		initiatorPilotName	=	"flak37",
		target_coalition	=	2,
		linked_event_id	=	751,
		targetMissionID	=	"503",
		target_ws_type1	=	1,
		initiator_object_id	=	16791296,
		target	=	"P-51D",
		target_object_id	=	16796672,
		targetPilotName	=	"P-51D",
		type	=	"hit",
		target_unit_type	=	"P-51D",
		t	=	990.941,
		initiator_unit_type	=	"flak37",
		event_id	=	757,
		weapon	=	"Sprgr. L/4.5 Kz.",
		initiator_ws_type1	=	2,
		initiatorMissionID	=	"679",
		initiator_coalition	=	1,
	}, -- end of [643]
	[644] = 
	{
		weapon_type	=	9243142,
		initiatorPilotName	=	"flak37",
		target_coalition	=	2,
		linked_event_id	=	0,
		targetMissionID	=	"503",
		target_ws_type1	=	1,
		initiator_object_id	=	16791296,
		target	=	"P-51D",
		target_object_id	=	16796672,
		targetPilotName	=	"P-51D",
		type	=	"bda",
		target_unit_type	=	"P-51D",
		t	=	990.941,
		initiator_unit_type	=	"flak37",
		event_id	=	758,
		weapon	=	"Sprgr. L/4.5 Kz.",
		initiator_ws_type1	=	2,
		initiatorMissionID	=	"679",
		initiator_coalition	=	1,
	}, -- end of [644]
	[645] = 
	{
		type	=	"ai abort mission",
		initiatorPilotName	=	"P-51D",
		t	=	991.461,
		initiator_unit_type	=	"P-51D",
		initiator_object_id	=	16796672,
		linked_event_id	=	0,
		event_id	=	759,
		initiator_coalition	=	2,
		initiator_ws_type1	=	1,
		initiatorMissionID	=	"503",
	}, -- end of [645]
	[646] = 
	{
		initiatorPilotName	=	"flak38",
		target_coalition	=	2,
		linked_event_id	=	0,
		targetMissionID	=	"503",
		target_ws_type1	=	1,
		initiator_object_id	=	16792064,
		target	=	"P-51D",
		target_object_id	=	16796672,
		targetPilotName	=	"P-51D",
		type	=	"start shooting",
		target_unit_type	=	"P-51D",
		t	=	991.638,
		initiator_unit_type	=	"flak38",
		event_id	=	760,
		weapon	=	"Flak38_2_cm",
		initiator_ws_type1	=	2,
		initiatorMissionID	=	"682",
		initiator_coalition	=	1,
	}, -- end of [646]
	[647] = 
	{
		weapon_type	=	2566,
		type	=	"end shooting",
		initiatorPilotName	=	"flak38",
		t	=	992.269,
		linked_event_id	=	0,
		initiator_unit_type	=	"flak38",
		event_id	=	761,
		initiator_object_id	=	16792064,
		weapon	=	"Flak38_2_cm",
		ammo_consumption	=	0,
		initiator_coalition	=	1,
		initiator_ws_type1	=	2,
		initiatorMissionID	=	"682",
	}, -- end of [647]
	[648] = 
	{
		weapon_type	=	9243142,
		type	=	"shot",
		initiatorPilotName	=	"flak37",
		t	=	993.426,
		initiator_unit_type	=	"flak37",
		linked_event_id	=	0,
		initiator_object_id	=	16792576,
		event_id	=	762,
		weapon	=	"Sprgr. L/4.5 Kz.",
		initiator_coalition	=	1,
		initiator_ws_type1	=	2,
		initiatorMissionID	=	"684",
	}, -- end of [648]
	[649] = 
	{
		weapon_type	=	9243142,
		type	=	"shot",
		initiatorPilotName	=	"flak37",
		t	=	993.503,
		initiator_unit_type	=	"flak37",
		linked_event_id	=	0,
		initiator_object_id	=	16793344,
		event_id	=	763,
		weapon	=	"Sprgr. L/4.5 Kz.",
		initiator_coalition	=	1,
		initiator_ws_type1	=	2,
		initiatorMissionID	=	"687",
	}, -- end of [649]
	[650] = 
	{
		weapon_type	=	9243142,
		type	=	"shot",
		initiatorPilotName	=	"flak37",
		t	=	993.962,
		initiator_unit_type	=	"flak37",
		linked_event_id	=	0,
		initiator_object_id	=	16792832,
		event_id	=	764,
		weapon	=	"Sprgr. L/4.5 Kz.",
		initiator_coalition	=	1,
		initiator_ws_type1	=	2,
		initiatorMissionID	=	"685",
	}, -- end of [650]
	[651] = 
	{
		weapon_type	=	9243142,
		type	=	"shot",
		initiatorPilotName	=	"flak37",
		t	=	994.078,
		initiator_unit_type	=	"flak37",
		linked_event_id	=	0,
		initiator_object_id	=	16793088,
		event_id	=	765,
		weapon	=	"Sprgr. L/4.5 Kz.",
		initiator_coalition	=	1,
		initiator_ws_type1	=	2,
		initiatorMissionID	=	"686",
	}, -- end of [651]
	[652] = 
	{
		weapon_type	=	9243142,
		type	=	"shot",
		initiatorPilotName	=	"flak37",
		t	=	995.249,
		initiator_unit_type	=	"flak37",
		linked_event_id	=	0,
		initiator_object_id	=	16789504,
		event_id	=	766,
		weapon	=	"Sprgr. L/4.5 Kz.",
		initiator_coalition	=	1,
		initiator_ws_type1	=	2,
		initiatorMissionID	=	"672",
	}, -- end of [652]
	[653] = 
	{
		weapon_type	=	9243142,
		type	=	"shot",
		initiatorPilotName	=	"flak37",
		t	=	995.783,
		initiator_unit_type	=	"flak37",
		linked_event_id	=	0,
		initiator_object_id	=	16788992,
		event_id	=	767,
		weapon	=	"Sprgr. L/4.5 Kz.",
		initiator_coalition	=	1,
		initiator_ws_type1	=	2,
		initiatorMissionID	=	"670",
	}, -- end of [653]
	[654] = 
	{
		weapon_type	=	9243142,
		type	=	"shot",
		initiatorPilotName	=	"flak37",
		t	=	996.092,
		initiator_unit_type	=	"flak37",
		linked_event_id	=	0,
		initiator_object_id	=	16789248,
		event_id	=	768,
		weapon	=	"Sprgr. L/4.5 Kz.",
		initiator_coalition	=	1,
		initiator_ws_type1	=	2,
		initiatorMissionID	=	"671",
	}, -- end of [654]
	[655] = 
	{
		weapon_type	=	9243142,
		type	=	"shot",
		initiatorPilotName	=	"flak37",
		t	=	996.458,
		initiator_unit_type	=	"flak37",
		linked_event_id	=	0,
		initiator_object_id	=	16789760,
		event_id	=	769,
		weapon	=	"Sprgr. L/4.5 Kz.",
		initiator_coalition	=	1,
		initiator_ws_type1	=	2,
		initiatorMissionID	=	"673",
	}, -- end of [655]
	[656] = 
	{
		initiatorPilotName	=	"flak38",
		target_coalition	=	2,
		linked_event_id	=	0,
		targetMissionID	=	"503",
		target_ws_type1	=	1,
		initiator_object_id	=	16792064,
		target	=	"P-51D",
		target_object_id	=	16796672,
		targetPilotName	=	"P-51D",
		type	=	"start shooting",
		target_unit_type	=	"P-51D",
		t	=	997.538,
		initiator_unit_type	=	"flak38",
		event_id	=	770,
		weapon	=	"Flak38_2_cm",
		initiator_ws_type1	=	2,
		initiatorMissionID	=	"682",
		initiator_coalition	=	1,
	}, -- end of [656]
	[657] = 
	{
		weapon_type	=	2566,
		type	=	"end shooting",
		initiatorPilotName	=	"flak38",
		t	=	997.664,
		linked_event_id	=	0,
		initiator_unit_type	=	"flak38",
		event_id	=	771,
		initiator_object_id	=	16792064,
		weapon	=	"Flak38_2_cm",
		ammo_consumption	=	0,
		initiator_coalition	=	1,
		initiator_ws_type1	=	2,
		initiatorMissionID	=	"682",
	}, -- end of [657]
	[658] = 
	{
		weapon_type	=	9243142,
		type	=	"shot",
		initiatorPilotName	=	"flak37",
		t	=	998.62,
		initiator_unit_type	=	"flak37",
		linked_event_id	=	0,
		initiator_object_id	=	16793344,
		event_id	=	772,
		weapon	=	"Sprgr. L/4.5 Kz.",
		initiator_coalition	=	1,
		initiator_ws_type1	=	2,
		initiatorMissionID	=	"687",
	}, -- end of [658]
	[659] = 
	{
		weapon_type	=	9243142,
		type	=	"shot",
		initiatorPilotName	=	"flak37",
		t	=	998.833,
		initiator_unit_type	=	"flak37",
		linked_event_id	=	0,
		initiator_object_id	=	16792576,
		event_id	=	773,
		weapon	=	"Sprgr. L/4.5 Kz.",
		initiator_coalition	=	1,
		initiator_ws_type1	=	2,
		initiatorMissionID	=	"684",
	}, -- end of [659]
	[660] = 
	{
		weapon_type	=	9243142,
		type	=	"shot",
		initiatorPilotName	=	"flak37",
		t	=	999.038,
		initiator_unit_type	=	"flak37",
		linked_event_id	=	0,
		initiator_object_id	=	16792832,
		event_id	=	774,
		weapon	=	"Sprgr. L/4.5 Kz.",
		initiator_coalition	=	1,
		initiator_ws_type1	=	2,
		initiatorMissionID	=	"685",
	}, -- end of [660]
	[661] = 
	{
		weapon_type	=	9243142,
		type	=	"shot",
		initiatorPilotName	=	"flak37",
		t	=	999.492,
		initiator_unit_type	=	"flak37",
		linked_event_id	=	0,
		initiator_object_id	=	16793088,
		event_id	=	775,
		weapon	=	"Sprgr. L/4.5 Kz.",
		initiator_coalition	=	1,
		initiator_ws_type1	=	2,
		initiatorMissionID	=	"686",
	}, -- end of [661]
	[662] = 
	{
		weapon_type	=	9243142,
		type	=	"shot",
		initiatorPilotName	=	"flak37",
		t	=	1000.871,
		initiator_unit_type	=	"flak37",
		linked_event_id	=	0,
		initiator_object_id	=	16789248,
		event_id	=	776,
		weapon	=	"Sprgr. L/4.5 Kz.",
		initiator_coalition	=	1,
		initiator_ws_type1	=	2,
		initiatorMissionID	=	"671",
	}, -- end of [662]
	[663] = 
	{
		weapon_type	=	9243142,
		type	=	"shot",
		initiatorPilotName	=	"flak37",
		t	=	1000.871,
		initiator_unit_type	=	"flak37",
		linked_event_id	=	0,
		initiator_object_id	=	16789504,
		event_id	=	777,
		weapon	=	"Sprgr. L/4.5 Kz.",
		initiator_coalition	=	1,
		initiator_ws_type1	=	2,
		initiatorMissionID	=	"672",
	}, -- end of [663]
	[664] = 
	{
		weapon_type	=	9243142,
		type	=	"shot",
		initiatorPilotName	=	"flak37",
		t	=	1001.061,
		initiator_unit_type	=	"flak37",
		linked_event_id	=	0,
		initiator_object_id	=	16788992,
		event_id	=	778,
		weapon	=	"Sprgr. L/4.5 Kz.",
		initiator_coalition	=	1,
		initiator_ws_type1	=	2,
		initiatorMissionID	=	"670",
	}, -- end of [664]
	[665] = 
	{
		weapon_type	=	9243142,
		type	=	"shot",
		initiatorPilotName	=	"flak37",
		t	=	1002.668,
		initiator_unit_type	=	"flak37",
		linked_event_id	=	0,
		initiator_object_id	=	16789760,
		event_id	=	779,
		weapon	=	"Sprgr. L/4.5 Kz.",
		initiator_coalition	=	1,
		initiator_ws_type1	=	2,
		initiatorMissionID	=	"673",
	}, -- end of [665]
	[666] = 
	{
		weapon_type	=	9243142,
		type	=	"shot",
		initiatorPilotName	=	"flak37",
		t	=	1003.705,
		initiator_unit_type	=	"flak37",
		linked_event_id	=	0,
		initiator_object_id	=	16792576,
		event_id	=	780,
		weapon	=	"Sprgr. L/4.5 Kz.",
		initiator_coalition	=	1,
		initiator_ws_type1	=	2,
		initiatorMissionID	=	"684",
	}, -- end of [666]
	[667] = 
	{
		weapon_type	=	9243142,
		type	=	"shot",
		initiatorPilotName	=	"flak37",
		t	=	1003.73,
		initiator_unit_type	=	"flak37",
		linked_event_id	=	0,
		initiator_object_id	=	16793344,
		event_id	=	781,
		weapon	=	"Sprgr. L/4.5 Kz.",
		initiator_coalition	=	1,
		initiator_ws_type1	=	2,
		initiatorMissionID	=	"687",
	}, -- end of [667]
	[668] = 
	{
		weapon_type	=	9243142,
		type	=	"shot",
		initiatorPilotName	=	"flak37",
		t	=	1004.744,
		initiator_unit_type	=	"flak37",
		linked_event_id	=	0,
		initiator_object_id	=	16793088,
		event_id	=	782,
		weapon	=	"Sprgr. L/4.5 Kz.",
		initiator_coalition	=	1,
		initiator_ws_type1	=	2,
		initiatorMissionID	=	"686",
	}, -- end of [668]
	[669] = 
	{
		weapon_type	=	9243142,
		type	=	"shot",
		initiatorPilotName	=	"flak37",
		t	=	1004.83,
		initiator_unit_type	=	"flak37",
		linked_event_id	=	0,
		initiator_object_id	=	16792832,
		event_id	=	783,
		weapon	=	"Sprgr. L/4.5 Kz.",
		initiator_coalition	=	1,
		initiator_ws_type1	=	2,
		initiatorMissionID	=	"685",
	}, -- end of [669]
	[670] = 
	{
		initiatorPilotName	=	"flak38",
		target_coalition	=	2,
		linked_event_id	=	0,
		targetMissionID	=	"503",
		target_ws_type1	=	1,
		initiator_object_id	=	16793856,
		target	=	"P-51D",
		target_object_id	=	16796672,
		targetPilotName	=	"P-51D",
		type	=	"start shooting",
		target_unit_type	=	"P-51D",
		t	=	1005.283,
		initiator_unit_type	=	"flak38",
		event_id	=	784,
		weapon	=	"Flak38_2_cm",
		initiator_ws_type1	=	2,
		initiatorMissionID	=	"689",
		initiator_coalition	=	1,
	}, -- end of [670]
	[671] = 
	{
		weapon_type	=	2566,
		type	=	"end shooting",
		initiatorPilotName	=	"flak38",
		t	=	1005.67,
		linked_event_id	=	0,
		initiator_unit_type	=	"flak38",
		event_id	=	785,
		initiator_object_id	=	16793856,
		weapon	=	"Flak38_2_cm",
		ammo_consumption	=	0,
		initiator_coalition	=	1,
		initiator_ws_type1	=	2,
		initiatorMissionID	=	"689",
	}, -- end of [671]
	[672] = 
	{
		initiatorPilotName	=	"flak38",
		target_coalition	=	2,
		linked_event_id	=	0,
		targetMissionID	=	"503",
		target_ws_type1	=	1,
		initiator_object_id	=	16792064,
		target	=	"P-51D",
		target_object_id	=	16796672,
		targetPilotName	=	"P-51D",
		type	=	"start shooting",
		target_unit_type	=	"P-51D",
		t	=	1005.818,
		initiator_unit_type	=	"flak38",
		event_id	=	786,
		weapon	=	"Flak38_2_cm",
		initiator_ws_type1	=	2,
		initiatorMissionID	=	"682",
		initiator_coalition	=	1,
	}, -- end of [672]
	[673] = 
	{
		weapon_type	=	9243142,
		type	=	"shot",
		initiatorPilotName	=	"flak37",
		t	=	1005.847,
		initiator_unit_type	=	"flak37",
		linked_event_id	=	0,
		initiator_object_id	=	16789504,
		event_id	=	787,
		weapon	=	"Sprgr. L/4.5 Kz.",
		initiator_coalition	=	1,
		initiator_ws_type1	=	2,
		initiatorMissionID	=	"672",
	}, -- end of [673]
	[674] = 
	{
		weapon_type	=	9243142,
		type	=	"shot",
		initiatorPilotName	=	"flak37",
		t	=	1005.945,
		initiator_unit_type	=	"flak37",
		linked_event_id	=	0,
		initiator_object_id	=	16788992,
		event_id	=	788,
		weapon	=	"Sprgr. L/4.5 Kz.",
		initiator_coalition	=	1,
		initiator_ws_type1	=	2,
		initiatorMissionID	=	"670",
	}, -- end of [674]
	[675] = 
	{
		weapon_type	=	9243142,
		type	=	"shot",
		initiatorPilotName	=	"flak37",
		t	=	1006.55,
		initiator_unit_type	=	"flak37",
		linked_event_id	=	0,
		initiator_object_id	=	16789248,
		event_id	=	789,
		weapon	=	"Sprgr. L/4.5 Kz.",
		initiator_coalition	=	1,
		initiator_ws_type1	=	2,
		initiatorMissionID	=	"671",
	}, -- end of [675]
	[676] = 
	{
		weapon_type	=	2566,
		type	=	"end shooting",
		initiatorPilotName	=	"flak38",
		t	=	1006.573,
		linked_event_id	=	0,
		initiator_unit_type	=	"flak38",
		event_id	=	790,
		initiator_object_id	=	16792064,
		weapon	=	"Flak38_2_cm",
		ammo_consumption	=	0,
		initiator_coalition	=	1,
		initiator_ws_type1	=	2,
		initiatorMissionID	=	"682",
	}, -- end of [676]
	[677] = 
	{
		weapon_type	=	9243142,
		type	=	"shot",
		initiatorPilotName	=	"flak37",
		t	=	1006.992,
		initiator_unit_type	=	"flak37",
		linked_event_id	=	0,
		initiator_object_id	=	16789760,
		event_id	=	791,
		weapon	=	"Sprgr. L/4.5 Kz.",
		initiator_coalition	=	1,
		initiator_ws_type1	=	2,
		initiatorMissionID	=	"673",
	}, -- end of [677]
	[678] = 
	{
		weapon_type	=	9243142,
		type	=	"shot",
		initiatorPilotName	=	"flak37",
		t	=	1007.874,
		initiator_unit_type	=	"flak37",
		linked_event_id	=	0,
		initiator_object_id	=	16793344,
		event_id	=	792,
		weapon	=	"Sprgr. L/4.5 Kz.",
		initiator_coalition	=	1,
		initiator_ws_type1	=	2,
		initiatorMissionID	=	"687",
	}, -- end of [678]
	[679] = 
	{
		initiatorPilotName	=	"flak30",
		target_coalition	=	2,
		linked_event_id	=	0,
		targetMissionID	=	"504",
		target_ws_type1	=	1,
		initiator_object_id	=	16795136,
		target	=	"P-51D",
		target_object_id	=	16796928,
		targetPilotName	=	"P-51D",
		type	=	"start shooting",
		target_unit_type	=	"P-51D",
		t	=	1008.281,
		initiator_unit_type	=	"flak30",
		event_id	=	793,
		weapon	=	"Flak38_2_cm",
		initiator_ws_type1	=	2,
		initiatorMissionID	=	"700",
		initiator_coalition	=	1,
	}, -- end of [679]
	[680] = 
	{
		weapon_type	=	2566,
		type	=	"end shooting",
		initiatorPilotName	=	"flak30",
		t	=	1008.533,
		linked_event_id	=	0,
		initiator_unit_type	=	"flak30",
		event_id	=	794,
		initiator_object_id	=	16795136,
		weapon	=	"Flak38_2_cm",
		ammo_consumption	=	0,
		initiator_coalition	=	1,
		initiator_ws_type1	=	2,
		initiatorMissionID	=	"700",
	}, -- end of [680]
	[681] = 
	{
		weapon_type	=	9243142,
		type	=	"shot",
		initiatorPilotName	=	"flak37",
		t	=	1008.562,
		initiator_unit_type	=	"flak37",
		linked_event_id	=	0,
		initiator_object_id	=	16791040,
		event_id	=	795,
		weapon	=	"Sprgr. L/4.5 Kz.",
		initiator_coalition	=	1,
		initiator_ws_type1	=	2,
		initiatorMissionID	=	"678",
	}, -- end of [681]
	[682] = 
	{
		weapon_type	=	9243142,
		type	=	"shot",
		initiatorPilotName	=	"flak37",
		t	=	1008.563,
		initiator_unit_type	=	"flak37",
		linked_event_id	=	0,
		initiator_object_id	=	16791552,
		event_id	=	796,
		weapon	=	"Sprgr. L/4.5 Kz.",
		initiator_coalition	=	1,
		initiator_ws_type1	=	2,
		initiatorMissionID	=	"680",
	}, -- end of [682]
	[683] = 
	{
		weapon_type	=	9243142,
		type	=	"shot",
		initiatorPilotName	=	"flak37",
		t	=	1008.569,
		initiator_unit_type	=	"flak37",
		linked_event_id	=	0,
		initiator_object_id	=	16790784,
		event_id	=	797,
		weapon	=	"Sprgr. L/4.5 Kz.",
		initiator_coalition	=	1,
		initiator_ws_type1	=	2,
		initiatorMissionID	=	"677",
	}, -- end of [683]
	[684] = 
	{
		weapon_type	=	9243142,
		type	=	"shot",
		initiatorPilotName	=	"flak37",
		t	=	1008.576,
		initiator_unit_type	=	"flak37",
		linked_event_id	=	0,
		initiator_object_id	=	16791296,
		event_id	=	798,
		weapon	=	"Sprgr. L/4.5 Kz.",
		initiator_coalition	=	1,
		initiator_ws_type1	=	2,
		initiatorMissionID	=	"679",
	}, -- end of [684]
	[685] = 
	{
		weapon_type	=	9243142,
		type	=	"shot",
		initiatorPilotName	=	"flak37",
		t	=	1009.143,
		initiator_unit_type	=	"flak37",
		linked_event_id	=	0,
		initiator_object_id	=	16792576,
		event_id	=	799,
		weapon	=	"Sprgr. L/4.5 Kz.",
		initiator_coalition	=	1,
		initiator_ws_type1	=	2,
		initiatorMissionID	=	"684",
	}, -- end of [685]
	[686] = 
	{
		weapon_type	=	9243142,
		type	=	"shot",
		initiatorPilotName	=	"flak37",
		t	=	1009.639,
		initiator_unit_type	=	"flak37",
		linked_event_id	=	0,
		initiator_object_id	=	16793088,
		event_id	=	800,
		weapon	=	"Sprgr. L/4.5 Kz.",
		initiator_coalition	=	1,
		initiator_ws_type1	=	2,
		initiatorMissionID	=	"686",
	}, -- end of [686]
	[687] = 
	{
		initiatorPilotName	=	"flak30",
		target_coalition	=	2,
		linked_event_id	=	0,
		targetMissionID	=	"504",
		target_ws_type1	=	1,
		initiator_object_id	=	16795392,
		target	=	"P-51D",
		target_object_id	=	16796928,
		targetPilotName	=	"P-51D",
		type	=	"start shooting",
		target_unit_type	=	"P-51D",
		t	=	1010.041,
		initiator_unit_type	=	"flak30",
		event_id	=	801,
		weapon	=	"Flak38_2_cm",
		initiator_ws_type1	=	2,
		initiatorMissionID	=	"701",
		initiator_coalition	=	1,
	}, -- end of [687]
	[688] = 
	{
		weapon_type	=	9243142,
		type	=	"shot",
		initiatorPilotName	=	"flak37",
		t	=	1010.128,
		initiator_unit_type	=	"flak37",
		linked_event_id	=	0,
		initiator_object_id	=	16789504,
		event_id	=	802,
		weapon	=	"Sprgr. L/4.5 Kz.",
		initiator_coalition	=	1,
		initiator_ws_type1	=	2,
		initiatorMissionID	=	"672",
	}, -- end of [688]
	[689] = 
	{
		weapon_type	=	9243142,
		type	=	"shot",
		initiatorPilotName	=	"flak37",
		t	=	1010.258,
		initiator_unit_type	=	"flak37",
		linked_event_id	=	0,
		initiator_object_id	=	16792832,
		event_id	=	803,
		weapon	=	"Sprgr. L/4.5 Kz.",
		initiator_coalition	=	1,
		initiator_ws_type1	=	2,
		initiatorMissionID	=	"685",
	}, -- end of [689]
	[690] = 
	{
		weapon_type	=	2566,
		type	=	"end shooting",
		initiatorPilotName	=	"flak30",
		t	=	1010.293,
		linked_event_id	=	0,
		initiator_unit_type	=	"flak30",
		event_id	=	804,
		initiator_object_id	=	16795392,
		weapon	=	"Flak38_2_cm",
		ammo_consumption	=	0,
		initiator_coalition	=	1,
		initiator_ws_type1	=	2,
		initiatorMissionID	=	"701",
	}, -- end of [690]
	[691] = 
	{
		weapon_type	=	9243142,
		type	=	"shot",
		initiatorPilotName	=	"flak37",
		t	=	1011.156,
		initiator_unit_type	=	"flak37",
		linked_event_id	=	0,
		initiator_object_id	=	16788992,
		event_id	=	805,
		weapon	=	"Sprgr. L/4.5 Kz.",
		initiator_coalition	=	1,
		initiator_ws_type1	=	2,
		initiatorMissionID	=	"670",
	}, -- end of [691]
	[692] = 
	{
		weapon_type	=	9243142,
		type	=	"shot",
		initiatorPilotName	=	"flak37",
		t	=	1011.62,
		initiator_unit_type	=	"flak37",
		linked_event_id	=	0,
		initiator_object_id	=	16789760,
		event_id	=	806,
		weapon	=	"Sprgr. L/4.5 Kz.",
		initiator_coalition	=	1,
		initiator_ws_type1	=	2,
		initiatorMissionID	=	"673",
	}, -- end of [692]
	[693] = 
	{
		initiatorPilotName	=	"flak38",
		target_coalition	=	2,
		linked_event_id	=	0,
		targetMissionID	=	"503",
		target_ws_type1	=	1,
		initiator_object_id	=	16792064,
		target	=	"P-51D",
		target_object_id	=	16796672,
		targetPilotName	=	"P-51D",
		type	=	"start shooting",
		target_unit_type	=	"P-51D",
		t	=	1011.658,
		initiator_unit_type	=	"flak38",
		event_id	=	807,
		weapon	=	"Flak38_2_cm",
		initiator_ws_type1	=	2,
		initiatorMissionID	=	"682",
		initiator_coalition	=	1,
	}, -- end of [693]
	[694] = 
	{
		weapon_type	=	9243142,
		type	=	"shot",
		initiatorPilotName	=	"flak37",
		t	=	1011.989,
		initiator_unit_type	=	"flak37",
		linked_event_id	=	0,
		initiator_object_id	=	16789248,
		event_id	=	808,
		weapon	=	"Sprgr. L/4.5 Kz.",
		initiator_coalition	=	1,
		initiator_ws_type1	=	2,
		initiatorMissionID	=	"671",
	}, -- end of [694]
	[695] = 
	{
		weapon_type	=	2566,
		type	=	"end shooting",
		initiatorPilotName	=	"flak38",
		t	=	1012.158,
		linked_event_id	=	0,
		initiator_unit_type	=	"flak38",
		event_id	=	809,
		initiator_object_id	=	16792064,
		weapon	=	"Flak38_2_cm",
		ammo_consumption	=	0,
		initiator_coalition	=	1,
		initiator_ws_type1	=	2,
		initiatorMissionID	=	"682",
	}, -- end of [695]
	[696] = 
	{
		weapon_type	=	9243142,
		type	=	"shot",
		initiatorPilotName	=	"flak37",
		t	=	1012.39,
		initiator_unit_type	=	"flak37",
		linked_event_id	=	0,
		initiator_object_id	=	16793344,
		event_id	=	810,
		weapon	=	"Sprgr. L/4.5 Kz.",
		initiator_coalition	=	1,
		initiator_ws_type1	=	2,
		initiatorMissionID	=	"687",
	}, -- end of [696]
	[697] = 
	{
		weapon_type	=	9243142,
		type	=	"shot",
		initiatorPilotName	=	"flak37",
		t	=	1012.957,
		initiator_unit_type	=	"flak37",
		linked_event_id	=	0,
		initiator_object_id	=	16791296,
		event_id	=	811,
		weapon	=	"Sprgr. L/4.5 Kz.",
		initiator_coalition	=	1,
		initiator_ws_type1	=	2,
		initiatorMissionID	=	"679",
	}, -- end of [697]
	[698] = 
	{
		weapon_type	=	9243142,
		type	=	"shot",
		initiatorPilotName	=	"flak37",
		t	=	1013.515,
		initiator_unit_type	=	"flak37",
		linked_event_id	=	0,
		initiator_object_id	=	16791040,
		event_id	=	812,
		weapon	=	"Sprgr. L/4.5 Kz.",
		initiator_coalition	=	1,
		initiator_ws_type1	=	2,
		initiatorMissionID	=	"678",
	}, -- end of [698]
	[699] = 
	{
		weapon_type	=	9243142,
		type	=	"shot",
		initiatorPilotName	=	"flak37",
		t	=	1013.994,
		initiator_unit_type	=	"flak37",
		linked_event_id	=	0,
		initiator_object_id	=	16791552,
		event_id	=	813,
		weapon	=	"Sprgr. L/4.5 Kz.",
		initiator_coalition	=	1,
		initiator_ws_type1	=	2,
		initiatorMissionID	=	"680",
	}, -- end of [699]
	[700] = 
	{
		weapon_type	=	9243142,
		type	=	"shot",
		initiatorPilotName	=	"flak37",
		t	=	1014.089,
		initiator_unit_type	=	"flak37",
		linked_event_id	=	0,
		initiator_object_id	=	16790784,
		event_id	=	814,
		weapon	=	"Sprgr. L/4.5 Kz.",
		initiator_coalition	=	1,
		initiator_ws_type1	=	2,
		initiatorMissionID	=	"677",
	}, -- end of [700]
	[701] = 
	{
		weapon_type	=	9243142,
		type	=	"shot",
		initiatorPilotName	=	"flak37",
		t	=	1014.723,
		initiator_unit_type	=	"flak37",
		linked_event_id	=	0,
		initiator_object_id	=	16792576,
		event_id	=	815,
		weapon	=	"Sprgr. L/4.5 Kz.",
		initiator_coalition	=	1,
		initiator_ws_type1	=	2,
		initiatorMissionID	=	"684",
	}, -- end of [701]
	[702] = 
	{
		weapon_type	=	9243142,
		initiatorPilotName	=	"flak37",
		target_coalition	=	2,
		linked_event_id	=	803,
		targetMissionID	=	"503",
		target_ws_type1	=	1,
		initiator_object_id	=	16792832,
		target	=	"P-51D",
		target_object_id	=	16796672,
		targetPilotName	=	"P-51D",
		type	=	"hit",
		target_unit_type	=	"P-51D",
		t	=	1014.741,
		initiator_unit_type	=	"flak37",
		event_id	=	816,
		weapon	=	"Sprgr. L/4.5 Kz.",
		initiator_ws_type1	=	2,
		initiatorMissionID	=	"685",
		initiator_coalition	=	1,
	}, -- end of [702]
	[703] = 
	{
		weapon_type	=	9243142,
		initiatorPilotName	=	"flak37",
		target_coalition	=	2,
		linked_event_id	=	0,
		targetMissionID	=	"503",
		target_ws_type1	=	1,
		initiator_object_id	=	16792832,
		target	=	"P-51D",
		target_object_id	=	16796672,
		targetPilotName	=	"P-51D",
		type	=	"bda",
		target_unit_type	=	"P-51D",
		t	=	1014.741,
		initiator_unit_type	=	"flak37",
		event_id	=	817,
		weapon	=	"Sprgr. L/4.5 Kz.",
		initiator_ws_type1	=	2,
		initiatorMissionID	=	"685",
		initiator_coalition	=	1,
	}, -- end of [703]
	[704] = 
	{
		weapon_type	=	9243142,
		type	=	"shot",
		initiatorPilotName	=	"flak37",
		t	=	1014.818,
		initiator_unit_type	=	"flak37",
		linked_event_id	=	0,
		initiator_object_id	=	16789504,
		event_id	=	818,
		weapon	=	"Sprgr. L/4.5 Kz.",
		initiator_coalition	=	1,
		initiator_ws_type1	=	2,
		initiatorMissionID	=	"672",
	}, -- end of [704]
	[705] = 
	{
		weapon_type	=	9243142,
		type	=	"shot",
		initiatorPilotName	=	"flak37",
		t	=	1015.146,
		initiator_unit_type	=	"flak37",
		linked_event_id	=	0,
		initiator_object_id	=	16793088,
		event_id	=	819,
		weapon	=	"Sprgr. L/4.5 Kz.",
		initiator_coalition	=	1,
		initiator_ws_type1	=	2,
		initiatorMissionID	=	"686",
	}, -- end of [705]
	[706] = 
	{
		weapon_type	=	9243142,
		type	=	"shot",
		initiatorPilotName	=	"flak37",
		t	=	1015.448,
		initiator_unit_type	=	"flak37",
		linked_event_id	=	0,
		initiator_object_id	=	16792832,
		event_id	=	820,
		weapon	=	"Sprgr. L/4.5 Kz.",
		initiator_coalition	=	1,
		initiator_ws_type1	=	2,
		initiatorMissionID	=	"685",
	}, -- end of [706]
	[707] = 
	{
		initiatorPilotName	=	"flak30",
		target_coalition	=	2,
		linked_event_id	=	0,
		targetMissionID	=	"504",
		target_ws_type1	=	1,
		initiator_object_id	=	16795136,
		target	=	"P-51D",
		target_object_id	=	16796928,
		targetPilotName	=	"P-51D",
		type	=	"start shooting",
		target_unit_type	=	"P-51D",
		t	=	1015.761,
		initiator_unit_type	=	"flak30",
		event_id	=	821,
		weapon	=	"Flak38_2_cm",
		initiator_ws_type1	=	2,
		initiatorMissionID	=	"700",
		initiator_coalition	=	1,
	}, -- end of [707]
	[708] = 
	{
		weapon_type	=	2566,
		type	=	"end shooting",
		initiatorPilotName	=	"flak30",
		t	=	1016.131,
		linked_event_id	=	0,
		initiator_unit_type	=	"flak30",
		event_id	=	822,
		initiator_object_id	=	16795136,
		weapon	=	"Flak38_2_cm",
		ammo_consumption	=	0,
		initiator_coalition	=	1,
		initiator_ws_type1	=	2,
		initiatorMissionID	=	"700",
	}, -- end of [708]
	[709] = 
	{
		weapon_type	=	9243142,
		type	=	"shot",
		initiatorPilotName	=	"flak37",
		t	=	1016.567,
		initiator_unit_type	=	"flak37",
		linked_event_id	=	0,
		initiator_object_id	=	16789248,
		event_id	=	823,
		weapon	=	"Sprgr. L/4.5 Kz.",
		initiator_coalition	=	1,
		initiator_ws_type1	=	2,
		initiatorMissionID	=	"671",
	}, -- end of [709]
	[710] = 
	{
		weapon_type	=	9243142,
		type	=	"shot",
		initiatorPilotName	=	"flak37",
		t	=	1016.895,
		initiator_unit_type	=	"flak37",
		linked_event_id	=	0,
		initiator_object_id	=	16789760,
		event_id	=	824,
		weapon	=	"Sprgr. L/4.5 Kz.",
		initiator_coalition	=	1,
		initiator_ws_type1	=	2,
		initiatorMissionID	=	"673",
	}, -- end of [710]
	[711] = 
	{
		weapon_type	=	9243142,
		type	=	"shot",
		initiatorPilotName	=	"flak37",
		t	=	1016.995,
		initiator_unit_type	=	"flak37",
		linked_event_id	=	0,
		initiator_object_id	=	16788992,
		event_id	=	825,
		weapon	=	"Sprgr. L/4.5 Kz.",
		initiator_coalition	=	1,
		initiator_ws_type1	=	2,
		initiatorMissionID	=	"670",
	}, -- end of [711]
	[712] = 
	{
		initiatorPilotName	=	"flak30",
		target_coalition	=	2,
		linked_event_id	=	0,
		targetMissionID	=	"504",
		target_ws_type1	=	1,
		initiator_object_id	=	16795392,
		target	=	"P-51D",
		target_object_id	=	16796928,
		targetPilotName	=	"P-51D",
		type	=	"start shooting",
		target_unit_type	=	"P-51D",
		t	=	1017.101,
		initiator_unit_type	=	"flak30",
		event_id	=	826,
		weapon	=	"Flak38_2_cm",
		initiator_ws_type1	=	2,
		initiatorMissionID	=	"701",
		initiator_coalition	=	1,
	}, -- end of [712]
	[713] = 
	{
		initiatorPilotName	=	"flak38",
		target_coalition	=	2,
		linked_event_id	=	0,
		targetMissionID	=	"503",
		target_ws_type1	=	1,
		initiator_object_id	=	16793856,
		target	=	"P-51D",
		target_object_id	=	16796672,
		targetPilotName	=	"P-51D",
		type	=	"start shooting",
		target_unit_type	=	"P-51D",
		t	=	1017.103,
		initiator_unit_type	=	"flak38",
		event_id	=	827,
		weapon	=	"Flak38_2_cm",
		initiator_ws_type1	=	2,
		initiatorMissionID	=	"689",
		initiator_coalition	=	1,
	}, -- end of [713]
	[714] = 
	{
		weapon_type	=	2566,
		type	=	"end shooting",
		initiatorPilotName	=	"flak38",
		t	=	1017.23,
		linked_event_id	=	0,
		initiator_unit_type	=	"flak38",
		event_id	=	828,
		initiator_object_id	=	16793856,
		weapon	=	"Flak38_2_cm",
		ammo_consumption	=	0,
		initiator_coalition	=	1,
		initiator_ws_type1	=	2,
		initiatorMissionID	=	"689",
	}, -- end of [714]
	[715] = 
	{
		weapon_type	=	2566,
		type	=	"end shooting",
		initiatorPilotName	=	"flak30",
		t	=	1017.48,
		linked_event_id	=	0,
		initiator_unit_type	=	"flak30",
		event_id	=	829,
		initiator_object_id	=	16795392,
		weapon	=	"Flak38_2_cm",
		ammo_consumption	=	0,
		initiator_coalition	=	1,
		initiator_ws_type1	=	2,
		initiatorMissionID	=	"701",
	}, -- end of [715]
	[716] = 
	{
		weapon_type	=	9243142,
		initiatorPilotName	=	"flak37",
		target_coalition	=	2,
		linked_event_id	=	813,
		targetMissionID	=	"503",
		target_ws_type1	=	1,
		initiator_object_id	=	16791552,
		target	=	"P-51D",
		target_object_id	=	16796672,
		targetPilotName	=	"P-51D",
		type	=	"hit",
		target_unit_type	=	"P-51D",
		t	=	1017.541,
		initiator_unit_type	=	"flak37",
		event_id	=	830,
		weapon	=	"Sprgr. L/4.5 Kz.",
		initiator_ws_type1	=	2,
		initiatorMissionID	=	"680",
		initiator_coalition	=	1,
	}, -- end of [716]
	[717] = 
	{
		weapon_type	=	9243142,
		initiatorPilotName	=	"flak37",
		target_coalition	=	2,
		linked_event_id	=	0,
		targetMissionID	=	"503",
		target_ws_type1	=	1,
		initiator_object_id	=	16791552,
		target	=	"P-51D",
		target_object_id	=	16796672,
		targetPilotName	=	"P-51D",
		type	=	"bda",
		target_unit_type	=	"P-51D",
		t	=	1017.541,
		initiator_unit_type	=	"flak37",
		event_id	=	831,
		weapon	=	"Sprgr. L/4.5 Kz.",
		initiator_ws_type1	=	2,
		initiatorMissionID	=	"680",
		initiator_coalition	=	1,
	}, -- end of [717]
	[718] = 
	{
		weapon_type	=	9243142,
		type	=	"shot",
		initiatorPilotName	=	"flak37",
		t	=	1017.576,
		initiator_unit_type	=	"flak37",
		linked_event_id	=	0,
		initiator_object_id	=	16793344,
		event_id	=	832,
		weapon	=	"Sprgr. L/4.5 Kz.",
		initiator_coalition	=	1,
		initiator_ws_type1	=	2,
		initiatorMissionID	=	"687",
	}, -- end of [718]
	[719] = 
	{
		weapon_type	=	9243142,
		type	=	"shot",
		initiatorPilotName	=	"flak37",
		t	=	1018.19,
		initiator_unit_type	=	"flak37",
		linked_event_id	=	0,
		initiator_object_id	=	16791296,
		event_id	=	833,
		weapon	=	"Sprgr. L/4.5 Kz.",
		initiator_coalition	=	1,
		initiator_ws_type1	=	2,
		initiatorMissionID	=	"679",
	}, -- end of [719]
	[720] = 
	{
		weapon_type	=	9243142,
		type	=	"shot",
		initiatorPilotName	=	"flak37",
		t	=	1018.732,
		initiator_unit_type	=	"flak37",
		linked_event_id	=	0,
		initiator_object_id	=	16791040,
		event_id	=	834,
		weapon	=	"Sprgr. L/4.5 Kz.",
		initiator_coalition	=	1,
		initiator_ws_type1	=	2,
		initiatorMissionID	=	"678",
	}, -- end of [720]
	[721] = 
	{
		weapon_type	=	9243142,
		initiatorPilotName	=	"flak37",
		target_coalition	=	2,
		linked_event_id	=	815,
		targetMissionID	=	"503",
		target_ws_type1	=	1,
		initiator_object_id	=	16792576,
		target	=	"P-51D",
		target_object_id	=	16796672,
		targetPilotName	=	"P-51D",
		type	=	"hit",
		target_unit_type	=	"P-51D",
		t	=	1019.041,
		initiator_unit_type	=	"flak37",
		event_id	=	835,
		weapon	=	"Sprgr. L/4.5 Kz.",
		initiator_ws_type1	=	2,
		initiatorMissionID	=	"684",
		initiator_coalition	=	1,
	}, -- end of [721]
	[722] = 
	{
		weapon_type	=	9243142,
		initiatorPilotName	=	"flak37",
		target_coalition	=	2,
		linked_event_id	=	0,
		targetMissionID	=	"503",
		target_ws_type1	=	1,
		initiator_object_id	=	16792576,
		target	=	"P-51D",
		target_object_id	=	16796672,
		targetPilotName	=	"P-51D",
		type	=	"bda",
		target_unit_type	=	"P-51D",
		t	=	1019.041,
		initiator_unit_type	=	"flak37",
		event_id	=	836,
		weapon	=	"Sprgr. L/4.5 Kz.",
		initiator_ws_type1	=	2,
		initiatorMissionID	=	"684",
		initiator_coalition	=	1,
	}, -- end of [722]
	[723] = 
	{
		weapon_type	=	9243142,
		type	=	"shot",
		initiatorPilotName	=	"flak37",
		t	=	1019.209,
		initiator_unit_type	=	"flak37",
		linked_event_id	=	0,
		initiator_object_id	=	16791552,
		event_id	=	837,
		weapon	=	"Sprgr. L/4.5 Kz.",
		initiator_coalition	=	1,
		initiator_ws_type1	=	2,
		initiatorMissionID	=	"680",
	}, -- end of [723]
	[724] = 
	{
		weapon_type	=	9243142,
		type	=	"shot",
		initiatorPilotName	=	"flak37",
		t	=	1019.449,
		initiator_unit_type	=	"flak37",
		linked_event_id	=	0,
		initiator_object_id	=	16792576,
		event_id	=	838,
		weapon	=	"Sprgr. L/4.5 Kz.",
		initiator_coalition	=	1,
		initiator_ws_type1	=	2,
		initiatorMissionID	=	"684",
	}, -- end of [724]
	[725] = 
	{
		weapon_type	=	9243142,
		type	=	"shot",
		initiatorPilotName	=	"flak37",
		t	=	1019.579,
		initiator_unit_type	=	"flak37",
		linked_event_id	=	0,
		initiator_object_id	=	16790784,
		event_id	=	839,
		weapon	=	"Sprgr. L/4.5 Kz.",
		initiator_coalition	=	1,
		initiator_ws_type1	=	2,
		initiatorMissionID	=	"677",
	}, -- end of [725]
	[726] = 
	{
		weapon_type	=	9243142,
		initiatorPilotName	=	"flak37",
		target_coalition	=	2,
		linked_event_id	=	820,
		targetMissionID	=	"503",
		target_ws_type1	=	1,
		initiator_object_id	=	16792832,
		target	=	"P-51D",
		target_object_id	=	16796672,
		targetPilotName	=	"P-51D",
		type	=	"hit",
		target_unit_type	=	"P-51D",
		t	=	1019.741,
		initiator_unit_type	=	"flak37",
		event_id	=	840,
		weapon	=	"Sprgr. L/4.5 Kz.",
		initiator_ws_type1	=	2,
		initiatorMissionID	=	"685",
		initiator_coalition	=	1,
	}, -- end of [726]
	[727] = 
	{
		weapon_type	=	9243142,
		initiatorPilotName	=	"flak37",
		target_coalition	=	2,
		linked_event_id	=	0,
		targetMissionID	=	"503",
		target_ws_type1	=	1,
		initiator_object_id	=	16792832,
		target	=	"P-51D",
		target_object_id	=	16796672,
		targetPilotName	=	"P-51D",
		type	=	"bda",
		target_unit_type	=	"P-51D",
		t	=	1019.741,
		initiator_unit_type	=	"flak37",
		event_id	=	841,
		weapon	=	"Sprgr. L/4.5 Kz.",
		initiator_ws_type1	=	2,
		initiatorMissionID	=	"685",
		initiator_coalition	=	1,
	}, -- end of [727]
	[728] = 
	{
		weapon_type	=	9243142,
		type	=	"shot",
		initiatorPilotName	=	"flak37",
		t	=	1020.607,
		initiator_unit_type	=	"flak37",
		linked_event_id	=	0,
		initiator_object_id	=	16792832,
		event_id	=	842,
		weapon	=	"Sprgr. L/4.5 Kz.",
		initiator_coalition	=	1,
		initiator_ws_type1	=	2,
		initiatorMissionID	=	"685",
	}, -- end of [728]
	[729] = 
	{
		weapon_type	=	9243142,
		type	=	"shot",
		initiatorPilotName	=	"flak37",
		t	=	1020.82,
		initiator_unit_type	=	"flak37",
		linked_event_id	=	0,
		initiator_object_id	=	16789504,
		event_id	=	843,
		weapon	=	"Sprgr. L/4.5 Kz.",
		initiator_coalition	=	1,
		initiator_ws_type1	=	2,
		initiatorMissionID	=	"672",
	}, -- end of [729]
	[730] = 
	{
		initiatorPilotName	=	"flak30",
		target_coalition	=	2,
		linked_event_id	=	0,
		targetMissionID	=	"504",
		target_ws_type1	=	1,
		initiator_object_id	=	16795136,
		target	=	"P-51D",
		target_object_id	=	16796928,
		targetPilotName	=	"P-51D",
		type	=	"start shooting",
		target_unit_type	=	"P-51D",
		t	=	1020.961,
		initiator_unit_type	=	"flak30",
		event_id	=	844,
		weapon	=	"Flak38_2_cm",
		initiator_ws_type1	=	2,
		initiatorMissionID	=	"700",
		initiator_coalition	=	1,
	}, -- end of [730]
	[731] = 
	{
		weapon_type	=	9243142,
		type	=	"shot",
		initiatorPilotName	=	"flak37",
		t	=	1021.132,
		initiator_unit_type	=	"flak37",
		linked_event_id	=	0,
		initiator_object_id	=	16793088,
		event_id	=	845,
		weapon	=	"Sprgr. L/4.5 Kz.",
		initiator_coalition	=	1,
		initiator_ws_type1	=	2,
		initiatorMissionID	=	"686",
	}, -- end of [731]
	[732] = 
	{
		weapon_type	=	2566,
		type	=	"end shooting",
		initiatorPilotName	=	"flak30",
		t	=	1021.211,
		linked_event_id	=	0,
		initiator_unit_type	=	"flak30",
		event_id	=	846,
		initiator_object_id	=	16795136,
		weapon	=	"Flak38_2_cm",
		ammo_consumption	=	0,
		initiator_coalition	=	1,
		initiator_ws_type1	=	2,
		initiatorMissionID	=	"700",
	}, -- end of [732]
	[733] = 
	{
		weapon_type	=	9243142,
		type	=	"shot",
		initiatorPilotName	=	"flak37",
		t	=	1021.725,
		initiator_unit_type	=	"flak37",
		linked_event_id	=	0,
		initiator_object_id	=	16789760,
		event_id	=	847,
		weapon	=	"Sprgr. L/4.5 Kz.",
		initiator_coalition	=	1,
		initiator_ws_type1	=	2,
		initiatorMissionID	=	"673",
	}, -- end of [733]
	[734] = 
	{
		weapon_type	=	9243142,
		type	=	"shot",
		initiatorPilotName	=	"flak37",
		t	=	1021.83,
		initiator_unit_type	=	"flak37",
		linked_event_id	=	0,
		initiator_object_id	=	16788992,
		event_id	=	848,
		weapon	=	"Sprgr. L/4.5 Kz.",
		initiator_coalition	=	1,
		initiator_ws_type1	=	2,
		initiatorMissionID	=	"670",
	}, -- end of [734]
	[735] = 
	{
		weapon_type	=	9243142,
		type	=	"shot",
		initiatorPilotName	=	"flak37",
		t	=	1022.016,
		initiator_unit_type	=	"flak37",
		linked_event_id	=	0,
		initiator_object_id	=	16789248,
		event_id	=	849,
		weapon	=	"Sprgr. L/4.5 Kz.",
		initiator_coalition	=	1,
		initiator_ws_type1	=	2,
		initiatorMissionID	=	"671",
	}, -- end of [735]
	[736] = 
	{
		initiatorPilotName	=	"flak30",
		target_coalition	=	2,
		linked_event_id	=	0,
		targetMissionID	=	"504",
		target_ws_type1	=	1,
		initiator_object_id	=	16795392,
		target	=	"P-51D",
		target_object_id	=	16796928,
		targetPilotName	=	"P-51D",
		type	=	"start shooting",
		target_unit_type	=	"P-51D",
		t	=	1022.021,
		initiator_unit_type	=	"flak30",
		event_id	=	850,
		weapon	=	"Flak38_2_cm",
		initiator_ws_type1	=	2,
		initiatorMissionID	=	"701",
		initiator_coalition	=	1,
	}, -- end of [736]
	[737] = 
	{
		weapon_type	=	2566,
		type	=	"end shooting",
		initiatorPilotName	=	"flak30",
		t	=	1022.273,
		linked_event_id	=	0,
		initiator_unit_type	=	"flak30",
		event_id	=	851,
		initiator_object_id	=	16795392,
		weapon	=	"Flak38_2_cm",
		ammo_consumption	=	0,
		initiator_coalition	=	1,
		initiator_ws_type1	=	2,
		initiatorMissionID	=	"701",
	}, -- end of [737]
	[738] = 
	{
		weapon_type	=	9243142,
		type	=	"shot",
		initiatorPilotName	=	"flak37",
		t	=	1022.804,
		initiator_unit_type	=	"flak37",
		linked_event_id	=	0,
		initiator_object_id	=	16793344,
		event_id	=	852,
		weapon	=	"Sprgr. L/4.5 Kz.",
		initiator_coalition	=	1,
		initiator_ws_type1	=	2,
		initiatorMissionID	=	"687",
	}, -- end of [738]
	[739] = 
	{
		weapon_type	=	9243142,
		type	=	"shot",
		initiatorPilotName	=	"flak37",
		t	=	1023.337,
		initiator_unit_type	=	"flak37",
		linked_event_id	=	0,
		initiator_object_id	=	16791296,
		event_id	=	853,
		weapon	=	"Sprgr. L/4.5 Kz.",
		initiator_coalition	=	1,
		initiator_ws_type1	=	2,
		initiatorMissionID	=	"679",
	}, -- end of [739]
	[740] = 
	{
		weapon_type	=	9243142,
		type	=	"shot",
		initiatorPilotName	=	"flak37",
		t	=	1024.059,
		initiator_unit_type	=	"flak37",
		linked_event_id	=	0,
		initiator_object_id	=	16791040,
		event_id	=	854,
		weapon	=	"Sprgr. L/4.5 Kz.",
		initiator_coalition	=	1,
		initiator_ws_type1	=	2,
		initiatorMissionID	=	"678",
	}, -- end of [740]
	[741] = 
	{
		weapon_type	=	9243142,
		type	=	"shot",
		initiatorPilotName	=	"flak37",
		t	=	1024.524,
		initiator_unit_type	=	"flak37",
		linked_event_id	=	0,
		initiator_object_id	=	16791552,
		event_id	=	855,
		weapon	=	"Sprgr. L/4.5 Kz.",
		initiator_coalition	=	1,
		initiator_ws_type1	=	2,
		initiatorMissionID	=	"680",
	}, -- end of [741]
	[742] = 
	{
		weapon_type	=	9243142,
		initiatorPilotName	=	"flak37",
		target_coalition	=	2,
		linked_event_id	=	839,
		targetMissionID	=	"503",
		target_ws_type1	=	1,
		initiator_object_id	=	16790784,
		target	=	"P-51D",
		target_object_id	=	16796672,
		targetPilotName	=	"P-51D",
		type	=	"hit",
		target_unit_type	=	"P-51D",
		t	=	1024.641,
		initiator_unit_type	=	"flak37",
		event_id	=	856,
		weapon	=	"Sprgr. L/4.5 Kz.",
		initiator_ws_type1	=	2,
		initiatorMissionID	=	"677",
		initiator_coalition	=	1,
	}, -- end of [742]
	[743] = 
	{
		weapon_type	=	9243142,
		initiatorPilotName	=	"flak37",
		target_coalition	=	2,
		linked_event_id	=	0,
		targetMissionID	=	"503",
		target_ws_type1	=	1,
		initiator_object_id	=	16790784,
		target	=	"P-51D",
		target_object_id	=	16796672,
		targetPilotName	=	"P-51D",
		type	=	"bda",
		target_unit_type	=	"P-51D",
		t	=	1024.641,
		initiator_unit_type	=	"flak37",
		event_id	=	857,
		weapon	=	"Sprgr. L/4.5 Kz.",
		initiator_ws_type1	=	2,
		initiatorMissionID	=	"677",
		initiator_coalition	=	1,
	}, -- end of [743]
	[744] = 
	{
		weapon_type	=	9243142,
		type	=	"shot",
		initiatorPilotName	=	"flak37",
		t	=	1024.95,
		initiator_unit_type	=	"flak37",
		linked_event_id	=	0,
		initiator_object_id	=	16790784,
		event_id	=	858,
		weapon	=	"Sprgr. L/4.5 Kz.",
		initiator_coalition	=	1,
		initiator_ws_type1	=	2,
		initiatorMissionID	=	"677",
	}, -- end of [744]
	[745] = 
	{
		initiatorPilotName	=	"flak30",
		target_coalition	=	2,
		linked_event_id	=	0,
		targetMissionID	=	"504",
		target_ws_type1	=	1,
		initiator_object_id	=	16795136,
		target	=	"P-51D",
		target_object_id	=	16796928,
		targetPilotName	=	"P-51D",
		type	=	"start shooting",
		target_unit_type	=	"P-51D",
		t	=	1025.181,
		initiator_unit_type	=	"flak30",
		event_id	=	859,
		weapon	=	"Flak38_2_cm",
		initiator_ws_type1	=	2,
		initiatorMissionID	=	"700",
		initiator_coalition	=	1,
	}, -- end of [745]
	[746] = 
	{
		weapon_type	=	9243142,
		type	=	"shot",
		initiatorPilotName	=	"flak37",
		t	=	1025.226,
		initiator_unit_type	=	"flak37",
		linked_event_id	=	0,
		initiator_object_id	=	16789504,
		event_id	=	860,
		weapon	=	"Sprgr. L/4.5 Kz.",
		initiator_coalition	=	1,
		initiator_ws_type1	=	2,
		initiatorMissionID	=	"672",
	}, -- end of [746]
	[747] = 
	{
		weapon_type	=	9243142,
		type	=	"shot",
		initiatorPilotName	=	"flak37",
		t	=	1025.239,
		initiator_unit_type	=	"flak37",
		linked_event_id	=	0,
		initiator_object_id	=	16792576,
		event_id	=	861,
		weapon	=	"Sprgr. L/4.5 Kz.",
		initiator_coalition	=	1,
		initiator_ws_type1	=	2,
		initiatorMissionID	=	"684",
	}, -- end of [747]
	[748] = 
	{
		weapon_type	=	2566,
		type	=	"end shooting",
		initiatorPilotName	=	"flak30",
		t	=	1025.556,
		linked_event_id	=	0,
		initiator_unit_type	=	"flak30",
		event_id	=	862,
		initiator_object_id	=	16795136,
		weapon	=	"Flak38_2_cm",
		ammo_consumption	=	0,
		initiator_coalition	=	1,
		initiator_ws_type1	=	2,
		initiatorMissionID	=	"700",
	}, -- end of [748]
	[749] = 
	{
		weapon_type	=	9243142,
		type	=	"shot",
		initiatorPilotName	=	"flak37",
		t	=	1025.704,
		initiator_unit_type	=	"flak37",
		linked_event_id	=	0,
		initiator_object_id	=	16793088,
		event_id	=	863,
		weapon	=	"Sprgr. L/4.5 Kz.",
		initiator_coalition	=	1,
		initiator_ws_type1	=	2,
		initiatorMissionID	=	"686",
	}, -- end of [749]
	[750] = 
	{
		initiatorPilotName	=	"flak30",
		target_coalition	=	2,
		linked_event_id	=	0,
		targetMissionID	=	"504",
		target_ws_type1	=	1,
		initiator_object_id	=	16795392,
		target	=	"P-51D",
		target_object_id	=	16796928,
		targetPilotName	=	"P-51D",
		type	=	"start shooting",
		target_unit_type	=	"P-51D",
		t	=	1026.181,
		initiator_unit_type	=	"flak30",
		event_id	=	864,
		weapon	=	"Flak38_2_cm",
		initiator_ws_type1	=	2,
		initiatorMissionID	=	"701",
		initiator_coalition	=	1,
	}, -- end of [750]
	[751] = 
	{
		weapon_type	=	9243142,
		type	=	"shot",
		initiatorPilotName	=	"flak37",
		t	=	1026.389,
		initiator_unit_type	=	"flak37",
		linked_event_id	=	0,
		initiator_object_id	=	16789760,
		event_id	=	865,
		weapon	=	"Sprgr. L/4.5 Kz.",
		initiator_coalition	=	1,
		initiator_ws_type1	=	2,
		initiatorMissionID	=	"673",
	}, -- end of [751]
	[752] = 
	{
		weapon_type	=	2566,
		type	=	"end shooting",
		initiatorPilotName	=	"flak30",
		t	=	1026.433,
		linked_event_id	=	0,
		initiator_unit_type	=	"flak30",
		event_id	=	866,
		initiator_object_id	=	16795392,
		weapon	=	"Flak38_2_cm",
		ammo_consumption	=	0,
		initiator_coalition	=	1,
		initiator_ws_type1	=	2,
		initiatorMissionID	=	"701",
	}, -- end of [752]
	[753] = 
	{
		weapon_type	=	9243142,
		type	=	"shot",
		initiatorPilotName	=	"flak37",
		t	=	1026.5,
		initiator_unit_type	=	"flak37",
		linked_event_id	=	0,
		initiator_object_id	=	16792832,
		event_id	=	867,
		weapon	=	"Sprgr. L/4.5 Kz.",
		initiator_coalition	=	1,
		initiator_ws_type1	=	2,
		initiatorMissionID	=	"685",
	}, -- end of [753]
	[754] = 
	{
		weapon_type	=	9243142,
		type	=	"shot",
		initiatorPilotName	=	"flak37",
		t	=	1026.682,
		initiator_unit_type	=	"flak37",
		linked_event_id	=	0,
		initiator_object_id	=	16789248,
		event_id	=	868,
		weapon	=	"Sprgr. L/4.5 Kz.",
		initiator_coalition	=	1,
		initiator_ws_type1	=	2,
		initiatorMissionID	=	"671",
	}, -- end of [754]
	[755] = 
	{
		weapon_type	=	9243142,
		type	=	"shot",
		initiatorPilotName	=	"flak37",
		t	=	1026.913,
		initiator_unit_type	=	"flak37",
		linked_event_id	=	0,
		initiator_object_id	=	16788992,
		event_id	=	869,
		weapon	=	"Sprgr. L/4.5 Kz.",
		initiator_coalition	=	1,
		initiator_ws_type1	=	2,
		initiatorMissionID	=	"670",
	}, -- end of [755]
	[756] = 
	{
		weapon_type	=	9243142,
		type	=	"shot",
		initiatorPilotName	=	"flak37",
		t	=	1027.094,
		initiator_unit_type	=	"flak37",
		linked_event_id	=	0,
		initiator_object_id	=	16793344,
		event_id	=	870,
		weapon	=	"Sprgr. L/4.5 Kz.",
		initiator_coalition	=	1,
		initiator_ws_type1	=	2,
		initiatorMissionID	=	"687",
	}, -- end of [756]
	[757] = 
	{
		weapon_type	=	9243142,
		type	=	"shot",
		initiatorPilotName	=	"flak37",
		t	=	1027.809,
		initiator_unit_type	=	"flak37",
		linked_event_id	=	0,
		initiator_object_id	=	16791296,
		event_id	=	871,
		weapon	=	"Sprgr. L/4.5 Kz.",
		initiator_coalition	=	1,
		initiator_ws_type1	=	2,
		initiatorMissionID	=	"679",
	}, -- end of [757]
	[758] = 
	{
		weapon_type	=	9243142,
		type	=	"shot",
		initiatorPilotName	=	"flak37",
		t	=	1028.887,
		initiator_unit_type	=	"flak37",
		linked_event_id	=	0,
		initiator_object_id	=	16791040,
		event_id	=	872,
		weapon	=	"Sprgr. L/4.5 Kz.",
		initiator_coalition	=	1,
		initiator_ws_type1	=	2,
		initiatorMissionID	=	"678",
	}, -- end of [758]
	[759] = 
	{
		initiatorPilotName	=	"flak30",
		target_coalition	=	2,
		linked_event_id	=	0,
		targetMissionID	=	"504",
		target_ws_type1	=	1,
		initiator_object_id	=	16795136,
		target	=	"P-51D",
		target_object_id	=	16796928,
		targetPilotName	=	"P-51D",
		type	=	"start shooting",
		target_unit_type	=	"P-51D",
		t	=	1029.161,
		initiator_unit_type	=	"flak30",
		event_id	=	873,
		weapon	=	"Flak38_2_cm",
		initiator_ws_type1	=	2,
		initiatorMissionID	=	"700",
		initiator_coalition	=	1,
	}, -- end of [759]
	[760] = 
	{
		weapon_type	=	2566,
		type	=	"end shooting",
		initiatorPilotName	=	"flak30",
		t	=	1029.532,
		linked_event_id	=	0,
		initiator_unit_type	=	"flak30",
		event_id	=	874,
		initiator_object_id	=	16795136,
		weapon	=	"Flak38_2_cm",
		ammo_consumption	=	0,
		initiator_coalition	=	1,
		initiator_ws_type1	=	2,
		initiatorMissionID	=	"700",
	}, -- end of [760]
	[761] = 
	{
		weapon_type	=	9243142,
		type	=	"shot",
		initiatorPilotName	=	"flak37",
		t	=	1029.637,
		initiator_unit_type	=	"flak37",
		linked_event_id	=	0,
		initiator_object_id	=	16791552,
		event_id	=	875,
		weapon	=	"Sprgr. L/4.5 Kz.",
		initiator_coalition	=	1,
		initiator_ws_type1	=	2,
		initiatorMissionID	=	"680",
	}, -- end of [761]
	[762] = 
	{
		weapon_type	=	9243142,
		type	=	"shot",
		initiatorPilotName	=	"flak37",
		t	=	1029.75,
		initiator_unit_type	=	"flak37",
		linked_event_id	=	0,
		initiator_object_id	=	16790784,
		event_id	=	876,
		weapon	=	"Sprgr. L/4.5 Kz.",
		initiator_coalition	=	1,
		initiator_ws_type1	=	2,
		initiatorMissionID	=	"677",
	}, -- end of [762]
	[763] = 
	{
		weapon_type	=	9243142,
		initiatorPilotName	=	"flak37",
		target_coalition	=	2,
		linked_event_id	=	854,
		targetMissionID	=	"503",
		target_ws_type1	=	1,
		initiator_object_id	=	16791040,
		target	=	"P-51D",
		target_object_id	=	16796672,
		targetPilotName	=	"P-51D",
		type	=	"hit",
		target_unit_type	=	"P-51D",
		t	=	1029.841,
		initiator_unit_type	=	"flak37",
		event_id	=	877,
		weapon	=	"Sprgr. L/4.5 Kz.",
		initiator_ws_type1	=	2,
		initiatorMissionID	=	"678",
		initiator_coalition	=	1,
	}, -- end of [763]
	[764] = 
	{
		weapon_type	=	9243142,
		initiatorPilotName	=	"flak37",
		target_coalition	=	2,
		linked_event_id	=	0,
		targetMissionID	=	"503",
		target_ws_type1	=	1,
		initiator_object_id	=	16791040,
		target	=	"P-51D",
		target_object_id	=	16796672,
		targetPilotName	=	"P-51D",
		type	=	"bda",
		target_unit_type	=	"P-51D",
		t	=	1029.841,
		initiator_unit_type	=	"flak37",
		event_id	=	878,
		weapon	=	"Sprgr. L/4.5 Kz.",
		initiator_ws_type1	=	2,
		initiatorMissionID	=	"678",
		initiator_coalition	=	1,
	}, -- end of [764]
	[765] = 
	{
		weapon_type	=	9243142,
		type	=	"shot",
		initiatorPilotName	=	"flak37",
		t	=	1030.248,
		initiator_unit_type	=	"flak37",
		linked_event_id	=	0,
		initiator_object_id	=	16789504,
		event_id	=	879,
		weapon	=	"Sprgr. L/4.5 Kz.",
		initiator_coalition	=	1,
		initiator_ws_type1	=	2,
		initiatorMissionID	=	"672",
	}, -- end of [765]
	[766] = 
	{
		weapon_type	=	9243142,
		type	=	"shot",
		initiatorPilotName	=	"flak37",
		t	=	1030.425,
		initiator_unit_type	=	"flak37",
		linked_event_id	=	0,
		initiator_object_id	=	16792576,
		event_id	=	880,
		weapon	=	"Sprgr. L/4.5 Kz.",
		initiator_coalition	=	1,
		initiator_ws_type1	=	2,
		initiatorMissionID	=	"684",
	}, -- end of [766]
	[767] = 
	{
		weapon_type	=	9243142,
		type	=	"shot",
		initiatorPilotName	=	"flak37",
		t	=	1030.456,
		initiator_unit_type	=	"flak37",
		linked_event_id	=	0,
		initiator_object_id	=	16793088,
		event_id	=	881,
		weapon	=	"Sprgr. L/4.5 Kz.",
		initiator_coalition	=	1,
		initiator_ws_type1	=	2,
		initiatorMissionID	=	"686",
	}, -- end of [767]
	[768] = 
	{
		weapon_type	=	9243142,
		type	=	"shot",
		initiatorPilotName	=	"flak37",
		t	=	1031.041,
		initiator_unit_type	=	"flak37",
		linked_event_id	=	0,
		initiator_object_id	=	16792832,
		event_id	=	882,
		weapon	=	"Sprgr. L/4.5 Kz.",
		initiator_coalition	=	1,
		initiator_ws_type1	=	2,
		initiatorMissionID	=	"685",
	}, -- end of [768]
	[769] = 
	{
		initiatorPilotName	=	"flak30",
		target_coalition	=	2,
		linked_event_id	=	0,
		targetMissionID	=	"504",
		target_ws_type1	=	1,
		initiator_object_id	=	16795392,
		target	=	"P-51D",
		target_object_id	=	16796928,
		targetPilotName	=	"P-51D",
		type	=	"start shooting",
		target_unit_type	=	"P-51D",
		t	=	1031.041,
		initiator_unit_type	=	"flak30",
		event_id	=	883,
		weapon	=	"Flak38_2_cm",
		initiator_ws_type1	=	2,
		initiatorMissionID	=	"701",
		initiator_coalition	=	1,
	}, -- end of [769]
	[770] = 
	{
		weapon_type	=	2566,
		type	=	"end shooting",
		initiatorPilotName	=	"flak30",
		t	=	1031.546,
		linked_event_id	=	0,
		initiator_unit_type	=	"flak30",
		event_id	=	884,
		initiator_object_id	=	16795392,
		weapon	=	"Flak38_2_cm",
		ammo_consumption	=	0,
		initiator_coalition	=	1,
		initiator_ws_type1	=	2,
		initiatorMissionID	=	"701",
	}, -- end of [770]
	[771] = 
	{
		weapon_type	=	9243142,
		type	=	"shot",
		initiatorPilotName	=	"flak37",
		t	=	1032.002,
		initiator_unit_type	=	"flak37",
		linked_event_id	=	0,
		initiator_object_id	=	16789760,
		event_id	=	885,
		weapon	=	"Sprgr. L/4.5 Kz.",
		initiator_coalition	=	1,
		initiator_ws_type1	=	2,
		initiatorMissionID	=	"673",
	}, -- end of [771]
	[772] = 
	{
		weapon_type	=	9243142,
		type	=	"shot",
		initiatorPilotName	=	"flak37",
		t	=	1032.107,
		initiator_unit_type	=	"flak37",
		linked_event_id	=	0,
		initiator_object_id	=	16789248,
		event_id	=	886,
		weapon	=	"Sprgr. L/4.5 Kz.",
		initiator_coalition	=	1,
		initiator_ws_type1	=	2,
		initiatorMissionID	=	"671",
	}, -- end of [772]
	[773] = 
	{
		weapon_type	=	9243142,
		type	=	"shot",
		initiatorPilotName	=	"flak37",
		t	=	1032.22,
		initiator_unit_type	=	"flak37",
		linked_event_id	=	0,
		initiator_object_id	=	16791296,
		event_id	=	887,
		weapon	=	"Sprgr. L/4.5 Kz.",
		initiator_coalition	=	1,
		initiator_ws_type1	=	2,
		initiatorMissionID	=	"679",
	}, -- end of [773]
	[774] = 
	{
		weapon_type	=	9243142,
		type	=	"shot",
		initiatorPilotName	=	"flak37",
		t	=	1032.715,
		initiator_unit_type	=	"flak37",
		linked_event_id	=	0,
		initiator_object_id	=	16793344,
		event_id	=	888,
		weapon	=	"Sprgr. L/4.5 Kz.",
		initiator_coalition	=	1,
		initiator_ws_type1	=	2,
		initiatorMissionID	=	"687",
	}, -- end of [774]
	[775] = 
	{
		weapon_type	=	9243142,
		type	=	"shot",
		initiatorPilotName	=	"flak37",
		t	=	1032.751,
		initiator_unit_type	=	"flak37",
		linked_event_id	=	0,
		initiator_object_id	=	16788992,
		event_id	=	889,
		weapon	=	"Sprgr. L/4.5 Kz.",
		initiator_coalition	=	1,
		initiator_ws_type1	=	2,
		initiatorMissionID	=	"670",
	}, -- end of [775]
	[776] = 
	{
		weapon_type	=	9243142,
		type	=	"shot",
		initiatorPilotName	=	"flak37",
		t	=	1034.374,
		initiator_unit_type	=	"flak37",
		linked_event_id	=	0,
		initiator_object_id	=	16791040,
		event_id	=	890,
		weapon	=	"Sprgr. L/4.5 Kz.",
		initiator_coalition	=	1,
		initiator_ws_type1	=	2,
		initiatorMissionID	=	"678",
	}, -- end of [776]
	[777] = 
	{
		weapon_type	=	9243142,
		type	=	"shot",
		initiatorPilotName	=	"flak37",
		t	=	1034.801,
		initiator_unit_type	=	"flak37",
		linked_event_id	=	0,
		initiator_object_id	=	16791552,
		event_id	=	891,
		weapon	=	"Sprgr. L/4.5 Kz.",
		initiator_coalition	=	1,
		initiator_ws_type1	=	2,
		initiatorMissionID	=	"680",
	}, -- end of [777]
	[778] = 
	{
		weapon_type	=	9243142,
		type	=	"shot",
		initiatorPilotName	=	"flak37",
		t	=	1035.013,
		initiator_unit_type	=	"flak37",
		linked_event_id	=	0,
		initiator_object_id	=	16789504,
		event_id	=	892,
		weapon	=	"Sprgr. L/4.5 Kz.",
		initiator_coalition	=	1,
		initiator_ws_type1	=	2,
		initiatorMissionID	=	"672",
	}, -- end of [778]
	[779] = 
	{
		weapon_type	=	9243142,
		type	=	"shot",
		initiatorPilotName	=	"flak37",
		t	=	1035.446,
		initiator_unit_type	=	"flak37",
		linked_event_id	=	0,
		initiator_object_id	=	16790784,
		event_id	=	893,
		weapon	=	"Sprgr. L/4.5 Kz.",
		initiator_coalition	=	1,
		initiator_ws_type1	=	2,
		initiatorMissionID	=	"677",
	}, -- end of [779]
	[780] = 
	{
		weapon_type	=	9243142,
		type	=	"shot",
		initiatorPilotName	=	"flak37",
		t	=	1035.767,
		initiator_unit_type	=	"flak37",
		linked_event_id	=	0,
		initiator_object_id	=	16792576,
		event_id	=	894,
		weapon	=	"Sprgr. L/4.5 Kz.",
		initiator_coalition	=	1,
		initiator_ws_type1	=	2,
		initiatorMissionID	=	"684",
	}, -- end of [780]
	[781] = 
	{
		weapon_type	=	9243142,
		type	=	"shot",
		initiatorPilotName	=	"flak37",
		t	=	1036.23,
		initiator_unit_type	=	"flak37",
		linked_event_id	=	0,
		initiator_object_id	=	16793088,
		event_id	=	895,
		weapon	=	"Sprgr. L/4.5 Kz.",
		initiator_coalition	=	1,
		initiator_ws_type1	=	2,
		initiatorMissionID	=	"686",
	}, -- end of [781]
	[782] = 
	{
		weapon_type	=	9243142,
		type	=	"shot",
		initiatorPilotName	=	"flak37",
		t	=	1036.719,
		initiator_unit_type	=	"flak37",
		linked_event_id	=	0,
		initiator_object_id	=	16792832,
		event_id	=	896,
		weapon	=	"Sprgr. L/4.5 Kz.",
		initiator_coalition	=	1,
		initiator_ws_type1	=	2,
		initiatorMissionID	=	"685",
	}, -- end of [782]
	[783] = 
	{
		weapon_type	=	9243142,
		type	=	"shot",
		initiatorPilotName	=	"flak37",
		t	=	1036.865,
		initiator_unit_type	=	"flak37",
		linked_event_id	=	0,
		initiator_object_id	=	16789248,
		event_id	=	897,
		weapon	=	"Sprgr. L/4.5 Kz.",
		initiator_coalition	=	1,
		initiator_ws_type1	=	2,
		initiatorMissionID	=	"671",
	}, -- end of [783]
	[784] = 
	{
		weapon_type	=	9243142,
		type	=	"shot",
		initiatorPilotName	=	"flak37",
		t	=	1037.603,
		initiator_unit_type	=	"flak37",
		linked_event_id	=	0,
		initiator_object_id	=	16789760,
		event_id	=	898,
		weapon	=	"Sprgr. L/4.5 Kz.",
		initiator_coalition	=	1,
		initiator_ws_type1	=	2,
		initiatorMissionID	=	"673",
	}, -- end of [784]
	[785] = 
	{
		weapon_type	=	9243142,
		type	=	"shot",
		initiatorPilotName	=	"flak37",
		t	=	1037.647,
		initiator_unit_type	=	"flak37",
		linked_event_id	=	0,
		initiator_object_id	=	16791296,
		event_id	=	899,
		weapon	=	"Sprgr. L/4.5 Kz.",
		initiator_coalition	=	1,
		initiator_ws_type1	=	2,
		initiatorMissionID	=	"679",
	}, -- end of [785]
	[786] = 
	{
		weapon_type	=	9243142,
		type	=	"shot",
		initiatorPilotName	=	"flak37",
		t	=	1037.997,
		initiator_unit_type	=	"flak37",
		linked_event_id	=	0,
		initiator_object_id	=	16788992,
		event_id	=	900,
		weapon	=	"Sprgr. L/4.5 Kz.",
		initiator_coalition	=	1,
		initiator_ws_type1	=	2,
		initiatorMissionID	=	"670",
	}, -- end of [786]
	[787] = 
	{
		weapon_type	=	9243142,
		initiatorPilotName	=	"flak37",
		target_coalition	=	2,
		linked_event_id	=	888,
		targetMissionID	=	"503",
		target_ws_type1	=	1,
		initiator_object_id	=	16793344,
		target	=	"P-51D",
		target_object_id	=	16796672,
		targetPilotName	=	"P-51D",
		type	=	"hit",
		target_unit_type	=	"P-51D",
		t	=	1038.041,
		initiator_unit_type	=	"flak37",
		event_id	=	901,
		weapon	=	"Sprgr. L/4.5 Kz.",
		initiator_ws_type1	=	2,
		initiatorMissionID	=	"687",
		initiator_coalition	=	1,
	}, -- end of [787]
	[788] = 
	{
		weapon_type	=	9243142,
		initiatorPilotName	=	"flak37",
		target_coalition	=	2,
		linked_event_id	=	0,
		targetMissionID	=	"503",
		target_ws_type1	=	1,
		initiator_object_id	=	16793344,
		target	=	"P-51D",
		target_object_id	=	16796672,
		targetPilotName	=	"P-51D",
		type	=	"bda",
		target_unit_type	=	"P-51D",
		t	=	1038.041,
		initiator_unit_type	=	"flak37",
		event_id	=	902,
		weapon	=	"Sprgr. L/4.5 Kz.",
		initiator_ws_type1	=	2,
		initiatorMissionID	=	"687",
		initiator_coalition	=	1,
	}, -- end of [788]
	[789] = 
	{
		weapon_type	=	9243142,
		type	=	"shot",
		initiatorPilotName	=	"flak37",
		t	=	1038.744,
		initiator_unit_type	=	"flak37",
		linked_event_id	=	0,
		initiator_object_id	=	16793344,
		event_id	=	903,
		weapon	=	"Sprgr. L/4.5 Kz.",
		initiator_coalition	=	1,
		initiator_ws_type1	=	2,
		initiatorMissionID	=	"687",
	}, -- end of [789]
	[790] = 
	{
		weapon_type	=	9243142,
		type	=	"shot",
		initiatorPilotName	=	"flak37",
		t	=	1039.425,
		initiator_unit_type	=	"flak37",
		linked_event_id	=	0,
		initiator_object_id	=	16791552,
		event_id	=	904,
		weapon	=	"Sprgr. L/4.5 Kz.",
		initiator_coalition	=	1,
		initiator_ws_type1	=	2,
		initiatorMissionID	=	"680",
	}, -- end of [790]
	[791] = 
	{
		weapon_type	=	9243142,
		type	=	"shot",
		initiatorPilotName	=	"flak37",
		t	=	1039.541,
		initiator_unit_type	=	"flak37",
		linked_event_id	=	0,
		initiator_object_id	=	16789504,
		event_id	=	905,
		weapon	=	"Sprgr. L/4.5 Kz.",
		initiator_coalition	=	1,
		initiator_ws_type1	=	2,
		initiatorMissionID	=	"672",
	}, -- end of [791]
	[792] = 
	{
		weapon_type	=	9243142,
		type	=	"shot",
		initiatorPilotName	=	"flak37",
		t	=	1040.107,
		initiator_unit_type	=	"flak37",
		linked_event_id	=	0,
		initiator_object_id	=	16791040,
		event_id	=	906,
		weapon	=	"Sprgr. L/4.5 Kz.",
		initiator_coalition	=	1,
		initiator_ws_type1	=	2,
		initiatorMissionID	=	"678",
	}, -- end of [792]
	[793] = 
	{
		weapon_type	=	9243142,
		type	=	"shot",
		initiatorPilotName	=	"flak37",
		t	=	1040.88,
		initiator_unit_type	=	"flak37",
		linked_event_id	=	0,
		initiator_object_id	=	16790784,
		event_id	=	907,
		weapon	=	"Sprgr. L/4.5 Kz.",
		initiator_coalition	=	1,
		initiator_ws_type1	=	2,
		initiatorMissionID	=	"677",
	}, -- end of [793]
	[794] = 
	{
		weapon_type	=	9243142,
		type	=	"shot",
		initiatorPilotName	=	"flak37",
		t	=	1041.014,
		initiator_unit_type	=	"flak37",
		linked_event_id	=	0,
		initiator_object_id	=	16793088,
		event_id	=	908,
		weapon	=	"Sprgr. L/4.5 Kz.",
		initiator_coalition	=	1,
		initiator_ws_type1	=	2,
		initiatorMissionID	=	"686",
	}, -- end of [794]
	[795] = 
	{
		weapon_type	=	9243142,
		type	=	"shot",
		initiatorPilotName	=	"flak37",
		t	=	1041.016,
		initiator_unit_type	=	"flak37",
		linked_event_id	=	0,
		initiator_object_id	=	16792576,
		event_id	=	909,
		weapon	=	"Sprgr. L/4.5 Kz.",
		initiator_coalition	=	1,
		initiator_ws_type1	=	2,
		initiatorMissionID	=	"684",
	}, -- end of [795]
	[796] = 
	{
		weapon_type	=	9243142,
		type	=	"shot",
		initiatorPilotName	=	"flak37",
		t	=	1041.64,
		initiator_unit_type	=	"flak37",
		linked_event_id	=	0,
		initiator_object_id	=	16792832,
		event_id	=	910,
		weapon	=	"Sprgr. L/4.5 Kz.",
		initiator_coalition	=	1,
		initiator_ws_type1	=	2,
		initiatorMissionID	=	"685",
	}, -- end of [796]
	[797] = 
	{
		weapon_type	=	9243142,
		type	=	"shot",
		initiatorPilotName	=	"flak37",
		t	=	1042.425,
		initiator_unit_type	=	"flak37",
		linked_event_id	=	0,
		initiator_object_id	=	16791296,
		event_id	=	911,
		weapon	=	"Sprgr. L/4.5 Kz.",
		initiator_coalition	=	1,
		initiator_ws_type1	=	2,
		initiatorMissionID	=	"679",
	}, -- end of [797]
	[798] = 
	{
		weapon_type	=	9243142,
		type	=	"shot",
		initiatorPilotName	=	"flak37",
		t	=	1042.515,
		initiator_unit_type	=	"flak37",
		linked_event_id	=	0,
		initiator_object_id	=	16789248,
		event_id	=	912,
		weapon	=	"Sprgr. L/4.5 Kz.",
		initiator_coalition	=	1,
		initiator_ws_type1	=	2,
		initiatorMissionID	=	"671",
	}, -- end of [798]
	[799] = 
	{
		weapon_type	=	9243142,
		type	=	"shot",
		initiatorPilotName	=	"flak37",
		t	=	1043.247,
		initiator_unit_type	=	"flak37",
		linked_event_id	=	0,
		initiator_object_id	=	16789760,
		event_id	=	913,
		weapon	=	"Sprgr. L/4.5 Kz.",
		initiator_coalition	=	1,
		initiator_ws_type1	=	2,
		initiatorMissionID	=	"673",
	}, -- end of [799]
	[800] = 
	{
		weapon_type	=	9243142,
		type	=	"shot",
		initiatorPilotName	=	"flak37",
		t	=	1044.026,
		initiator_unit_type	=	"flak37",
		linked_event_id	=	0,
		initiator_object_id	=	16788992,
		event_id	=	914,
		weapon	=	"Sprgr. L/4.5 Kz.",
		initiator_coalition	=	1,
		initiator_ws_type1	=	2,
		initiatorMissionID	=	"670",
	}, -- end of [800]
	[801] = 
	{
		weapon_type	=	9243142,
		type	=	"shot",
		initiatorPilotName	=	"flak37",
		t	=	1044.035,
		initiator_unit_type	=	"flak37",
		linked_event_id	=	0,
		initiator_object_id	=	16793344,
		event_id	=	915,
		weapon	=	"Sprgr. L/4.5 Kz.",
		initiator_coalition	=	1,
		initiator_ws_type1	=	2,
		initiatorMissionID	=	"687",
	}, -- end of [801]
	[802] = 
	{
		weapon_type	=	9243142,
		type	=	"shot",
		initiatorPilotName	=	"flak37",
		t	=	1044.423,
		initiator_unit_type	=	"flak37",
		linked_event_id	=	0,
		initiator_object_id	=	16791552,
		event_id	=	916,
		weapon	=	"Sprgr. L/4.5 Kz.",
		initiator_coalition	=	1,
		initiator_ws_type1	=	2,
		initiatorMissionID	=	"680",
	}, -- end of [802]
	[803] = 
	{
		weapon_type	=	9243142,
		type	=	"shot",
		initiatorPilotName	=	"flak37",
		t	=	1045.029,
		initiator_unit_type	=	"flak37",
		linked_event_id	=	0,
		initiator_object_id	=	16789504,
		event_id	=	917,
		weapon	=	"Sprgr. L/4.5 Kz.",
		initiator_coalition	=	1,
		initiator_ws_type1	=	2,
		initiatorMissionID	=	"672",
	}, -- end of [803]
	[804] = 
	{
		weapon_type	=	9243142,
		type	=	"shot",
		initiatorPilotName	=	"flak37",
		t	=	1045.135,
		initiator_unit_type	=	"flak37",
		linked_event_id	=	0,
		initiator_object_id	=	16791040,
		event_id	=	918,
		weapon	=	"Sprgr. L/4.5 Kz.",
		initiator_coalition	=	1,
		initiator_ws_type1	=	2,
		initiatorMissionID	=	"678",
	}, -- end of [804]
	[805] = 
	{
		weapon_type	=	9243142,
		type	=	"shot",
		initiatorPilotName	=	"flak37",
		t	=	1045.635,
		initiator_unit_type	=	"flak37",
		linked_event_id	=	0,
		initiator_object_id	=	16790784,
		event_id	=	919,
		weapon	=	"Sprgr. L/4.5 Kz.",
		initiator_coalition	=	1,
		initiator_ws_type1	=	2,
		initiatorMissionID	=	"677",
	}, -- end of [805]
	[806] = 
	{
		weapon_type	=	9243142,
		type	=	"shot",
		initiatorPilotName	=	"flak37",
		t	=	1046.333,
		initiator_unit_type	=	"flak37",
		linked_event_id	=	0,
		initiator_object_id	=	16793088,
		event_id	=	920,
		weapon	=	"Sprgr. L/4.5 Kz.",
		initiator_coalition	=	1,
		initiator_ws_type1	=	2,
		initiatorMissionID	=	"686",
	}, -- end of [806]
	[807] = 
	{
		weapon_type	=	9243142,
		type	=	"shot",
		initiatorPilotName	=	"flak37",
		t	=	1046.805,
		initiator_unit_type	=	"flak37",
		linked_event_id	=	0,
		initiator_object_id	=	16789248,
		event_id	=	921,
		weapon	=	"Sprgr. L/4.5 Kz.",
		initiator_coalition	=	1,
		initiator_ws_type1	=	2,
		initiatorMissionID	=	"671",
	}, -- end of [807]
	[808] = 
	{
		weapon_type	=	9243142,
		type	=	"shot",
		initiatorPilotName	=	"flak37",
		t	=	1046.829,
		initiator_unit_type	=	"flak37",
		linked_event_id	=	0,
		initiator_object_id	=	16792576,
		event_id	=	922,
		weapon	=	"Sprgr. L/4.5 Kz.",
		initiator_coalition	=	1,
		initiator_ws_type1	=	2,
		initiatorMissionID	=	"684",
	}, -- end of [808]
	[809] = 
	{
		weapon_type	=	9243142,
		type	=	"shot",
		initiatorPilotName	=	"flak37",
		t	=	1047.232,
		initiator_unit_type	=	"flak37",
		linked_event_id	=	0,
		initiator_object_id	=	16792832,
		event_id	=	923,
		weapon	=	"Sprgr. L/4.5 Kz.",
		initiator_coalition	=	1,
		initiator_ws_type1	=	2,
		initiatorMissionID	=	"685",
	}, -- end of [809]
	[810] = 
	{
		weapon_type	=	9243142,
		type	=	"shot",
		initiatorPilotName	=	"flak37",
		t	=	1048.285,
		initiator_unit_type	=	"flak37",
		linked_event_id	=	0,
		initiator_object_id	=	16789760,
		event_id	=	924,
		weapon	=	"Sprgr. L/4.5 Kz.",
		initiator_coalition	=	1,
		initiator_ws_type1	=	2,
		initiatorMissionID	=	"673",
	}, -- end of [810]
	[811] = 
	{
		weapon_type	=	9243142,
		type	=	"shot",
		initiatorPilotName	=	"flak37",
		t	=	1048.516,
		initiator_unit_type	=	"flak37",
		linked_event_id	=	0,
		initiator_object_id	=	16791296,
		event_id	=	925,
		weapon	=	"Sprgr. L/4.5 Kz.",
		initiator_coalition	=	1,
		initiator_ws_type1	=	2,
		initiatorMissionID	=	"679",
	}, -- end of [811]
	[812] = 
	{
		weapon_type	=	9243142,
		type	=	"shot",
		initiatorPilotName	=	"flak37",
		t	=	1049,
		initiator_unit_type	=	"flak37",
		linked_event_id	=	0,
		initiator_object_id	=	16791552,
		event_id	=	926,
		weapon	=	"Sprgr. L/4.5 Kz.",
		initiator_coalition	=	1,
		initiator_ws_type1	=	2,
		initiatorMissionID	=	"680",
	}, -- end of [812]
	[813] = 
	{
		weapon_type	=	9243142,
		type	=	"shot",
		initiatorPilotName	=	"flak37",
		t	=	1049.243,
		initiator_unit_type	=	"flak37",
		linked_event_id	=	0,
		initiator_object_id	=	16793344,
		event_id	=	927,
		weapon	=	"Sprgr. L/4.5 Kz.",
		initiator_coalition	=	1,
		initiator_ws_type1	=	2,
		initiatorMissionID	=	"687",
	}, -- end of [813]
	[814] = 
	{
		weapon_type	=	9243142,
		type	=	"shot",
		initiatorPilotName	=	"flak37",
		t	=	1049.906,
		initiator_unit_type	=	"flak37",
		linked_event_id	=	0,
		initiator_object_id	=	16789504,
		event_id	=	928,
		weapon	=	"Sprgr. L/4.5 Kz.",
		initiator_coalition	=	1,
		initiator_ws_type1	=	2,
		initiatorMissionID	=	"672",
	}, -- end of [814]
	[815] = 
	{
		weapon_type	=	9243142,
		type	=	"shot",
		initiatorPilotName	=	"flak37",
		t	=	1050.158,
		initiator_unit_type	=	"flak37",
		linked_event_id	=	0,
		initiator_object_id	=	16788992,
		event_id	=	929,
		weapon	=	"Sprgr. L/4.5 Kz.",
		initiator_coalition	=	1,
		initiator_ws_type1	=	2,
		initiatorMissionID	=	"670",
	}, -- end of [815]
	[816] = 
	{
		weapon_type	=	9243142,
		type	=	"shot",
		initiatorPilotName	=	"flak37",
		t	=	1050.262,
		initiator_unit_type	=	"flak37",
		linked_event_id	=	0,
		initiator_object_id	=	16791040,
		event_id	=	930,
		weapon	=	"Sprgr. L/4.5 Kz.",
		initiator_coalition	=	1,
		initiator_ws_type1	=	2,
		initiatorMissionID	=	"678",
	}, -- end of [816]
	[817] = 
	{
		weapon_type	=	9243142,
		type	=	"shot",
		initiatorPilotName	=	"flak37",
		t	=	1050.961,
		initiator_unit_type	=	"flak37",
		linked_event_id	=	0,
		initiator_object_id	=	16793088,
		event_id	=	931,
		weapon	=	"Sprgr. L/4.5 Kz.",
		initiator_coalition	=	1,
		initiator_ws_type1	=	2,
		initiatorMissionID	=	"686",
	}, -- end of [817]
	[818] = 
	{
		weapon_type	=	9243142,
		type	=	"shot",
		initiatorPilotName	=	"flak37",
		t	=	1051.265,
		initiator_unit_type	=	"flak37",
		linked_event_id	=	0,
		initiator_object_id	=	16790784,
		event_id	=	932,
		weapon	=	"Sprgr. L/4.5 Kz.",
		initiator_coalition	=	1,
		initiator_ws_type1	=	2,
		initiatorMissionID	=	"677",
	}, -- end of [818]
	[819] = 
	{
		weapon_type	=	9243142,
		type	=	"shot",
		initiatorPilotName	=	"flak37",
		t	=	1051.827,
		initiator_unit_type	=	"flak37",
		linked_event_id	=	0,
		initiator_object_id	=	16792576,
		event_id	=	933,
		weapon	=	"Sprgr. L/4.5 Kz.",
		initiator_coalition	=	1,
		initiator_ws_type1	=	2,
		initiatorMissionID	=	"684",
	}, -- end of [819]
	[820] = 
	{
		weapon_type	=	9243142,
		type	=	"shot",
		initiatorPilotName	=	"flak37",
		t	=	1052.613,
		initiator_unit_type	=	"flak37",
		linked_event_id	=	0,
		initiator_object_id	=	16789248,
		event_id	=	934,
		weapon	=	"Sprgr. L/4.5 Kz.",
		initiator_coalition	=	1,
		initiator_ws_type1	=	2,
		initiatorMissionID	=	"671",
	}, -- end of [820]
	[821] = 
	{
		weapon_type	=	9243142,
		type	=	"shot",
		initiatorPilotName	=	"flak37",
		t	=	1052.775,
		initiator_unit_type	=	"flak37",
		linked_event_id	=	0,
		initiator_object_id	=	16792832,
		event_id	=	935,
		weapon	=	"Sprgr. L/4.5 Kz.",
		initiator_coalition	=	1,
		initiator_ws_type1	=	2,
		initiatorMissionID	=	"685",
	}, -- end of [821]
	[822] = 
	{
		weapon_type	=	9243142,
		type	=	"shot",
		initiatorPilotName	=	"flak37",
		t	=	1053.183,
		initiator_unit_type	=	"flak37",
		linked_event_id	=	0,
		initiator_object_id	=	16791296,
		event_id	=	936,
		weapon	=	"Sprgr. L/4.5 Kz.",
		initiator_coalition	=	1,
		initiator_ws_type1	=	2,
		initiatorMissionID	=	"679",
	}, -- end of [822]
	[823] = 
	{
		weapon_type	=	9243142,
		type	=	"shot",
		initiatorPilotName	=	"flak37",
		t	=	1053.665,
		initiator_unit_type	=	"flak37",
		linked_event_id	=	0,
		initiator_object_id	=	16789760,
		event_id	=	937,
		weapon	=	"Sprgr. L/4.5 Kz.",
		initiator_coalition	=	1,
		initiator_ws_type1	=	2,
		initiatorMissionID	=	"673",
	}, -- end of [823]
	[824] = 
	{
		weapon_type	=	9243142,
		type	=	"shot",
		initiatorPilotName	=	"flak37",
		t	=	1054.53,
		initiator_unit_type	=	"flak37",
		linked_event_id	=	0,
		initiator_object_id	=	16791552,
		event_id	=	938,
		weapon	=	"Sprgr. L/4.5 Kz.",
		initiator_coalition	=	1,
		initiator_ws_type1	=	2,
		initiatorMissionID	=	"680",
	}, -- end of [824]
	[825] = 
	{
		weapon_type	=	9243142,
		type	=	"shot",
		initiatorPilotName	=	"flak37",
		t	=	1054.706,
		initiator_unit_type	=	"flak37",
		linked_event_id	=	0,
		initiator_object_id	=	16789504,
		event_id	=	939,
		weapon	=	"Sprgr. L/4.5 Kz.",
		initiator_coalition	=	1,
		initiator_ws_type1	=	2,
		initiatorMissionID	=	"672",
	}, -- end of [825]
	[826] = 
	{
		weapon_type	=	9243142,
		type	=	"shot",
		initiatorPilotName	=	"flak37",
		t	=	1054.785,
		initiator_unit_type	=	"flak37",
		linked_event_id	=	0,
		initiator_object_id	=	16793344,
		event_id	=	940,
		weapon	=	"Sprgr. L/4.5 Kz.",
		initiator_coalition	=	1,
		initiator_ws_type1	=	2,
		initiatorMissionID	=	"687",
	}, -- end of [826]
	[827] = 
	{
		weapon_type	=	9243142,
		type	=	"shot",
		initiatorPilotName	=	"flak37",
		t	=	1055.323,
		initiator_unit_type	=	"flak37",
		linked_event_id	=	0,
		initiator_object_id	=	16791040,
		event_id	=	941,
		weapon	=	"Sprgr. L/4.5 Kz.",
		initiator_coalition	=	1,
		initiator_ws_type1	=	2,
		initiatorMissionID	=	"678",
	}, -- end of [827]
	[828] = 
	{
		weapon_type	=	9243142,
		type	=	"shot",
		initiatorPilotName	=	"flak37",
		t	=	1055.442,
		initiator_unit_type	=	"flak37",
		linked_event_id	=	0,
		initiator_object_id	=	16788992,
		event_id	=	942,
		weapon	=	"Sprgr. L/4.5 Kz.",
		initiator_coalition	=	1,
		initiator_ws_type1	=	2,
		initiatorMissionID	=	"670",
	}, -- end of [828]
	[829] = 
	{
		weapon_type	=	9243142,
		type	=	"shot",
		initiatorPilotName	=	"flak37",
		t	=	1056.173,
		initiator_unit_type	=	"flak37",
		linked_event_id	=	0,
		initiator_object_id	=	16793088,
		event_id	=	943,
		weapon	=	"Sprgr. L/4.5 Kz.",
		initiator_coalition	=	1,
		initiator_ws_type1	=	2,
		initiatorMissionID	=	"686",
	}, -- end of [829]
	[830] = 
	{
		weapon_type	=	9243142,
		type	=	"shot",
		initiatorPilotName	=	"flak37",
		t	=	1056.575,
		initiator_unit_type	=	"flak37",
		linked_event_id	=	0,
		initiator_object_id	=	16792576,
		event_id	=	944,
		weapon	=	"Sprgr. L/4.5 Kz.",
		initiator_coalition	=	1,
		initiator_ws_type1	=	2,
		initiatorMissionID	=	"684",
	}, -- end of [830]
	[831] = 
	{
		weapon_type	=	9243142,
		type	=	"shot",
		initiatorPilotName	=	"flak37",
		t	=	1056.85,
		initiator_unit_type	=	"flak37",
		linked_event_id	=	0,
		initiator_object_id	=	16789248,
		event_id	=	945,
		weapon	=	"Sprgr. L/4.5 Kz.",
		initiator_coalition	=	1,
		initiator_ws_type1	=	2,
		initiatorMissionID	=	"671",
	}, -- end of [831]
	[832] = 
	{
		weapon_type	=	9243142,
		type	=	"shot",
		initiatorPilotName	=	"flak37",
		t	=	1057.294,
		initiator_unit_type	=	"flak37",
		linked_event_id	=	0,
		initiator_object_id	=	16790784,
		event_id	=	946,
		weapon	=	"Sprgr. L/4.5 Kz.",
		initiator_coalition	=	1,
		initiator_ws_type1	=	2,
		initiatorMissionID	=	"677",
	}, -- end of [832]
	[833] = 
	{
		weapon_type	=	9243142,
		type	=	"shot",
		initiatorPilotName	=	"flak37",
		t	=	1058.405,
		initiator_unit_type	=	"flak37",
		linked_event_id	=	0,
		initiator_object_id	=	16791296,
		event_id	=	947,
		weapon	=	"Sprgr. L/4.5 Kz.",
		initiator_coalition	=	1,
		initiator_ws_type1	=	2,
		initiatorMissionID	=	"679",
	}, -- end of [833]
	[834] = 
	{
		weapon_type	=	9243142,
		type	=	"shot",
		initiatorPilotName	=	"flak37",
		t	=	1058.439,
		initiator_unit_type	=	"flak37",
		linked_event_id	=	0,
		initiator_object_id	=	16792832,
		event_id	=	948,
		weapon	=	"Sprgr. L/4.5 Kz.",
		initiator_coalition	=	1,
		initiator_ws_type1	=	2,
		initiatorMissionID	=	"685",
	}, -- end of [834]
	[835] = 
	{
		weapon_type	=	9243142,
		type	=	"shot",
		initiatorPilotName	=	"flak37",
		t	=	1059.468,
		initiator_unit_type	=	"flak37",
		linked_event_id	=	0,
		initiator_object_id	=	16789504,
		event_id	=	949,
		weapon	=	"Sprgr. L/4.5 Kz.",
		initiator_coalition	=	1,
		initiator_ws_type1	=	2,
		initiatorMissionID	=	"672",
	}, -- end of [835]
	[836] = 
	{
		weapon_type	=	9243142,
		type	=	"shot",
		initiatorPilotName	=	"flak37",
		t	=	1059.48,
		initiator_unit_type	=	"flak37",
		linked_event_id	=	0,
		initiator_object_id	=	16789760,
		event_id	=	950,
		weapon	=	"Sprgr. L/4.5 Kz.",
		initiator_coalition	=	1,
		initiator_ws_type1	=	2,
		initiatorMissionID	=	"673",
	}, -- end of [836]
	[837] = 
	{
		weapon_type	=	9243142,
		type	=	"shot",
		initiatorPilotName	=	"flak37",
		t	=	1060.211,
		initiator_unit_type	=	"flak37",
		linked_event_id	=	0,
		initiator_object_id	=	16791040,
		event_id	=	951,
		weapon	=	"Sprgr. L/4.5 Kz.",
		initiator_coalition	=	1,
		initiator_ws_type1	=	2,
		initiatorMissionID	=	"678",
	}, -- end of [837]
	[838] = 
	{
		weapon_type	=	9243142,
		type	=	"shot",
		initiatorPilotName	=	"flak37",
		t	=	1060.379,
		initiator_unit_type	=	"flak37",
		linked_event_id	=	0,
		initiator_object_id	=	16793344,
		event_id	=	952,
		weapon	=	"Sprgr. L/4.5 Kz.",
		initiator_coalition	=	1,
		initiator_ws_type1	=	2,
		initiatorMissionID	=	"687",
	}, -- end of [838]
	[839] = 
	{
		weapon_type	=	9243142,
		type	=	"shot",
		initiatorPilotName	=	"flak37",
		t	=	1060.391,
		initiator_unit_type	=	"flak37",
		linked_event_id	=	0,
		initiator_object_id	=	16791552,
		event_id	=	953,
		weapon	=	"Sprgr. L/4.5 Kz.",
		initiator_coalition	=	1,
		initiator_ws_type1	=	2,
		initiatorMissionID	=	"680",
	}, -- end of [839]
	[840] = 
	{
		weapon_type	=	9243142,
		type	=	"shot",
		initiatorPilotName	=	"flak37",
		t	=	1061.627,
		initiator_unit_type	=	"flak37",
		linked_event_id	=	0,
		initiator_object_id	=	16793088,
		event_id	=	954,
		weapon	=	"Sprgr. L/4.5 Kz.",
		initiator_coalition	=	1,
		initiator_ws_type1	=	2,
		initiatorMissionID	=	"686",
	}, -- end of [840]
	[841] = 
	{
		weapon_type	=	9243142,
		type	=	"shot",
		initiatorPilotName	=	"flak37",
		t	=	1061.648,
		initiator_unit_type	=	"flak37",
		linked_event_id	=	0,
		initiator_object_id	=	16788992,
		event_id	=	955,
		weapon	=	"Sprgr. L/4.5 Kz.",
		initiator_coalition	=	1,
		initiator_ws_type1	=	2,
		initiatorMissionID	=	"670",
	}, -- end of [841]
	[842] = 
	{
		weapon_type	=	9243142,
		type	=	"shot",
		initiatorPilotName	=	"flak37",
		t	=	1061.81,
		initiator_unit_type	=	"flak37",
		linked_event_id	=	0,
		initiator_object_id	=	16792576,
		event_id	=	956,
		weapon	=	"Sprgr. L/4.5 Kz.",
		initiator_coalition	=	1,
		initiator_ws_type1	=	2,
		initiatorMissionID	=	"684",
	}, -- end of [842]
	[843] = 
	{
		weapon_type	=	9243142,
		type	=	"shot",
		initiatorPilotName	=	"flak37",
		t	=	1062.06,
		initiator_unit_type	=	"flak37",
		linked_event_id	=	0,
		initiator_object_id	=	16789248,
		event_id	=	957,
		weapon	=	"Sprgr. L/4.5 Kz.",
		initiator_coalition	=	1,
		initiator_ws_type1	=	2,
		initiatorMissionID	=	"671",
	}, -- end of [843]
	[844] = 
	{
		weapon_type	=	9243142,
		type	=	"shot",
		initiatorPilotName	=	"flak37",
		t	=	1062.558,
		initiator_unit_type	=	"flak37",
		linked_event_id	=	0,
		initiator_object_id	=	16790784,
		event_id	=	958,
		weapon	=	"Sprgr. L/4.5 Kz.",
		initiator_coalition	=	1,
		initiator_ws_type1	=	2,
		initiatorMissionID	=	"677",
	}, -- end of [844]
	[845] = 
	{
		weapon_type	=	9243142,
		type	=	"shot",
		initiatorPilotName	=	"flak37",
		t	=	1063.187,
		initiator_unit_type	=	"flak37",
		linked_event_id	=	0,
		initiator_object_id	=	16792832,
		event_id	=	959,
		weapon	=	"Sprgr. L/4.5 Kz.",
		initiator_coalition	=	1,
		initiator_ws_type1	=	2,
		initiatorMissionID	=	"685",
	}, -- end of [845]
	[846] = 
	{
		weapon_type	=	9243142,
		type	=	"shot",
		initiatorPilotName	=	"flak37",
		t	=	1064.099,
		initiator_unit_type	=	"flak37",
		linked_event_id	=	0,
		initiator_object_id	=	16791296,
		event_id	=	960,
		weapon	=	"Sprgr. L/4.5 Kz.",
		initiator_coalition	=	1,
		initiator_ws_type1	=	2,
		initiatorMissionID	=	"679",
	}, -- end of [846]
	[847] = 
	{
		weapon_type	=	9243142,
		type	=	"shot",
		initiatorPilotName	=	"flak37",
		t	=	1065.369,
		initiator_unit_type	=	"flak37",
		linked_event_id	=	0,
		initiator_object_id	=	16791552,
		event_id	=	961,
		weapon	=	"Sprgr. L/4.5 Kz.",
		initiator_coalition	=	1,
		initiator_ws_type1	=	2,
		initiatorMissionID	=	"680",
	}, -- end of [847]
	[848] = 
	{
		weapon_type	=	9243142,
		type	=	"shot",
		initiatorPilotName	=	"flak37",
		t	=	1065.487,
		initiator_unit_type	=	"flak37",
		linked_event_id	=	0,
		initiator_object_id	=	16791040,
		event_id	=	962,
		weapon	=	"Sprgr. L/4.5 Kz.",
		initiator_coalition	=	1,
		initiator_ws_type1	=	2,
		initiatorMissionID	=	"678",
	}, -- end of [848]
	[849] = 
	{
		weapon_type	=	9243142,
		type	=	"shot",
		initiatorPilotName	=	"flak37",
		t	=	1065.653,
		initiator_unit_type	=	"flak37",
		linked_event_id	=	0,
		initiator_object_id	=	16793344,
		event_id	=	963,
		weapon	=	"Sprgr. L/4.5 Kz.",
		initiator_coalition	=	1,
		initiator_ws_type1	=	2,
		initiatorMissionID	=	"687",
	}, -- end of [849]
	[850] = 
	{
		weapon_type	=	9243142,
		type	=	"shot",
		initiatorPilotName	=	"flak37",
		t	=	1066.71,
		initiator_unit_type	=	"flak37",
		linked_event_id	=	0,
		initiator_object_id	=	16792576,
		event_id	=	964,
		weapon	=	"Sprgr. L/4.5 Kz.",
		initiator_coalition	=	1,
		initiator_ws_type1	=	2,
		initiatorMissionID	=	"684",
	}, -- end of [850]
	[851] = 
	{
		weapon_type	=	9243142,
		type	=	"shot",
		initiatorPilotName	=	"flak37",
		t	=	1067.791,
		initiator_unit_type	=	"flak37",
		linked_event_id	=	0,
		initiator_object_id	=	16790784,
		event_id	=	965,
		weapon	=	"Sprgr. L/4.5 Kz.",
		initiator_coalition	=	1,
		initiator_ws_type1	=	2,
		initiatorMissionID	=	"677",
	}, -- end of [851]
	[852] = 
	{
		weapon_type	=	9243142,
		type	=	"shot",
		initiatorPilotName	=	"flak37",
		t	=	1067.844,
		initiator_unit_type	=	"flak37",
		linked_event_id	=	0,
		initiator_object_id	=	16793088,
		event_id	=	966,
		weapon	=	"Sprgr. L/4.5 Kz.",
		initiator_coalition	=	1,
		initiator_ws_type1	=	2,
		initiatorMissionID	=	"686",
	}, -- end of [852]
	[853] = 
	{
		weapon_type	=	9243142,
		type	=	"shot",
		initiatorPilotName	=	"flak37",
		t	=	1068.422,
		initiator_unit_type	=	"flak37",
		linked_event_id	=	0,
		initiator_object_id	=	16792832,
		event_id	=	967,
		weapon	=	"Sprgr. L/4.5 Kz.",
		initiator_coalition	=	1,
		initiator_ws_type1	=	2,
		initiatorMissionID	=	"685",
	}, -- end of [853]
	[854] = 
	{
		weapon_type	=	9243142,
		type	=	"shot",
		initiatorPilotName	=	"flak37",
		t	=	1069.654,
		initiator_unit_type	=	"flak37",
		linked_event_id	=	0,
		initiator_object_id	=	16791296,
		event_id	=	968,
		weapon	=	"Sprgr. L/4.5 Kz.",
		initiator_coalition	=	1,
		initiator_ws_type1	=	2,
		initiatorMissionID	=	"679",
	}, -- end of [854]
	[855] = 
	{
		weapon_type	=	9243142,
		type	=	"shot",
		initiatorPilotName	=	"flak37",
		t	=	1070.546,
		initiator_unit_type	=	"flak37",
		linked_event_id	=	0,
		initiator_object_id	=	16791552,
		event_id	=	969,
		weapon	=	"Sprgr. L/4.5 Kz.",
		initiator_coalition	=	1,
		initiator_ws_type1	=	2,
		initiatorMissionID	=	"680",
	}, -- end of [855]
	[856] = 
	{
		weapon_type	=	9243142,
		type	=	"shot",
		initiatorPilotName	=	"flak37",
		t	=	1071.045,
		initiator_unit_type	=	"flak37",
		linked_event_id	=	0,
		initiator_object_id	=	16793344,
		event_id	=	970,
		weapon	=	"Sprgr. L/4.5 Kz.",
		initiator_coalition	=	1,
		initiator_ws_type1	=	2,
		initiatorMissionID	=	"687",
	}, -- end of [856]
	[857] = 
	{
		weapon_type	=	9243142,
		type	=	"shot",
		initiatorPilotName	=	"flak37",
		t	=	1071.293,
		initiator_unit_type	=	"flak37",
		linked_event_id	=	0,
		initiator_object_id	=	16791040,
		event_id	=	971,
		weapon	=	"Sprgr. L/4.5 Kz.",
		initiator_coalition	=	1,
		initiator_ws_type1	=	2,
		initiatorMissionID	=	"678",
	}, -- end of [857]
	[858] = 
	{
		weapon_type	=	9243142,
		type	=	"shot",
		initiatorPilotName	=	"flak37",
		t	=	1071.545,
		initiator_unit_type	=	"flak37",
		linked_event_id	=	0,
		initiator_object_id	=	16792576,
		event_id	=	972,
		weapon	=	"Sprgr. L/4.5 Kz.",
		initiator_coalition	=	1,
		initiator_ws_type1	=	2,
		initiatorMissionID	=	"684",
	}, -- end of [858]
	[859] = 
	{
		weapon_type	=	9243142,
		type	=	"shot",
		initiatorPilotName	=	"flak37",
		t	=	1073.08,
		initiator_unit_type	=	"flak37",
		linked_event_id	=	0,
		initiator_object_id	=	16790784,
		event_id	=	973,
		weapon	=	"Sprgr. L/4.5 Kz.",
		initiator_coalition	=	1,
		initiator_ws_type1	=	2,
		initiatorMissionID	=	"677",
	}, -- end of [859]
	[860] = 
	{
		weapon_type	=	9243142,
		type	=	"shot",
		initiatorPilotName	=	"flak37",
		t	=	1073.387,
		initiator_unit_type	=	"flak37",
		linked_event_id	=	0,
		initiator_object_id	=	16793088,
		event_id	=	974,
		weapon	=	"Sprgr. L/4.5 Kz.",
		initiator_coalition	=	1,
		initiator_ws_type1	=	2,
		initiatorMissionID	=	"686",
	}, -- end of [860]
	[861] = 
	{
		weapon_type	=	9243142,
		type	=	"shot",
		initiatorPilotName	=	"flak37",
		t	=	1074.305,
		initiator_unit_type	=	"flak37",
		linked_event_id	=	0,
		initiator_object_id	=	16792832,
		event_id	=	975,
		weapon	=	"Sprgr. L/4.5 Kz.",
		initiator_coalition	=	1,
		initiator_ws_type1	=	2,
		initiatorMissionID	=	"685",
	}, -- end of [861]
	[862] = 
	{
		weapon_type	=	9243142,
		type	=	"shot",
		initiatorPilotName	=	"flak37",
		t	=	1074.975,
		initiator_unit_type	=	"flak37",
		linked_event_id	=	0,
		initiator_object_id	=	16791296,
		event_id	=	976,
		weapon	=	"Sprgr. L/4.5 Kz.",
		initiator_coalition	=	1,
		initiator_ws_type1	=	2,
		initiatorMissionID	=	"679",
	}, -- end of [862]
	[863] = 
	{
		weapon_type	=	9243142,
		type	=	"shot",
		initiatorPilotName	=	"flak37",
		t	=	1075.502,
		initiator_unit_type	=	"flak37",
		linked_event_id	=	0,
		initiator_object_id	=	16791552,
		event_id	=	977,
		weapon	=	"Sprgr. L/4.5 Kz.",
		initiator_coalition	=	1,
		initiator_ws_type1	=	2,
		initiatorMissionID	=	"680",
	}, -- end of [863]
	[864] = 
	{
		weapon_type	=	9243142,
		type	=	"shot",
		initiatorPilotName	=	"flak37",
		t	=	1076.705,
		initiator_unit_type	=	"flak37",
		linked_event_id	=	0,
		initiator_object_id	=	16793344,
		event_id	=	978,
		weapon	=	"Sprgr. L/4.5 Kz.",
		initiator_coalition	=	1,
		initiator_ws_type1	=	2,
		initiatorMissionID	=	"687",
	}, -- end of [864]
	[865] = 
	{
		weapon_type	=	9243142,
		type	=	"shot",
		initiatorPilotName	=	"flak37",
		t	=	1076.836,
		initiator_unit_type	=	"flak37",
		linked_event_id	=	0,
		initiator_object_id	=	16791040,
		event_id	=	979,
		weapon	=	"Sprgr. L/4.5 Kz.",
		initiator_coalition	=	1,
		initiator_ws_type1	=	2,
		initiatorMissionID	=	"678",
	}, -- end of [865]
	[866] = 
	{
		weapon_type	=	9243142,
		type	=	"shot",
		initiatorPilotName	=	"flak37",
		t	=	1077.126,
		initiator_unit_type	=	"flak37",
		linked_event_id	=	0,
		initiator_object_id	=	16792576,
		event_id	=	980,
		weapon	=	"Sprgr. L/4.5 Kz.",
		initiator_coalition	=	1,
		initiator_ws_type1	=	2,
		initiatorMissionID	=	"684",
	}, -- end of [866]
	[867] = 
	{
		weapon_type	=	9243142,
		type	=	"shot",
		initiatorPilotName	=	"flak37",
		t	=	1078.516,
		initiator_unit_type	=	"flak37",
		linked_event_id	=	0,
		initiator_object_id	=	16793088,
		event_id	=	981,
		weapon	=	"Sprgr. L/4.5 Kz.",
		initiator_coalition	=	1,
		initiator_ws_type1	=	2,
		initiatorMissionID	=	"686",
	}, -- end of [867]
	[868] = 
	{
		weapon_type	=	9243142,
		type	=	"shot",
		initiatorPilotName	=	"flak37",
		t	=	1078.81,
		initiator_unit_type	=	"flak37",
		linked_event_id	=	0,
		initiator_object_id	=	16792832,
		event_id	=	982,
		weapon	=	"Sprgr. L/4.5 Kz.",
		initiator_coalition	=	1,
		initiator_ws_type1	=	2,
		initiatorMissionID	=	"685",
	}, -- end of [868]
	[869] = 
	{
		weapon_type	=	9243142,
		type	=	"shot",
		initiatorPilotName	=	"flak37",
		t	=	1082.695,
		initiator_unit_type	=	"flak37",
		linked_event_id	=	0,
		initiator_object_id	=	16793344,
		event_id	=	983,
		weapon	=	"Sprgr. L/4.5 Kz.",
		initiator_coalition	=	1,
		initiator_ws_type1	=	2,
		initiatorMissionID	=	"687",
	}, -- end of [869]
	[870] = 
	{
		weapon_type	=	9243142,
		type	=	"shot",
		initiatorPilotName	=	"flak37",
		t	=	1082.71,
		initiator_unit_type	=	"flak37",
		linked_event_id	=	0,
		initiator_object_id	=	16792576,
		event_id	=	984,
		weapon	=	"Sprgr. L/4.5 Kz.",
		initiator_coalition	=	1,
		initiator_ws_type1	=	2,
		initiatorMissionID	=	"684",
	}, -- end of [870]
	[871] = 
	{
		weapon_type	=	9243142,
		type	=	"shot",
		initiatorPilotName	=	"flak37",
		t	=	1083.5,
		initiator_unit_type	=	"flak37",
		linked_event_id	=	0,
		initiator_object_id	=	16792832,
		event_id	=	985,
		weapon	=	"Sprgr. L/4.5 Kz.",
		initiator_coalition	=	1,
		initiator_ws_type1	=	2,
		initiatorMissionID	=	"685",
	}, -- end of [871]
	[872] = 
	{
		weapon_type	=	9243142,
		type	=	"shot",
		initiatorPilotName	=	"flak37",
		t	=	1083.988,
		initiator_unit_type	=	"flak37",
		linked_event_id	=	0,
		initiator_object_id	=	16793088,
		event_id	=	986,
		weapon	=	"Sprgr. L/4.5 Kz.",
		initiator_coalition	=	1,
		initiator_ws_type1	=	2,
		initiatorMissionID	=	"686",
	}, -- end of [872]
	[873] = 
	{
		weapon_type	=	9243142,
		type	=	"shot",
		initiatorPilotName	=	"flak37",
		t	=	1087.445,
		initiator_unit_type	=	"flak37",
		linked_event_id	=	0,
		initiator_object_id	=	16792576,
		event_id	=	987,
		weapon	=	"Sprgr. L/4.5 Kz.",
		initiator_coalition	=	1,
		initiator_ws_type1	=	2,
		initiatorMissionID	=	"684",
	}, -- end of [873]
	[874] = 
	{
		weapon_type	=	9243142,
		type	=	"shot",
		initiatorPilotName	=	"flak37",
		t	=	1087.972,
		initiator_unit_type	=	"flak37",
		linked_event_id	=	0,
		initiator_object_id	=	16793344,
		event_id	=	988,
		weapon	=	"Sprgr. L/4.5 Kz.",
		initiator_coalition	=	1,
		initiator_ws_type1	=	2,
		initiatorMissionID	=	"687",
	}, -- end of [874]
	[875] = 
	{
		weapon_type	=	9243142,
		type	=	"shot",
		initiatorPilotName	=	"flak37",
		t	=	1088.478,
		initiator_unit_type	=	"flak37",
		linked_event_id	=	0,
		initiator_object_id	=	16792832,
		event_id	=	989,
		weapon	=	"Sprgr. L/4.5 Kz.",
		initiator_coalition	=	1,
		initiator_ws_type1	=	2,
		initiatorMissionID	=	"685",
	}, -- end of [875]
	[876] = 
	{
		weapon_type	=	9243142,
		type	=	"shot",
		initiatorPilotName	=	"flak37",
		t	=	1089.359,
		initiator_unit_type	=	"flak37",
		linked_event_id	=	0,
		initiator_object_id	=	16793088,
		event_id	=	990,
		weapon	=	"Sprgr. L/4.5 Kz.",
		initiator_coalition	=	1,
		initiator_ws_type1	=	2,
		initiatorMissionID	=	"686",
	}, -- end of [876]
	[877] = 
	{
		weapon_type	=	9243142,
		type	=	"shot",
		initiatorPilotName	=	"flak37",
		t	=	1092.358,
		initiator_unit_type	=	"flak37",
		linked_event_id	=	0,
		initiator_object_id	=	16792576,
		event_id	=	991,
		weapon	=	"Sprgr. L/4.5 Kz.",
		initiator_coalition	=	1,
		initiator_ws_type1	=	2,
		initiatorMissionID	=	"684",
	}, -- end of [877]
	[878] = 
	{
		weapon_type	=	9243142,
		type	=	"shot",
		initiatorPilotName	=	"flak37",
		t	=	1092.92,
		initiator_unit_type	=	"flak37",
		linked_event_id	=	0,
		initiator_object_id	=	16793344,
		event_id	=	992,
		weapon	=	"Sprgr. L/4.5 Kz.",
		initiator_coalition	=	1,
		initiator_ws_type1	=	2,
		initiatorMissionID	=	"687",
	}, -- end of [878]
	[879] = 
	{
		weapon_type	=	9243142,
		type	=	"shot",
		initiatorPilotName	=	"flak37",
		t	=	1094.293,
		initiator_unit_type	=	"flak37",
		linked_event_id	=	0,
		initiator_object_id	=	16792832,
		event_id	=	993,
		weapon	=	"Sprgr. L/4.5 Kz.",
		initiator_coalition	=	1,
		initiator_ws_type1	=	2,
		initiatorMissionID	=	"685",
	}, -- end of [879]
	[880] = 
	{
		weapon_type	=	9243142,
		type	=	"shot",
		initiatorPilotName	=	"flak37",
		t	=	1094.453,
		initiator_unit_type	=	"flak37",
		linked_event_id	=	0,
		initiator_object_id	=	16793088,
		event_id	=	994,
		weapon	=	"Sprgr. L/4.5 Kz.",
		initiator_coalition	=	1,
		initiator_ws_type1	=	2,
		initiatorMissionID	=	"686",
	}, -- end of [880]
	[881] = 
	{
		type	=	"ai abort mission",
		initiatorPilotName	=	"P-51D",
		t	=	1142.601,
		initiator_unit_type	=	"P-51D",
		initiator_object_id	=	16796672,
		linked_event_id	=	0,
		event_id	=	995,
		initiator_coalition	=	2,
		initiator_ws_type1	=	1,
		initiatorMissionID	=	"503",
	}, -- end of [881]
	[882] = 
	{
		type	=	"engine shutdown",
		initiatorPilotName	=	"P-51D",
		t	=	1143.861,
		initiator_unit_type	=	"P-51D",
		initiator_object_id	=	16796672,
		linked_event_id	=	0,
		event_id	=	996,
		initiator_coalition	=	2,
		initiator_ws_type1	=	1,
		initiatorMissionID	=	"503",
	}, -- end of [882]
	[883] = 
	{
		type	=	"engine startup",
		initiatorPilotName	=	"P-51D",
		t	=	1151.701,
		initiator_unit_type	=	"P-51D",
		initiator_object_id	=	16797184,
		linked_event_id	=	0,
		event_id	=	997,
		initiator_coalition	=	2,
		initiator_ws_type1	=	1,
		initiatorMissionID	=	"523",
	}, -- end of [883]
	[884] = 
	{
		type	=	"engine startup",
		initiatorPilotName	=	"P-51D",
		t	=	1151.701,
		initiator_unit_type	=	"P-51D",
		initiator_object_id	=	16797440,
		linked_event_id	=	0,
		event_id	=	999,
		initiator_coalition	=	2,
		initiator_ws_type1	=	1,
		initiatorMissionID	=	"560",
	}, -- end of [884]
	[885] = 
	{
		type	=	"engine startup",
		initiatorPilotName	=	"P-51D",
		t	=	1151.701,
		initiator_unit_type	=	"P-51D",
		initiator_object_id	=	16797696,
		linked_event_id	=	0,
		event_id	=	1001,
		initiator_coalition	=	2,
		initiator_ws_type1	=	1,
		initiatorMissionID	=	"561",
	}, -- end of [885]
	[886] = 
	{
		type	=	"engine startup",
		initiatorPilotName	=	"P-51D",
		t	=	1151.701,
		initiator_unit_type	=	"P-51D",
		initiator_object_id	=	16797952,
		linked_event_id	=	0,
		event_id	=	1003,
		initiator_coalition	=	2,
		initiator_ws_type1	=	1,
		initiatorMissionID	=	"562",
	}, -- end of [886]
	[887] = 
	{
		type	=	"engine startup",
		initiatorPilotName	=	"P-51D",
		t	=	1151.701,
		initiator_unit_type	=	"P-51D",
		initiator_object_id	=	16798208,
		linked_event_id	=	0,
		event_id	=	1005,
		initiator_coalition	=	2,
		initiator_ws_type1	=	1,
		initiatorMissionID	=	"524",
	}, -- end of [887]
	[888] = 
	{
		type	=	"engine startup",
		initiatorPilotName	=	"P-51D",
		t	=	1151.701,
		initiator_unit_type	=	"P-51D",
		initiator_object_id	=	16798464,
		linked_event_id	=	0,
		event_id	=	1007,
		initiator_coalition	=	2,
		initiator_ws_type1	=	1,
		initiatorMissionID	=	"566",
	}, -- end of [888]
	[889] = 
	{
		type	=	"engine startup",
		initiatorPilotName	=	"P-51D",
		t	=	1151.701,
		initiator_unit_type	=	"P-51D",
		initiator_object_id	=	16798720,
		linked_event_id	=	0,
		event_id	=	1009,
		initiator_coalition	=	2,
		initiator_ws_type1	=	1,
		initiatorMissionID	=	"567",
	}, -- end of [889]
	[890] = 
	{
		type	=	"engine startup",
		initiatorPilotName	=	"P-51D",
		t	=	1151.701,
		initiator_unit_type	=	"P-51D",
		initiator_object_id	=	16798976,
		linked_event_id	=	0,
		event_id	=	1011,
		initiator_coalition	=	2,
		initiator_ws_type1	=	1,
		initiatorMissionID	=	"568",
	}, -- end of [890]
	[891] = 
	{
		type	=	"engine startup",
		initiatorPilotName	=	"P-51D",
		t	=	1151.701,
		initiator_unit_type	=	"P-51D",
		initiator_object_id	=	16799232,
		linked_event_id	=	0,
		event_id	=	1013,
		initiator_coalition	=	2,
		initiator_ws_type1	=	1,
		initiatorMissionID	=	"525",
	}, -- end of [891]
	[892] = 
	{
		type	=	"engine startup",
		initiatorPilotName	=	"P-51D",
		t	=	1151.701,
		initiator_unit_type	=	"P-51D",
		initiator_object_id	=	16799488,
		linked_event_id	=	0,
		event_id	=	1015,
		initiator_coalition	=	2,
		initiator_ws_type1	=	1,
		initiatorMissionID	=	"563",
	}, -- end of [892]
	[893] = 
	{
		type	=	"engine startup",
		initiatorPilotName	=	"P-51D",
		t	=	1151.701,
		initiator_unit_type	=	"P-51D",
		initiator_object_id	=	16799744,
		linked_event_id	=	0,
		event_id	=	1017,
		initiator_coalition	=	2,
		initiator_ws_type1	=	1,
		initiatorMissionID	=	"564",
	}, -- end of [893]
	[894] = 
	{
		type	=	"engine startup",
		initiatorPilotName	=	"P-51D",
		t	=	1151.701,
		initiator_unit_type	=	"P-51D",
		initiator_object_id	=	16800000,
		linked_event_id	=	0,
		event_id	=	1019,
		initiator_coalition	=	2,
		initiator_ws_type1	=	1,
		initiatorMissionID	=	"565",
	}, -- end of [894]
	[895] = 
	{
		type	=	"engine startup",
		initiatorPilotName	=	"Bf-109K-4",
		t	=	1209.701,
		initiator_unit_type	=	"Bf-109K-4",
		initiator_object_id	=	16782592,
		linked_event_id	=	0,
		event_id	=	1021,
		initiator_coalition	=	1,
		initiator_ws_type1	=	1,
		initiatorMissionID	=	"362",
	}, -- end of [895]
	[896] = 
	{
		type	=	"engine startup",
		initiatorPilotName	=	"Bf-109K-4",
		t	=	1209.701,
		initiator_unit_type	=	"Bf-109K-4",
		initiator_object_id	=	16782848,
		linked_event_id	=	0,
		event_id	=	1024,
		initiator_coalition	=	1,
		initiator_ws_type1	=	1,
		initiatorMissionID	=	"363",
	}, -- end of [896]
	[897] = 
	{
		type	=	"engine startup",
		initiatorPilotName	=	"Bf-109K-4",
		t	=	1209.701,
		initiator_unit_type	=	"Bf-109K-4",
		initiator_object_id	=	16783104,
		linked_event_id	=	0,
		event_id	=	1027,
		initiator_coalition	=	1,
		initiator_ws_type1	=	1,
		initiatorMissionID	=	"364",
	}, -- end of [897]
	[898] = 
	{
		type	=	"engine startup",
		initiatorPilotName	=	"Bf-109K-4",
		t	=	1209.701,
		initiator_unit_type	=	"Bf-109K-4",
		initiator_object_id	=	16783360,
		linked_event_id	=	0,
		event_id	=	1030,
		initiator_coalition	=	1,
		initiator_ws_type1	=	1,
		initiatorMissionID	=	"365",
	}, -- end of [898]
	[899] = 
	{
		type	=	"ai abort mission",
		initiatorPilotName	=	"P-51D",
		t	=	1238.261,
		initiator_unit_type	=	"P-51D",
		initiator_object_id	=	16796672,
		linked_event_id	=	0,
		event_id	=	1033,
		initiator_coalition	=	2,
		initiator_ws_type1	=	1,
		initiatorMissionID	=	"503",
	}, -- end of [899]
	[900] = 
	{
		initiatorPilotName	=	"P-51D",
		target_coalition	=	2,
		linked_event_id	=	0,
		targetMissionID	=	"0",
		target_ws_type1	=	1,
		initiator_object_id	=	16796672,
		target	=	"",
		target_object_id	=	16801536,
		targetPilotName	=	"",
		type	=	"eject",
		target_unit_type	=	"",
		t	=	1245.001,
		initiator_unit_type	=	"P-51D",
		event_id	=	1034,
		initiator_ws_type1	=	1,
		initiatorMissionID	=	"503",
		initiator_coalition	=	2,
	}, -- end of [900]
	[901] = 
	{
		weapon_type	=	9243142,
		initiatorPilotName	=	"flak37",
		target_coalition	=	2,
		linked_event_id	=	901,
		targetMissionID	=	"503",
		target_ws_type1	=	1,
		initiator_object_id	=	16793344,
		target	=	"P-51D",
		target_object_id	=	16796672,
		targetPilotName	=	"P-51D",
		type	=	"kill",
		target_unit_type	=	"P-51D",
		t	=	1245.001,
		initiator_unit_type	=	"flak37",
		event_id	=	1035,
		weapon	=	"Sprgr. L/4.5 Kz.",
		initiator_ws_type1	=	2,
		initiatorMissionID	=	"687",
		initiator_coalition	=	1,
	}, -- end of [901]
	[902] = 
	{
		type	=	"score",
		initiatorPilotName	=	"flak37",
		t	=	1245.001,
		linked_event_id	=	1035,
		initiator_unit_type	=	"flak37",
		event_id	=	1036,
		initiator_object_id	=	16793344,
		amount	=	20,
		comment	=	"air",
		initiator_coalition	=	1,
		initiator_ws_type1	=	2,
		initiatorMissionID	=	"687",
	}, -- end of [902]
	[903] = 
	{
		targetPilotName	=	"FW-190A8",
		type	=	"failure",
		target_unit_type	=	"FW-190A8",
		target_coalition	=	1,
		t	=	1245.76,
		targetMissionID	=	"2",
		failureDisplayName	=	"Engine #1 overheated",
		target_ws_type1	=	1,
		linked_event_id	=	0,
		event_id	=	1038,
		target	=	"FW-190A8",
		failure	=	"ENG0_OVERHEAT",
		weapon	=	"Aw shoot.",
		target_object_id	=	16800256,
	}, -- end of [903]
	[904] = 
	{
		type	=	"pilot landing",
		initiatorPilotName	=	"",
		place	=	"p47",
		t	=	1246.901,
		initiator_unit_type	=	"",
		initiator_object_id	=	16801536,
		linked_event_id	=	0,
		event_id	=	1039,
		initiator_coalition	=	2,
		initiator_ws_type1	=	1,
		initiatorMissionID	=	"0",
	}, -- end of [904]
	[905] = 
	{
		type	=	"engine startup",
		initiatorPilotName	=	"MosquitoFBMkVI",
		t	=	1252.801,
		initiator_unit_type	=	"MosquitoFBMkVI",
		initiator_object_id	=	16795648,
		linked_event_id	=	0,
		event_id	=	1040,
		initiator_coalition	=	2,
		initiator_ws_type1	=	1,
		initiatorMissionID	=	"612",
	}, -- end of [905]
	[906] = 
	{
		type	=	"engine startup",
		initiatorPilotName	=	"MosquitoFBMkVI",
		t	=	1252.801,
		initiator_unit_type	=	"MosquitoFBMkVI",
		initiator_object_id	=	16795904,
		linked_event_id	=	0,
		event_id	=	1042,
		initiator_coalition	=	2,
		initiator_ws_type1	=	1,
		initiatorMissionID	=	"613",
	}, -- end of [906]
	[907] = 
	{
		type	=	"ai abort mission",
		initiatorPilotName	=	"P-51D",
		t	=	1265.781,
		initiator_unit_type	=	"P-51D",
		initiator_object_id	=	16796672,
		linked_event_id	=	0,
		event_id	=	1044,
		initiator_coalition	=	2,
		initiator_ws_type1	=	1,
		initiatorMissionID	=	"503",
	}, -- end of [907]
	[908] = 
	{
		type	=	"engine shutdown",
		initiatorPilotName	=	"FW-190A8",
		t	=	1284.04,
		initiator_unit_type	=	"FW-190A8",
		initiator_object_id	=	16800256,
		linked_event_id	=	0,
		event_id	=	1045,
		initiator_coalition	=	1,
		initiator_ws_type1	=	1,
		initiatorMissionID	=	"2",
	}, -- end of [908]
	[909] = 
	{
		type	=	"engine startup",
		initiatorPilotName	=	"FW-190A8",
		t	=	1285.28,
		initiator_unit_type	=	"FW-190A8",
		initiator_object_id	=	16800256,
		linked_event_id	=	0,
		event_id	=	1046,
		initiator_coalition	=	1,
		initiator_ws_type1	=	1,
		initiatorMissionID	=	"2",
	}, -- end of [909]
	[910] = 
	{
		type	=	"engine shutdown",
		initiatorPilotName	=	"FW-190A8",
		t	=	1285.92,
		initiator_unit_type	=	"FW-190A8",
		initiator_object_id	=	16800256,
		linked_event_id	=	0,
		event_id	=	1047,
		initiator_coalition	=	1,
		initiator_ws_type1	=	1,
		initiatorMissionID	=	"2",
	}, -- end of [910]
	[911] = 
	{
		type	=	"engine startup",
		initiatorPilotName	=	"FW-190A8",
		t	=	1287.08,
		initiator_unit_type	=	"FW-190A8",
		initiator_object_id	=	16800256,
		linked_event_id	=	0,
		event_id	=	1048,
		initiator_coalition	=	1,
		initiator_ws_type1	=	1,
		initiatorMissionID	=	"2",
	}, -- end of [911]
	[912] = 
	{
		type	=	"engine shutdown",
		initiatorPilotName	=	"FW-190A8",
		t	=	1287.68,
		initiator_unit_type	=	"FW-190A8",
		initiator_object_id	=	16800256,
		linked_event_id	=	0,
		event_id	=	1049,
		initiator_coalition	=	1,
		initiator_ws_type1	=	1,
		initiatorMissionID	=	"2",
	}, -- end of [912]
	[913] = 
	{
		type	=	"engine startup",
		initiatorPilotName	=	"FW-190A8",
		t	=	1289.34,
		initiator_unit_type	=	"FW-190A8",
		initiator_object_id	=	16800256,
		linked_event_id	=	0,
		event_id	=	1050,
		initiator_coalition	=	1,
		initiator_ws_type1	=	1,
		initiatorMissionID	=	"2",
	}, -- end of [913]
	[914] = 
	{
		type	=	"engine shutdown",
		initiatorPilotName	=	"FW-190A8",
		t	=	1290.02,
		initiator_unit_type	=	"FW-190A8",
		initiator_object_id	=	16800256,
		linked_event_id	=	0,
		event_id	=	1051,
		initiator_coalition	=	1,
		initiator_ws_type1	=	1,
		initiatorMissionID	=	"2",
	}, -- end of [914]
	[915] = 
	{
		initiatorPilotName	=	"FW-190A8",
		target_coalition	=	1,
		linked_event_id	=	0,
		targetMissionID	=	"0",
		target_ws_type1	=	1,
		initiator_object_id	=	16800256,
		target	=	"",
		target_object_id	=	16801792,
		targetPilotName	=	"",
		type	=	"eject",
		target_unit_type	=	"",
		t	=	1308.44,
		initiator_unit_type	=	"FW-190A8",
		event_id	=	1052,
		initiator_ws_type1	=	1,
		initiatorMissionID	=	"2",
		initiator_coalition	=	1,
	}, -- end of [915]
	[916] = 
	{
		initiatorPilotName	=	"P-51D",
		target_coalition	=	1,
		linked_event_id	=	699,
		targetMissionID	=	"2",
		target_ws_type1	=	1,
		initiator_object_id	=	16796672,
		target	=	"FW-190A8",
		target_object_id	=	16800256,
		targetPilotName	=	"FW-190A8",
		type	=	"kill",
		target_unit_type	=	"FW-190A8",
		t	=	1308.44,
		initiator_unit_type	=	"P-51D",
		event_id	=	1053,
		weapon	=	"",
		initiator_ws_type1	=	1,
		initiatorMissionID	=	"503",
		initiator_coalition	=	2,
	}, -- end of [916]
	[917] = 
	{
		type	=	"score",
		initiatorPilotName	=	"P-51D",
		t	=	1308.44,
		linked_event_id	=	1053,
		initiator_unit_type	=	"P-51D",
		event_id	=	1054,
		initiator_object_id	=	16796672,
		amount	=	20,
		comment	=	"air",
		initiator_coalition	=	2,
		initiator_ws_type1	=	1,
		initiatorMissionID	=	"503",
	}, -- end of [917]
	[918] = 
	{
		targetPilotName	=	"FW-190A8",
		type	=	"failure",
		target_unit_type	=	"FW-190A8",
		target_coalition	=	1,
		t	=	1323.36,
		targetMissionID	=	"2",
		failureDisplayName	=	"Engine Jam",
		target_ws_type1	=	1,
		linked_event_id	=	0,
		event_id	=	1056,
		target	=	"FW-190A8",
		failure	=	"ENG0_JAMMED",
		weapon	=	"Aw shoot.",
		target_object_id	=	16800256,
	}, -- end of [918]
	[919] = 
	{
		targetPilotName	=	"FW-190A8",
		type	=	"failure",
		target_unit_type	=	"FW-190A8",
		target_coalition	=	1,
		t	=	1323.36,
		targetMissionID	=	"2",
		failureDisplayName	=	"Gun (No. 4) inoperable",
		target_ws_type1	=	1,
		linked_event_id	=	0,
		event_id	=	1057,
		target	=	"FW-190A8",
		failure	=	"WEAP_GUN_03_DAMAGED",
		weapon	=	"Aw shoot.",
		target_object_id	=	16800256,
	}, -- end of [919]
	[920] = 
	{
		targetPilotName	=	"FW-190A8",
		type	=	"failure",
		target_unit_type	=	"FW-190A8",
		target_coalition	=	1,
		t	=	1323.36,
		targetMissionID	=	"2",
		failureDisplayName	=	"Right Flap Motor Fault.",
		target_ws_type1	=	1,
		linked_event_id	=	0,
		event_id	=	1058,
		target	=	"FW-190A8",
		failure	=	"CTRL_LANDING_FLAPS_RH_DRIVE_DAMAGED",
		weapon	=	"Aw shoot.",
		target_object_id	=	16800256,
	}, -- end of [920]
	[921] = 
	{
		targetPilotName	=	"FW-190A8",
		type	=	"failure",
		target_unit_type	=	"FW-190A8",
		target_coalition	=	1,
		t	=	1323.36,
		targetMissionID	=	"2",
		failureDisplayName	=	"Right Gear Uplock Not Locked.",
		target_ws_type1	=	1,
		linked_event_id	=	0,
		event_id	=	1059,
		target	=	"FW-190A8",
		failure	=	"UNCR_RH_STRUT_UP_LOCK_FAILURE",
		weapon	=	"Aw shoot.",
		target_object_id	=	16800256,
	}, -- end of [921]
	[922] = 
	{
		targetPilotName	=	"FW-190A8",
		type	=	"failure",
		target_unit_type	=	"FW-190A8",
		target_coalition	=	1,
		t	=	1323.36,
		targetMissionID	=	"2",
		failureDisplayName	=	"Right Gear Motor Fault.",
		target_ws_type1	=	1,
		linked_event_id	=	0,
		event_id	=	1060,
		target	=	"FW-190A8",
		failure	=	"UNCR_RH_STRUT_DRIVE_FAILURE",
		weapon	=	"Aw shoot.",
		target_object_id	=	16800256,
	}, -- end of [922]
	[923] = 
	{
		targetPilotName	=	"FW-190A8",
		type	=	"failure",
		target_unit_type	=	"FW-190A8",
		target_coalition	=	1,
		t	=	1323.36,
		targetMissionID	=	"2",
		failureDisplayName	=	"Right Gear Motor wire broken.",
		target_ws_type1	=	1,
		linked_event_id	=	0,
		event_id	=	1061,
		target	=	"FW-190A8",
		failure	=	"ELEC_RH_GEAR_DRIVE_WIRE_SEVERED",
		weapon	=	"Aw shoot.",
		target_object_id	=	16800256,
	}, -- end of [923]
	[924] = 
	{
		targetPilotName	=	"FW-190A8",
		type	=	"failure",
		target_unit_type	=	"FW-190A8",
		target_coalition	=	1,
		t	=	1323.36,
		targetMissionID	=	"2",
		failureDisplayName	=	"Right Flap Motor wire broken.",
		target_ws_type1	=	1,
		linked_event_id	=	0,
		event_id	=	1062,
		target	=	"FW-190A8",
		failure	=	"ELEC_RH_FLAPS_DRIVE_WIRE_SEVERED",
		weapon	=	"Aw shoot.",
		target_object_id	=	16800256,
	}, -- end of [924]
	[925] = 
	{
		targetPilotName	=	"FW-190A8",
		type	=	"failure",
		target_unit_type	=	"FW-190A8",
		target_coalition	=	1,
		t	=	1323.36,
		targetMissionID	=	"2",
		failureDisplayName	=	"Right electrical junction box break.",
		target_ws_type1	=	1,
		linked_event_id	=	0,
		event_id	=	1063,
		target	=	"FW-190A8",
		failure	=	"ELEC_RH_JUNCTION_BOX_DESTROYED",
		weapon	=	"Aw shoot.",
		target_object_id	=	16800256,
	}, -- end of [925]
	[926] = 
	{
		targetPilotName	=	"FW-190A8",
		type	=	"failure",
		target_unit_type	=	"FW-190A8",
		target_coalition	=	1,
		t	=	1323.36,
		targetMissionID	=	"2",
		failureDisplayName	=	"Right strut shock damaged",
		target_ws_type1	=	1,
		linked_event_id	=	0,
		event_id	=	1064,
		target	=	"FW-190A8",
		failure	=	"UNCR_RH_STRUT_SHOCK_DAMAGED",
		weapon	=	"Aw shoot.",
		target_object_id	=	16800256,
	}, -- end of [926]
	[927] = 
	{
		targetPilotName	=	"FW-190A8",
		type	=	"failure",
		target_unit_type	=	"FW-190A8",
		target_coalition	=	1,
		t	=	1323.36,
		targetMissionID	=	"2",
		failureDisplayName	=	"Gun (No. 6) inoperable",
		target_ws_type1	=	1,
		linked_event_id	=	0,
		event_id	=	1065,
		target	=	"FW-190A8",
		failure	=	"WEAP_GUN_05_DAMAGED",
		weapon	=	"Aw shoot.",
		target_object_id	=	16800256,
	}, -- end of [927]
	[928] = 
	{
		targetPilotName	=	"FW-190A8",
		type	=	"failure",
		target_unit_type	=	"FW-190A8",
		target_coalition	=	1,
		t	=	1323.36,
		targetMissionID	=	"2",
		failureDisplayName	=	"Gun (No. 2) inoperable",
		target_ws_type1	=	1,
		linked_event_id	=	0,
		event_id	=	1066,
		target	=	"FW-190A8",
		failure	=	"WEAP_GUN_01_DAMAGED",
		weapon	=	"Aw shoot.",
		target_object_id	=	16800256,
	}, -- end of [928]
	[929] = 
	{
		targetPilotName	=	"FW-190A8",
		type	=	"failure",
		target_unit_type	=	"FW-190A8",
		target_coalition	=	1,
		t	=	1323.36,
		targetMissionID	=	"2",
		failureDisplayName	=	"Gun (No. 3) inoperable",
		target_ws_type1	=	1,
		linked_event_id	=	0,
		event_id	=	1067,
		target	=	"FW-190A8",
		failure	=	"WEAP_GUN_02_DAMAGED",
		weapon	=	"Aw shoot.",
		target_object_id	=	16800256,
	}, -- end of [929]
	[930] = 
	{
		targetPilotName	=	"FW-190A8",
		type	=	"failure",
		target_unit_type	=	"FW-190A8",
		target_coalition	=	1,
		t	=	1323.36,
		targetMissionID	=	"2",
		failureDisplayName	=	"Gun (No. 2) ammo supply damaged",
		target_ws_type1	=	1,
		linked_event_id	=	0,
		event_id	=	1068,
		target	=	"FW-190A8",
		failure	=	"WEAP_GUN_01_AMMO_BELT_SEVERED",
		weapon	=	"Aw shoot.",
		target_object_id	=	16800256,
	}, -- end of [930]
	[931] = 
	{
		type	=	"crash",
		initiatorPilotName	=	"FW-190A8",
		t	=	1323.362,
		initiator_unit_type	=	"FW-190A8",
		initiator_object_id	=	16800256,
		linked_event_id	=	0,
		event_id	=	1069,
		initiator_coalition	=	1,
		initiator_ws_type1	=	1,
		initiatorMissionID	=	"2",
	}, -- end of [931]
	[932] = 
	{
		type	=	"mission end",
		comment	=	"winner: , msg: ",
		t	=	1330.72,
		linked_event_id	=	0,
		event_id	=	1071,
	}, -- end of [932]
} -- end of events
